product_key,sku,product_name,department,category,subcategory,brand,supplier_key,list_price,unit_cost,description,attributes_json,launch_date,discontinued_date,is_active
1,SKU-000001,Threadwell Essential Dresses,Apparel,Women's Clothing,Dresses,Threadwell,13,11.33,6.71,"Threadwell Essential Dresses is a pro dresses from Threadwell, made from leather and available in navy. A bestseller among customers in its category. Ships in recyclable packaging.","{""color"": ""navy"", ""material"": ""leather"", ""warranty_months"": 6, ""weight_g"": 4497}",2024-02-16,,1
2,SKU-000002,Kasturi Classic T-Shirts,Apparel,Men's Clothing,T-Shirts,Kasturi,3,8.47,5.22,"Kasturi Classic T-Shirts is a premium t-shirts from Kasturi, made from leather and available in olive. Tested for quality and safety before dispatch. Tested for quality and safety before dispatch.","{""color"": ""olive"", ""material"": ""leather"", ""warranty_months"": 0, ""weight_g"": 1955}",2022-11-30,,1
3,SKU-000003,Threadwell Ultra Sandals,Apparel,Footwear,Sandals,Threadwell,15,34.46,22.99,"Threadwell Ultra Sandals is a compact sandals from Threadwell, made from leather and available in red. Ships in recyclable packaging. Backed by a manufacturer warranty and free returns.","{""color"": ""red"", ""material"": ""leather"", ""warranty_months"": 0, ""weight_g"": 874}",2022-01-04,,1
4,SKU-000004,Kasturi Pro Kurtas,Apparel,Women's Clothing,Kurtas,Kasturi,15,69.93,33.76,"Kasturi Pro Kurtas is a compact kurtas from Kasturi, made from linen blend and available in olive. Backed by a manufacturer warranty and free returns. Ships in recyclable packaging.","{""color"": ""olive"", ""material"": ""linen blend"", ""warranty_months"": 6, ""weight_g"": 2361}",2020-07-20,,1
5,SKU-000005,UrbanLoom Eco Boots,Apparel,Footwear,Boots,UrbanLoom,9,110.34,80.32,"UrbanLoom Eco Boots is a compact boots from UrbanLoom, made from linen blend and available in navy. Ships in recyclable packaging. Backed by a manufacturer warranty and free returns.","{""color"": ""navy"", ""material"": ""linen blend"", ""warranty_months"": 24, ""weight_g"": 560}",2022-12-30,,1
6,SKU-000006,Spice Route Classic Tea,Grocery,Beverages,Tea,Spice Route,3,2.6,1.93,"Spice Route Classic Tea is a classic tea from Spice Route, made from natural ingredients and available in grey. A bestseller among customers in its category. Ships in recyclable packaging.","{""color"": ""grey"", ""material"": ""natural ingredients"", ""warranty_months"": 6, ""weight_g"": 545}",2023-06-14,,1
7,SKU-000007,Freshfarm Eco Spices,Grocery,Pantry,Spices,Freshfarm,9,20.72,12.87,"Freshfarm Eco Spices is a lite spices from Freshfarm, made from natural ingredients and available in white. A bestseller among customers in its category. A bestseller among customers in its category.","{""color"": ""white"", ""material"": ""natural ingredients"", ""warranty_months"": 12, ""weight_g"": 2216}",2020-12-29,,1
8,SKU-000008,AudioMint Pro Smartphones,Electronics,Mobile,Smartphones,AudioMint,6,262.07,162.19,"AudioMint Pro Smartphones is a ultra smartphones from AudioMint, made from aluminium alloy and available in white. A bestseller among customers in its category. Lightweight and built to last through daily wear.","{""color"": ""white"", ""material"": ""aluminium alloy"", ""warranty_months"": 6, ""weight_g"": 2939}",2024-05-15,,1
9,SKU-000009,Velvetique Essential Shampoo,Beauty,Haircare,Shampoo,Velvetique,7,34.69,18.73,"Velvetique Essential Shampoo is a premium shampoo from Velvetique, made from plant-based ingredients and available in navy. Designed for everyday use and easy to maintain. Tested for quality and safety before dispatch.","{""color"": ""navy"", ""material"": ""plant-based ingredients"", ""warranty_months"": 6, ""weight_g"": 2311}",2022-05-31,,1
10,SKU-000010,TrailMate Everyday Yoga Mats,Sports,Fitness,Yoga Mats,TrailMate,23,31.28,16.67,"TrailMate Everyday Yoga Mats is a essential yoga mats from TrailMate, made from recycled rubber and available in grey. Backed by a manufacturer warranty and free returns. Tested for quality and safety before dispatch.","{""color"": ""grey"", ""material"": ""recycled rubber"", ""warranty_months"": 24, ""weight_g"": 4599}",2026-02-22,,1
11,SKU-000011,AudioMint Ultra Headphones,Electronics,Audio,Headphones,AudioMint,24,26.98,14.64,"AudioMint Ultra Headphones is a ultra headphones from AudioMint, made from aluminium alloy and available in grey. Tested for quality and safety before dispatch. Designed for everyday use and easy to maintain.","{""color"": ""grey"", ""material"": ""aluminium alloy"", ""warranty_months"": 12, ""weight_g"": 4666}",2025-04-12,,1
12,SKU-000012,UrbanLoom Essential Jeans,Apparel,Men's Clothing,Jeans,UrbanLoom,15,13.0,9.46,"UrbanLoom Essential Jeans is a everyday jeans from UrbanLoom, made from denim and available in olive. Tested for quality and safety before dispatch. Designed for everyday use and easy to maintain.","{""color"": ""olive"", ""material"": ""denim"", ""warranty_months"": 24, ""weight_g"": 397}",2024-03-31,,1
13,SKU-000013,Hearthstone Essential Cookware,Home & Kitchen,Kitchen,Cookware,Hearthstone,9,149.16,84.95,"Hearthstone Essential Cookware is a signature cookware from Hearthstone, made from ceramic and available in white. Tested for quality and safety before dispatch. A bestseller among customers in its category.","{""color"": ""white"", ""material"": ""ceramic"", ""warranty_months"": 24, ""weight_g"": 4472}",2022-12-04,2026-03-11,0
14,SKU-000014,Kasturi Premium Sandals,Apparel,Footwear,Sandals,Kasturi,18,57.53,31.3,"Kasturi Premium Sandals is a eco sandals from Kasturi, made from leather and available in teal. A bestseller among customers in its category. Backed by a manufacturer warranty and free returns.","{""color"": ""teal"", ""material"": ""leather"", ""warranty_months"": 12, ""weight_g"": 443}",2023-01-04,,1
15,SKU-000015,Brightware Pro Storage,Home & Kitchen,Kitchen,Storage,Brightware,14,128.25,83.24,"Brightware Pro Storage is a essential storage from Brightware, made from stainless steel and available in terracotta. Tested for quality and safety before dispatch. Ships in recyclable packaging.","{""color"": ""terracotta"", ""material"": ""stainless steel"", ""warranty_months"": 12, ""weight_g"": 3376}",2021-06-13,,1
16,SKU-000016,Freshfarm Compact Coffee,Grocery,Beverages,Coffee,Freshfarm,21,2.66,1.36,"Freshfarm Compact Coffee is a compact coffee from Freshfarm, made from organic ingredients and available in red. Tested for quality and safety before dispatch. Backed by a manufacturer warranty and free returns.","{""color"": ""red"", ""material"": ""organic ingredients"", ""warranty_months"": 24, ""weight_g"": 1470}",2022-03-17,,1
17,SKU-000017,Kasturi Ultra Jackets,Apparel,Men's Clothing,Jackets,Kasturi,23,14.7,7.49,"Kasturi Ultra Jackets is a compact jackets from Kasturi, made from organic cotton and available in black. A bestseller among customers in its category. Designed for everyday use and easy to maintain.","{""color"": ""black"", ""material"": ""organic cotton"", ""warranty_months"": 24, ""weight_g"": 3475}",2026-03-24,,1
18,SKU-000018,Daily Bowl Pro Rice & Grains,Grocery,Pantry,Rice & Grains,Daily Bowl,25,2.02,1.4,"Daily Bowl Pro Rice & Grains is a ultra rice & grains from Daily Bowl, made from organic ingredients and available in black. Designed for everyday use and easy to maintain. Ships in recyclable packaging.","{""color"": ""black"", ""material"": ""organic ingredients"", ""warranty_months"": 6, ""weight_g"": 3886}",2021-06-08,,1
19,SKU-000019,Daily Bowl Essential Juices,Grocery,Beverages,Juices,Daily Bowl,8,17.96,12.09,"Daily Bowl Essential Juices is a ultra juices from Daily Bowl, made from organic ingredients and available in red. Tested for quality and safety before dispatch. Lightweight and built to last through daily wear.","{""color"": ""red"", ""material"": ""organic ingredients"", ""warranty_months"": 24, ""weight_g"": 2039}",2022-10-14,,1
20,SKU-000020,NorthPeak Eco T-Shirts,Apparel,Men's Clothing,T-Shirts,NorthPeak,25,52.39,34.68,"NorthPeak Eco T-Shirts is a signature t-shirts from NorthPeak, made from organic cotton and available in sand. A bestseller among customers in its category. Ships in recyclable packaging.","{""color"": ""sand"", ""material"": ""organic cotton"", ""warranty_months"": 24, ""weight_g"": 590}",2021-10-28,,1
21,SKU-000021,Peakline Pro Dumbbells,Sports,Fitness,Dumbbells,Peakline,22,8.15,4.53,"Peakline Pro Dumbbells is a pro dumbbells from Peakline, made from ripstop nylon and available in sand. A bestseller among customers in its category. Backed by a manufacturer warranty and free returns.","{""color"": ""sand"", ""material"": ""ripstop nylon"", ""warranty_months"": 24, ""weight_g"": 1877}",2021-08-22,2023-02-17,0
22,SKU-000022,TrailMate Everyday Dumbbells,Sports,Fitness,Dumbbells,TrailMate,25,49.21,22.54,"TrailMate Everyday Dumbbells is a compact dumbbells from TrailMate, made from stainless steel and available in sand. Backed by a manufacturer warranty and free returns. Designed for everyday use and easy to maintain.","{""color"": ""sand"", ""material"": ""stainless steel"", ""warranty_months"": 12, ""weight_g"": 3185}",2021-09-23,,1
23,SKU-000023,Hearthstone Ultra Tables,Home & Kitchen,Furniture,Tables,Hearthstone,8,68.59,46.28,"Hearthstone Ultra Tables is a premium tables from Hearthstone, made from stainless steel and available in grey. Tested for quality and safety before dispatch. Designed for everyday use and easy to maintain.","{""color"": ""grey"", ""material"": ""stainless steel"", ""warranty_months"": 0, ""weight_g"": 2105}",2022-12-12,,1
24,SKU-000024,Peakline Everyday Water Bottles,Sports,Outdoor,Water Bottles,Peakline,23,13.73,8.68,"Peakline Everyday Water Bottles is a essential water bottles from Peakline, made from stainless steel and available in white. Designed for everyday use and easy to maintain. A bestseller among customers in its category.","{""color"": ""white"", ""material"": ""stainless steel"", ""warranty_months"": 0, ""weight_g"": 2635}",2021-12-13,,1
25,SKU-000025,Threadwell Lite Boots,Apparel,Footwear,Boots,Threadwell,14,10.54,7.19,"Threadwell Lite Boots is a classic boots from Threadwell, made from leather and available in white. Lightweight and built to last through daily wear. A bestseller among customers in its category.","{""color"": ""white"", ""material"": ""leather"", ""warranty_months"": 24, ""weight_g"": 3115}",2021-03-09,,1
26,SKU-000026,Spice Route Compact Juices,Grocery,Beverages,Juices,Spice Route,15,4.06,2.72,"Spice Route Compact Juices is a compact juices from Spice Route, made from organic ingredients and available in teal. Ships in recyclable packaging. Tested for quality and safety before dispatch.","{""color"": ""teal"", ""material"": ""organic ingredients"", ""warranty_months"": 12, ""weight_g"": 2720}",2023-06-27,,1
27,SKU-000027,Freshfarm Signature Coffee,Grocery,Beverages,Coffee,Freshfarm,14,4.91,2.69,"Freshfarm Signature Coffee is a essential coffee from Freshfarm, made from organic ingredients and available in olive. Lightweight and built to last through daily wear. Lightweight and built to last through daily wear.","{""color"": ""olive"", ""material"": ""organic ingredients"", ""warranty_months"": 12, ""weight_g"": 4633}",2022-06-20,2025-01-12,0
28,SKU-000028,AudioMint Ultra Keyboards,Electronics,Computing,Keyboards,AudioMint,24,578.04,276.25,"AudioMint Ultra Keyboards is a essential keyboards from AudioMint, made from polycarbonate and available in sand. Tested for quality and safety before dispatch. A bestseller among customers in its category.","{""color"": ""sand"", ""material"": ""polycarbonate"", ""warranty_months"": 12, ""weight_g"": 3956}",2022-01-14,,1
29,SKU-000029,Brightware Premium Wall Art,Home & Kitchen,Decor,Wall Art,Brightware,25,35.09,18.22,"Brightware Premium Wall Art is a pro wall art from Brightware, made from solid oak and available in grey. Tested for quality and safety before dispatch. Backed by a manufacturer warranty and free returns.","{""color"": ""grey"", ""material"": ""solid oak"", ""warranty_months"": 6, ""weight_g"": 1852}",2024-07-20,,1
30,SKU-000030,Pure Roots Classic Shampoo,Beauty,Haircare,Shampoo,Pure Roots,16,5.14,2.33,"Pure Roots Classic Shampoo is a classic shampoo from Pure Roots, made from plant-based ingredients and available in terracotta. A bestseller among customers in its category. Lightweight and built to last through daily wear.","{""color"": ""terracotta"", ""material"": ""plant-based ingredients"", ""warranty_months"": 6, ""weight_g"": 4101}",2022-12-20,,1
31,SKU-000031,Zenbyte Compact Smartphones,Electronics,Mobile,Smartphones,Zenbyte,3,1143.45,678.43,"Zenbyte Compact Smartphones is a premium smartphones from Zenbyte, made from aluminium alloy and available in sand. A bestseller among customers in its category. Tested for quality and safety before dispatch.","{""color"": ""sand"", ""material"": ""aluminium alloy"", ""warranty_months"": 0, ""weight_g"": 1322}",2021-06-04,,1
32,SKU-000032,Daily Bowl Lite Snacks,Grocery,Pantry,Snacks,Daily Bowl,6,4.26,2.48,"Daily Bowl Lite Snacks is a lite snacks from Daily Bowl, made from organic ingredients and available in terracotta. Designed for everyday use and easy to maintain. A bestseller among customers in its category.","{""color"": ""terracotta"", ""material"": ""organic ingredients"", ""warranty_months"": 0, ""weight_g"": 1782}",2022-04-06,,1
33,SKU-000033,UrbanLoom Classic T-Shirts,Apparel,Men's Clothing,T-Shirts,UrbanLoom,21,24.18,15.88,"UrbanLoom Classic T-Shirts is a ultra t-shirts from UrbanLoom, made from denim and available in terracotta. Lightweight and built to last through daily wear. Tested for quality and safety before dispatch.","{""color"": ""terracotta"", ""material"": ""denim"", ""warranty_months"": 12, ""weight_g"": 3799}",2022-05-07,,1
34,SKU-000034,Freshfarm Premium Tea,Grocery,Beverages,Tea,Freshfarm,20,1.21,0.83,"Freshfarm Premium Tea is a compact tea from Freshfarm, made from organic ingredients and available in red. Tested for quality and safety before dispatch. Lightweight and built to last through daily wear.","{""color"": ""red"", ""material"": ""organic ingredients"", ""warranty_months"": 24, ""weight_g"": 2310}",2021-08-14,,1
35,SKU-000035,Glowlab Lite Hair Oil,Beauty,Haircare,Hair Oil,Glowlab,16,3.94,2.91,"Glowlab Lite Hair Oil is a classic hair oil from Glowlab, made from plant-based ingredients and available in terracotta. Backed by a manufacturer warranty and free returns. Ships in recyclable packaging.","{""color"": ""terracotta"", ""material"": ""plant-based ingredients"", ""warranty_months"": 24, ""weight_g"": 2358}",2021-05-12,,1
36,SKU-000036,Brightware Classic Cookware,Home & Kitchen,Kitchen,Cookware,Brightware,17,53.95,32.3,"Brightware Classic Cookware is a compact cookware from Brightware, made from bamboo and available in teal. Designed for everyday use and easy to maintain. Lightweight and built to last through daily wear.","{""color"": ""teal"", ""material"": ""bamboo"", ""warranty_months"": 12, ""weight_g"": 2728}",2020-11-01,,1
37,SKU-000037,Freshfarm Classic Coffee,Grocery,Beverages,Coffee,Freshfarm,1,1.83,1.02,"Freshfarm Classic Coffee is a ultra coffee from Freshfarm, made from organic ingredients and available in red. Lightweight and built to last through daily wear. A bestseller among customers in its category.","{""color"": ""red"", ""material"": ""organic ingredients"", ""warranty_months"": 6, ""weight_g"": 2439}",2021-01-16,,1
38,SKU-000038,Threadwell Everyday Dresses,Apparel,Women's Clothing,Dresses,Threadwell,18,117.51,85.06,"Threadwell Everyday Dresses is a compact dresses from Threadwell, made from denim and available in white. Tested for quality and safety before dispatch. Lightweight and built to last through daily wear.","{""color"": ""white"", ""material"": ""denim"", ""warranty_months"": 12, ""weight_g"": 3483}",2025-08-25,,1
39,SKU-000039,CasaNova Pro Cushions,Home & Kitchen,Decor,Cushions,CasaNova,5,343.85,183.23,"CasaNova Pro Cushions is a essential cushions from CasaNova, made from bamboo and available in grey. Designed for everyday use and easy to maintain. Lightweight and built to last through daily wear.","{""color"": ""grey"", ""material"": ""bamboo"", ""warranty_months"": 12, ""weight_g"": 4888}",2021-02-25,,1
40,SKU-000040,AudioMint Ultra Keyboards,Electronics,Computing,Keyboards,AudioMint,21,1101.02,782.69,"AudioMint Ultra Keyboards is a eco keyboards from AudioMint, made from polycarbonate and available in sand. Designed for everyday use and easy to maintain. Lightweight and built to last through daily wear.","{""color"": ""sand"", ""material"": ""polycarbonate"", ""warranty_months"": 24, ""weight_g"": 3203}",2021-02-21,,1
41,SKU-000041,Zenbyte Pro Smartphones,Electronics,Mobile,Smartphones,Zenbyte,9,823.17,586.31,"Zenbyte Pro Smartphones is a compact smartphones from Zenbyte, made from ABS plastic and available in white. Designed for everyday use and easy to maintain. Tested for quality and safety before dispatch.","{""color"": ""white"", ""material"": ""ABS plastic"", ""warranty_months"": 6, ""weight_g"": 3438}",2023-11-13,2026-08-09,0
42,SKU-000042,NorthPeak Classic Kurtas,Apparel,Women's Clothing,Kurtas,NorthPeak,25,105.99,67.63,"NorthPeak Classic Kurtas is a lite kurtas from NorthPeak, made from denim and available in teal. Designed for everyday use and easy to maintain. Backed by a manufacturer warranty and free returns.","{""color"": ""teal"", ""material"": ""denim"", ""warranty_months"": 12, ""weight_g"": 1943}",2025-06-07,,1
43,SKU-000043,Voltix Signature Keyboards,Electronics,Computing,Keyboards,Voltix,3,18.54,12.77,"Voltix Signature Keyboards is a eco keyboards from Voltix, made from tempered glass and available in grey. Backed by a manufacturer warranty and free returns. Backed by a manufacturer warranty and free returns.","{""color"": ""grey"", ""material"": ""tempered glass"", ""warranty_months"": 24, ""weight_g"": 4716}",2022-07-01,,1
44,SKU-000044,Peakline Compact Yoga Mats,Sports,Fitness,Yoga Mats,Peakline,10,62.35,36.65,"Peakline Compact Yoga Mats is a essential yoga mats from Peakline, made from stainless steel and available in black. Tested for quality and safety before dispatch. A bestseller among customers in its category.","{""color"": ""black"", ""material"": ""stainless steel"", ""warranty_months"": 6, ""weight_g"": 685}",2022-01-13,,1
45,SKU-000045,Spice Route Eco Coffee,Grocery,Beverages,Coffee,Spice Route,9,24.95,17.61,"Spice Route Eco Coffee is a lite coffee from Spice Route, made from natural ingredients and available in olive. Lightweight and built to last through daily wear. A bestseller among customers in its category.","{""color"": ""olive"", ""material"": ""natural ingredients"", ""warranty_months"": 12, ""weight_g"": 2498}",2020-09-04,,1
46,SKU-000046,Daily Bowl Ultra Snacks,Grocery,Pantry,Snacks,Daily Bowl,15,14.6,10.52,"Daily Bowl Ultra Snacks is a ultra snacks from Daily Bowl, made from natural ingredients and available in grey. A bestseller among customers in its category. Lightweight and built to last through daily wear.","{""color"": ""grey"", ""material"": ""natural ingredients"", ""warranty_months"": 6, ""weight_g"": 875}",2026-08-16,,1
47,SKU-000047,GreenLeaf Pro Rice & Grains,Grocery,Pantry,Rice & Grains,GreenLeaf,10,2.86,1.64,"GreenLeaf Pro Rice & Grains is a signature rice & grains from GreenLeaf, made from natural ingredients and available in navy. A bestseller among customers in its category. A bestseller among customers in its category.","{""color"": ""navy"", ""material"": ""natural ingredients"", ""warranty_months"": 12, ""weight_g"": 1427}",2020-09-09,,1
48,SKU-000048,NorthPeak Eco Jackets,Apparel,Men's Clothing,Jackets,NorthPeak,19,109.82,75.93,"NorthPeak Eco Jackets is a classic jackets from NorthPeak, made from recycled polyester and available in white. Lightweight and built to last through daily wear. A bestseller among customers in its category.","{""color"": ""white"", ""material"": ""recycled polyester"", ""warranty_months"": 0, ""weight_g"": 3805}",2020-11-26,,1
49,SKU-000049,Velvetique Premium Shampoo,Beauty,Haircare,Shampoo,Velvetique,16,6.04,2.76,"Velvetique Premium Shampoo is a compact shampoo from Velvetique, made from dermatologist-tested formula and available in olive. Tested for quality and safety before dispatch. Lightweight and built to last through daily wear.","{""color"": ""olive"", ""material"": ""dermatologist-tested formula"", ""warranty_months"": 24, ""weight_g"": 1035}",2022-11-24,,1
50,SKU-000050,NorthPeak Compact Tops,Apparel,Women's Clothing,Tops,NorthPeak,12,39.25,26.22,"NorthPeak Compact Tops is a lite tops from NorthPeak, made from denim and available in white. Ships in recyclable packaging. Lightweight and built to last through daily wear.","{""color"": ""white"", ""material"": ""denim"", ""warranty_months"": 0, ""weight_g"": 3115}",2021-10-03,,1
51,SKU-000051,Stridefit Premium Water Bottles,Sports,Outdoor,Water Bottles,Stridefit,19,28.82,14.61,"Stridefit Premium Water Bottles is a ultra water bottles from Stridefit, made from recycled rubber and available in red. Tested for quality and safety before dispatch. Tested for quality and safety before dispatch.","{""color"": ""red"", ""material"": ""recycled rubber"", ""warranty_months"": 0, ""weight_g"": 494}",2024-05-13,,1
52,SKU-000052,Kasturi Essential T-Shirts,Apparel,Men's Clothing,T-Shirts,Kasturi,12,65.14,44.72,"Kasturi Essential T-Shirts is a everyday t-shirts from Kasturi, made from leather and available in black. Backed by a manufacturer warranty and free returns. A bestseller among customers in its category.","{""color"": ""black"", ""material"": ""leather"", ""warranty_months"": 12, ""weight_g"": 1509}",2020-07-28,2021-02-28,0
53,SKU-000053,GreenLeaf Compact Rice & Grains,Grocery,Pantry,Rice & Grains,GreenLeaf,22,1.18,0.79,"GreenLeaf Compact Rice & Grains is a compact rice & grains from GreenLeaf, made from natural ingredients and available in white. Lightweight and built to last through daily wear. A bestseller among customers in its category.","{""color"": ""white"", ""material"": ""natural ingredients"", ""warranty_months"": 0, ""weight_g"": 3782}",2021-04-12,2024-01-09,0
54,SKU-000054,NorthPeak Premium Tops,Apparel,Women's Clothing,Tops,NorthPeak,23,51.29,30.62,"NorthPeak Premium Tops is a signature tops from NorthPeak, made from denim and available in white. A bestseller among customers in its category. Backed by a manufacturer warranty and free returns.","{""color"": ""white"", ""material"": ""denim"", ""warranty_months"": 0, ""weight_g"": 1113}",2021-03-24,,1
55,SKU-000055,Brightware Pro Cushions,Home & Kitchen,Decor,Cushions,Brightware,24,64.09,40.48,"Brightware Pro Cushions is a ultra cushions from Brightware, made from stainless steel and available in white. Ships in recyclable packaging. Ships in recyclable packaging.","{""color"": ""white"", ""material"": ""stainless steel"", ""warranty_months"": 6, ""weight_g"": 3469}",2021-09-24,,1
56,SKU-000056,OakLine Premium Storage,Home & Kitchen,Kitchen,Storage,OakLine,4,13.16,9.21,"OakLine Premium Storage is a signature storage from OakLine, made from stainless steel and available in sand. Backed by a manufacturer warranty and free returns. A bestseller among customers in its category.","{""color"": ""sand"", ""material"": ""stainless steel"", ""warranty_months"": 0, ""weight_g"": 4884}",2026-02-24,,1
57,SKU-000057,Hearthstone Lite Wall Art,Home & Kitchen,Decor,Wall Art,Hearthstone,12,527.18,332.19,"Hearthstone Lite Wall Art is a pro wall art from Hearthstone, made from ceramic and available in white. Backed by a manufacturer warranty and free returns. Backed by a manufacturer warranty and free returns.","{""color"": ""white"", ""material"": ""ceramic"", ""warranty_months"": 24, ""weight_g"": 1917}",2024-12-18,,1
58,SKU-000058,Glowlab Signature Sunscreen,Beauty,Skincare,Sunscreen,Glowlab,3,5.15,3.4,"Glowlab Signature Sunscreen is a classic sunscreen from Glowlab, made from dermatologist-tested formula and available in grey. Backed by a manufacturer warranty and free returns. Backed by a manufacturer warranty and free returns.","{""color"": ""grey"", ""material"": ""dermatologist-tested formula"", ""warranty_months"": 24, ""weight_g"": 650}",2021-03-24,,1
59,SKU-000059,Kasturi Classic Tops,Apparel,Women's Clothing,Tops,Kasturi,20,12.25,6.66,"Kasturi Classic Tops is a everyday tops from Kasturi, made from recycled polyester and available in white. Backed by a manufacturer warranty and free returns. A bestseller among customers in its category.","{""color"": ""white"", ""material"": ""recycled polyester"", ""warranty_months"": 0, ""weight_g"": 748}",2021-02-23,,1
60,SKU-000060,Voltix Essential Speakers,Electronics,Audio,Speakers,Voltix,25,55.28,36.13,"Voltix Essential Speakers is a classic speakers from Voltix, made from ABS plastic and available in teal. Backed by a manufacturer warranty and free returns. Ships in recyclable packaging.","{""color"": ""teal"", ""material"": ""ABS plastic"", ""warranty_months"": 0, ""weight_g"": 142}",2022-05-30,,1
61,SKU-000061,OakLine Ultra Cookware,Home & Kitchen,Kitchen,Cookware,OakLine,15,212.96,107.06,"OakLine Ultra Cookware is a pro cookware from OakLine, made from bamboo and available in teal. A bestseller among customers in its category. Tested for quality and safety before dispatch.","{""color"": ""teal"", ""material"": ""bamboo"", ""warranty_months"": 12, ""weight_g"": 670}",2020-12-03,2021-07-10,0
62,SKU-000062,Freshfarm Signature Coffee,Grocery,Beverages,Coffee,Freshfarm,10,3.68,2.72,"Freshfarm Signature Coffee is a premium coffee from Freshfarm, made from natural ingredients and available in red. Ships in recyclable packaging. Designed for everyday use and easy to maintain.","{""color"": ""red"", ""material"": ""natural ingredients"", ""warranty_months"": 6, ""weight_g"": 3649}",2021-07-14,2024-07-09,0
63,SKU-000063,UrbanLoom Everyday T-Shirts,Apparel,Men's Clothing,T-Shirts,UrbanLoom,21,33.66,17.11,"UrbanLoom Everyday T-Shirts is a ultra t-shirts from UrbanLoom, made from recycled polyester and available in grey. Designed for everyday use and easy to maintain. Backed by a manufacturer warranty and free returns.","{""color"": ""grey"", ""material"": ""recycled polyester"", ""warranty_months"": 12, ""weight_g"": 1696}",2022-07-29,,1
64,SKU-000064,AudioMint Everyday Monitors,Electronics,Computing,Monitors,AudioMint,3,345.43,246.85,"AudioMint Everyday Monitors is a compact monitors from AudioMint, made from tempered glass and available in grey. Designed for everyday use and easy to maintain. Ships in recyclable packaging.","{""color"": ""grey"", ""material"": ""tempered glass"", ""warranty_months"": 24, ""weight_g"": 2560}",2026-04-26,,1
65,SKU-000065,Zenbyte Eco Smartphones,Electronics,Mobile,Smartphones,Zenbyte,11,691.01,326.86,"Zenbyte Eco Smartphones is a compact smartphones from Zenbyte, made from aluminium alloy and available in teal. A bestseller among customers in its category. A bestseller among customers in its category.","{""color"": ""teal"", ""material"": ""aluminium alloy"", ""warranty_months"": 0, ""weight_g"": 3764}",2026-03-16,,1
66,SKU-000066,Nexora Pro Headphones,Electronics,Audio,Headphones,Nexora,20,17.96,11.89,"Nexora Pro Headphones is a lite headphones from Nexora, made from ABS plastic and available in teal. Backed by a manufacturer warranty and free returns. Lightweight and built to last through daily wear.","{""color"": ""teal"", ""material"": ""ABS plastic"", ""warranty_months"": 12, ""weight_g"": 2397}",2020-10-30,,1
67,SKU-000067,Pure Roots Lite Shampoo,Beauty,Haircare,Shampoo,Pure Roots,13,3.98,2.6,"Pure Roots Lite Shampoo is a everyday shampoo from Pure Roots, made from dermatologist-tested formula and available in terracotta. Lightweight and built to last through daily wear. Designed for everyday use and easy to maintain.","{""color"": ""terracotta"", ""material"": ""dermatologist-tested formula"", ""warranty_months"": 6, ""weight_g"": 2945}",2021-03-01,,1
68,SKU-000068,Brightware Eco Shelves,Home & Kitchen,Furniture,Shelves,Brightware,25,279.23,181.79,"Brightware Eco Shelves is a pro shelves from Brightware, made from tempered glass and available in white. Lightweight and built to last through daily wear. Designed for everyday use and easy to maintain.","{""color"": ""white"", ""material"": ""tempered glass"", ""warranty_months"": 12, ""weight_g"": 2610}",2022-05-27,,1
69,SKU-000069,UrbanLoom Pro T-Shirts,Apparel,Men's Clothing,T-Shirts,UrbanLoom,23,17.82,12.23,"UrbanLoom Pro T-Shirts is a classic t-shirts from UrbanLoom, made from leather and available in teal. Tested for quality and safety before dispatch. Lightweight and built to last through daily wear.","{""color"": ""teal"", ""material"": ""leather"", ""warranty_months"": 6, ""weight_g"": 4972}",2022-07-19,,1
70,SKU-000070,OakLine Pro Lamps,Home & Kitchen,Decor,Lamps,OakLine,15,121.82,82.32,"OakLine Pro Lamps is a ultra lamps from OakLine, made from bamboo and available in olive. Lightweight and built to last through daily wear. Ships in recyclable packaging.","{""color"": ""olive"", ""material"": ""bamboo"", ""warranty_months"": 6, ""weight_g"": 3093}",2021-05-27,,1
71,SKU-000071,Spice Route Compact Tea,Grocery,Beverages,Tea,Spice Route,17,13.19,6.48,"Spice Route Compact Tea is a signature tea from Spice Route, made from organic ingredients and available in black. A bestseller among customers in its category. Designed for everyday use and easy to maintain.","{""color"": ""black"", ""material"": ""organic ingredients"", ""warranty_months"": 0, ""weight_g"": 2415}",2022-07-21,,1
72,SKU-000072,Stridefit Eco Water Bottles,Sports,Outdoor,Water Bottles,Stridefit,5,30.42,17.31,"Stridefit Eco Water Bottles is a premium water bottles from Stridefit, made from ripstop nylon and available in olive. Lightweight and built to last through daily wear. Backed by a manufacturer warranty and free returns.","{""color"": ""olive"", ""material"": ""ripstop nylon"", ""warranty_months"": 0, ""weight_g"": 2690}",2026-08-24,,1
73,SKU-000073,Threadwell Premium Kurtas,Apparel,Women's Clothing,Kurtas,Threadwell,4,62.45,36.89,"Threadwell Premium Kurtas is a classic kurtas from Threadwell, made from leather and available in black. Lightweight and built to last through daily wear. Backed by a manufacturer warranty and free returns.","{""color"": ""black"", ""material"": ""leather"", ""warranty_months"": 6, ""weight_g"": 4575}",2026-05-31,,1
74,SKU-000074,NorthPeak Classic Boots,Apparel,Footwear,Boots,NorthPeak,19,9.48,6.65,"NorthPeak Classic Boots is a pro boots from NorthPeak, made from denim and available in teal. A bestseller among customers in its category. Backed by a manufacturer warranty and free returns.","{""color"": ""teal"", ""material"": ""denim"", ""warranty_months"": 6, ""weight_g"": 2466}",2021-04-12,,1
75,SKU-000075,Kasturi Pro Sneakers,Apparel,Footwear,Sneakers,Kasturi,12,9.61,5.84,"Kasturi Pro Sneakers is a classic sneakers from Kasturi, made from leather and available in teal. Ships in recyclable packaging. Ships in recyclable packaging.","{""color"": ""teal"", ""material"": ""leather"", ""warranty_months"": 0, ""weight_g"": 3249}",2024-06-03,,1
76,SKU-000076,Freshfarm Compact Tea,Grocery,Beverages,Tea,Freshfarm,2,3.11,1.72,"Freshfarm Compact Tea is a everyday tea from Freshfarm, made from natural ingredients and available in red. Backed by a manufacturer warranty and free returns. Designed for everyday use and easy to maintain.","{""color"": ""red"", ""material"": ""natural ingredients"", ""warranty_months"": 24, ""weight_g"": 382}",2022-11-18,,1
77,SKU-000077,Peakline Classic Water Bottles,Sports,Outdoor,Water Bottles,Peakline,13,9.0,5.8,"Peakline Classic Water Bottles is a signature water bottles from Peakline, made from ripstop nylon and available in grey. Lightweight and built to last through daily wear. Designed for everyday use and easy to maintain.","{""color"": ""grey"", ""material"": ""ripstop nylon"", ""warranty_months"": 12, ""weight_g"": 3659}",2025-06-19,,1
78,SKU-000078,Voltix Essential Keyboards,Electronics,Computing,Keyboards,Voltix,6,426.83,202.18,"Voltix Essential Keyboards is a signature keyboards from Voltix, made from polycarbonate and available in teal. Designed for everyday use and easy to maintain. Designed for everyday use and easy to maintain.","{""color"": ""teal"", ""material"": ""polycarbonate"", ""warranty_months"": 12, ""weight_g"": 2501}",2021-04-24,,1
79,SKU-000079,Brightware Eco Storage,Home & Kitchen,Kitchen,Storage,Brightware,15,123.96,71.96,"Brightware Eco Storage is a signature storage from Brightware, made from stainless steel and available in white. A bestseller among customers in its category. Tested for quality and safety before dispatch.","{""color"": ""white"", ""material"": ""stainless steel"", ""warranty_months"": 6, ""weight_g"": 335}",2021-04-19,,1
80,SKU-000080,Freshfarm Compact Coffee,Grocery,Beverages,Coffee,Freshfarm,4,7.01,4.58,"Freshfarm Compact Coffee is a premium coffee from Freshfarm, made from organic ingredients and available in grey. A bestseller among customers in its category. Backed by a manufacturer warranty and free returns.","{""color"": ""grey"", ""material"": ""organic ingredients"", ""warranty_months"": 12, ""weight_g"": 3340}",2022-03-22,,1
81,SKU-000081,Daily Bowl Ultra Juices,Grocery,Beverages,Juices,Daily Bowl,23,18.93,9.19,"Daily Bowl Ultra Juices is a lite juices from Daily Bowl, made from organic ingredients and available in red. Lightweight and built to last through daily wear. Tested for quality and safety before dispatch.","{""color"": ""red"", ""material"": ""organic ingredients"", ""warranty_months"": 24, ""weight_g"": 1719}",2020-08-11,2021-08-22,0
82,SKU-000082,TrailMate Everyday Water Bottles,Sports,Outdoor,Water Bottles,TrailMate,1,9.86,6.04,"TrailMate Everyday Water Bottles is a signature water bottles from TrailMate, made from ripstop nylon and available in navy. A bestseller among customers in its category. Backed by a manufacturer warranty and free returns.","{""color"": ""navy"", ""material"": ""ripstop nylon"", ""warranty_months"": 0, ""weight_g"": 1726}",2024-04-29,,1
83,SKU-000083,Nexora Compact Speakers,Electronics,Audio,Speakers,Nexora,22,251.18,119.53,"Nexora Compact Speakers is a pro speakers from Nexora, made from tempered glass and available in sand. Ships in recyclable packaging. Ships in recyclable packaging.","{""color"": ""sand"", ""material"": ""tempered glass"", ""warranty_months"": 0, ""weight_g"": 1106}",2026-08-08,,1
84,SKU-000084,Pure Roots Everyday Moisturisers,Beauty,Skincare,Moisturisers,Pure Roots,3,13.53,9.61,"Pure Roots Everyday Moisturisers is a essential moisturisers from Pure Roots, made from plant-based ingredients and available in teal. Backed by a manufacturer warranty and free returns. Backed by a manufacturer warranty and free returns.","{""color"": ""teal"", ""material"": ""plant-based ingredients"", ""warranty_months"": 12, ""weight_g"": 1927}",2021-07-19,,1
85,SKU-000085,Threadwell Everyday Sandals,Apparel,Footwear,Sandals,Threadwell,1,43.47,27.57,"Threadwell Everyday Sandals is a lite sandals from Threadwell, made from organic cotton and available in teal. A bestseller among customers in its category. Backed by a manufacturer warranty and free returns.","{""color"": ""teal"", ""material"": ""organic cotton"", ""warranty_months"": 6, ""weight_g"": 2845}",2026-02-28,,1
86,SKU-000086,Daily Bowl Compact Snacks,Grocery,Pantry,Snacks,Daily Bowl,14,7.31,3.36,"Daily Bowl Compact Snacks is a ultra snacks from Daily Bowl, made from organic ingredients and available in terracotta. Tested for quality and safety before dispatch. Ships in recyclable packaging.","{""color"": ""terracotta"", ""material"": ""organic ingredients"", ""warranty_months"": 12, ""weight_g"": 3795}",2022-11-01,,1
87,SKU-000087,Zenbyte Everyday Headphones,Electronics,Audio,Headphones,Zenbyte,8,792.61,432.6,"Zenbyte Everyday Headphones is a signature headphones from Zenbyte, made from tempered glass and available in sand. A bestseller among customers in its category. A bestseller among customers in its category.","{""color"": ""sand"", ""material"": ""tempered glass"", ""warranty_months"": 0, ""weight_g"": 2694}",2022-08-29,,1
88,SKU-000088,CasaNova Ultra Wall Art,Home & Kitchen,Decor,Wall Art,CasaNova,13,514.99,371.15,"CasaNova Ultra Wall Art is a everyday wall art from CasaNova, made from ceramic and available in grey. Ships in recyclable packaging. A bestseller among customers in its category.","{""color"": ""grey"", ""material"": ""ceramic"", ""warranty_months"": 24, ""weight_g"": 4165}",2025-10-15,,1
89,SKU-000089,Zenbyte Pro Smartphones,Electronics,Mobile,Smartphones,Zenbyte,13,18.77,10.03,"Zenbyte Pro Smartphones is a classic smartphones from Zenbyte, made from ABS plastic and available in terracotta. Designed for everyday use and easy to maintain. Ships in recyclable packaging.","{""color"": ""terracotta"", ""material"": ""ABS plastic"", ""warranty_months"": 6, ""weight_g"": 2246}",2025-04-05,,1
90,SKU-000090,AudioMint Premium Cases,Electronics,Mobile,Cases,AudioMint,2,506.87,270.63,"AudioMint Premium Cases is a eco cases from AudioMint, made from aluminium alloy and available in navy. Lightweight and built to last through daily wear. Lightweight and built to last through daily wear.","{""color"": ""navy"", ""material"": ""aluminium alloy"", ""warranty_months"": 12, ""weight_g"": 1261}",2021-07-29,,1
91,SKU-000091,NorthPeak Signature Sandals,Apparel,Footwear,Sandals,NorthPeak,18,32.65,16.15,"NorthPeak Signature Sandals is a lite sandals from NorthPeak, made from leather and available in navy. Lightweight and built to last through daily wear. Backed by a manufacturer warranty and free returns.","{""color"": ""navy"", ""material"": ""leather"", ""warranty_months"": 24, ""weight_g"": 2531}",2021-07-31,,1
92,SKU-000092,Velvetique Lite Hair Oil,Beauty,Haircare,Hair Oil,Velvetique,24,4.17,2.4,"Velvetique Lite Hair Oil is a compact hair oil from Velvetique, made from dermatologist-tested formula and available in black. Lightweight and built to last through daily wear. Tested for quality and safety before dispatch.","{""color"": ""black"", ""material"": ""dermatologist-tested formula"", ""warranty_months"": 6, ""weight_g"": 500}",2022-07-11,,1
93,SKU-000093,UrbanLoom Compact Sneakers,Apparel,Footwear,Sneakers,UrbanLoom,16,37.71,24.89,"UrbanLoom Compact Sneakers is a signature sneakers from UrbanLoom, made from linen blend and available in black. Ships in recyclable packaging. Backed by a manufacturer warranty and free returns.","{""color"": ""black"", ""material"": ""linen blend"", ""warranty_months"": 24, ""weight_g"": 1750}",2020-10-30,,1
94,SKU-000094,Daily Bowl Signature Juices,Grocery,Beverages,Juices,Daily Bowl,10,2.75,1.38,"Daily Bowl Signature Juices is a essential juices from Daily Bowl, made from organic ingredients and available in teal. A bestseller among customers in its category. Ships in recyclable packaging.","{""color"": ""teal"", ""material"": ""organic ingredients"", ""warranty_months"": 6, ""weight_g"": 2099}",2022-03-02,,1
95,SKU-000095,Daily Bowl Premium Coffee,Grocery,Beverages,Coffee,Daily Bowl,10,3.07,2.24,"Daily Bowl Premium Coffee is a lite coffee from Daily Bowl, made from organic ingredients and available in terracotta. Tested for quality and safety before dispatch. A bestseller among customers in its category.","{""color"": ""terracotta"", ""material"": ""organic ingredients"", ""warranty_months"": 24, ""weight_g"": 3312}",2023-10-27,,1
96,SKU-000096,CasaNova Everyday Chairs,Home & Kitchen,Furniture,Chairs,CasaNova,8,296.64,157.62,"CasaNova Everyday Chairs is a premium chairs from CasaNova, made from tempered glass and available in terracotta. A bestseller among customers in its category. Tested for quality and safety before dispatch.","{""color"": ""terracotta"", ""material"": ""tempered glass"", ""warranty_months"": 6, ""weight_g"": 2066}",2021-07-07,,1
97,SKU-000097,NorthPeak Everyday Kurtas,Apparel,Women's Clothing,Kurtas,NorthPeak,21,10.5,7.15,"NorthPeak Everyday Kurtas is a eco kurtas from NorthPeak, made from organic cotton and available in teal. Tested for quality and safety before dispatch. Ships in recyclable packaging.","{""color"": ""teal"", ""material"": ""organic cotton"", ""warranty_months"": 24, ""weight_g"": 1713}",2024-08-11,,1
98,SKU-000098,Daily Bowl Compact Rice & Grains,Grocery,Pantry,Rice & Grains,Daily Bowl,10,17.11,8.6,"Daily Bowl Compact Rice & Grains is a everyday rice & grains from Daily Bowl, made from natural ingredients and available in sand. Tested for quality and safety before dispatch. Lightweight and built to last through daily wear.","{""color"": ""sand"", ""material"": ""natural ingredients"", ""warranty_months"": 0, ""weight_g"": 155}",2021-04-24,2022-10-19,0
99,SKU-000099,TrailMate Everyday Backpacks,Sports,Outdoor,Backpacks,TrailMate,25,36.09,18.33,"TrailMate Everyday Backpacks is a compact backpacks from TrailMate, made from recycled rubber and available in grey. Tested for quality and safety before dispatch. Lightweight and built to last through daily wear.","{""color"": ""grey"", ""material"": ""recycled rubber"", ""warranty_months"": 6, ""weight_g"": 195}",2024-08-27,,1
100,SKU-000100,Glowlab Signature Hair Oil,Beauty,Haircare,Hair Oil,Glowlab,10,9.97,4.77,"Glowlab Signature Hair Oil is a ultra hair oil from Glowlab, made from plant-based ingredients and available in red. Designed for everyday use and easy to maintain. Lightweight and built to last through daily wear.","{""color"": ""red"", ""material"": ""plant-based ingredients"", ""warranty_months"": 24, ""weight_g"": 2009}",2022-04-03,,1
101,SKU-000101,GreenLeaf Essential Spices,Grocery,Pantry,Spices,GreenLeaf,8,9.3,4.36,"GreenLeaf Essential Spices is a everyday spices from GreenLeaf, made from natural ingredients and available in red. Ships in recyclable packaging. Tested for quality and safety before dispatch.","{""color"": ""red"", ""material"": ""natural ingredients"", ""warranty_months"": 12, ""weight_g"": 1041}",2022-03-05,,1
102,SKU-000102,AudioMint Lite Keyboards,Electronics,Computing,Keyboards,AudioMint,17,380.17,275.18,"AudioMint Lite Keyboards is a premium keyboards from AudioMint, made from polycarbonate and available in olive. A bestseller among customers in its category. Ships in recyclable packaging.","{""color"": ""olive"", ""material"": ""polycarbonate"", ""warranty_months"": 12, ""weight_g"": 719}",2023-08-18,2025-09-16,0
103,SKU-000103,GreenLeaf Premium Rice & Grains,Grocery,Pantry,Rice & Grains,GreenLeaf,18,15.65,9.12,"GreenLeaf Premium Rice & Grains is a pro rice & grains from GreenLeaf, made from natural ingredients and available in red. Ships in recyclable packaging. Designed for everyday use and easy to maintain.","{""color"": ""red"", ""material"": ""natural ingredients"", ""warranty_months"": 24, ""weight_g"": 1160}",2021-09-21,,1
104,SKU-000104,Threadwell Pro Dresses,Apparel,Women's Clothing,Dresses,Threadwell,21,38.3,17.76,"Threadwell Pro Dresses is a classic dresses from Threadwell, made from recycled polyester and available in white. Designed for everyday use and easy to maintain. Ships in recyclable packaging.","{""color"": ""white"", ""material"": ""recycled polyester"", ""warranty_months"": 0, ""weight_g"": 2431}",2020-11-05,,1
105,SKU-000105,OakLine Signature Tables,Home & Kitchen,Furniture,Tables,OakLine,25,46.55,30.48,"OakLine Signature Tables is a premium tables from OakLine, made from tempered glass and available in navy. Backed by a manufacturer warranty and free returns. A bestseller among customers in its category.","{""color"": ""navy"", ""material"": ""tempered glass"", ""warranty_months"": 24, ""weight_g"": 4412}",2022-05-18,,1
106,SKU-000106,Daily Bowl Essential Juices,Grocery,Beverages,Juices,Daily Bowl,3,14.16,7.42,"Daily Bowl Essential Juices is a ultra juices from Daily Bowl, made from organic ingredients and available in navy. Tested for quality and safety before dispatch. Designed for everyday use and easy to maintain.","{""color"": ""navy"", ""material"": ""organic ingredients"", ""warranty_months"": 0, ""weight_g"": 3514}",2022-12-16,,1
107,SKU-000107,Freshfarm Pro Juices,Grocery,Beverages,Juices,Freshfarm,20,2.2,1.02,"Freshfarm Pro Juices is a ultra juices from Freshfarm, made from organic ingredients and available in olive. Designed for everyday use and easy to maintain. Backed by a manufacturer warranty and free returns.","{""color"": ""olive"", ""material"": ""organic ingredients"", ""warranty_months"": 12, ""weight_g"": 1998}",2026-03-25,,1
108,SKU-000108,Peakline Eco Dumbbells,Sports,Fitness,Dumbbells,Peakline,14,19.4,11.97,"Peakline Eco Dumbbells is a pro dumbbells from Peakline, made from stainless steel and available in navy. Ships in recyclable packaging. Designed for everyday use and easy to maintain.","{""color"": ""navy"", ""material"": ""stainless steel"", ""warranty_months"": 12, ""weight_g"": 3202}",2024-10-14,,1
109,SKU-000109,OakLine Classic Storage,Home & Kitchen,Kitchen,Storage,OakLine,3,26.82,13.88,"OakLine Classic Storage is a pro storage from OakLine, made from solid oak and available in red. Ships in recyclable packaging. Ships in recyclable packaging.","{""color"": ""red"", ""material"": ""solid oak"", ""warranty_months"": 6, ""weight_g"": 3261}",2022-06-07,,1
110,SKU-000110,GreenLeaf Ultra Rice & Grains,Grocery,Pantry,Rice & Grains,GreenLeaf,1,3.37,2.13,"GreenLeaf Ultra Rice & Grains is a lite rice & grains from GreenLeaf, made from natural ingredients and available in white. Tested for quality and safety before dispatch. Tested for quality and safety before dispatch.","{""color"": ""white"", ""material"": ""natural ingredients"", ""warranty_months"": 6, ""weight_g"": 4007}",2022-01-26,,1
111,SKU-000111,Stridefit Pro Dumbbells,Sports,Fitness,Dumbbells,Stridefit,17,75.08,49.64,"Stridefit Pro Dumbbells is a signature dumbbells from Stridefit, made from ripstop nylon and available in olive. Lightweight and built to last through daily wear. Ships in recyclable packaging.","{""color"": ""olive"", ""material"": ""ripstop nylon"", ""warranty_months"": 24, ""weight_g"": 4451}",2022-02-20,,1
112,SKU-000112,GreenLeaf Classic Tea,Grocery,Beverages,Tea,GreenLeaf,19,2.74,1.27,"GreenLeaf Classic Tea is a essential tea from GreenLeaf, made from natural ingredients and available in navy. A bestseller among customers in its category. A bestseller among customers in its category.","{""color"": ""navy"", ""material"": ""natural ingredients"", ""warranty_months"": 24, ""weight_g"": 2498}",2022-01-29,,1
113,SKU-000113,Zenbyte Everyday Monitors,Electronics,Computing,Monitors,Zenbyte,2,49.06,34.17,"Zenbyte Everyday Monitors is a signature monitors from Zenbyte, made from ABS plastic and available in red. Backed by a manufacturer warranty and free returns. Backed by a manufacturer warranty and free returns.","{""color"": ""red"", ""material"": ""ABS plastic"", ""warranty_months"": 24, ""weight_g"": 1587}",2026-01-15,,1
114,SKU-000114,Peakline Classic Yoga Mats,Sports,Fitness,Yoga Mats,Peakline,16,12.45,7.96,"Peakline Classic Yoga Mats is a ultra yoga mats from Peakline, made from recycled rubber and available in navy. A bestseller among customers in its category. Ships in recyclable packaging.","{""color"": ""navy"", ""material"": ""recycled rubber"", ""warranty_months"": 12, ""weight_g"": 575}",2021-02-18,,1
115,SKU-000115,NorthPeak Essential Boots,Apparel,Footwear,Boots,NorthPeak,8,8.26,5.03,"NorthPeak Essential Boots is a classic boots from NorthPeak, made from recycled polyester and available in teal. A bestseller among customers in its category. Tested for quality and safety before dispatch.","{""color"": ""teal"", ""material"": ""recycled polyester"", ""warranty_months"": 24, ""weight_g"": 1548}",2022-09-25,,1
116,SKU-000116,Brightware Essential Chairs,Home & Kitchen,Furniture,Chairs,Brightware,2,507.9,298.49,"Brightware Essential Chairs is a premium chairs from Brightware, made from solid oak and available in olive. Tested for quality and safety before dispatch. Tested for quality and safety before dispatch.","{""color"": ""olive"", ""material"": ""solid oak"", ""warranty_months"": 0, ""weight_g"": 845}",2021-12-11,,1
117,SKU-000117,Daily Bowl Classic Spices,Grocery,Pantry,Spices,Daily Bowl,9,7.97,4.38,"Daily Bowl Classic Spices is a ultra spices from Daily Bowl, made from natural ingredients and available in teal. Backed by a manufacturer warranty and free returns. Tested for quality and safety before dispatch.","{""color"": ""teal"", ""material"": ""natural ingredients"", ""warranty_months"": 24, ""weight_g"": 2300}",2022-10-17,,1
118,SKU-000118,Stridefit Premium Backpacks,Sports,Outdoor,Backpacks,Stridefit,18,52.93,35.76,"Stridefit Premium Backpacks is a essential backpacks from Stridefit, made from stainless steel and available in sand. Backed by a manufacturer warranty and free returns. A bestseller among customers in its category.","{""color"": ""sand"", ""material"": ""stainless steel"", ""warranty_months"": 6, ""weight_g"": 4722}",2025-03-07,,1
119,SKU-000119,Hearthstone Eco Lamps,Home & Kitchen,Decor,Lamps,Hearthstone,15,77.71,57.68,"Hearthstone Eco Lamps is a ultra lamps from Hearthstone, made from stainless steel and available in white. Designed for everyday use and easy to maintain. Lightweight and built to last through daily wear.","{""color"": ""white"", ""material"": ""stainless steel"", ""warranty_months"": 24, ""weight_g"": 2753}",2022-03-28,,1
120,SKU-000120,OakLine Premium Storage,Home & Kitchen,Kitchen,Storage,OakLine,10,14.2,9.03,"OakLine Premium Storage is a essential storage from OakLine, made from solid oak and available in white. Backed by a manufacturer warranty and free returns. Ships in recyclable packaging.","{""color"": ""white"", ""material"": ""solid oak"", ""warranty_months"": 6, ""weight_g"": 3271}",2022-09-14,2025-11-22,0
121,SKU-000121,CasaNova Pro Chairs,Home & Kitchen,Furniture,Chairs,CasaNova,11,14.3,8.28,"CasaNova Pro Chairs is a eco chairs from CasaNova, made from tempered glass and available in teal. Designed for everyday use and easy to maintain. Designed for everyday use and easy to maintain.","{""color"": ""teal"", ""material"": ""tempered glass"", ""warranty_months"": 0, ""weight_g"": 2979}",2021-04-30,,1
122,SKU-000122,Spice Route Essential Snacks,Grocery,Pantry,Snacks,Spice Route,3,9.08,4.55,"Spice Route Essential Snacks is a compact snacks from Spice Route, made from organic ingredients and available in terracotta. Backed by a manufacturer warranty and free returns. Designed for everyday use and easy to maintain.","{""color"": ""terracotta"", ""material"": ""organic ingredients"", ""warranty_months"": 6, ""weight_g"": 3640}",2022-03-01,,1
123,SKU-000123,OakLine Essential Storage,Home & Kitchen,Kitchen,Storage,OakLine,21,113.73,57.85,"OakLine Essential Storage is a classic storage from OakLine, made from stainless steel and available in navy. Ships in recyclable packaging. Lightweight and built to last through daily wear.","{""color"": ""navy"", ""material"": ""stainless steel"", ""warranty_months"": 24, ""weight_g"": 2779}",2021-10-18,,1
124,SKU-000124,Spice Route Lite Coffee,Grocery,Beverages,Coffee,Spice Route,18,22.31,16.52,"Spice Route Lite Coffee is a ultra coffee from Spice Route, made from organic ingredients and available in red. Lightweight and built to last through daily wear. Ships in recyclable packaging.","{""color"": ""red"", ""material"": ""organic ingredients"", ""warranty_months"": 12, ""weight_g"": 3298}",2021-06-03,,1
125,SKU-000125,Daily Bowl Eco Snacks,Grocery,Pantry,Snacks,Daily Bowl,13,20.81,10.67,"Daily Bowl Eco Snacks is a compact snacks from Daily Bowl, made from organic ingredients and available in white. Backed by a manufacturer warranty and free returns. Tested for quality and safety before dispatch.","{""color"": ""white"", ""material"": ""organic ingredients"", ""warranty_months"": 12, ""weight_g"": 2062}",2022-07-28,,1
126,SKU-000126,Freshfarm Ultra Juices,Grocery,Beverages,Juices,Freshfarm,25,12.75,7.11,"Freshfarm Ultra Juices is a signature juices from Freshfarm, made from natural ingredients and available in white. Backed by a manufacturer warranty and free returns. Tested for quality and safety before dispatch.","{""color"": ""white"", ""material"": ""natural ingredients"", ""warranty_months"": 0, ""weight_g"": 4693}",2026-08-17,,1
127,SKU-000127,Stridefit Pro Backpacks,Sports,Outdoor,Backpacks,Stridefit,19,10.99,5.68,"Stridefit Pro Backpacks is a lite backpacks from Stridefit, made from stainless steel and available in teal. Tested for quality and safety before dispatch. A bestseller among customers in its category.","{""color"": ""teal"", ""material"": ""stainless steel"", ""warranty_months"": 6, ""weight_g"": 3731}",2021-09-14,,1
128,SKU-000128,Voltix Essential Speakers,Electronics,Audio,Speakers,Voltix,15,25.6,18.74,"Voltix Essential Speakers is a signature speakers from Voltix, made from polycarbonate and available in grey. Ships in recyclable packaging. Backed by a manufacturer warranty and free returns.","{""color"": ""grey"", ""material"": ""polycarbonate"", ""warranty_months"": 24, ""weight_g"": 2933}",2021-10-10,,1
129,SKU-000129,UrbanLoom Ultra Jackets,Apparel,Men's Clothing,Jackets,UrbanLoom,13,8.5,4.7,"UrbanLoom Ultra Jackets is a pro jackets from UrbanLoom, made from organic cotton and available in navy. Backed by a manufacturer warranty and free returns. A bestseller among customers in its category.","{""color"": ""navy"", ""material"": ""organic cotton"", ""warranty_months"": 6, ""weight_g"": 2791}",2021-09-15,,1
130,SKU-000130,CasaNova Ultra Cushions,Home & Kitchen,Decor,Cushions,CasaNova,4,63.01,36.47,"CasaNova Ultra Cushions is a essential cushions from CasaNova, made from stainless steel and available in olive. Tested for quality and safety before dispatch. Designed for everyday use and easy to maintain.","{""color"": ""olive"", ""material"": ""stainless steel"", ""warranty_months"": 0, ""weight_g"": 4478}",2022-02-02,,1
131,SKU-000131,GreenLeaf Signature Juices,Grocery,Beverages,Juices,GreenLeaf,8,6.83,4.33,"GreenLeaf Signature Juices is a compact juices from GreenLeaf, made from natural ingredients and available in grey. A bestseller among customers in its category. Backed by a manufacturer warranty and free returns.","{""color"": ""grey"", ""material"": ""natural ingredients"", ""warranty_months"": 12, ""weight_g"": 4914}",2022-08-17,,1
132,SKU-000132,Threadwell Everyday Tops,Apparel,Women's Clothing,Tops,Threadwell,2,37.94,21.89,"Threadwell Everyday Tops is a pro tops from Threadwell, made from denim and available in teal. Backed by a manufacturer warranty and free returns. Ships in recyclable packaging.","{""color"": ""teal"", ""material"": ""denim"", ""warranty_months"": 12, ""weight_g"": 1229}",2020-08-22,,1
133,SKU-000133,Stridefit Eco Backpacks,Sports,Outdoor,Backpacks,Stridefit,8,110.33,81.55,"Stridefit Eco Backpacks is a compact backpacks from Stridefit, made from stainless steel and available in red. Ships in recyclable packaging. Tested for quality and safety before dispatch.","{""color"": ""red"", ""material"": ""stainless steel"", ""warranty_months"": 24, ""weight_g"": 4083}",2021-06-02,2024-02-06,0
134,SKU-000134,OakLine Pro Shelves,Home & Kitchen,Furniture,Shelves,OakLine,21,94.95,45.95,"OakLine Pro Shelves is a signature shelves from OakLine, made from stainless steel and available in terracotta. A bestseller among customers in its category. Designed for everyday use and easy to maintain.","{""color"": ""terracotta"", ""material"": ""stainless steel"", ""warranty_months"": 24, ""weight_g"": 4555}",2021-10-23,2024-09-06,0
135,SKU-000135,Brightware Ultra Appliances,Home & Kitchen,Kitchen,Appliances,Brightware,7,41.67,28.96,"Brightware Ultra Appliances is a ultra appliances from Brightware, made from bamboo and available in white. Tested for quality and safety before dispatch. A bestseller among customers in its category.","{""color"": ""white"", ""material"": ""bamboo"", ""warranty_months"": 12, ""weight_g"": 3587}",2022-08-12,,1
136,SKU-000136,GreenLeaf Eco Spices,Grocery,Pantry,Spices,GreenLeaf,8,2.54,1.35,"GreenLeaf Eco Spices is a classic spices from GreenLeaf, made from natural ingredients and available in navy. Lightweight and built to last through daily wear. Tested for quality and safety before dispatch.","{""color"": ""navy"", ""material"": ""natural ingredients"", ""warranty_months"": 6, ""weight_g"": 1167}",2021-01-03,,1
137,SKU-000137,Zenbyte Eco Monitors,Electronics,Computing,Monitors,Zenbyte,25,270.22,152.01,"Zenbyte Eco Monitors is a pro monitors from Zenbyte, made from aluminium alloy and available in white. Tested for quality and safety before dispatch. Lightweight and built to last through daily wear.","{""color"": ""white"", ""material"": ""aluminium alloy"", ""warranty_months"": 12, ""weight_g"": 3804}",2024-11-01,,1
138,SKU-000138,Daily Bowl Essential Tea,Grocery,Beverages,Tea,Daily Bowl,25,2.02,1.17,"Daily Bowl Essential Tea is a signature tea from Daily Bowl, made from natural ingredients and available in red. Lightweight and built to last through daily wear. Lightweight and built to last through daily wear.","{""color"": ""red"", ""material"": ""natural ingredients"", ""warranty_months"": 6, ""weight_g"": 4717}",2024-12-04,,1
139,SKU-000139,UrbanLoom Classic Sandals,Apparel,Footwear,Sandals,UrbanLoom,21,11.2,7.92,"UrbanLoom Classic Sandals is a eco sandals from UrbanLoom, made from denim and available in red. Backed by a manufacturer warranty and free returns. Tested for quality and safety before dispatch.","{""color"": ""red"", ""material"": ""denim"", ""warranty_months"": 6, ""weight_g"": 2552}",2020-07-18,,1
140,SKU-000140,Peakline Premium Yoga Mats,Sports,Fitness,Yoga Mats,Peakline,15,59.93,40.02,"Peakline Premium Yoga Mats is a premium yoga mats from Peakline, made from recycled rubber and available in sand. Designed for everyday use and easy to maintain. Backed by a manufacturer warranty and free returns.","{""color"": ""sand"", ""material"": ""recycled rubber"", ""warranty_months"": 24, ""weight_g"": 718}",2022-05-15,,1
141,SKU-000141,NorthPeak Premium Dresses,Apparel,Women's Clothing,Dresses,NorthPeak,5,52.4,31.09,"NorthPeak Premium Dresses is a premium dresses from NorthPeak, made from linen blend and available in sand. Designed for everyday use and easy to maintain. Lightweight and built to last through daily wear.","{""color"": ""sand"", ""material"": ""linen blend"", ""warranty_months"": 12, ""weight_g"": 2531}",2020-10-31,,1
142,SKU-000142,GreenLeaf Lite Spices,Grocery,Pantry,Spices,GreenLeaf,12,10.23,6.53,"GreenLeaf Lite Spices is a compact spices from GreenLeaf, made from natural ingredients and available in sand. Backed by a manufacturer warranty and free returns. Designed for everyday use and easy to maintain.","{""color"": ""sand"", ""material"": ""natural ingredients"", ""warranty_months"": 0, ""weight_g"": 1226}",2026-04-22,,1
143,SKU-000143,Brightware Classic Cookware,Home & Kitchen,Kitchen,Cookware,Brightware,8,140.03,73.44,"Brightware Classic Cookware is a essential cookware from Brightware, made from tempered glass and available in terracotta. Backed by a manufacturer warranty and free returns. A bestseller among customers in its category.","{""color"": ""terracotta"", ""material"": ""tempered glass"", ""warranty_months"": 6, ""weight_g"": 3289}",2022-11-07,,1
144,SKU-000144,Freshfarm Lite Snacks,Grocery,Pantry,Snacks,Freshfarm,1,23.97,17.5,"Freshfarm Lite Snacks is a eco snacks from Freshfarm, made from natural ingredients and available in sand. Lightweight and built to last through daily wear. A bestseller among customers in its category.","{""color"": ""sand"", ""material"": ""natural ingredients"", ""warranty_months"": 6, ""weight_g"": 3938}",2023-05-30,2024-02-23,0
145,SKU-000145,Kasturi Eco Jeans,Apparel,Men's Clothing,Jeans,Kasturi,7,43.89,26.35,"Kasturi Eco Jeans is a premium jeans from Kasturi, made from denim and available in sand. Tested for quality and safety before dispatch. A bestseller among customers in its category.","{""color"": ""sand"", ""material"": ""denim"", ""warranty_months"": 6, ""weight_g"": 2353}",2022-10-13,,1
146,SKU-000146,Daily Bowl Premium Spices,Grocery,Pantry,Spices,Daily Bowl,4,10.48,7.38,"Daily Bowl Premium Spices is a eco spices from Daily Bowl, made from natural ingredients and available in olive. Designed for everyday use and easy to maintain. Ships in recyclable packaging.","{""color"": ""olive"", ""material"": ""natural ingredients"", ""warranty_months"": 0, ""weight_g"": 2613}",2021-02-27,,1
147,SKU-000147,Daily Bowl Signature Rice & Grains,Grocery,Pantry,Rice & Grains,Daily Bowl,3,21.49,13.04,"Daily Bowl Signature Rice & Grains is a everyday rice & grains from Daily Bowl, made from organic ingredients and available in navy. Tested for quality and safety before dispatch. Lightweight and built to last through daily wear.","{""color"": ""navy"", ""material"": ""organic ingredients"", ""warranty_months"": 0, ""weight_g"": 320}",2021-10-19,,1
148,SKU-000148,Kasturi Everyday Kurtas,Apparel,Women's Clothing,Kurtas,Kasturi,1,9.3,6.58,"Kasturi Everyday Kurtas is a essential kurtas from Kasturi, made from linen blend and available in grey. Designed for everyday use and easy to maintain. A bestseller among customers in its category.","{""color"": ""grey"", ""material"": ""linen blend"", ""warranty_months"": 0, ""weight_g"": 1951}",2023-01-06,2025-12-24,0
149,SKU-000149,Threadwell Eco Tops,Apparel,Women's Clothing,Tops,Threadwell,4,12.99,9.59,"Threadwell Eco Tops is a ultra tops from Threadwell, made from organic cotton and available in teal. Lightweight and built to last through daily wear. Backed by a manufacturer warranty and free returns.","{""color"": ""teal"", ""material"": ""organic cotton"", ""warranty_months"": 24, ""weight_g"": 2700}",2022-10-14,,1
150,SKU-000150,NorthPeak Signature Sneakers,Apparel,Footwear,Sneakers,NorthPeak,24,9.64,5.68,"NorthPeak Signature Sneakers is a premium sneakers from NorthPeak, made from recycled polyester and available in terracotta. A bestseller among customers in its category. Ships in recyclable packaging.","{""color"": ""terracotta"", ""material"": ""recycled polyester"", ""warranty_months"": 0, ""weight_g"": 3102}",2021-06-03,,1
151,SKU-000151,Nexora Classic Keyboards,Electronics,Computing,Keyboards,Nexora,13,437.54,268.64,"Nexora Classic Keyboards is a eco keyboards from Nexora, made from polycarbonate and available in navy. Designed for everyday use and easy to maintain. Backed by a manufacturer warranty and free returns.","{""color"": ""navy"", ""material"": ""polycarbonate"", ""warranty_months"": 12, ""weight_g"": 158}",2023-01-03,,1
152,SKU-000152,Threadwell Eco Dresses,Apparel,Women's Clothing,Dresses,Threadwell,13,54.96,26.27,"Threadwell Eco Dresses is a signature dresses from Threadwell, made from linen blend and available in teal. Ships in recyclable packaging. Tested for quality and safety before dispatch.","{""color"": ""teal"", ""material"": ""linen blend"", ""warranty_months"": 0, ""weight_g"": 4837}",2022-08-18,,1
153,SKU-000153,Spice Route Signature Spices,Grocery,Pantry,Spices,Spice Route,19,2.14,1.13,"Spice Route Signature Spices is a signature spices from Spice Route, made from organic ingredients and available in sand. Ships in recyclable packaging. Lightweight and built to last through daily wear.","{""color"": ""sand"", ""material"": ""organic ingredients"", ""warranty_months"": 6, ""weight_g"": 691}",2023-10-06,,1
154,SKU-000154,Zenbyte Essential Headphones,Electronics,Audio,Headphones,Zenbyte,3,1274.56,652.95,"Zenbyte Essential Headphones is a premium headphones from Zenbyte, made from tempered glass and available in red. Designed for everyday use and easy to maintain. Backed by a manufacturer warranty and free returns.","{""color"": ""red"", ""material"": ""tempered glass"", ""warranty_months"": 12, ""weight_g"": 410}",2020-08-07,,1
155,SKU-000155,TrailMate Eco Backpacks,Sports,Outdoor,Backpacks,TrailMate,4,20.93,14.57,"TrailMate Eco Backpacks is a compact backpacks from TrailMate, made from recycled rubber and available in black. A bestseller among customers in its category. Tested for quality and safety before dispatch.","{""color"": ""black"", ""material"": ""recycled rubber"", ""warranty_months"": 6, ""weight_g"": 855}",2020-09-30,,1
156,SKU-000156,Kasturi Premium Jeans,Apparel,Men's Clothing,Jeans,Kasturi,11,51.31,37.52,"Kasturi Premium Jeans is a classic jeans from Kasturi, made from organic cotton and available in terracotta. Designed for everyday use and easy to maintain. Backed by a manufacturer warranty and free returns.","{""color"": ""terracotta"", ""material"": ""organic cotton"", ""warranty_months"": 24, ""weight_g"": 1135}",2020-08-17,,1
157,SKU-000157,Threadwell Classic Dresses,Apparel,Women's Clothing,Dresses,Threadwell,15,97.71,56.67,"Threadwell Classic Dresses is a eco dresses from Threadwell, made from denim and available in red. Tested for quality and safety before dispatch. Ships in recyclable packaging.","{""color"": ""red"", ""material"": ""denim"", ""warranty_months"": 6, ""weight_g"": 2979}",2022-06-24,,1
158,SKU-000158,OakLine Eco Tables,Home & Kitchen,Furniture,Tables,OakLine,12,371.29,220.44,"OakLine Eco Tables is a everyday tables from OakLine, made from stainless steel and available in terracotta. Ships in recyclable packaging. Backed by a manufacturer warranty and free returns.","{""color"": ""terracotta"", ""material"": ""stainless steel"", ""warranty_months"": 6, ""weight_g"": 4533}",2025-02-22,,1
159,SKU-000159,Zenbyte Classic Speakers,Electronics,Audio,Speakers,Zenbyte,8,89.71,45.21,"Zenbyte Classic Speakers is a essential speakers from Zenbyte, made from tempered glass and available in olive. Designed for everyday use and easy to maintain. Ships in recyclable packaging.","{""color"": ""olive"", ""material"": ""tempered glass"", ""warranty_months"": 12, ""weight_g"": 4864}",2023-11-23,2026-04-13,0
160,SKU-000160,Daily Bowl Ultra Snacks,Grocery,Pantry,Snacks,Daily Bowl,19,3.13,2.2,"Daily Bowl Ultra Snacks is a lite snacks from Daily Bowl, made from natural ingredients and available in navy. Lightweight and built to last through daily wear. Tested for quality and safety before dispatch.","{""color"": ""navy"", ""material"": ""natural ingredients"", ""warranty_months"": 12, ""weight_g"": 4926}",2021-01-14,,1
161,SKU-000161,Kasturi Lite Jeans,Apparel,Men's Clothing,Jeans,Kasturi,5,12.87,5.94,"Kasturi Lite Jeans is a ultra jeans from Kasturi, made from organic cotton and available in olive. Designed for everyday use and easy to maintain. A bestseller among customers in its category.","{""color"": ""olive"", ""material"": ""organic cotton"", ""warranty_months"": 24, ""weight_g"": 85}",2021-04-13,,1
162,SKU-000162,Glowlab Pro Shampoo,Beauty,Haircare,Shampoo,Glowlab,6,4.67,3.09,"Glowlab Pro Shampoo is a signature shampoo from Glowlab, made from plant-based ingredients and available in white. Designed for everyday use and easy to maintain. Lightweight and built to last through daily wear.","{""color"": ""white"", ""material"": ""plant-based ingredients"", ""warranty_months"": 24, ""weight_g"": 4880}",2022-02-26,,1
163,SKU-000163,Glowlab Lite Hair Oil,Beauty,Haircare,Hair Oil,Glowlab,19,24.96,15.44,"Glowlab Lite Hair Oil is a everyday hair oil from Glowlab, made from dermatologist-tested formula and available in olive. Ships in recyclable packaging. Lightweight and built to last through daily wear.","{""color"": ""olive"", ""material"": ""dermatologist-tested formula"", ""warranty_months"": 12, ""weight_g"": 1123}",2022-12-31,,1
164,SKU-000164,GreenLeaf Compact Snacks,Grocery,Pantry,Snacks,GreenLeaf,3,19.39,14.35,"GreenLeaf Compact Snacks is a everyday snacks from GreenLeaf, made from natural ingredients and available in white. Lightweight and built to last through daily wear. Tested for quality and safety before dispatch.","{""color"": ""white"", ""material"": ""natural ingredients"", ""warranty_months"": 0, ""weight_g"": 2029}",2022-02-08,,1
165,SKU-000165,Nexora Classic Headphones,Electronics,Audio,Headphones,Nexora,12,365.13,202.7,"Nexora Classic Headphones is a eco headphones from Nexora, made from aluminium alloy and available in black. Ships in recyclable packaging. Tested for quality and safety before dispatch.","{""color"": ""black"", ""material"": ""aluminium alloy"", ""warranty_months"": 24, ""weight_g"": 1442}",2025-10-06,,1
166,SKU-000166,Pure Roots Signature Moisturisers,Beauty,Skincare,Moisturisers,Pure Roots,18,3.74,2.63,"Pure Roots Signature Moisturisers is a essential moisturisers from Pure Roots, made from dermatologist-tested formula and available in black. Designed for everyday use and easy to maintain. Designed for everyday use and easy to maintain.","{""color"": ""black"", ""material"": ""dermatologist-tested formula"", ""warranty_months"": 12, ""weight_g"": 1473}",2023-11-26,,1
167,SKU-000167,Hearthstone Everyday Wall Art,Home & Kitchen,Decor,Wall Art,Hearthstone,24,58.47,37.78,"Hearthstone Everyday Wall Art is a classic wall art from Hearthstone, made from tempered glass and available in sand. Designed for everyday use and easy to maintain. Lightweight and built to last through daily wear.","{""color"": ""sand"", ""material"": ""tempered glass"", ""warranty_months"": 6, ""weight_g"": 1636}",2021-06-13,,1
168,SKU-000168,NorthPeak Essential Jeans,Apparel,Men's Clothing,Jeans,NorthPeak,3,12.13,6.77,"NorthPeak Essential Jeans is a lite jeans from NorthPeak, made from denim and available in white. Ships in recyclable packaging. Backed by a manufacturer warranty and free returns.","{""color"": ""white"", ""material"": ""denim"", ""warranty_months"": 0, ""weight_g"": 290}",2021-03-19,,1
169,SKU-000169,Pure Roots Eco Hair Oil,Beauty,Haircare,Hair Oil,Pure Roots,9,12.99,8.42,"Pure Roots Eco Hair Oil is a everyday hair oil from Pure Roots, made from plant-based ingredients and available in teal. Lightweight and built to last through daily wear. Ships in recyclable packaging.","{""color"": ""teal"", ""material"": ""plant-based ingredients"", ""warranty_months"": 12, ""weight_g"": 1608}",2022-04-07,,1
170,SKU-000170,UrbanLoom Lite Boots,Apparel,Footwear,Boots,UrbanLoom,16,10.09,5.58,"UrbanLoom Lite Boots is a ultra boots from UrbanLoom, made from leather and available in sand. A bestseller among customers in its category. Designed for everyday use and easy to maintain.","{""color"": ""sand"", ""material"": ""leather"", ""warranty_months"": 24, ""weight_g"": 4360}",2021-07-02,,1
171,SKU-000171,Glowlab Lite Hair Oil,Beauty,Haircare,Hair Oil,Glowlab,6,9.79,6.91,"Glowlab Lite Hair Oil is a pro hair oil from Glowlab, made from plant-based ingredients and available in teal. A bestseller among customers in its category. Tested for quality and safety before dispatch.","{""color"": ""teal"", ""material"": ""plant-based ingredients"", ""warranty_months"": 6, ""weight_g"": 1065}",2025-07-08,,1
172,SKU-000172,Nexora Premium Keyboards,Electronics,Computing,Keyboards,Nexora,1,1481.25,945.29,"Nexora Premium Keyboards is a premium keyboards from Nexora, made from tempered glass and available in grey. Ships in recyclable packaging. A bestseller among customers in its category.","{""color"": ""grey"", ""material"": ""tempered glass"", ""warranty_months"": 24, ""weight_g"": 4602}",2022-03-25,,1
173,SKU-000173,Glowlab Lite Sunscreen,Beauty,Skincare,Sunscreen,Glowlab,20,4.68,2.93,"Glowlab Lite Sunscreen is a premium sunscreen from Glowlab, made from plant-based ingredients and available in white. Lightweight and built to last through daily wear. A bestseller among customers in its category.","{""color"": ""white"", ""material"": ""plant-based ingredients"", ""warranty_months"": 12, ""weight_g"": 3446}",2021-03-02,,1
174,SKU-000174,NorthPeak Classic Boots,Apparel,Footwear,Boots,NorthPeak,16,8.89,6.37,"NorthPeak Classic Boots is a compact boots from NorthPeak, made from recycled polyester and available in olive. Lightweight and built to last through daily wear. Lightweight and built to last through daily wear.","{""color"": ""olive"", ""material"": ""recycled polyester"", ""warranty_months"": 0, ""weight_g"": 2847}",2024-09-12,,1
175,SKU-000175,Peakline Eco Yoga Mats,Sports,Fitness,Yoga Mats,Peakline,16,184.07,107.3,"Peakline Eco Yoga Mats is a lite yoga mats from Peakline, made from ripstop nylon and available in terracotta. Tested for quality and safety before dispatch. Designed for everyday use and easy to maintain.","{""color"": ""terracotta"", ""material"": ""ripstop nylon"", ""warranty_months"": 6, ""weight_g"": 3698}",2020-09-10,,1
176,SKU-000176,Zenbyte Ultra Smartphones,Electronics,Mobile,Smartphones,Zenbyte,9,393.76,224.84,"Zenbyte Ultra Smartphones is a ultra smartphones from Zenbyte, made from aluminium alloy and available in navy. Designed for everyday use and easy to maintain. Backed by a manufacturer warranty and free returns.","{""color"": ""navy"", ""material"": ""aluminium alloy"", ""warranty_months"": 0, ""weight_g"": 3819}",2021-12-28,,1
177,SKU-000177,Velvetique Compact Shampoo,Beauty,Haircare,Shampoo,Velvetique,23,3.29,1.85,"Velvetique Compact Shampoo is a lite shampoo from Velvetique, made from dermatologist-tested formula and available in navy. A bestseller among customers in its category. Lightweight and built to last through daily wear.","{""color"": ""navy"", ""material"": ""dermatologist-tested formula"", ""warranty_months"": 12, ""weight_g"": 1419}",2024-06-13,,1
178,SKU-000178,Threadwell Pro Sneakers,Apparel,Footwear,Sneakers,Threadwell,8,46.18,30.17,"Threadwell Pro Sneakers is a classic sneakers from Threadwell, made from recycled polyester and available in sand. Tested for quality and safety before dispatch. Designed for everyday use and easy to maintain.","{""color"": ""sand"", ""material"": ""recycled polyester"", ""warranty_months"": 24, ""weight_g"": 1163}",2021-04-26,,1
179,SKU-000179,GreenLeaf Essential Juices,Grocery,Beverages,Juices,GreenLeaf,12,3.91,2.2,"GreenLeaf Essential Juices is a ultra juices from GreenLeaf, made from organic ingredients and available in red. Ships in recyclable packaging. Lightweight and built to last through daily wear.","{""color"": ""red"", ""material"": ""organic ingredients"", ""warranty_months"": 24, ""weight_g"": 4868}",2021-07-27,,1
180,SKU-000180,Hearthstone Essential Appliances,Home & Kitchen,Kitchen,Appliances,Hearthstone,11,39.62,21.12,"Hearthstone Essential Appliances is a essential appliances from Hearthstone, made from ceramic and available in terracotta. Backed by a manufacturer warranty and free returns. Backed by a manufacturer warranty and free returns.","{""color"": ""terracotta"", ""material"": ""ceramic"", ""warranty_months"": 6, ""weight_g"": 545}",2026-05-13,,1
181,SKU-000181,GreenLeaf Signature Coffee,Grocery,Beverages,Coffee,GreenLeaf,22,18.53,10.59,"GreenLeaf Signature Coffee is a ultra coffee from GreenLeaf, made from natural ingredients and available in olive. Tested for quality and safety before dispatch. A bestseller among customers in its category.","{""color"": ""olive"", ""material"": ""natural ingredients"", ""warranty_months"": 24, ""weight_g"": 3016}",2020-08-19,,1
182,SKU-000182,Threadwell Signature Kurtas,Apparel,Women's Clothing,Kurtas,Threadwell,4,103.93,74.82,"Threadwell Signature Kurtas is a ultra kurtas from Threadwell, made from organic cotton and available in olive. Tested for quality and safety before dispatch. Lightweight and built to last through daily wear.","{""color"": ""olive"", ""material"": ""organic cotton"", ""warranty_months"": 24, ""weight_g"": 2794}",2021-05-12,,1
183,SKU-000183,UrbanLoom Pro Boots,Apparel,Footwear,Boots,UrbanLoom,19,28.74,14.61,"UrbanLoom Pro Boots is a essential boots from UrbanLoom, made from organic cotton and available in sand. Ships in recyclable packaging. Designed for everyday use and easy to maintain.","{""color"": ""sand"", ""material"": ""organic cotton"", ""warranty_months"": 6, ""weight_g"": 1205}",2024-12-02,,1
184,SKU-000184,Kasturi Compact Jeans,Apparel,Men's Clothing,Jeans,Kasturi,14,44.18,22.22,"Kasturi Compact Jeans is a essential jeans from Kasturi, made from organic cotton and available in black. Backed by a manufacturer warranty and free returns. Backed by a manufacturer warranty and free returns.","{""color"": ""black"", ""material"": ""organic cotton"", ""warranty_months"": 6, ""weight_g"": 4090}",2023-06-30,,1
185,SKU-000185,Voltix Signature Speakers,Electronics,Audio,Speakers,Voltix,5,17.85,9.1,"Voltix Signature Speakers is a pro speakers from Voltix, made from tempered glass and available in black. Backed by a manufacturer warranty and free returns. Designed for everyday use and easy to maintain.","{""color"": ""black"", ""material"": ""tempered glass"", ""warranty_months"": 0, ""weight_g"": 2118}",2020-07-17,,1
186,SKU-000186,Kasturi Eco Jeans,Apparel,Men's Clothing,Jeans,Kasturi,8,27.5,16.67,"Kasturi Eco Jeans is a everyday jeans from Kasturi, made from leather and available in grey. Lightweight and built to last through daily wear. Ships in recyclable packaging.","{""color"": ""grey"", ""material"": ""leather"", ""warranty_months"": 12, ""weight_g"": 1623}",2020-09-22,,1
187,SKU-000187,Freshfarm Eco Rice & Grains,Grocery,Pantry,Rice & Grains,Freshfarm,1,6.67,3.34,"Freshfarm Eco Rice & Grains is a essential rice & grains from Freshfarm, made from organic ingredients and available in black. A bestseller among customers in its category. A bestseller among customers in its category.","{""color"": ""black"", ""material"": ""organic ingredients"", ""warranty_months"": 0, ""weight_g"": 4945}",2023-08-10,,1
188,SKU-000188,OakLine Eco Wall Art,Home & Kitchen,Decor,Wall Art,OakLine,20,177.02,90.57,"OakLine Eco Wall Art is a premium wall art from OakLine, made from stainless steel and available in terracotta. Tested for quality and safety before dispatch. A bestseller among customers in its category.","{""color"": ""terracotta"", ""material"": ""stainless steel"", ""warranty_months"": 12, ""weight_g"": 1203}",2022-09-16,,1
189,SKU-000189,CasaNova Signature Appliances,Home & Kitchen,Kitchen,Appliances,CasaNova,16,121.03,82.71,"CasaNova Signature Appliances is a eco appliances from CasaNova, made from tempered glass and available in olive. Lightweight and built to last through daily wear. Backed by a manufacturer warranty and free returns.","{""color"": ""olive"", ""material"": ""tempered glass"", ""warranty_months"": 0, ""weight_g"": 4570}",2022-06-03,,1
190,SKU-000190,NorthPeak Premium Jackets,Apparel,Men's Clothing,Jackets,NorthPeak,2,11.98,5.71,"NorthPeak Premium Jackets is a essential jackets from NorthPeak, made from leather and available in white. Tested for quality and safety before dispatch. Backed by a manufacturer warranty and free returns.","{""color"": ""white"", ""material"": ""leather"", ""warranty_months"": 24, ""weight_g"": 2505}",2022-11-11,2023-11-24,0
191,SKU-000191,OakLine Everyday Wall Art,Home & Kitchen,Decor,Wall Art,OakLine,11,205.7,98.43,"OakLine Everyday Wall Art is a everyday wall art from OakLine, made from stainless steel and available in black. Lightweight and built to last through daily wear. Lightweight and built to last through daily wear.","{""color"": ""black"", ""material"": ""stainless steel"", ""warranty_months"": 24, ""weight_g"": 2277}",2023-07-10,,1
192,SKU-000192,AudioMint Classic Speakers,Electronics,Audio,Speakers,AudioMint,25,297.7,205.14,"AudioMint Classic Speakers is a everyday speakers from AudioMint, made from aluminium alloy and available in navy. Designed for everyday use and easy to maintain. Ships in recyclable packaging.","{""color"": ""navy"", ""material"": ""aluminium alloy"", ""warranty_months"": 24, ""weight_g"": 4740}",2022-06-30,,1
193,SKU-000193,Daily Bowl Essential Spices,Grocery,Pantry,Spices,Daily Bowl,4,1.44,0.83,"Daily Bowl Essential Spices is a signature spices from Daily Bowl, made from natural ingredients and available in white. Designed for everyday use and easy to maintain. Tested for quality and safety before dispatch.","{""color"": ""white"", ""material"": ""natural ingredients"", ""warranty_months"": 6, ""weight_g"": 2851}",2021-01-27,,1
194,SKU-000194,OakLine Classic Cushions,Home & Kitchen,Decor,Cushions,OakLine,11,18.38,12.83,"OakLine Classic Cushions is a everyday cushions from OakLine, made from tempered glass and available in black. A bestseller among customers in its category. Ships in recyclable packaging.","{""color"": ""black"", ""material"": ""tempered glass"", ""warranty_months"": 24, ""weight_g"": 1434}",2021-08-16,,1
195,SKU-000195,NorthPeak Lite Jackets,Apparel,Men's Clothing,Jackets,NorthPeak,1,23.84,12.41,"NorthPeak Lite Jackets is a compact jackets from NorthPeak, made from denim and available in red. Designed for everyday use and easy to maintain. Ships in recyclable packaging.","{""color"": ""red"", ""material"": ""denim"", ""warranty_months"": 24, ""weight_g"": 2669}",2021-08-10,,1
196,SKU-000196,Zenbyte Signature Chargers,Electronics,Mobile,Chargers,Zenbyte,22,904.3,559.49,"Zenbyte Signature Chargers is a classic chargers from Zenbyte, made from ABS plastic and available in grey. Backed by a manufacturer warranty and free returns. Ships in recyclable packaging.","{""color"": ""grey"", ""material"": ""ABS plastic"", ""warranty_months"": 12, ""weight_g"": 4668}",2026-05-13,,1
197,SKU-000197,Spice Route Pro Rice & Grains,Grocery,Pantry,Rice & Grains,Spice Route,24,1.01,0.56,"Spice Route Pro Rice & Grains is a signature rice & grains from Spice Route, made from organic ingredients and available in teal. Tested for quality and safety before dispatch. Designed for everyday use and easy to maintain.","{""color"": ""teal"", ""material"": ""organic ingredients"", ""warranty_months"": 0, ""weight_g"": 1424}",2020-09-12,,1
198,SKU-000198,NorthPeak Eco Dresses,Apparel,Women's Clothing,Dresses,NorthPeak,5,74.62,37.85,"NorthPeak Eco Dresses is a classic dresses from NorthPeak, made from recycled polyester and available in white. Tested for quality and safety before dispatch. Tested for quality and safety before dispatch.","{""color"": ""white"", ""material"": ""recycled polyester"", ""warranty_months"": 0, ""weight_g"": 3770}",2021-05-08,,1
199,SKU-000199,NorthPeak Lite Sneakers,Apparel,Footwear,Sneakers,NorthPeak,17,77.56,46.14,"NorthPeak Lite Sneakers is a everyday sneakers from NorthPeak, made from leather and available in navy. Tested for quality and safety before dispatch. Backed by a manufacturer warranty and free returns.","{""color"": ""navy"", ""material"": ""leather"", ""warranty_months"": 0, ""weight_g"": 3253}",2021-04-21,,1
200,SKU-000200,Daily Bowl Everyday Spices,Grocery,Pantry,Spices,Daily Bowl,7,22.24,16.48,"Daily Bowl Everyday Spices is a eco spices from Daily Bowl, made from organic ingredients and available in navy. A bestseller among customers in its category. Tested for quality and safety before dispatch.","{""color"": ""navy"", ""material"": ""organic ingredients"", ""warranty_months"": 12, ""weight_g"": 4567}",2026-02-07,,1
201,SKU-000201,GreenLeaf Pro Juices,Grocery,Beverages,Juices,GreenLeaf,23,19.4,9.5,"GreenLeaf Pro Juices is a signature juices from GreenLeaf, made from natural ingredients and available in teal. Tested for quality and safety before dispatch. Designed for everyday use and easy to maintain.","{""color"": ""teal"", ""material"": ""natural ingredients"", ""warranty_months"": 12, ""weight_g"": 4686}",2021-05-27,,1
202,SKU-000202,Voltix Essential Headphones,Electronics,Audio,Headphones,Voltix,18,16.85,8.32,"Voltix Essential Headphones is a everyday headphones from Voltix, made from aluminium alloy and available in olive. Lightweight and built to last through daily wear. Tested for quality and safety before dispatch.","{""color"": ""olive"", ""material"": ""aluminium alloy"", ""warranty_months"": 12, ""weight_g"": 1279}",2024-08-27,,1
203,SKU-000203,CasaNova Essential Chairs,Home & Kitchen,Furniture,Chairs,CasaNova,7,208.99,129.24,"CasaNova Essential Chairs is a classic chairs from CasaNova, made from solid oak and available in teal. Ships in recyclable packaging. Ships in recyclable packaging.","{""color"": ""teal"", ""material"": ""solid oak"", ""warranty_months"": 24, ""weight_g"": 2641}",2023-04-21,2024-07-21,0
204,SKU-000204,Spice Route Everyday Juices,Grocery,Beverages,Juices,Spice Route,5,12.16,8.99,"Spice Route Everyday Juices is a premium juices from Spice Route, made from organic ingredients and available in red. Backed by a manufacturer warranty and free returns. Backed by a manufacturer warranty and free returns.","{""color"": ""red"", ""material"": ""organic ingredients"", ""warranty_months"": 0, ""weight_g"": 3170}",2022-03-22,,1
205,SKU-000205,GreenLeaf Signature Tea,Grocery,Beverages,Tea,GreenLeaf,23,4.49,3.28,"GreenLeaf Signature Tea is a lite tea from GreenLeaf, made from natural ingredients and available in navy. Designed for everyday use and easy to maintain. Tested for quality and safety before dispatch.","{""color"": ""navy"", ""material"": ""natural ingredients"", ""warranty_months"": 12, ""weight_g"": 4098}",2026-01-31,,1
206,SKU-000206,AudioMint Ultra Laptops,Electronics,Computing,Laptops,AudioMint,18,182.92,104.45,"AudioMint Ultra Laptops is a signature laptops from AudioMint, made from tempered glass and available in olive. Lightweight and built to last through daily wear. Lightweight and built to last through daily wear.","{""color"": ""olive"", ""material"": ""tempered glass"", ""warranty_months"": 12, ""weight_g"": 1869}",2026-06-20,,1
207,SKU-000207,Threadwell Classic Tops,Apparel,Women's Clothing,Tops,Threadwell,25,92.65,58.75,"Threadwell Classic Tops is a signature tops from Threadwell, made from leather and available in olive. Ships in recyclable packaging. Designed for everyday use and easy to maintain.","{""color"": ""olive"", ""material"": ""leather"", ""warranty_months"": 24, ""weight_g"": 2181}",2022-03-18,2024-03-16,0
208,SKU-000208,Zenbyte Pro Headphones,Electronics,Audio,Headphones,Zenbyte,7,159.91,117.45,"Zenbyte Pro Headphones is a classic headphones from Zenbyte, made from polycarbonate and available in teal. Tested for quality and safety before dispatch. Designed for everyday use and easy to maintain.","{""color"": ""teal"", ""material"": ""polycarbonate"", ""warranty_months"": 6, ""weight_g"": 1826}",2025-05-18,,1
209,SKU-000209,Velvetique Premium Shampoo,Beauty,Haircare,Shampoo,Velvetique,9,23.43,10.71,"Velvetique Premium Shampoo is a premium shampoo from Velvetique, made from dermatologist-tested formula and available in black. Designed for everyday use and easy to maintain. Backed by a manufacturer warranty and free returns.","{""color"": ""black"", ""material"": ""dermatologist-tested formula"", ""warranty_months"": 12, ""weight_g"": 4651}",2020-09-12,,1
210,SKU-000210,Voltix Premium Cases,Electronics,Mobile,Cases,Voltix,15,176.1,113.13,"Voltix Premium Cases is a signature cases from Voltix, made from aluminium alloy and available in black. A bestseller among customers in its category. Designed for everyday use and easy to maintain.","{""color"": ""black"", ""material"": ""aluminium alloy"", ""warranty_months"": 12, ""weight_g"": 2548}",2022-03-19,,1
211,SKU-000211,OakLine Essential Lamps,Home & Kitchen,Decor,Lamps,OakLine,2,18.97,9.79,"OakLine Essential Lamps is a everyday lamps from OakLine, made from bamboo and available in teal. Lightweight and built to last through daily wear. Tested for quality and safety before dispatch.","{""color"": ""teal"", ""material"": ""bamboo"", ""warranty_months"": 12, ""weight_g"": 171}",2021-06-12,,1
212,SKU-000212,Nexora Eco Cases,Electronics,Mobile,Cases,Nexora,6,470.64,339.36,"Nexora Eco Cases is a pro cases from Nexora, made from tempered glass and available in olive. Backed by a manufacturer warranty and free returns. Backed by a manufacturer warranty and free returns.","{""color"": ""olive"", ""material"": ""tempered glass"", ""warranty_months"": 6, ""weight_g"": 1888}",2022-04-18,,1
213,SKU-000213,Pure Roots Signature Shampoo,Beauty,Haircare,Shampoo,Pure Roots,11,22.44,11.79,"Pure Roots Signature Shampoo is a signature shampoo from Pure Roots, made from plant-based ingredients and available in red. Backed by a manufacturer warranty and free returns. Tested for quality and safety before dispatch.","{""color"": ""red"", ""material"": ""plant-based ingredients"", ""warranty_months"": 6, ""weight_g"": 899}",2022-10-22,,1
214,SKU-000214,Brightware Signature Lamps,Home & Kitchen,Decor,Lamps,Brightware,11,273.03,201.39,"Brightware Signature Lamps is a ultra lamps from Brightware, made from solid oak and available in black. Backed by a manufacturer warranty and free returns. Tested for quality and safety before dispatch.","{""color"": ""black"", ""material"": ""solid oak"", ""warranty_months"": 24, ""weight_g"": 2346}",2023-10-03,,1
215,SKU-000215,AudioMint Everyday Speakers,Electronics,Audio,Speakers,AudioMint,19,190.3,95.67,"AudioMint Everyday Speakers is a pro speakers from AudioMint, made from aluminium alloy and available in terracotta. Backed by a manufacturer warranty and free returns. Lightweight and built to last through daily wear.","{""color"": ""terracotta"", ""material"": ""aluminium alloy"", ""warranty_months"": 0, ""weight_g"": 697}",2025-11-04,,1
216,SKU-000216,TrailMate Everyday Water Bottles,Sports,Outdoor,Water Bottles,TrailMate,20,97.0,54.3,"TrailMate Everyday Water Bottles is a compact water bottles from TrailMate, made from recycled rubber and available in terracotta. A bestseller among customers in its category. A bestseller among customers in its category.","{""color"": ""terracotta"", ""material"": ""recycled rubber"", ""warranty_months"": 0, ""weight_g"": 3330}",2022-12-22,,1
217,SKU-000217,Spice Route Signature Spices,Grocery,Pantry,Spices,Spice Route,17,1.78,1.31,"Spice Route Signature Spices is a classic spices from Spice Route, made from natural ingredients and available in red. Backed by a manufacturer warranty and free returns. Ships in recyclable packaging.","{""color"": ""red"", ""material"": ""natural ingredients"", ""warranty_months"": 6, ""weight_g"": 594}",2022-05-07,2023-06-22,0
218,SKU-000218,Glowlab Lite Sunscreen,Beauty,Skincare,Sunscreen,Glowlab,3,24.7,14.98,"Glowlab Lite Sunscreen is a pro sunscreen from Glowlab, made from dermatologist-tested formula and available in terracotta. A bestseller among customers in its category. Backed by a manufacturer warranty and free returns.","{""color"": ""terracotta"", ""material"": ""dermatologist-tested formula"", ""warranty_months"": 24, ""weight_g"": 3180}",2021-03-03,,1
219,SKU-000219,OakLine Lite Storage,Home & Kitchen,Kitchen,Storage,OakLine,7,42.41,30.12,"OakLine Lite Storage is a classic storage from OakLine, made from bamboo and available in red. A bestseller among customers in its category. Backed by a manufacturer warranty and free returns.","{""color"": ""red"", ""material"": ""bamboo"", ""warranty_months"": 24, ""weight_g"": 1436}",2021-07-24,,1
220,SKU-000220,Spice Route Compact Snacks,Grocery,Pantry,Snacks,Spice Route,19,3.8,2.09,"Spice Route Compact Snacks is a compact snacks from Spice Route, made from natural ingredients and available in red. Backed by a manufacturer warranty and free returns. A bestseller among customers in its category.","{""color"": ""red"", ""material"": ""natural ingredients"", ""warranty_months"": 6, ""weight_g"": 3446}",2022-11-18,,1
221,SKU-000221,Threadwell Eco Sneakers,Apparel,Footwear,Sneakers,Threadwell,16,9.31,4.91,"Threadwell Eco Sneakers is a lite sneakers from Threadwell, made from linen blend and available in teal. A bestseller among customers in its category. Tested for quality and safety before dispatch.","{""color"": ""teal"", ""material"": ""linen blend"", ""warranty_months"": 0, ""weight_g"": 2402}",2024-03-19,,1
222,SKU-000222,GreenLeaf Ultra Snacks,Grocery,Pantry,Snacks,GreenLeaf,22,1.72,1.13,"GreenLeaf Ultra Snacks is a eco snacks from GreenLeaf, made from organic ingredients and available in white. Ships in recyclable packaging. Backed by a manufacturer warranty and free returns.","{""color"": ""white"", ""material"": ""organic ingredients"", ""warranty_months"": 0, ""weight_g"": 215}",2020-08-04,,1
223,SKU-000223,Pure Roots Compact Moisturisers,Beauty,Skincare,Moisturisers,Pure Roots,23,44.68,28.15,"Pure Roots Compact Moisturisers is a everyday moisturisers from Pure Roots, made from plant-based ingredients and available in white. A bestseller among customers in its category. A bestseller among customers in its category.","{""color"": ""white"", ""material"": ""plant-based ingredients"", ""warranty_months"": 0, ""weight_g"": 3614}",2021-12-18,,1
224,SKU-000224,Voltix Essential Speakers,Electronics,Audio,Speakers,Voltix,19,106.43,56.02,"Voltix Essential Speakers is a lite speakers from Voltix, made from polycarbonate and available in white. A bestseller among customers in its category. Ships in recyclable packaging.","{""color"": ""white"", ""material"": ""polycarbonate"", ""warranty_months"": 12, ""weight_g"": 1628}",2020-12-01,,1
225,SKU-000225,Threadwell Everyday Jeans,Apparel,Men's Clothing,Jeans,Threadwell,20,51.52,28.07,"Threadwell Everyday Jeans is a eco jeans from Threadwell, made from recycled polyester and available in white. Tested for quality and safety before dispatch. A bestseller among customers in its category.","{""color"": ""white"", ""material"": ""recycled polyester"", ""warranty_months"": 12, ""weight_g"": 2220}",2025-05-17,,1
226,SKU-000226,NorthPeak Essential Boots,Apparel,Footwear,Boots,NorthPeak,15,12.98,8.02,"NorthPeak Essential Boots is a lite boots from NorthPeak, made from denim and available in terracotta. Lightweight and built to last through daily wear. Tested for quality and safety before dispatch.","{""color"": ""terracotta"", ""material"": ""denim"", ""warranty_months"": 24, ""weight_g"": 1211}",2023-09-01,,1
227,SKU-000227,Kasturi Eco Sandals,Apparel,Footwear,Sandals,Kasturi,12,69.98,44.38,"Kasturi Eco Sandals is a classic sandals from Kasturi, made from organic cotton and available in navy. Designed for everyday use and easy to maintain. Backed by a manufacturer warranty and free returns.","{""color"": ""navy"", ""material"": ""organic cotton"", ""warranty_months"": 24, ""weight_g"": 4997}",2022-10-28,,1
228,SKU-000228,TrailMate Compact Water Bottles,Sports,Outdoor,Water Bottles,TrailMate,23,177.85,83.1,"TrailMate Compact Water Bottles is a classic water bottles from TrailMate, made from recycled rubber and available in red. Backed by a manufacturer warranty and free returns. Tested for quality and safety before dispatch.","{""color"": ""red"", ""material"": ""recycled rubber"", ""warranty_months"": 12, ""weight_g"": 1675}",2021-04-28,,1
229,SKU-000229,Spice Route Eco Spices,Grocery,Pantry,Spices,Spice Route,3,8.24,6.12,"Spice Route Eco Spices is a signature spices from Spice Route, made from natural ingredients and available in terracotta. Tested for quality and safety before dispatch. Ships in recyclable packaging.","{""color"": ""terracotta"", ""material"": ""natural ingredients"", ""warranty_months"": 24, ""weight_g"": 4881}",2022-12-17,,1
230,SKU-000230,Zenbyte Eco Keyboards,Electronics,Computing,Keyboards,Zenbyte,11,1266.68,675.08,"Zenbyte Eco Keyboards is a lite keyboards from Zenbyte, made from polycarbonate and available in red. Designed for everyday use and easy to maintain. Lightweight and built to last through daily wear.","{""color"": ""red"", ""material"": ""polycarbonate"", ""warranty_months"": 6, ""weight_g"": 3415}",2021-06-08,2022-10-22,0
231,SKU-000231,Velvetique Signature Hair Oil,Beauty,Haircare,Hair Oil,Velvetique,8,11.3,6.36,"Velvetique Signature Hair Oil is a compact hair oil from Velvetique, made from dermatologist-tested formula and available in olive. Tested for quality and safety before dispatch. Ships in recyclable packaging.","{""color"": ""olive"", ""material"": ""dermatologist-tested formula"", ""warranty_months"": 0, ""weight_g"": 4028}",2022-10-24,,1
232,SKU-000232,Brightware Pro Lamps,Home & Kitchen,Decor,Lamps,Brightware,24,27.63,13.2,"Brightware Pro Lamps is a everyday lamps from Brightware, made from ceramic and available in white. Ships in recyclable packaging. Lightweight and built to last through daily wear.","{""color"": ""white"", ""material"": ""ceramic"", ""warranty_months"": 12, ""weight_g"": 1870}",2024-07-05,,1
233,SKU-000233,Nexora Lite Smartphones,Electronics,Mobile,Smartphones,Nexora,1,834.79,427.44,"Nexora Lite Smartphones is a signature smartphones from Nexora, made from polycarbonate and available in olive. Backed by a manufacturer warranty and free returns. Designed for everyday use and easy to maintain.","{""color"": ""olive"", ""material"": ""polycarbonate"", ""warranty_months"": 0, ""weight_g"": 722}",2021-02-21,,1
234,SKU-000234,Brightware Eco Tables,Home & Kitchen,Furniture,Tables,Brightware,2,74.6,55.6,"Brightware Eco Tables is a ultra tables from Brightware, made from tempered glass and available in terracotta. A bestseller among customers in its category. Backed by a manufacturer warranty and free returns.","{""color"": ""terracotta"", ""material"": ""tempered glass"", ""warranty_months"": 0, ""weight_g"": 4386}",2025-09-06,,1
235,SKU-000235,OakLine Classic Lamps,Home & Kitchen,Decor,Lamps,OakLine,9,544.98,359.4,"OakLine Classic Lamps is a classic lamps from OakLine, made from bamboo and available in grey. Tested for quality and safety before dispatch. Backed by a manufacturer warranty and free returns.","{""color"": ""grey"", ""material"": ""bamboo"", ""warranty_months"": 24, ""weight_g"": 4839}",2021-12-27,,1
236,SKU-000236,Zenbyte Signature Keyboards,Electronics,Computing,Keyboards,Zenbyte,4,34.99,20.2,"Zenbyte Signature Keyboards is a eco keyboards from Zenbyte, made from ABS plastic and available in grey. Lightweight and built to last through daily wear. Ships in recyclable packaging.","{""color"": ""grey"", ""material"": ""ABS plastic"", ""warranty_months"": 6, ""weight_g"": 4760}",2021-05-22,,1
237,SKU-000237,Glowlab Classic Hair Oil,Beauty,Haircare,Hair Oil,Glowlab,10,4.64,3.42,"Glowlab Classic Hair Oil is a everyday hair oil from Glowlab, made from plant-based ingredients and available in red. Ships in recyclable packaging. Ships in recyclable packaging.","{""color"": ""red"", ""material"": ""plant-based ingredients"", ""warranty_months"": 6, ""weight_g"": 4315}",2022-02-12,,1
238,SKU-000238,Hearthstone Signature Lamps,Home & Kitchen,Decor,Lamps,Hearthstone,22,24.16,12.72,"Hearthstone Signature Lamps is a essential lamps from Hearthstone, made from stainless steel and available in red. Lightweight and built to last through daily wear. Lightweight and built to last through daily wear.","{""color"": ""red"", ""material"": ""stainless steel"", ""warranty_months"": 12, ""weight_g"": 2899}",2022-08-30,,1
239,SKU-000239,GreenLeaf Eco Spices,Grocery,Pantry,Spices,GreenLeaf,20,2.85,1.72,"GreenLeaf Eco Spices is a lite spices from GreenLeaf, made from organic ingredients and available in white. Lightweight and built to last through daily wear. Ships in recyclable packaging.","{""color"": ""white"", ""material"": ""organic ingredients"", ""warranty_months"": 6, ""weight_g"": 1452}",2022-01-21,,1
240,SKU-000240,Kasturi Essential Dresses,Apparel,Women's Clothing,Dresses,Kasturi,8,18.87,10.14,"Kasturi Essential Dresses is a compact dresses from Kasturi, made from recycled polyester and available in sand. Lightweight and built to last through daily wear. Tested for quality and safety before dispatch.","{""color"": ""sand"", ""material"": ""recycled polyester"", ""warranty_months"": 24, ""weight_g"": 3471}",2020-08-10,2023-03-13,0
241,SKU-000241,Stridefit Classic Yoga Mats,Sports,Fitness,Yoga Mats,Stridefit,13,28.72,13.75,"Stridefit Classic Yoga Mats is a classic yoga mats from Stridefit, made from ripstop nylon and available in teal. Ships in recyclable packaging. A bestseller among customers in its category.","{""color"": ""teal"", ""material"": ""ripstop nylon"", ""warranty_months"": 0, ""weight_g"": 931}",2022-07-26,2025-09-21,0
242,SKU-000242,Nexora Compact Smartphones,Electronics,Mobile,Smartphones,Nexora,20,17.11,11.11,"Nexora Compact Smartphones is a pro smartphones from Nexora, made from tempered glass and available in red. Lightweight and built to last through daily wear. A bestseller among customers in its category.","{""color"": ""red"", ""material"": ""tempered glass"", ""warranty_months"": 24, ""weight_g"": 1186}",2026-01-09,,1
243,SKU-000243,GreenLeaf Compact Juices,Grocery,Beverages,Juices,GreenLeaf,25,18.65,11.09,"GreenLeaf Compact Juices is a essential juices from GreenLeaf, made from natural ingredients and available in white. Lightweight and built to last through daily wear. Ships in recyclable packaging.","{""color"": ""white"", ""material"": ""natural ingredients"", ""warranty_months"": 12, ""weight_g"": 1355}",2023-01-01,,1
244,SKU-000244,Kasturi Classic Tops,Apparel,Women's Clothing,Tops,Kasturi,24,8.2,4.75,"Kasturi Classic Tops is a pro tops from Kasturi, made from recycled polyester and available in olive. Lightweight and built to last through daily wear. Backed by a manufacturer warranty and free returns.","{""color"": ""olive"", ""material"": ""recycled polyester"", ""warranty_months"": 24, ""weight_g"": 4672}",2022-04-21,,1
245,SKU-000245,Glowlab Pro Sunscreen,Beauty,Skincare,Sunscreen,Glowlab,20,10.63,5.55,"Glowlab Pro Sunscreen is a essential sunscreen from Glowlab, made from dermatologist-tested formula and available in terracotta. Ships in recyclable packaging. Backed by a manufacturer warranty and free returns.","{""color"": ""terracotta"", ""material"": ""dermatologist-tested formula"", ""warranty_months"": 0, ""weight_g"": 1574}",2022-09-10,,1
246,SKU-000246,UrbanLoom Essential T-Shirts,Apparel,Men's Clothing,T-Shirts,UrbanLoom,11,110.55,50.48,"UrbanLoom Essential T-Shirts is a everyday t-shirts from UrbanLoom, made from organic cotton and available in terracotta. Tested for quality and safety before dispatch. Ships in recyclable packaging.","{""color"": ""terracotta"", ""material"": ""organic cotton"", ""warranty_months"": 0, ""weight_g"": 1987}",2022-12-17,,1
247,SKU-000247,OakLine Classic Tables,Home & Kitchen,Furniture,Tables,OakLine,13,173.48,79.72,"OakLine Classic Tables is a essential tables from OakLine, made from stainless steel and available in navy. Ships in recyclable packaging. Designed for everyday use and easy to maintain.","{""color"": ""navy"", ""material"": ""stainless steel"", ""warranty_months"": 24, ""weight_g"": 1567}",2020-08-23,,1
248,SKU-000248,Hearthstone Ultra Chairs,Home & Kitchen,Furniture,Chairs,Hearthstone,18,22.6,15.16,"Hearthstone Ultra Chairs is a compact chairs from Hearthstone, made from stainless steel and available in teal. Ships in recyclable packaging. Tested for quality and safety before dispatch.","{""color"": ""teal"", ""material"": ""stainless steel"", ""warranty_months"": 12, ""weight_g"": 2726}",2020-12-17,2024-02-19,0
249,SKU-000249,Kasturi Ultra Kurtas,Apparel,Women's Clothing,Kurtas,Kasturi,1,13.7,9.81,"Kasturi Ultra Kurtas is a eco kurtas from Kasturi, made from linen blend and available in white. Lightweight and built to last through daily wear. Designed for everyday use and easy to maintain.","{""color"": ""white"", ""material"": ""linen blend"", ""warranty_months"": 6, ""weight_g"": 2341}",2021-11-22,,1
250,SKU-000250,Freshfarm Classic Spices,Grocery,Pantry,Spices,Freshfarm,21,2.23,1.34,"Freshfarm Classic Spices is a signature spices from Freshfarm, made from organic ingredients and available in black. Tested for quality and safety before dispatch. Backed by a manufacturer warranty and free returns.","{""color"": ""black"", ""material"": ""organic ingredients"", ""warranty_months"": 0, ""weight_g"": 1110}",2022-02-11,,1
251,SKU-000251,Glowlab Classic Shampoo,Beauty,Haircare,Shampoo,Glowlab,18,23.65,13.18,"Glowlab Classic Shampoo is a compact shampoo from Glowlab, made from plant-based ingredients and available in terracotta. Tested for quality and safety before dispatch. Ships in recyclable packaging.","{""color"": ""terracotta"", ""material"": ""plant-based ingredients"", ""warranty_months"": 12, ""weight_g"": 4526}",2022-06-21,,1
252,SKU-000252,Velvetique Signature Moisturisers,Beauty,Skincare,Moisturisers,Velvetique,25,4.77,2.57,"Velvetique Signature Moisturisers is a compact moisturisers from Velvetique, made from dermatologist-tested formula and available in teal. Designed for everyday use and easy to maintain. Tested for quality and safety before dispatch.","{""color"": ""teal"", ""material"": ""dermatologist-tested formula"", ""warranty_months"": 24, ""weight_g"": 1599}",2026-06-23,,1
253,SKU-000253,OakLine Lite Storage,Home & Kitchen,Kitchen,Storage,OakLine,5,21.76,14.25,"OakLine Lite Storage is a essential storage from OakLine, made from tempered glass and available in navy. Lightweight and built to last through daily wear. Ships in recyclable packaging.","{""color"": ""navy"", ""material"": ""tempered glass"", ""warranty_months"": 12, ""weight_g"": 984}",2021-02-26,2024-01-17,0
254,SKU-000254,AudioMint Signature Smartphones,Electronics,Mobile,Smartphones,AudioMint,3,310.41,188.65,"AudioMint Signature Smartphones is a ultra smartphones from AudioMint, made from tempered glass and available in black. A bestseller among customers in its category. Tested for quality and safety before dispatch.","{""color"": ""black"", ""material"": ""tempered glass"", ""warranty_months"": 0, ""weight_g"": 187}",2024-03-03,,1
255,SKU-000255,Velvetique Lite Sunscreen,Beauty,Skincare,Sunscreen,Velvetique,4,27.82,19.95,"Velvetique Lite Sunscreen is a essential sunscreen from Velvetique, made from dermatologist-tested formula and available in black. A bestseller among customers in its category. Designed for everyday use and easy to maintain.","{""color"": ""black"", ""material"": ""dermatologist-tested formula"", ""warranty_months"": 0, ""weight_g"": 2569}",2022-05-25,,1
256,SKU-000256,Threadwell Eco Boots,Apparel,Footwear,Boots,Threadwell,6,37.45,27.5,"Threadwell Eco Boots is a premium boots from Threadwell, made from leather and available in teal. Tested for quality and safety before dispatch. A bestseller among customers in its category.","{""color"": ""teal"", ""material"": ""leather"", ""warranty_months"": 12, ""weight_g"": 3837}",2025-05-24,,1
257,SKU-000257,Nexora Pro Keyboards,Electronics,Computing,Keyboards,Nexora,13,175.34,110.46,"Nexora Pro Keyboards is a signature keyboards from Nexora, made from tempered glass and available in grey. Lightweight and built to last through daily wear. Ships in recyclable packaging.","{""color"": ""grey"", ""material"": ""tempered glass"", ""warranty_months"": 24, ""weight_g"": 2729}",2021-06-04,,1
258,SKU-000258,Stridefit Pro Water Bottles,Sports,Outdoor,Water Bottles,Stridefit,23,82.88,61.74,"Stridefit Pro Water Bottles is a everyday water bottles from Stridefit, made from stainless steel and available in black. Lightweight and built to last through daily wear. Designed for everyday use and easy to maintain.","{""color"": ""black"", ""material"": ""stainless steel"", ""warranty_months"": 12, ""weight_g"": 1897}",2022-02-13,2024-12-20,0
259,SKU-000259,Stridefit Lite Yoga Mats,Sports,Fitness,Yoga Mats,Stridefit,24,35.21,17.49,"Stridefit Lite Yoga Mats is a ultra yoga mats from Stridefit, made from ripstop nylon and available in grey. Backed by a manufacturer warranty and free returns. Lightweight and built to last through daily wear.","{""color"": ""grey"", ""material"": ""ripstop nylon"", ""warranty_months"": 12, ""weight_g"": 832}",2021-05-29,,1
260,SKU-000260,UrbanLoom Premium Boots,Apparel,Footwear,Boots,UrbanLoom,8,40.1,21.66,"UrbanLoom Premium Boots is a classic boots from UrbanLoom, made from leather and available in sand. Lightweight and built to last through daily wear. Lightweight and built to last through daily wear.","{""color"": ""sand"", ""material"": ""leather"", ""warranty_months"": 24, ""weight_g"": 3492}",2023-09-04,,1
261,SKU-000261,GreenLeaf Pro Tea,Grocery,Beverages,Tea,GreenLeaf,8,5.41,2.95,"GreenLeaf Pro Tea is a ultra tea from GreenLeaf, made from natural ingredients and available in grey. Backed by a manufacturer warranty and free returns. Designed for everyday use and easy to maintain.","{""color"": ""grey"", ""material"": ""natural ingredients"", ""warranty_months"": 24, ""weight_g"": 3730}",2026-03-24,,1
262,SKU-000262,UrbanLoom Eco Jeans,Apparel,Men's Clothing,Jeans,UrbanLoom,20,35.3,18.67,"UrbanLoom Eco Jeans is a everyday jeans from UrbanLoom, made from denim and available in teal. Backed by a manufacturer warranty and free returns. Ships in recyclable packaging.","{""color"": ""teal"", ""material"": ""denim"", ""warranty_months"": 6, ""weight_g"": 4076}",2021-05-26,,1
263,SKU-000263,OakLine Eco Appliances,Home & Kitchen,Kitchen,Appliances,OakLine,6,37.59,27.34,"OakLine Eco Appliances is a eco appliances from OakLine, made from stainless steel and available in white. Lightweight and built to last through daily wear. Lightweight and built to last through daily wear.","{""color"": ""white"", ""material"": ""stainless steel"", ""warranty_months"": 6, ""weight_g"": 2707}",2021-03-01,2022-07-26,0
264,SKU-000264,Voltix Premium Cases,Electronics,Mobile,Cases,Voltix,4,1058.08,550.25,"Voltix Premium Cases is a premium cases from Voltix, made from tempered glass and available in navy. Tested for quality and safety before dispatch. Designed for everyday use and easy to maintain.","{""color"": ""navy"", ""material"": ""tempered glass"", ""warranty_months"": 6, ""weight_g"": 1289}",2024-08-12,,1
265,SKU-000265,Nexora Compact Cases,Electronics,Mobile,Cases,Nexora,9,453.02,232.65,"Nexora Compact Cases is a lite cases from Nexora, made from tempered glass and available in teal. Tested for quality and safety before dispatch. Backed by a manufacturer warranty and free returns.","{""color"": ""teal"", ""material"": ""tempered glass"", ""warranty_months"": 0, ""weight_g"": 3165}",2021-02-21,,1
266,SKU-000266,Daily Bowl Signature Tea,Grocery,Beverages,Tea,Daily Bowl,4,8.23,3.72,"Daily Bowl Signature Tea is a premium tea from Daily Bowl, made from organic ingredients and available in terracotta. Designed for everyday use and easy to maintain. Lightweight and built to last through daily wear.","{""color"": ""terracotta"", ""material"": ""organic ingredients"", ""warranty_months"": 24, ""weight_g"": 1973}",2025-11-07,,1
267,SKU-000267,Voltix Classic Monitors,Electronics,Computing,Monitors,Voltix,12,35.39,21.24,"Voltix Classic Monitors is a classic monitors from Voltix, made from ABS plastic and available in teal. Backed by a manufacturer warranty and free returns. A bestseller among customers in its category.","{""color"": ""teal"", ""material"": ""ABS plastic"", ""warranty_months"": 12, ""weight_g"": 2812}",2020-11-30,,1
268,SKU-000268,TrailMate Essential Backpacks,Sports,Outdoor,Backpacks,TrailMate,22,18.34,10.38,"TrailMate Essential Backpacks is a ultra backpacks from TrailMate, made from recycled rubber and available in teal. Backed by a manufacturer warranty and free returns. Lightweight and built to last through daily wear.","{""color"": ""teal"", ""material"": ""recycled rubber"", ""warranty_months"": 24, ""weight_g"": 1204}",2021-12-06,,1
269,SKU-000269,AudioMint Pro Laptops,Electronics,Computing,Laptops,AudioMint,5,1309.68,946.79,"AudioMint Pro Laptops is a everyday laptops from AudioMint, made from tempered glass and available in red. Backed by a manufacturer warranty and free returns. Tested for quality and safety before dispatch.","{""color"": ""red"", ""material"": ""tempered glass"", ""warranty_months"": 6, ""weight_g"": 4839}",2020-10-04,,1
270,SKU-000270,TrailMate Pro Backpacks,Sports,Outdoor,Backpacks,TrailMate,25,161.22,116.91,"TrailMate Pro Backpacks is a pro backpacks from TrailMate, made from ripstop nylon and available in white. Tested for quality and safety before dispatch. Designed for everyday use and easy to maintain.","{""color"": ""white"", ""material"": ""ripstop nylon"", ""warranty_months"": 6, ""weight_g"": 2681}",2023-10-26,,1
271,SKU-000271,Pure Roots Ultra Hair Oil,Beauty,Haircare,Hair Oil,Pure Roots,8,11.31,8.26,"Pure Roots Ultra Hair Oil is a premium hair oil from Pure Roots, made from dermatologist-tested formula and available in navy. Backed by a manufacturer warranty and free returns. Backed by a manufacturer warranty and free returns.","{""color"": ""navy"", ""material"": ""dermatologist-tested formula"", ""warranty_months"": 0, ""weight_g"": 2266}",2021-04-14,,1
272,SKU-000272,Daily Bowl Compact Tea,Grocery,Beverages,Tea,Daily Bowl,14,9.89,5.56,"Daily Bowl Compact Tea is a everyday tea from Daily Bowl, made from organic ingredients and available in red. Backed by a manufacturer warranty and free returns. Backed by a manufacturer warranty and free returns.","{""color"": ""red"", ""material"": ""organic ingredients"", ""warranty_months"": 6, ""weight_g"": 344}",2022-12-17,,1
273,SKU-000273,Freshfarm Signature Rice & Grains,Grocery,Pantry,Rice & Grains,Freshfarm,11,1.77,1.3,"Freshfarm Signature Rice & Grains is a compact rice & grains from Freshfarm, made from organic ingredients and available in red. Backed by a manufacturer warranty and free returns. Ships in recyclable packaging.","{""color"": ""red"", ""material"": ""organic ingredients"", ""warranty_months"": 24, ""weight_g"": 422}",2020-09-09,,1
274,SKU-000274,Freshfarm Pro Snacks,Grocery,Pantry,Snacks,Freshfarm,2,4.28,2.99,"Freshfarm Pro Snacks is a pro snacks from Freshfarm, made from natural ingredients and available in olive. Ships in recyclable packaging. Tested for quality and safety before dispatch.","{""color"": ""olive"", ""material"": ""natural ingredients"", ""warranty_months"": 0, ""weight_g"": 4648}",2020-11-09,,1
275,SKU-000275,Brightware Pro Tables,Home & Kitchen,Furniture,Tables,Brightware,19,66.12,38.13,"Brightware Pro Tables is a everyday tables from Brightware, made from tempered glass and available in black. Ships in recyclable packaging. Tested for quality and safety before dispatch.","{""color"": ""black"", ""material"": ""tempered glass"", ""warranty_months"": 24, ""weight_g"": 820}",2023-08-20,,1
276,SKU-000276,Nexora Premium Cases,Electronics,Mobile,Cases,Nexora,17,873.35,416.64,"Nexora Premium Cases is a premium cases from Nexora, made from tempered glass and available in navy. Designed for everyday use and easy to maintain. Tested for quality and safety before dispatch.","{""color"": ""navy"", ""material"": ""tempered glass"", ""warranty_months"": 24, ""weight_g"": 3053}",2021-01-07,,1
277,SKU-000277,CasaNova Everyday Chairs,Home & Kitchen,Furniture,Chairs,CasaNova,10,418.91,259.58,"CasaNova Everyday Chairs is a everyday chairs from CasaNova, made from solid oak and available in navy. Tested for quality and safety before dispatch. Designed for everyday use and easy to maintain.","{""color"": ""navy"", ""material"": ""solid oak"", ""warranty_months"": 24, ""weight_g"": 2603}",2020-11-05,,1
278,SKU-000278,UrbanLoom Lite Sandals,Apparel,Footwear,Sandals,UrbanLoom,1,27.7,19.57,"UrbanLoom Lite Sandals is a compact sandals from UrbanLoom, made from leather and available in black. Backed by a manufacturer warranty and free returns. Backed by a manufacturer warranty and free returns.","{""color"": ""black"", ""material"": ""leather"", ""warranty_months"": 24, ""weight_g"": 3797}",2022-10-12,,1
279,SKU-000279,Glowlab Everyday Shampoo,Beauty,Haircare,Shampoo,Glowlab,6,5.22,2.44,"Glowlab Everyday Shampoo is a classic shampoo from Glowlab, made from dermatologist-tested formula and available in black. Tested for quality and safety before dispatch. A bestseller among customers in its category.","{""color"": ""black"", ""material"": ""dermatologist-tested formula"", ""warranty_months"": 12, ""weight_g"": 2792}",2023-04-11,2024-04-27,0
280,SKU-000280,GreenLeaf Signature Spices,Grocery,Pantry,Spices,GreenLeaf,9,20.05,9.58,"GreenLeaf Signature Spices is a eco spices from GreenLeaf, made from organic ingredients and available in grey. Designed for everyday use and easy to maintain. Ships in recyclable packaging.","{""color"": ""grey"", ""material"": ""organic ingredients"", ""warranty_months"": 0, ""weight_g"": 2478}",2022-08-30,,1
281,SKU-000281,Nexora Lite Laptops,Electronics,Computing,Laptops,Nexora,5,251.3,121.33,"Nexora Lite Laptops is a essential laptops from Nexora, made from aluminium alloy and available in red. Ships in recyclable packaging. A bestseller among customers in its category.","{""color"": ""red"", ""material"": ""aluminium alloy"", ""warranty_months"": 12, ""weight_g"": 2207}",2021-04-03,,1
282,SKU-000282,Nexora Classic Chargers,Electronics,Mobile,Chargers,Nexora,21,391.98,291.55,"Nexora Classic Chargers is a compact chargers from Nexora, made from aluminium alloy and available in white. Tested for quality and safety before dispatch. Designed for everyday use and easy to maintain.","{""color"": ""white"", ""material"": ""aluminium alloy"", ""warranty_months"": 6, ""weight_g"": 3476}",2022-01-25,,1
283,SKU-000283,Kasturi Pro Jackets,Apparel,Men's Clothing,Jackets,Kasturi,1,15.93,7.49,"Kasturi Pro Jackets is a signature jackets from Kasturi, made from recycled polyester and available in teal. Designed for everyday use and easy to maintain. Designed for everyday use and easy to maintain.","{""color"": ""teal"", ""material"": ""recycled polyester"", ""warranty_months"": 12, ""weight_g"": 2876}",2021-05-29,,1
284,SKU-000284,Stridefit Pro Water Bottles,Sports,Outdoor,Water Bottles,Stridefit,18,63.93,38.0,"Stridefit Pro Water Bottles is a signature water bottles from Stridefit, made from stainless steel and available in red. Ships in recyclable packaging. Ships in recyclable packaging.","{""color"": ""red"", ""material"": ""stainless steel"", ""warranty_months"": 0, ""weight_g"": 4348}",2020-12-20,,1
285,SKU-000285,Kasturi Everyday Boots,Apparel,Footwear,Boots,Kasturi,6,69.73,49.96,"Kasturi Everyday Boots is a essential boots from Kasturi, made from recycled polyester and available in white. Designed for everyday use and easy to maintain. Lightweight and built to last through daily wear.","{""color"": ""white"", ""material"": ""recycled polyester"", ""warranty_months"": 24, ""weight_g"": 4456}",2026-03-15,,1
286,SKU-000286,Freshfarm Compact Juices,Grocery,Beverages,Juices,Freshfarm,3,2.4,1.14,"Freshfarm Compact Juices is a essential juices from Freshfarm, made from natural ingredients and available in grey. Backed by a manufacturer warranty and free returns. A bestseller among customers in its category.","{""color"": ""grey"", ""material"": ""natural ingredients"", ""warranty_months"": 12, ""weight_g"": 1513}",2020-10-20,2021-11-30,0
287,SKU-000287,Nexora Everyday Headphones,Electronics,Audio,Headphones,Nexora,17,71.83,42.74,"Nexora Everyday Headphones is a premium headphones from Nexora, made from tempered glass and available in grey. A bestseller among customers in its category. Tested for quality and safety before dispatch.","{""color"": ""grey"", ""material"": ""tempered glass"", ""warranty_months"": 6, ""weight_g"": 1760}",2025-07-29,,1
288,SKU-000288,Daily Bowl Lite Spices,Grocery,Pantry,Spices,Daily Bowl,25,17.5,8.42,"Daily Bowl Lite Spices is a essential spices from Daily Bowl, made from organic ingredients and available in black. Tested for quality and safety before dispatch. Backed by a manufacturer warranty and free returns.","{""color"": ""black"", ""material"": ""organic ingredients"", ""warranty_months"": 12, ""weight_g"": 1722}",2022-03-24,,1
289,SKU-000289,Spice Route Pro Tea,Grocery,Beverages,Tea,Spice Route,6,2.41,1.1,"Spice Route Pro Tea is a signature tea from Spice Route, made from natural ingredients and available in olive. A bestseller among customers in its category. Lightweight and built to last through daily wear.","{""color"": ""olive"", ""material"": ""natural ingredients"", ""warranty_months"": 12, ""weight_g"": 1239}",2024-08-03,,1
290,SKU-000290,Voltix Classic Smartphones,Electronics,Mobile,Smartphones,Voltix,23,131.09,85.56,"Voltix Classic Smartphones is a premium smartphones from Voltix, made from aluminium alloy and available in sand. Ships in recyclable packaging. Ships in recyclable packaging.","{""color"": ""sand"", ""material"": ""aluminium alloy"", ""warranty_months"": 6, ""weight_g"": 4963}",2026-07-13,,1
291,SKU-000291,Spice Route Lite Coffee,Grocery,Beverages,Coffee,Spice Route,25,9.92,6.46,"Spice Route Lite Coffee is a everyday coffee from Spice Route, made from natural ingredients and available in red. Designed for everyday use and easy to maintain. Tested for quality and safety before dispatch.","{""color"": ""red"", ""material"": ""natural ingredients"", ""warranty_months"": 24, ""weight_g"": 876}",2021-01-31,,1
292,SKU-000292,Kasturi Compact Sandals,Apparel,Footwear,Sandals,Kasturi,10,23.13,15.26,"Kasturi Compact Sandals is a compact sandals from Kasturi, made from recycled polyester and available in grey. Designed for everyday use and easy to maintain. Designed for everyday use and easy to maintain.","{""color"": ""grey"", ""material"": ""recycled polyester"", ""warranty_months"": 24, ""weight_g"": 1004}",2021-09-16,,1
293,SKU-000293,Freshfarm Pro Snacks,Grocery,Pantry,Snacks,Freshfarm,18,3.69,2.45,"Freshfarm Pro Snacks is a premium snacks from Freshfarm, made from natural ingredients and available in grey. Lightweight and built to last through daily wear. A bestseller among customers in its category.","{""color"": ""grey"", ""material"": ""natural ingredients"", ""warranty_months"": 24, ""weight_g"": 3363}",2022-05-02,,1
294,SKU-000294,OakLine Ultra Cushions,Home & Kitchen,Decor,Cushions,OakLine,15,248.1,144.05,"OakLine Ultra Cushions is a everyday cushions from OakLine, made from ceramic and available in teal. Tested for quality and safety before dispatch. Tested for quality and safety before dispatch.","{""color"": ""teal"", ""material"": ""ceramic"", ""warranty_months"": 0, ""weight_g"": 4783}",2023-08-23,,1
295,SKU-000295,Zenbyte Signature Headphones,Electronics,Audio,Headphones,Zenbyte,25,1224.22,576.46,"Zenbyte Signature Headphones is a compact headphones from Zenbyte, made from aluminium alloy and available in sand. Tested for quality and safety before dispatch. Tested for quality and safety before dispatch.","{""color"": ""sand"", ""material"": ""aluminium alloy"", ""warranty_months"": 0, ""weight_g"": 821}",2022-08-12,,1
296,SKU-000296,AudioMint Lite Speakers,Electronics,Audio,Speakers,AudioMint,13,36.93,24.17,"AudioMint Lite Speakers is a essential speakers from AudioMint, made from tempered glass and available in terracotta. Ships in recyclable packaging. Tested for quality and safety before dispatch.","{""color"": ""terracotta"", ""material"": ""tempered glass"", ""warranty_months"": 12, ""weight_g"": 811}",2021-04-15,,1
297,SKU-000297,Velvetique Essential Sunscreen,Beauty,Skincare,Sunscreen,Velvetique,18,54.5,24.54,"Velvetique Essential Sunscreen is a classic sunscreen from Velvetique, made from dermatologist-tested formula and available in white. Backed by a manufacturer warranty and free returns. Ships in recyclable packaging.","{""color"": ""white"", ""material"": ""dermatologist-tested formula"", ""warranty_months"": 24, ""weight_g"": 2686}",2025-04-11,,1
298,SKU-000298,NorthPeak Classic Tops,Apparel,Women's Clothing,Tops,NorthPeak,14,12.15,9.1,"NorthPeak Classic Tops is a premium tops from NorthPeak, made from linen blend and available in navy. Tested for quality and safety before dispatch. Designed for everyday use and easy to maintain.","{""color"": ""navy"", ""material"": ""linen blend"", ""warranty_months"": 6, ""weight_g"": 4067}",2022-08-15,2024-12-19,0
299,SKU-000299,Pure Roots Signature Shampoo,Beauty,Haircare,Shampoo,Pure Roots,17,13.8,8.5,"Pure Roots Signature Shampoo is a ultra shampoo from Pure Roots, made from dermatologist-tested formula and available in sand. Backed by a manufacturer warranty and free returns. Ships in recyclable packaging.","{""color"": ""sand"", ""material"": ""dermatologist-tested formula"", ""warranty_months"": 0, ""weight_g"": 4814}",2020-12-14,,1
300,SKU-000300,OakLine Everyday Storage,Home & Kitchen,Kitchen,Storage,OakLine,21,179.22,86.73,"OakLine Everyday Storage is a pro storage from OakLine, made from bamboo and available in white. Lightweight and built to last through daily wear. Ships in recyclable packaging.","{""color"": ""white"", ""material"": ""bamboo"", ""warranty_months"": 0, ""weight_g"": 4367}",2023-07-01,,1
