customer_key,customer_id,first_name,last_name,email,gender,birth_date,city,state,country,loyalty_tier,signup_date,acquisition_channel,effective_from,effective_to,is_current
0,GUEST,Guest,Customer,,Unknown,,Unknown,Unknown,Unknown,None,,Unknown,2023-01-01,9999-12-31,1
1,C0000001,Omar,Iyer,omar.iyer1@mail.example.com,F,1980-08-10,Kolkata,West Bengal,India,Bronze,2026-03-16,Walk-in,2026-03-16,9999-12-31,1
2,C0000002,Emily,Das,emily.das2@mail.example.com,M,1955-05-26,Mumbai,Maharashtra,India,Bronze,2025-11-16,Marketplace,2025-11-16,9999-12-31,1
3,C0000003,Priya,Iyer,priya.iyer3@mail.example.com,M,1982-10-21,New York,New York,United States,Gold,2024-12-20,Referral,2024-12-20,9999-12-31,1
4,C0000004,Michael,Brown,michael.brown4@mail.example.com,M,2001-11-19,Bengaluru,Karnataka,India,Silver,2023-09-18,Walk-in,2023-09-18,9999-12-31,1
5,C0000005,Sourav,Taylor,sourav.taylor5@mail.example.com,Other,1959-01-14,Kolkata,West Bengal,India,Bronze,2021-02-04,Organic Search,2021-02-04,9999-12-31,1
6,C0000006,Ishita,Das,ishita.das6@mail.example.com,F,1994-02-02,Mumbai,Maharashtra,India,Gold,2021-04-08,Marketplace,2021-04-08,9999-12-31,1
7,C0000007,Wei,Iyer,wei.iyer7@mail.example.com,F,1979-11-25,Kolkata,West Bengal,India,Gold,2022-06-17,Walk-in,2022-06-17,9999-12-31,1
8,C0000008,Rahul,Patel,rahul.patel8@mail.example.com,Other,1995-08-09,Bengaluru,Karnataka,India,Silver,2021-11-07,Marketplace,2021-11-07,9999-12-31,1
9,C0000009,Sneha,Garcia,sneha.garcia9@mail.example.com,M,1979-07-11,Kolkata,West Bengal,India,Platinum,2021-09-13,Referral,2021-09-13,9999-12-31,1
10,C0000010,Noah,Gupta,noah.gupta10@mail.example.com,F,1996-08-04,Hyderabad,Telangana,India,Bronze,2023-01-01,Email,2023-01-01,9999-12-31,1
11,C0000011,James,Chen,james.chen11@mail.example.com,F,1959-02-19,Delhi,Delhi,India,Silver,2021-05-23,Email,2021-05-23,9999-12-31,1
12,C0000012,Michael,Sharma,michael.sharma12@mail.example.com,Other,1972-03-23,Austin,Texas,United States,Bronze,2025-05-19,Email,2025-05-19,2026-07-14,0
13,C0000012,Michael,Sharma,michael.sharma12@mail.example.com,Other,1972-03-23,Austin,Texas,United States,Silver,2025-05-19,Email,2026-07-15,9999-12-31,1
14,C0000013,Kavya,Bose,kavya.bose13@mail.example.com,M,1989-04-01,Manchester,England,United Kingdom,Bronze,2021-10-15,Marketplace,2021-10-15,2026-03-01,0
15,C0000013,Kavya,Bose,kavya.bose13@mail.example.com,M,1989-04-01,Manchester,England,United Kingdom,Silver,2021-10-15,Marketplace,2026-03-02,9999-12-31,1
16,C0000014,Chloe,Patel,chloe.patel14@mail.example.com,M,1978-09-28,Bengaluru,Karnataka,India,Platinum,2022-01-07,Organic Search,2022-01-07,9999-12-31,1
17,C0000015,Vikram,Nair,vikram.nair15@mail.example.com,Other,1997-04-10,Hyderabad,Telangana,India,Silver,2025-04-23,Organic Search,2025-04-23,9999-12-31,1
18,C0000016,Zara,Clarke,zara.clarke16@mail.example.com,F,1963-01-07,Bengaluru,Karnataka,India,Bronze,2023-02-16,Walk-in,2023-02-16,9999-12-31,1
19,C0000017,Sophie,Clarke,sophie.clarke17@mail.example.com,F,1956-01-11,Delhi,Delhi,India,Bronze,2026-01-15,Marketplace,2026-01-15,9999-12-31,1
20,C0000018,Michael,Walker,michael.walker18@mail.example.com,Other,2002-10-08,Chennai,Tamil Nadu,India,Gold,2022-09-03,Organic Search,2022-09-03,2023-04-09,0
21,C0000018,Michael,Walker,michael.walker18@mail.example.com,Other,2002-10-08,New York,New York,United States,Platinum,2022-09-03,Organic Search,2023-04-10,9999-12-31,1
22,C0000019,Wei,Clarke,wei.clarke19@mail.example.com,M,1995-01-10,Mumbai,Maharashtra,India,Gold,2022-12-07,Organic Search,2022-12-07,9999-12-31,1
23,C0000020,Rohan,Khan,rohan.khan20@mail.example.com,F,1986-10-26,London,England,United Kingdom,Silver,2022-04-13,Organic Search,2022-04-13,9999-12-31,1
24,C0000021,Mei,Walker,mei.walker21@mail.example.com,F,1998-10-18,Bengaluru,Karnataka,India,Bronze,2022-05-10,Paid Social,2022-05-10,9999-12-31,1
25,C0000022,Ananya,Das,ananya.das22@mail.example.com,F,1965-12-12,Mumbai,Maharashtra,India,Silver,2025-08-28,Email,2025-08-28,9999-12-31,1
26,C0000023,Ananya,Silva,ananya.silva23@mail.example.com,F,2004-03-01,Manchester,England,United Kingdom,Gold,2025-03-21,Organic Search,2025-03-21,2025-07-03,0
27,C0000023,Ananya,Silva,ananya.silva23@mail.example.com,F,2004-03-01,Manchester,England,United Kingdom,Platinum,2025-03-21,Organic Search,2025-07-04,9999-12-31,1
28,C0000024,Ishita,Ghosh,ishita.ghosh24@mail.example.com,Other,1999-03-07,Ahmedabad,Gujarat,India,Bronze,2026-05-04,Referral,2026-05-04,9999-12-31,1
29,C0000025,Sneha,Wilson,sneha.wilson25@mail.example.com,M,2000-08-20,Ahmedabad,Gujarat,India,Platinum,2023-01-08,Marketplace,2023-01-08,9999-12-31,1
30,C0000026,Meera,Gupta,meera.gupta26@mail.example.com,Other,1994-06-28,Mumbai,Maharashtra,India,Silver,2022-01-27,Walk-in,2022-01-27,9999-12-31,1
31,C0000027,Chloe,Gupta,chloe.gupta27@mail.example.com,M,1962-03-22,Delhi,Delhi,India,Gold,2023-03-05,Email,2023-03-05,9999-12-31,1
32,C0000028,Priya,Banerjee,priya.banerjee28@mail.example.com,F,1968-07-09,Pune,Maharashtra,India,Bronze,2024-03-13,Email,2024-03-13,2024-07-03,0
33,C0000028,Priya,Banerjee,priya.banerjee28@mail.example.com,F,1968-07-09,Pune,Maharashtra,India,Silver,2024-03-13,Email,2024-07-04,9999-12-31,1
34,C0000029,Sofia,Sharma,sofia.sharma29@mail.example.com,M,1959-04-24,Chennai,Tamil Nadu,India,Bronze,2022-04-21,Walk-in,2022-04-21,9999-12-31,1
35,C0000030,Zara,Kapoor,zara.kapoor30@mail.example.com,F,1975-04-04,Mumbai,Maharashtra,India,Bronze,2022-03-28,Email,2022-03-28,9999-12-31,1
36,C0000031,Emily,Brown,emily.brown31@mail.example.com,M,1964-04-20,Chennai,Tamil Nadu,India,Bronze,2025-11-21,Email,2025-11-21,2026-07-22,0
37,C0000031,Emily,Brown,emily.brown31@mail.example.com,M,1964-04-20,Delhi,Delhi,India,Silver,2025-11-21,Email,2026-07-23,9999-12-31,1
38,C0000032,Sourav,Reddy,sourav.reddy32@mail.example.com,M,1972-03-04,Kolkata,West Bengal,India,Gold,2021-09-02,Email,2021-09-02,9999-12-31,1
39,C0000033,Zara,Patel,zara.patel33@mail.example.com,Other,1991-09-28,Hyderabad,Telangana,India,Bronze,2022-11-28,Email,2022-11-28,9999-12-31,1
40,C0000034,Daniel,Smith,daniel.smith34@mail.example.com,F,1955-12-14,London,England,United Kingdom,Silver,2024-02-18,Paid Social,2024-02-18,9999-12-31,1
41,C0000035,Zara,Nguyen,zara.nguyen35@mail.example.com,M,1991-01-14,Hyderabad,Telangana,India,Platinum,2022-09-03,Organic Search,2022-09-03,9999-12-31,1
42,C0000036,Kavya,Johnson,kavya.johnson36@mail.example.com,Other,1983-08-08,Bengaluru,Karnataka,India,Bronze,2022-02-06,Organic Search,2022-02-06,9999-12-31,1
43,C0000037,Arjun,Mehta,arjun.mehta37@mail.example.com,M,1956-08-22,Delhi,Delhi,India,Bronze,2022-01-07,Marketplace,2022-01-07,9999-12-31,1
44,C0000038,Aarav,Rao,aarav.rao38@mail.example.com,Other,2000-07-06,Bengaluru,Karnataka,India,Silver,2022-07-22,Referral,2022-07-22,9999-12-31,1
45,C0000039,Layla,Clarke,layla.clarke39@mail.example.com,Other,1988-01-10,Kolkata,West Bengal,India,Bronze,2024-09-25,Referral,2024-09-25,9999-12-31,1
46,C0000040,Sofia,Gupta,sofia.gupta40@mail.example.com,Other,1994-06-24,London,England,United Kingdom,Gold,2021-11-28,Walk-in,2021-11-28,9999-12-31,1
47,C0000041,Amit,Mehta,amit.mehta41@mail.example.com,F,1978-06-06,Bengaluru,Karnataka,India,Silver,2021-06-17,Marketplace,2021-06-17,9999-12-31,1
48,C0000042,Arjun,Kapoor,arjun.kapoor42@mail.example.com,Other,1996-08-24,Delhi,Delhi,India,Gold,2022-04-11,Walk-in,2022-04-11,9999-12-31,1
49,C0000043,Meera,Kapoor,meera.kapoor43@mail.example.com,M,1987-11-14,Delhi,Delhi,India,Bronze,2024-01-01,Organic Search,2024-01-01,9999-12-31,1
50,C0000044,Oliver,Khan,oliver.khan44@mail.example.com,F,1983-10-12,Mumbai,Maharashtra,India,Silver,2024-04-12,Marketplace,2024-04-12,9999-12-31,1
51,C0000045,Rohan,Chatterjee,rohan.chatterjee45@mail.example.com,Other,1973-02-04,Bengaluru,Karnataka,India,Bronze,2023-01-03,Organic Search,2023-01-03,2024-01-05,0
52,C0000045,Rohan,Chatterjee,rohan.chatterjee45@mail.example.com,Other,1973-02-04,Bengaluru,Karnataka,India,Silver,2023-01-03,Organic Search,2024-01-06,9999-12-31,1
53,C0000046,Michael,Sharma,michael.sharma46@mail.example.com,F,1985-06-14,Delhi,Delhi,India,Bronze,2022-06-25,Marketplace,2022-06-25,9999-12-31,1
54,C0000047,Layla,Silva,layla.silva47@mail.example.com,M,1981-10-11,Mumbai,Maharashtra,India,Silver,2024-10-07,Referral,2024-10-07,9999-12-31,1
55,C0000048,Omar,Taylor,omar.taylor48@mail.example.com,F,1991-03-26,Bengaluru,Karnataka,India,Bronze,2024-05-30,Referral,2024-05-30,9999-12-31,1
56,C0000049,Carlos,Ali,carlos.ali49@mail.example.com,Other,1973-08-06,Kolkata,West Bengal,India,Silver,2024-12-17,Paid Social,2024-12-17,9999-12-31,1
57,C0000050,Sneha,Khan,sneha.khan50@mail.example.com,Other,1965-04-04,Ahmedabad,Gujarat,India,Bronze,2022-09-21,Referral,2022-09-21,2024-08-15,0
58,C0000050,Sneha,Khan,sneha.khan50@mail.example.com,Other,1965-04-04,Mumbai,Maharashtra,India,Silver,2022-09-21,Referral,2024-08-16,9999-12-31,1
59,C0000051,Chloe,Kapoor,chloe.kapoor51@mail.example.com,M,1978-08-18,Singapore,Singapore,Singapore,Platinum,2022-08-29,Walk-in,2022-08-29,2023-04-21,0
60,C0000051,Chloe,Kapoor,chloe.kapoor51@mail.example.com,M,1978-08-18,Chennai,Tamil Nadu,India,Platinum,2022-08-29,Walk-in,2023-04-22,9999-12-31,1
61,C0000052,James,Nguyen,james.nguyen52@mail.example.com,M,2002-09-17,Delhi,Delhi,India,Bronze,2021-01-18,Marketplace,2021-01-18,9999-12-31,1
62,C0000053,Carlos,Brown,carlos.brown53@mail.example.com,F,1976-12-04,Pune,Maharashtra,India,Silver,2025-12-16,Organic Search,2025-12-16,9999-12-31,1
63,C0000054,Aarav,Bose,aarav.bose54@mail.example.com,Other,1983-06-03,Hyderabad,Telangana,India,Bronze,2023-06-22,Walk-in,2023-06-22,9999-12-31,1
64,C0000055,Sofia,Nguyen,sofia.nguyen55@mail.example.com,Other,1956-02-18,Guwahati,Assam,India,Gold,2023-03-13,Marketplace,2023-03-13,9999-12-31,1
65,C0000056,Amit,Gupta,amit.gupta56@mail.example.com,M,1997-06-13,Chennai,Tamil Nadu,India,Bronze,2021-08-18,Email,2021-08-18,9999-12-31,1
66,C0000057,Debjani,Mehta,debjani.mehta57@mail.example.com,Other,1990-02-07,Delhi,Delhi,India,Silver,2025-12-31,Email,2025-12-31,9999-12-31,1
67,C0000058,Ishita,Nair,ishita.nair58@mail.example.com,F,2001-07-05,London,England,United Kingdom,Gold,2025-10-03,Walk-in,2025-10-03,2026-05-05,0
68,C0000058,Ishita,Nair,ishita.nair58@mail.example.com,F,2001-07-05,New York,New York,United States,Platinum,2025-10-03,Walk-in,2026-05-06,9999-12-31,1
69,C0000059,Rohan,Nguyen,rohan.nguyen59@mail.example.com,M,1960-01-14,Singapore,Singapore,Singapore,Silver,2025-03-20,Referral,2025-03-20,9999-12-31,1
70,C0000060,Daniel,Garcia,daniel.garcia60@mail.example.com,M,1966-07-10,New York,New York,United States,Silver,2023-03-28,Organic Search,2023-03-28,9999-12-31,1
71,C0000061,Sophie,Wong,sophie.wong61@mail.example.com,Other,2005-01-05,Bengaluru,Karnataka,India,Bronze,2021-04-20,Marketplace,2021-04-20,9999-12-31,1
72,C0000062,Zara,Patel,zara.patel62@mail.example.com,M,1999-11-08,Bengaluru,Karnataka,India,Bronze,2026-07-08,Referral,2026-07-08,9999-12-31,1
73,C0000063,Mei,Mehta,mei.mehta63@mail.example.com,F,1971-11-22,Hyderabad,Telangana,India,Bronze,2025-11-22,Marketplace,2025-11-22,9999-12-31,1
74,C0000064,Aarav,Ali,aarav.ali64@mail.example.com,M,1964-06-15,Delhi,Delhi,India,Gold,2021-08-28,Paid Social,2021-08-28,9999-12-31,1
75,C0000065,Kavya,Clarke,kavya.clarke65@mail.example.com,Other,1958-05-10,New York,New York,United States,Bronze,2024-12-29,Organic Search,2024-12-29,9999-12-31,1
76,C0000066,Carlos,Iyer,carlos.iyer66@mail.example.com,M,1989-06-28,Hyderabad,Telangana,India,Bronze,2022-11-16,Marketplace,2022-11-16,9999-12-31,1
77,C0000067,Debjani,Iyer,debjani.iyer67@mail.example.com,M,1964-01-05,Chennai,Tamil Nadu,India,Bronze,2024-12-11,Referral,2024-12-11,9999-12-31,1
78,C0000068,Sneha,Iyer,sneha.iyer68@mail.example.com,Other,1969-04-26,Mumbai,Maharashtra,India,Gold,2026-08-24,Walk-in,2026-08-24,9999-12-31,1
79,C0000069,Sophie,Chen,sophie.chen69@mail.example.com,F,1981-08-03,Chennai,Tamil Nadu,India,Bronze,2022-04-12,Paid Social,2022-04-12,9999-12-31,1
80,C0000070,Debjani,Reddy,debjani.reddy70@mail.example.com,F,1966-12-10,London,England,United Kingdom,Bronze,2024-11-02,Organic Search,2024-11-02,2025-05-25,0
81,C0000070,Debjani,Reddy,debjani.reddy70@mail.example.com,F,1966-12-10,London,England,United Kingdom,Silver,2024-11-02,Organic Search,2025-05-26,9999-12-31,1
82,C0000071,Vikram,Reddy,vikram.reddy71@mail.example.com,M,1999-02-03,Singapore,Singapore,Singapore,Bronze,2025-10-07,Email,2025-10-07,2026-01-29,0
83,C0000071,Vikram,Reddy,vikram.reddy71@mail.example.com,M,1999-02-03,Pune,Maharashtra,India,Silver,2025-10-07,Email,2026-01-30,9999-12-31,1
84,C0000072,Emily,Iyer,emily.iyer72@mail.example.com,F,1959-05-22,New York,New York,United States,Bronze,2021-06-27,Organic Search,2021-06-27,9999-12-31,1
85,C0000073,Zara,Gupta,zara.gupta73@mail.example.com,Other,1956-02-05,Mumbai,Maharashtra,India,Gold,2024-12-10,Referral,2024-12-10,9999-12-31,1
86,C0000074,Oliver,Garcia,oliver.garcia74@mail.example.com,F,1987-10-03,Ahmedabad,Gujarat,India,Bronze,2023-09-18,Walk-in,2023-09-18,9999-12-31,1
87,C0000075,Ishita,Nair,ishita.nair75@mail.example.com,M,2001-02-07,New York,New York,United States,Gold,2021-01-18,Marketplace,2021-01-18,9999-12-31,1
88,C0000076,James,Walker,james.walker76@mail.example.com,M,1977-07-14,Singapore,Singapore,Singapore,Bronze,2023-01-11,Paid Social,2023-01-11,2024-12-13,0
89,C0000076,James,Walker,james.walker76@mail.example.com,M,1977-07-14,Mumbai,Maharashtra,India,Silver,2023-01-11,Paid Social,2024-12-14,9999-12-31,1
90,C0000077,Carlos,Mehta,carlos.mehta77@mail.example.com,M,1960-06-16,Ahmedabad,Gujarat,India,Bronze,2021-06-16,Referral,2021-06-16,9999-12-31,1
91,C0000078,Omar,Rao,omar.rao78@mail.example.com,Other,1973-07-07,Mumbai,Maharashtra,India,Gold,2025-07-27,Email,2025-07-27,9999-12-31,1
92,C0000079,Chloe,Smith,chloe.smith79@mail.example.com,F,1983-09-22,Pune,Maharashtra,India,Silver,2025-06-12,Organic Search,2025-06-12,9999-12-31,1
93,C0000080,Ananya,Wong,ananya.wong80@mail.example.com,M,1959-06-07,New York,New York,United States,Bronze,2022-11-23,Walk-in,2022-11-23,2025-07-17,0
94,C0000080,Ananya,Wong,ananya.wong80@mail.example.com,M,1959-06-07,New York,New York,United States,Silver,2022-11-23,Walk-in,2025-07-18,9999-12-31,1
95,C0000081,Wei,Garcia,wei.garcia81@mail.example.com,Other,2003-11-13,Hyderabad,Telangana,India,Bronze,2024-01-24,Marketplace,2024-01-24,9999-12-31,1
96,C0000082,Oliver,Das,oliver.das82@mail.example.com,Other,1961-02-09,Mumbai,Maharashtra,India,Bronze,2026-02-06,Paid Social,2026-02-06,9999-12-31,1
97,C0000083,Mei,Banerjee,mei.banerjee83@mail.example.com,M,1998-01-06,London,England,United Kingdom,Bronze,2026-08-03,Marketplace,2026-08-03,9999-12-31,1
98,C0000084,Ananya,Garcia,ananya.garcia84@mail.example.com,M,2005-08-07,Kolkata,West Bengal,India,Bronze,2026-07-10,Email,2026-07-10,9999-12-31,1
99,C0000085,Sofia,Ali,sofia.ali85@mail.example.com,M,2003-01-14,Chennai,Tamil Nadu,India,Gold,2021-03-14,Organic Search,2021-03-14,9999-12-31,1
100,C0000086,James,Rao,james.rao86@mail.example.com,F,1990-11-28,Kolkata,West Bengal,India,Silver,2022-12-26,Marketplace,2022-12-26,9999-12-31,1
101,C0000087,Wei,Bose,wei.bose87@mail.example.com,Other,1991-11-16,Chennai,Tamil Nadu,India,Silver,2022-03-25,Marketplace,2022-03-25,9999-12-31,1
102,C0000088,Layla,Nair,layla.nair88@mail.example.com,Other,1971-08-19,Chennai,Tamil Nadu,India,Platinum,2025-05-23,Walk-in,2025-05-23,9999-12-31,1
103,C0000089,Sourav,Banerjee,sourav.banerjee89@mail.example.com,F,1963-06-12,Kolkata,West Bengal,India,Gold,2021-07-04,Walk-in,2021-07-04,9999-12-31,1
104,C0000090,Amit,Iyer,amit.iyer90@mail.example.com,F,1981-06-02,Bengaluru,Karnataka,India,Silver,2025-01-03,Paid Social,2025-01-03,9999-12-31,1
105,C0000091,Noah,Chen,noah.chen91@mail.example.com,F,1962-06-06,Kolkata,West Bengal,India,Bronze,2024-06-02,Referral,2024-06-02,9999-12-31,1
106,C0000092,Daniel,Johnson,daniel.johnson92@mail.example.com,M,1956-12-16,New York,New York,United States,Silver,2023-12-29,Referral,2023-12-29,9999-12-31,1
107,C0000093,Ananya,Silva,ananya.silva93@mail.example.com,M,1976-08-17,Chennai,Tamil Nadu,India,Gold,2023-04-24,Marketplace,2023-04-24,9999-12-31,1
108,C0000094,Kavya,Gupta,kavya.gupta94@mail.example.com,Other,1989-04-10,Chennai,Tamil Nadu,India,Bronze,2021-11-05,Referral,2021-11-05,9999-12-31,1
109,C0000095,Mei,Chatterjee,mei.chatterjee95@mail.example.com,M,1992-06-09,Ahmedabad,Gujarat,India,Bronze,2022-01-24,Walk-in,2022-01-24,9999-12-31,1
110,C0000096,Rohan,Clarke,rohan.clarke96@mail.example.com,M,1974-07-22,London,England,United Kingdom,Bronze,2026-08-30,Paid Social,2026-08-30,9999-12-31,1
111,C0000097,James,Walker,james.walker97@mail.example.com,Other,1956-11-23,Jaipur,Rajasthan,India,Bronze,2023-01-10,Paid Social,2023-01-10,9999-12-31,1
112,C0000098,Omar,Wong,omar.wong98@mail.example.com,Other,1995-09-26,Austin,Texas,United States,Silver,2024-01-03,Email,2024-01-03,9999-12-31,1
113,C0000099,Vikram,Mehta,vikram.mehta99@mail.example.com,M,1964-12-22,Bengaluru,Karnataka,India,Silver,2023-09-12,Email,2023-09-12,9999-12-31,1
114,C0000100,Rohan,Clarke,rohan.clarke100@mail.example.com,Other,1972-05-21,Mumbai,Maharashtra,India,Bronze,2025-08-17,Marketplace,2025-08-17,9999-12-31,1
115,C0000101,Arjun,Gupta,arjun.gupta101@mail.example.com,Other,1984-08-18,Kolkata,West Bengal,India,Platinum,2024-06-25,Email,2024-06-25,9999-12-31,1
116,C0000102,Rahul,Reddy,rahul.reddy102@mail.example.com,Other,1997-09-06,Kolkata,West Bengal,India,Silver,2024-02-12,Organic Search,2024-02-12,9999-12-31,1
117,C0000103,Layla,Kim,layla.kim103@mail.example.com,M,1959-07-12,Kolkata,West Bengal,India,Silver,2024-05-05,Organic Search,2024-05-05,9999-12-31,1
118,C0000104,Arjun,Singh,arjun.singh104@mail.example.com,M,1962-09-22,Mumbai,Maharashtra,India,Gold,2026-08-12,Walk-in,2026-08-12,9999-12-31,1
119,C0000105,Hannah,Iyer,hannah.iyer105@mail.example.com,Other,1976-10-24,Guwahati,Assam,India,Bronze,2024-07-07,Marketplace,2024-07-07,9999-12-31,1
120,C0000106,Arjun,Iyer,arjun.iyer106@mail.example.com,M,1983-07-09,Mumbai,Maharashtra,India,Gold,2024-01-30,Organic Search,2024-01-30,9999-12-31,1
121,C0000107,Ananya,Kapoor,ananya.kapoor107@mail.example.com,M,1998-04-09,Chennai,Tamil Nadu,India,Gold,2026-04-30,Paid Social,2026-04-30,9999-12-31,1
122,C0000108,Ishita,Sharma,ishita.sharma108@mail.example.com,Other,2002-11-26,Pune,Maharashtra,India,Gold,2021-05-23,Marketplace,2021-05-23,9999-12-31,1
123,C0000109,Ishita,Clarke,ishita.clarke109@mail.example.com,M,1998-02-18,Singapore,Singapore,Singapore,Gold,2025-01-26,Email,2025-01-26,2026-05-02,0
124,C0000109,Ishita,Clarke,ishita.clarke109@mail.example.com,M,1998-02-18,Singapore,Singapore,Singapore,Platinum,2025-01-26,Email,2026-05-03,9999-12-31,1
125,C0000110,Ishita,Chatterjee,ishita.chatterjee110@mail.example.com,Other,1974-04-28,Austin,Texas,United States,Gold,2023-08-23,Email,2023-08-23,9999-12-31,1
126,C0000111,Michael,Ghosh,michael.ghosh111@mail.example.com,Other,1960-08-16,London,England,United Kingdom,Silver,2024-01-28,Referral,2024-01-28,9999-12-31,1
127,C0000112,Ananya,Khan,ananya.khan112@mail.example.com,Other,1987-02-12,Mumbai,Maharashtra,India,Bronze,2023-12-05,Marketplace,2023-12-05,9999-12-31,1
128,C0000113,Aarav,Garcia,aarav.garcia113@mail.example.com,M,1995-08-26,Kolkata,West Bengal,India,Silver,2023-01-23,Organic Search,2023-01-23,9999-12-31,1
129,C0000114,Daniel,Chatterjee,daniel.chatterjee114@mail.example.com,Other,1988-12-25,Mumbai,Maharashtra,India,Gold,2023-10-20,Paid Social,2023-10-20,9999-12-31,1
130,C0000115,Sourav,Rao,sourav.rao115@mail.example.com,M,1971-03-22,Bengaluru,Karnataka,India,Silver,2022-07-01,Referral,2022-07-01,9999-12-31,1
131,C0000116,Sneha,Bose,sneha.bose116@mail.example.com,F,1956-01-18,New York,New York,United States,Silver,2023-07-09,Marketplace,2023-07-09,9999-12-31,1
132,C0000117,Vikram,Das,vikram.das117@mail.example.com,F,1958-07-20,Ahmedabad,Gujarat,India,Bronze,2022-11-23,Referral,2022-11-23,2025-03-23,0
133,C0000117,Vikram,Das,vikram.das117@mail.example.com,F,1958-07-20,Hyderabad,Telangana,India,Silver,2022-11-23,Referral,2025-03-24,9999-12-31,1
134,C0000118,Oliver,Ghosh,oliver.ghosh118@mail.example.com,F,1998-08-04,Guwahati,Assam,India,Bronze,2026-02-02,Paid Social,2026-02-02,9999-12-31,1
135,C0000119,Rahul,Patel,rahul.patel119@mail.example.com,M,1963-07-28,Jaipur,Rajasthan,India,Bronze,2025-04-14,Paid Social,2025-04-14,9999-12-31,1
136,C0000120,Sneha,Ghosh,sneha.ghosh120@mail.example.com,M,1973-05-08,London,England,United Kingdom,Silver,2021-04-28,Paid Social,2021-04-28,9999-12-31,1
137,C0000121,Rohan,Sharma,rohan.sharma121@mail.example.com,Other,1999-07-22,Bengaluru,Karnataka,India,Bronze,2024-08-17,Email,2024-08-17,9999-12-31,1
138,C0000122,Rohan,Iyer,rohan.iyer122@mail.example.com,Other,1976-04-16,Hyderabad,Telangana,India,Gold,2021-08-02,Walk-in,2021-08-02,9999-12-31,1
139,C0000123,Mei,Silva,mei.silva123@mail.example.com,Other,1987-10-13,Kolkata,West Bengal,India,Bronze,2023-11-05,Email,2023-11-05,9999-12-31,1
140,C0000124,Sophie,Banerjee,sophie.banerjee124@mail.example.com,F,1965-09-16,Hyderabad,Telangana,India,Gold,2023-12-03,Email,2023-12-03,2026-01-27,0
141,C0000124,Sophie,Banerjee,sophie.banerjee124@mail.example.com,F,1965-09-16,Hyderabad,Telangana,India,Platinum,2023-12-03,Email,2026-01-28,9999-12-31,1
142,C0000125,Ananya,Kapoor,ananya.kapoor125@mail.example.com,M,1986-05-24,Kolkata,West Bengal,India,Bronze,2022-06-08,Email,2022-06-08,9999-12-31,1
143,C0000126,Omar,Garcia,omar.garcia126@mail.example.com,F,1982-03-11,Austin,Texas,United States,Silver,2024-07-06,Email,2024-07-06,9999-12-31,1
144,C0000127,Michael,Silva,michael.silva127@mail.example.com,M,1964-01-08,Bengaluru,Karnataka,India,Bronze,2023-02-13,Email,2023-02-13,9999-12-31,1
145,C0000128,Ananya,Kim,ananya.kim128@mail.example.com,M,1983-06-23,Austin,Texas,United States,Silver,2021-06-17,Email,2021-06-17,2023-12-29,0
146,C0000128,Ananya,Kim,ananya.kim128@mail.example.com,M,1983-06-23,Kolkata,West Bengal,India,Gold,2021-06-17,Email,2023-12-30,9999-12-31,1
147,C0000129,Sneha,Khan,sneha.khan129@mail.example.com,F,1972-10-22,Mumbai,Maharashtra,India,Silver,2026-09-15,Walk-in,2026-09-15,9999-12-31,1
148,C0000130,Kavya,Nguyen,kavya.nguyen130@mail.example.com,Other,1998-02-11,Kolkata,West Bengal,India,Bronze,2026-08-03,Marketplace,2026-08-03,9999-12-31,1
149,C0000131,Noah,Iyer,noah.iyer131@mail.example.com,M,1956-02-15,London,England,United Kingdom,Gold,2022-09-22,Marketplace,2022-09-22,9999-12-31,1
150,C0000132,Hannah,Walker,hannah.walker132@mail.example.com,Other,1996-10-15,Kolkata,West Bengal,India,Bronze,2021-06-29,Marketplace,2021-06-29,9999-12-31,1
151,C0000133,Arjun,Gupta,arjun.gupta133@mail.example.com,M,1975-01-24,New York,New York,United States,Bronze,2024-03-04,Walk-in,2024-03-04,2025-01-18,0
152,C0000133,Arjun,Gupta,arjun.gupta133@mail.example.com,M,1975-01-24,Singapore,Singapore,Singapore,Silver,2024-03-04,Walk-in,2025-01-19,9999-12-31,1
153,C0000134,Rohan,Sharma,rohan.sharma134@mail.example.com,F,1979-07-10,Manchester,England,United Kingdom,Silver,2022-10-30,Marketplace,2022-10-30,2025-11-30,0
154,C0000134,Rohan,Sharma,rohan.sharma134@mail.example.com,F,1979-07-10,Manchester,England,United Kingdom,Gold,2022-10-30,Marketplace,2025-12-01,9999-12-31,1
155,C0000135,Noah,Patel,noah.patel135@mail.example.com,F,1977-11-04,New York,New York,United States,Gold,2022-06-22,Walk-in,2022-06-22,9999-12-31,1
156,C0000136,Emily,Das,emily.das136@mail.example.com,M,1960-07-26,Hyderabad,Telangana,India,Bronze,2025-09-29,Paid Social,2025-09-29,9999-12-31,1
157,C0000137,Oliver,Kapoor,oliver.kapoor137@mail.example.com,Other,1996-11-23,Singapore,Singapore,Singapore,Bronze,2023-07-08,Email,2023-07-08,9999-12-31,1
158,C0000138,Ishita,Rao,ishita.rao138@mail.example.com,F,1974-03-05,Bengaluru,Karnataka,India,Silver,2026-05-11,Referral,2026-05-11,9999-12-31,1
159,C0000139,Priya,Taylor,priya.taylor139@mail.example.com,M,1987-02-17,Kolkata,West Bengal,India,Bronze,2021-07-04,Organic Search,2021-07-04,9999-12-31,1
160,C0000140,Rahul,Mehta,rahul.mehta140@mail.example.com,M,2004-09-01,Delhi,Delhi,India,Bronze,2021-12-01,Marketplace,2021-12-01,9999-12-31,1
161,C0000141,Amit,Banerjee,amit.banerjee141@mail.example.com,M,1975-10-24,Kolkata,West Bengal,India,Bronze,2024-05-04,Marketplace,2024-05-04,9999-12-31,1
162,C0000142,Noah,Ali,noah.ali142@mail.example.com,Other,1966-02-24,London,England,United Kingdom,Platinum,2023-05-15,Referral,2023-05-15,2026-07-11,0
163,C0000142,Noah,Ali,noah.ali142@mail.example.com,Other,1966-02-24,Bengaluru,Karnataka,India,Platinum,2023-05-15,Referral,2026-07-12,9999-12-31,1
164,C0000143,Michael,Smith,michael.smith143@mail.example.com,Other,1997-12-20,Bengaluru,Karnataka,India,Silver,2025-07-18,Referral,2025-07-18,9999-12-31,1
165,C0000144,Wei,Walker,wei.walker144@mail.example.com,F,1974-02-05,Singapore,Singapore,Singapore,Bronze,2025-06-06,Paid Social,2025-06-06,9999-12-31,1
166,C0000145,Vikram,Ali,vikram.ali145@mail.example.com,Other,1996-03-21,Kolkata,West Bengal,India,Bronze,2026-05-25,Marketplace,2026-05-25,9999-12-31,1
167,C0000146,James,Reddy,james.reddy146@mail.example.com,M,1962-03-05,Bengaluru,Karnataka,India,Silver,2021-03-31,Email,2021-03-31,9999-12-31,1
168,C0000147,Daniel,Singh,daniel.singh147@mail.example.com,M,1958-06-01,Mumbai,Maharashtra,India,Bronze,2025-05-24,Marketplace,2025-05-24,9999-12-31,1
169,C0000148,Mei,Brown,mei.brown148@mail.example.com,Other,1957-08-13,Hyderabad,Telangana,India,Bronze,2024-04-06,Walk-in,2024-04-06,9999-12-31,1
170,C0000149,Omar,Ali,omar.ali149@mail.example.com,F,1988-01-14,Chennai,Tamil Nadu,India,Silver,2021-09-06,Walk-in,2021-09-06,9999-12-31,1
171,C0000150,Zara,Smith,zara.smith150@mail.example.com,Other,1983-12-14,Mumbai,Maharashtra,India,Bronze,2024-11-21,Referral,2024-11-21,9999-12-31,1
172,C0000151,Meera,Johnson,meera.johnson151@mail.example.com,Other,1993-12-22,Mumbai,Maharashtra,India,Bronze,2024-10-21,Referral,2024-10-21,9999-12-31,1
173,C0000152,Omar,Walker,omar.walker152@mail.example.com,Other,2005-08-26,Pune,Maharashtra,India,Platinum,2025-01-15,Paid Social,2025-01-15,9999-12-31,1
174,C0000153,Rohan,Walker,rohan.walker153@mail.example.com,M,1967-03-20,Chennai,Tamil Nadu,India,Bronze,2022-12-11,Email,2022-12-11,9999-12-31,1
175,C0000154,Priya,Sharma,priya.sharma154@mail.example.com,F,1977-11-06,Delhi,Delhi,India,Bronze,2023-12-05,Walk-in,2023-12-05,9999-12-31,1
176,C0000155,Ananya,Wilson,ananya.wilson155@mail.example.com,Other,1986-05-11,Mumbai,Maharashtra,India,Silver,2023-07-07,Organic Search,2023-07-07,9999-12-31,1
177,C0000156,Wei,Ali,wei.ali156@mail.example.com,F,2000-01-15,Chennai,Tamil Nadu,India,Silver,2022-03-03,Organic Search,2022-03-03,9999-12-31,1
178,C0000157,Layla,Iyer,layla.iyer157@mail.example.com,M,1987-02-06,London,England,United Kingdom,Silver,2021-06-21,Paid Social,2021-06-21,9999-12-31,1
179,C0000158,James,Garcia,james.garcia158@mail.example.com,F,1964-11-12,Chennai,Tamil Nadu,India,Bronze,2022-02-11,Paid Social,2022-02-11,9999-12-31,1
180,C0000159,Kavya,Garcia,kavya.garcia159@mail.example.com,M,1985-06-10,Guwahati,Assam,India,Bronze,2023-10-02,Organic Search,2023-10-02,9999-12-31,1
181,C0000160,Debjani,Clarke,debjani.clarke160@mail.example.com,M,2003-09-14,Pune,Maharashtra,India,Silver,2022-09-13,Paid Social,2022-09-13,9999-12-31,1
182,C0000161,James,Ali,james.ali161@mail.example.com,Other,1956-08-05,Chennai,Tamil Nadu,India,Silver,2025-01-21,Marketplace,2025-01-21,9999-12-31,1
183,C0000162,Sourav,Bose,sourav.bose162@mail.example.com,Other,1982-01-13,Singapore,Singapore,Singapore,Silver,2022-11-05,Marketplace,2022-11-05,9999-12-31,1
184,C0000163,Michael,Chen,michael.chen163@mail.example.com,Other,1981-07-22,London,England,United Kingdom,Silver,2024-04-26,Referral,2024-04-26,9999-12-31,1
185,C0000164,Aarav,Khan,aarav.khan164@mail.example.com,Other,1999-07-15,Delhi,Delhi,India,Silver,2022-08-25,Walk-in,2022-08-25,9999-12-31,1
186,C0000165,Wei,Mehta,wei.mehta165@mail.example.com,M,2004-04-10,New York,New York,United States,Bronze,2025-07-15,Walk-in,2025-07-15,9999-12-31,1
187,C0000166,Zara,Reddy,zara.reddy166@mail.example.com,M,1968-02-17,Chennai,Tamil Nadu,India,Silver,2024-03-08,Walk-in,2024-03-08,9999-12-31,1
188,C0000167,Aarav,Kim,aarav.kim167@mail.example.com,F,1970-05-24,London,England,United Kingdom,Bronze,2023-11-26,Walk-in,2023-11-26,9999-12-31,1
189,C0000168,Rahul,Clarke,rahul.clarke168@mail.example.com,Other,1958-11-04,Chennai,Tamil Nadu,India,Bronze,2022-05-23,Walk-in,2022-05-23,2025-01-23,0
190,C0000168,Rahul,Clarke,rahul.clarke168@mail.example.com,Other,1958-11-04,Chennai,Tamil Nadu,India,Silver,2022-05-23,Walk-in,2025-01-24,9999-12-31,1
191,C0000169,Daniel,Brown,daniel.brown169@mail.example.com,Other,1977-05-10,Ahmedabad,Gujarat,India,Silver,2023-08-16,Marketplace,2023-08-16,9999-12-31,1
192,C0000170,Oliver,Wong,oliver.wong170@mail.example.com,M,1988-10-07,Delhi,Delhi,India,Gold,2024-09-04,Referral,2024-09-04,2026-01-11,0
193,C0000170,Oliver,Wong,oliver.wong170@mail.example.com,M,1988-10-07,Delhi,Delhi,India,Platinum,2024-09-04,Referral,2026-01-12,9999-12-31,1
194,C0000171,Priya,Ghosh,priya.ghosh171@mail.example.com,M,1968-08-03,New York,New York,United States,Bronze,2026-05-05,Walk-in,2026-05-05,9999-12-31,1
195,C0000172,Amit,Ali,amit.ali172@mail.example.com,Other,1995-07-15,Delhi,Delhi,India,Silver,2026-08-06,Email,2026-08-06,9999-12-31,1
196,C0000173,Arjun,Johnson,arjun.johnson173@mail.example.com,Other,1963-12-17,Mumbai,Maharashtra,India,Gold,2026-02-18,Organic Search,2026-02-18,9999-12-31,1
197,C0000174,Mei,Nair,mei.nair174@mail.example.com,M,1962-10-28,Austin,Texas,United States,Bronze,2025-02-21,Organic Search,2025-02-21,9999-12-31,1
198,C0000175,Arjun,Iyer,arjun.iyer175@mail.example.com,F,1974-05-16,Bengaluru,Karnataka,India,Bronze,2025-03-14,Paid Social,2025-03-14,9999-12-31,1
199,C0000176,Noah,Kim,noah.kim176@mail.example.com,F,1968-03-27,Delhi,Delhi,India,Silver,2024-03-07,Organic Search,2024-03-07,9999-12-31,1
200,C0000177,Priya,Ghosh,priya.ghosh177@mail.example.com,Other,1991-08-11,Chennai,Tamil Nadu,India,Silver,2024-06-22,Email,2024-06-22,9999-12-31,1
201,C0000178,Arjun,Johnson,arjun.johnson178@mail.example.com,F,1997-08-05,Pune,Maharashtra,India,Gold,2026-01-17,Referral,2026-01-17,9999-12-31,1
202,C0000179,Kavya,Bose,kavya.bose179@mail.example.com,Other,1976-09-02,Mumbai,Maharashtra,India,Platinum,2025-06-08,Email,2025-06-08,9999-12-31,1
203,C0000180,Sneha,Chen,sneha.chen180@mail.example.com,F,1990-11-04,Kolkata,West Bengal,India,Silver,2024-06-19,Organic Search,2024-06-19,9999-12-31,1
204,C0000181,Carlos,Banerjee,carlos.banerjee181@mail.example.com,Other,2003-08-17,Austin,Texas,United States,Gold,2023-02-15,Organic Search,2023-02-15,9999-12-31,1
205,C0000182,Aarav,Das,aarav.das182@mail.example.com,Other,2000-10-15,Guwahati,Assam,India,Bronze,2023-10-02,Walk-in,2023-10-02,9999-12-31,1
206,C0000183,Emily,Ali,emily.ali183@mail.example.com,M,1982-03-14,Austin,Texas,United States,Bronze,2024-10-24,Walk-in,2024-10-24,9999-12-31,1
207,C0000184,Ananya,Taylor,ananya.taylor184@mail.example.com,M,1966-05-25,Mumbai,Maharashtra,India,Bronze,2022-08-13,Referral,2022-08-13,9999-12-31,1
208,C0000185,Sourav,Nair,sourav.nair185@mail.example.com,M,1974-07-04,Kolkata,West Bengal,India,Bronze,2021-08-28,Email,2021-08-28,9999-12-31,1
209,C0000186,Zara,Iyer,zara.iyer186@mail.example.com,Other,2003-10-19,Kolkata,West Bengal,India,Bronze,2023-09-09,Walk-in,2023-09-09,9999-12-31,1
210,C0000187,Priya,Kapoor,priya.kapoor187@mail.example.com,F,1959-08-01,Bengaluru,Karnataka,India,Bronze,2025-07-26,Paid Social,2025-07-26,9999-12-31,1
211,C0000188,Chloe,Iyer,chloe.iyer188@mail.example.com,Other,1974-10-14,Delhi,Delhi,India,Bronze,2022-05-30,Marketplace,2022-05-30,9999-12-31,1
212,C0000189,Debjani,Taylor,debjani.taylor189@mail.example.com,M,1989-07-18,Singapore,Singapore,Singapore,Bronze,2023-10-02,Organic Search,2023-10-02,9999-12-31,1
213,C0000190,Michael,Nair,michael.nair190@mail.example.com,M,1972-10-09,Kolkata,West Bengal,India,Gold,2026-05-30,Email,2026-05-30,9999-12-31,1
214,C0000191,Omar,Johnson,omar.johnson191@mail.example.com,M,2002-09-19,Delhi,Delhi,India,Bronze,2022-10-24,Organic Search,2022-10-24,9999-12-31,1
215,C0000192,Mei,Taylor,mei.taylor192@mail.example.com,Other,1968-10-17,Singapore,Singapore,Singapore,Platinum,2025-11-05,Referral,2025-11-05,9999-12-31,1
216,C0000193,Carlos,Chen,carlos.chen193@mail.example.com,M,1997-06-11,Bengaluru,Karnataka,India,Bronze,2023-10-05,Walk-in,2023-10-05,2025-11-10,0
217,C0000193,Carlos,Chen,carlos.chen193@mail.example.com,M,1997-06-11,New York,New York,United States,Silver,2023-10-05,Walk-in,2025-11-11,9999-12-31,1
218,C0000194,Aarav,Kim,aarav.kim194@mail.example.com,Other,1981-09-23,Kolkata,West Bengal,India,Silver,2022-12-12,Email,2022-12-12,2023-08-06,0
219,C0000194,Aarav,Kim,aarav.kim194@mail.example.com,Other,1981-09-23,Kolkata,West Bengal,India,Gold,2022-12-12,Email,2023-08-07,9999-12-31,1
220,C0000195,Omar,Walker,omar.walker195@mail.example.com,F,1977-07-27,Bengaluru,Karnataka,India,Silver,2022-05-21,Email,2022-05-21,9999-12-31,1
221,C0000196,Aarav,Iyer,aarav.iyer196@mail.example.com,Other,1983-01-08,Bengaluru,Karnataka,India,Silver,2023-03-02,Referral,2023-03-02,9999-12-31,1
222,C0000197,Rohan,Khan,rohan.khan197@mail.example.com,F,2000-04-08,Hyderabad,Telangana,India,Platinum,2024-05-26,Referral,2024-05-26,9999-12-31,1
223,C0000198,Wei,Wilson,wei.wilson198@mail.example.com,Other,1995-07-04,Mumbai,Maharashtra,India,Gold,2023-03-15,Walk-in,2023-03-15,9999-12-31,1
224,C0000199,Chloe,Wong,chloe.wong199@mail.example.com,M,1959-10-05,Hyderabad,Telangana,India,Silver,2022-12-20,Paid Social,2022-12-20,9999-12-31,1
225,C0000200,Zara,Johnson,zara.johnson200@mail.example.com,Other,1967-11-01,Ahmedabad,Gujarat,India,Platinum,2024-01-29,Marketplace,2024-01-29,9999-12-31,1
226,C0000201,Sophie,Kim,sophie.kim201@mail.example.com,M,1996-11-21,Bengaluru,Karnataka,India,Bronze,2025-10-16,Referral,2025-10-16,9999-12-31,1
227,C0000202,Ananya,Walker,ananya.walker202@mail.example.com,F,1978-09-25,Chennai,Tamil Nadu,India,Bronze,2026-07-23,Marketplace,2026-07-23,9999-12-31,1
228,C0000203,Sophie,Rao,sophie.rao203@mail.example.com,Other,1967-06-03,Delhi,Delhi,India,Gold,2025-05-25,Organic Search,2025-05-25,9999-12-31,1
229,C0000204,Rohan,Nguyen,rohan.nguyen204@mail.example.com,F,1976-05-03,Delhi,Delhi,India,Silver,2022-11-05,Organic Search,2022-11-05,9999-12-31,1
230,C0000205,Daniel,Silva,daniel.silva205@mail.example.com,F,1971-04-04,Hyderabad,Telangana,India,Bronze,2024-10-01,Referral,2024-10-01,9999-12-31,1
231,C0000206,Meera,Chatterjee,meera.chatterjee206@mail.example.com,F,2003-02-21,Guwahati,Assam,India,Bronze,2025-12-02,Organic Search,2025-12-02,9999-12-31,1
232,C0000207,Amit,Kapoor,amit.kapoor207@mail.example.com,F,2005-03-02,New York,New York,United States,Gold,2021-09-24,Email,2021-09-24,9999-12-31,1
233,C0000208,Rohan,Iyer,rohan.iyer208@mail.example.com,F,1973-07-13,Pune,Maharashtra,India,Bronze,2021-08-02,Email,2021-08-02,9999-12-31,1
234,C0000209,Hannah,Sharma,hannah.sharma209@mail.example.com,Other,2005-07-20,Bengaluru,Karnataka,India,Silver,2026-03-17,Referral,2026-03-17,9999-12-31,1
235,C0000210,James,Johnson,james.johnson210@mail.example.com,Other,1961-02-01,Delhi,Delhi,India,Silver,2023-02-28,Organic Search,2023-02-28,9999-12-31,1
236,C0000211,Daniel,Reddy,daniel.reddy211@mail.example.com,F,1977-07-16,Pune,Maharashtra,India,Silver,2023-11-16,Email,2023-11-16,9999-12-31,1
237,C0000212,Priya,Reddy,priya.reddy212@mail.example.com,Other,1987-11-25,Delhi,Delhi,India,Bronze,2025-11-21,Walk-in,2025-11-21,9999-12-31,1
238,C0000213,Ishita,Wilson,ishita.wilson213@mail.example.com,F,1955-09-19,Delhi,Delhi,India,Silver,2025-02-19,Paid Social,2025-02-19,9999-12-31,1
239,C0000214,Sophie,Ali,sophie.ali214@mail.example.com,M,1967-04-21,Kolkata,West Bengal,India,Gold,2024-11-09,Organic Search,2024-11-09,9999-12-31,1
240,C0000215,Wei,Rao,wei.rao215@mail.example.com,M,1992-10-11,Hyderabad,Telangana,India,Silver,2024-09-18,Email,2024-09-18,9999-12-31,1
241,C0000216,Sofia,Nguyen,sofia.nguyen216@mail.example.com,Other,1955-11-08,Kolkata,West Bengal,India,Silver,2023-06-18,Email,2023-06-18,9999-12-31,1
242,C0000217,Carlos,Khan,carlos.khan217@mail.example.com,M,1968-07-06,Delhi,Delhi,India,Gold,2025-03-20,Organic Search,2025-03-20,2025-11-17,0
243,C0000217,Carlos,Khan,carlos.khan217@mail.example.com,M,1968-07-06,Mumbai,Maharashtra,India,Platinum,2025-03-20,Organic Search,2025-11-18,9999-12-31,1
244,C0000218,Vikram,Clarke,vikram.clarke218@mail.example.com,F,1957-01-07,Hyderabad,Telangana,India,Bronze,2025-01-14,Paid Social,2025-01-14,9999-12-31,1
245,C0000219,Sourav,Ali,sourav.ali219@mail.example.com,F,1967-01-06,Hyderabad,Telangana,India,Gold,2023-01-02,Organic Search,2023-01-02,9999-12-31,1
246,C0000220,Michael,Silva,michael.silva220@mail.example.com,Other,1968-05-15,New York,New York,United States,Bronze,2024-10-18,Referral,2024-10-18,9999-12-31,1
247,C0000221,Sofia,Wilson,sofia.wilson221@mail.example.com,Other,1962-03-05,New York,New York,United States,Silver,2021-09-25,Paid Social,2021-09-25,9999-12-31,1
248,C0000222,Hannah,Ghosh,hannah.ghosh222@mail.example.com,M,1957-10-19,Singapore,Singapore,Singapore,Bronze,2023-09-29,Walk-in,2023-09-29,9999-12-31,1
249,C0000223,Priya,Clarke,priya.clarke223@mail.example.com,M,1987-10-16,London,England,United Kingdom,Bronze,2022-06-02,Organic Search,2022-06-02,9999-12-31,1
250,C0000224,Sneha,Johnson,sneha.johnson224@mail.example.com,M,1986-09-15,Bengaluru,Karnataka,India,Bronze,2025-03-13,Marketplace,2025-03-13,9999-12-31,1
251,C0000225,Emily,Smith,emily.smith225@mail.example.com,F,1995-10-21,Delhi,Delhi,India,Bronze,2025-07-01,Paid Social,2025-07-01,9999-12-31,1
252,C0000226,Vikram,Patel,vikram.patel226@mail.example.com,F,1991-03-27,Bengaluru,Karnataka,India,Bronze,2025-03-25,Walk-in,2025-03-25,2025-07-05,0
253,C0000226,Vikram,Patel,vikram.patel226@mail.example.com,F,1991-03-27,Chennai,Tamil Nadu,India,Silver,2025-03-25,Walk-in,2025-07-06,9999-12-31,1
254,C0000227,Priya,Rao,priya.rao227@mail.example.com,M,1982-08-15,Chennai,Tamil Nadu,India,Bronze,2024-10-09,Referral,2024-10-09,9999-12-31,1
255,C0000228,Sneha,Rao,sneha.rao228@mail.example.com,Other,1977-02-10,Mumbai,Maharashtra,India,Gold,2021-11-07,Walk-in,2021-11-07,9999-12-31,1
256,C0000229,Noah,Singh,noah.singh229@mail.example.com,Other,1978-01-18,Kolkata,West Bengal,India,Bronze,2021-10-20,Paid Social,2021-10-20,9999-12-31,1
257,C0000230,Omar,Garcia,omar.garcia230@mail.example.com,Other,1967-12-20,Pune,Maharashtra,India,Platinum,2024-01-30,Marketplace,2024-01-30,9999-12-31,1
258,C0000231,Carlos,Patel,carlos.patel231@mail.example.com,F,2005-07-13,Delhi,Delhi,India,Gold,2024-11-20,Marketplace,2024-11-20,9999-12-31,1
259,C0000232,Carlos,Reddy,carlos.reddy232@mail.example.com,Other,1969-12-24,New York,New York,United States,Bronze,2023-07-22,Paid Social,2023-07-22,9999-12-31,1
260,C0000233,James,Wong,james.wong233@mail.example.com,Other,2005-02-11,London,England,United Kingdom,Gold,2024-10-27,Email,2024-10-27,9999-12-31,1
261,C0000234,Layla,Taylor,layla.taylor234@mail.example.com,M,1991-03-10,Kolkata,West Bengal,India,Gold,2022-07-24,Organic Search,2022-07-24,9999-12-31,1
262,C0000235,Sourav,Singh,sourav.singh235@mail.example.com,F,2003-12-18,Bengaluru,Karnataka,India,Bronze,2025-07-11,Walk-in,2025-07-11,9999-12-31,1
263,C0000236,Arjun,Reddy,arjun.reddy236@mail.example.com,Other,1991-11-26,Singapore,Singapore,Singapore,Silver,2024-09-14,Walk-in,2024-09-14,9999-12-31,1
264,C0000237,Vikram,Bose,vikram.bose237@mail.example.com,Other,1967-08-04,Kolkata,West Bengal,India,Bronze,2025-05-02,Email,2025-05-02,9999-12-31,1
265,C0000238,Ananya,Walker,ananya.walker238@mail.example.com,F,1999-10-16,Chennai,Tamil Nadu,India,Bronze,2021-05-12,Paid Social,2021-05-12,9999-12-31,1
266,C0000239,Vikram,Singh,vikram.singh239@mail.example.com,M,1984-01-12,Delhi,Delhi,India,Bronze,2021-10-14,Paid Social,2021-10-14,9999-12-31,1
267,C0000240,Sneha,Iyer,sneha.iyer240@mail.example.com,F,1985-12-03,Mumbai,Maharashtra,India,Bronze,2025-09-10,Paid Social,2025-09-10,9999-12-31,1
268,C0000241,Omar,Chen,omar.chen241@mail.example.com,Other,1993-10-10,Pune,Maharashtra,India,Silver,2022-10-13,Walk-in,2022-10-13,9999-12-31,1
269,C0000242,Aarav,Reddy,aarav.reddy242@mail.example.com,M,1993-04-17,Bengaluru,Karnataka,India,Bronze,2025-06-24,Walk-in,2025-06-24,9999-12-31,1
270,C0000243,Mei,Chatterjee,mei.chatterjee243@mail.example.com,M,1977-12-27,Delhi,Delhi,India,Silver,2026-02-13,Referral,2026-02-13,9999-12-31,1
271,C0000244,Sneha,Ghosh,sneha.ghosh244@mail.example.com,F,1984-07-22,Delhi,Delhi,India,Bronze,2025-11-05,Walk-in,2025-11-05,9999-12-31,1
272,C0000245,Meera,Kim,meera.kim245@mail.example.com,Other,1995-09-10,New York,New York,United States,Silver,2024-01-27,Organic Search,2024-01-27,9999-12-31,1
273,C0000246,Noah,Smith,noah.smith246@mail.example.com,M,1978-02-25,Bengaluru,Karnataka,India,Bronze,2022-05-12,Referral,2022-05-12,9999-12-31,1
274,C0000247,Oliver,Banerjee,oliver.banerjee247@mail.example.com,M,1995-12-22,Bengaluru,Karnataka,India,Silver,2021-10-27,Email,2021-10-27,9999-12-31,1
275,C0000248,Amit,Banerjee,amit.banerjee248@mail.example.com,M,2000-03-11,Kolkata,West Bengal,India,Silver,2022-04-15,Email,2022-04-15,9999-12-31,1
276,C0000249,Chloe,Singh,chloe.singh249@mail.example.com,F,1963-08-27,Ahmedabad,Gujarat,India,Bronze,2025-11-28,Paid Social,2025-11-28,9999-12-31,1
277,C0000250,Sneha,Patel,sneha.patel250@mail.example.com,M,1965-02-22,Mumbai,Maharashtra,India,Silver,2025-05-20,Marketplace,2025-05-20,9999-12-31,1
278,C0000251,Vikram,Chen,vikram.chen251@mail.example.com,Other,1983-12-02,Kolkata,West Bengal,India,Gold,2023-06-05,Walk-in,2023-06-05,9999-12-31,1
279,C0000252,Ananya,Bose,ananya.bose252@mail.example.com,F,1958-10-01,Pune,Maharashtra,India,Bronze,2025-12-24,Email,2025-12-24,9999-12-31,1
280,C0000253,Meera,Gupta,meera.gupta253@mail.example.com,Other,1956-01-11,Kolkata,West Bengal,India,Gold,2025-09-24,Marketplace,2025-09-24,2026-01-10,0
281,C0000253,Meera,Gupta,meera.gupta253@mail.example.com,Other,1956-01-11,Kolkata,West Bengal,India,Platinum,2025-09-24,Marketplace,2026-01-11,9999-12-31,1
282,C0000254,Sneha,Wong,sneha.wong254@mail.example.com,Other,1987-02-27,Mumbai,Maharashtra,India,Bronze,2025-08-30,Walk-in,2025-08-30,9999-12-31,1
283,C0000255,Sophie,Bose,sophie.bose255@mail.example.com,F,1969-04-04,Austin,Texas,United States,Bronze,2022-05-10,Paid Social,2022-05-10,9999-12-31,1
284,C0000256,Amit,Gupta,amit.gupta256@mail.example.com,F,1997-05-21,Bengaluru,Karnataka,India,Silver,2021-09-28,Organic Search,2021-09-28,9999-12-31,1
285,C0000257,Carlos,Wilson,carlos.wilson257@mail.example.com,F,2000-09-26,Chennai,Tamil Nadu,India,Platinum,2022-02-22,Walk-in,2022-02-22,9999-12-31,1
286,C0000258,Sourav,Clarke,sourav.clarke258@mail.example.com,M,1976-03-21,Ahmedabad,Gujarat,India,Silver,2022-06-29,Marketplace,2022-06-29,9999-12-31,1
287,C0000259,Rohan,Kapoor,rohan.kapoor259@mail.example.com,Other,1979-09-21,Kolkata,West Bengal,India,Silver,2026-01-13,Walk-in,2026-01-13,9999-12-31,1
288,C0000260,Aarav,Wilson,aarav.wilson260@mail.example.com,Other,1974-04-24,Jaipur,Rajasthan,India,Bronze,2022-05-24,Paid Social,2022-05-24,2023-12-07,0
289,C0000260,Aarav,Wilson,aarav.wilson260@mail.example.com,Other,1974-04-24,Delhi,Delhi,India,Silver,2022-05-24,Paid Social,2023-12-08,9999-12-31,1
290,C0000261,Vikram,Clarke,vikram.clarke261@mail.example.com,F,2002-06-05,Kolkata,West Bengal,India,Bronze,2025-12-23,Marketplace,2025-12-23,9999-12-31,1
291,C0000262,Michael,Khan,michael.khan262@mail.example.com,Other,1969-12-11,Delhi,Delhi,India,Bronze,2021-04-08,Paid Social,2021-04-08,2024-07-21,0
292,C0000262,Michael,Khan,michael.khan262@mail.example.com,Other,1969-12-11,Delhi,Delhi,India,Silver,2021-04-08,Paid Social,2024-07-22,9999-12-31,1
293,C0000263,Meera,Wilson,meera.wilson263@mail.example.com,F,1966-08-21,New York,New York,United States,Bronze,2024-08-10,Email,2024-08-10,9999-12-31,1
294,C0000264,Arjun,Gupta,arjun.gupta264@mail.example.com,F,1992-09-27,Mumbai,Maharashtra,India,Silver,2022-12-13,Paid Social,2022-12-13,9999-12-31,1
295,C0000265,James,Patel,james.patel265@mail.example.com,M,1970-07-06,Mumbai,Maharashtra,India,Silver,2023-03-21,Referral,2023-03-21,9999-12-31,1
296,C0000266,Vikram,Das,vikram.das266@mail.example.com,M,1960-06-13,New York,New York,United States,Bronze,2026-05-25,Email,2026-05-25,9999-12-31,1
297,C0000267,Kavya,Garcia,kavya.garcia267@mail.example.com,Other,1956-07-14,Mumbai,Maharashtra,India,Gold,2026-05-29,Referral,2026-05-29,9999-12-31,1
298,C0000268,Sneha,Das,sneha.das268@mail.example.com,F,1984-05-13,Bengaluru,Karnataka,India,Silver,2024-06-06,Email,2024-06-06,9999-12-31,1
299,C0000269,Vikram,Reddy,vikram.reddy269@mail.example.com,M,1955-09-24,New York,New York,United States,Silver,2021-01-18,Email,2021-01-18,9999-12-31,1
300,C0000270,Mei,Mehta,mei.mehta270@mail.example.com,F,1996-10-03,Bengaluru,Karnataka,India,Bronze,2024-06-14,Organic Search,2024-06-14,9999-12-31,1
301,C0000271,Vikram,Garcia,vikram.garcia271@mail.example.com,Other,2004-12-12,Bengaluru,Karnataka,India,Bronze,2023-11-12,Email,2023-11-12,9999-12-31,1
302,C0000272,Michael,Bose,michael.bose272@mail.example.com,Other,1970-08-02,Austin,Texas,United States,Gold,2023-10-08,Referral,2023-10-08,9999-12-31,1
303,C0000273,Chloe,Clarke,chloe.clarke273@mail.example.com,Other,1998-03-09,Mumbai,Maharashtra,India,Bronze,2026-02-09,Walk-in,2026-02-09,9999-12-31,1
304,C0000274,Carlos,Chatterjee,carlos.chatterjee274@mail.example.com,Other,1980-12-19,Pune,Maharashtra,India,Platinum,2025-04-24,Organic Search,2025-04-24,9999-12-31,1
305,C0000275,Sneha,Khan,sneha.khan275@mail.example.com,M,1987-09-22,Bengaluru,Karnataka,India,Gold,2024-05-22,Walk-in,2024-05-22,9999-12-31,1
306,C0000276,Noah,Wong,noah.wong276@mail.example.com,M,1995-10-25,New York,New York,United States,Silver,2022-03-24,Paid Social,2022-03-24,9999-12-31,1
307,C0000277,Amit,Chen,amit.chen277@mail.example.com,M,1986-01-04,Delhi,Delhi,India,Bronze,2022-11-21,Marketplace,2022-11-21,9999-12-31,1
308,C0000278,Mei,Ghosh,mei.ghosh278@mail.example.com,Other,1966-12-05,Mumbai,Maharashtra,India,Bronze,2025-03-15,Paid Social,2025-03-15,9999-12-31,1
309,C0000279,Omar,Gupta,omar.gupta279@mail.example.com,M,2002-03-26,Mumbai,Maharashtra,India,Silver,2021-08-30,Referral,2021-08-30,9999-12-31,1
310,C0000280,Ananya,Ali,ananya.ali280@mail.example.com,M,1973-02-13,Pune,Maharashtra,India,Bronze,2021-11-23,Organic Search,2021-11-23,2024-06-23,0
311,C0000280,Ananya,Ali,ananya.ali280@mail.example.com,M,1973-02-13,Pune,Maharashtra,India,Silver,2021-11-23,Organic Search,2024-06-24,9999-12-31,1
312,C0000281,Priya,Das,priya.das281@mail.example.com,F,1997-10-26,Jaipur,Rajasthan,India,Platinum,2021-01-30,Organic Search,2021-01-30,9999-12-31,1
313,C0000282,Hannah,Johnson,hannah.johnson282@mail.example.com,M,1986-08-25,Singapore,Singapore,Singapore,Bronze,2023-12-25,Email,2023-12-25,9999-12-31,1
314,C0000283,Sourav,Khan,sourav.khan283@mail.example.com,M,1997-07-13,Delhi,Delhi,India,Silver,2025-01-19,Referral,2025-01-19,9999-12-31,1
315,C0000284,Layla,Chen,layla.chen284@mail.example.com,Other,1956-10-04,Bengaluru,Karnataka,India,Gold,2022-07-23,Referral,2022-07-23,9999-12-31,1
316,C0000285,James,Wilson,james.wilson285@mail.example.com,M,1987-07-22,Pune,Maharashtra,India,Bronze,2026-05-01,Marketplace,2026-05-01,2026-07-22,0
317,C0000285,James,Wilson,james.wilson285@mail.example.com,M,1987-07-22,Pune,Maharashtra,India,Silver,2026-05-01,Marketplace,2026-07-23,9999-12-31,1
318,C0000286,Mei,Kapoor,mei.kapoor286@mail.example.com,M,1993-08-13,Pune,Maharashtra,India,Silver,2023-08-15,Organic Search,2023-08-15,9999-12-31,1
319,C0000287,Noah,Smith,noah.smith287@mail.example.com,F,2001-07-10,Singapore,Singapore,Singapore,Silver,2022-02-16,Marketplace,2022-02-16,9999-12-31,1
320,C0000288,Sofia,Ali,sofia.ali288@mail.example.com,Other,1963-08-26,Ahmedabad,Gujarat,India,Bronze,2021-05-11,Marketplace,2021-05-11,9999-12-31,1
321,C0000289,Zara,Rao,zara.rao289@mail.example.com,Other,1997-09-08,Austin,Texas,United States,Bronze,2026-05-29,Paid Social,2026-05-29,9999-12-31,1
322,C0000290,Wei,Sharma,wei.sharma290@mail.example.com,M,1979-05-08,Mumbai,Maharashtra,India,Silver,2024-08-30,Marketplace,2024-08-30,9999-12-31,1
323,C0000291,Chloe,Reddy,chloe.reddy291@mail.example.com,Other,1960-12-11,New York,New York,United States,Gold,2026-07-09,Walk-in,2026-07-09,9999-12-31,1
324,C0000292,Noah,Chen,noah.chen292@mail.example.com,F,1996-11-26,Jaipur,Rajasthan,India,Silver,2025-04-13,Email,2025-04-13,9999-12-31,1
325,C0000293,Rohan,Iyer,rohan.iyer293@mail.example.com,M,2002-02-19,Kolkata,West Bengal,India,Bronze,2023-02-10,Referral,2023-02-10,9999-12-31,1
326,C0000294,Priya,Brown,priya.brown294@mail.example.com,F,1982-06-25,Chennai,Tamil Nadu,India,Bronze,2025-05-09,Marketplace,2025-05-09,9999-12-31,1
327,C0000295,Meera,Iyer,meera.iyer295@mail.example.com,M,1975-03-27,Bengaluru,Karnataka,India,Gold,2026-03-02,Paid Social,2026-03-02,9999-12-31,1
328,C0000296,Ishita,Reddy,ishita.reddy296@mail.example.com,F,1993-06-10,Jaipur,Rajasthan,India,Bronze,2021-05-21,Marketplace,2021-05-21,9999-12-31,1
329,C0000297,Daniel,Smith,daniel.smith297@mail.example.com,M,1986-05-23,Pune,Maharashtra,India,Platinum,2023-06-03,Organic Search,2023-06-03,9999-12-31,1
330,C0000298,Layla,Wong,layla.wong298@mail.example.com,M,1999-12-02,Austin,Texas,United States,Gold,2023-07-11,Paid Social,2023-07-11,9999-12-31,1
331,C0000299,Omar,Walker,omar.walker299@mail.example.com,M,1956-09-13,New York,New York,United States,Bronze,2022-10-15,Marketplace,2022-10-15,9999-12-31,1
332,C0000300,Amit,Chatterjee,amit.chatterjee300@mail.example.com,M,1973-12-07,Chennai,Tamil Nadu,India,Silver,2024-03-05,Walk-in,2024-03-05,2025-03-30,0
333,C0000300,Amit,Chatterjee,amit.chatterjee300@mail.example.com,M,1973-12-07,Chennai,Tamil Nadu,India,Gold,2024-03-05,Walk-in,2025-03-31,9999-12-31,1
334,C0000301,Sofia,Banerjee,sofia.banerjee301@mail.example.com,Other,1984-11-06,Manchester,England,United Kingdom,Silver,2024-05-30,Email,2024-05-30,9999-12-31,1
335,C0000302,Vikram,Gupta,vikram.gupta302@mail.example.com,F,2002-11-01,London,England,United Kingdom,Bronze,2023-03-13,Walk-in,2023-03-13,9999-12-31,1
336,C0000303,Arjun,Bose,arjun.bose303@mail.example.com,F,1998-03-02,Austin,Texas,United States,Bronze,2025-10-16,Email,2025-10-16,9999-12-31,1
337,C0000304,Oliver,Clarke,oliver.clarke304@mail.example.com,F,1964-11-24,Delhi,Delhi,India,Bronze,2025-11-12,Organic Search,2025-11-12,9999-12-31,1
338,C0000305,Wei,Wilson,wei.wilson305@mail.example.com,M,2004-12-26,Austin,Texas,United States,Silver,2025-03-18,Organic Search,2025-03-18,9999-12-31,1
339,C0000306,Rahul,Clarke,rahul.clarke306@mail.example.com,Other,1955-02-04,Pune,Maharashtra,India,Bronze,2025-02-13,Email,2025-02-13,9999-12-31,1
340,C0000307,Aarav,Brown,aarav.brown307@mail.example.com,F,1972-12-24,Hyderabad,Telangana,India,Bronze,2026-05-19,Walk-in,2026-05-19,9999-12-31,1
341,C0000308,Wei,Ghosh,wei.ghosh308@mail.example.com,F,1961-06-03,Delhi,Delhi,India,Silver,2022-05-28,Walk-in,2022-05-28,9999-12-31,1
342,C0000309,Amit,Taylor,amit.taylor309@mail.example.com,Other,1959-09-27,London,England,United Kingdom,Silver,2026-06-25,Marketplace,2026-06-25,9999-12-31,1
343,C0000310,Chloe,Kim,chloe.kim310@mail.example.com,F,1955-09-15,Mumbai,Maharashtra,India,Gold,2023-01-08,Organic Search,2023-01-08,2024-05-03,0
344,C0000310,Chloe,Kim,chloe.kim310@mail.example.com,F,1955-09-15,Mumbai,Maharashtra,India,Platinum,2023-01-08,Organic Search,2024-05-04,9999-12-31,1
345,C0000311,Rahul,Ali,rahul.ali311@mail.example.com,F,1962-09-10,Jaipur,Rajasthan,India,Bronze,2021-12-13,Walk-in,2021-12-13,9999-12-31,1
346,C0000312,Aarav,Singh,aarav.singh312@mail.example.com,Other,1997-09-15,Delhi,Delhi,India,Bronze,2024-04-16,Email,2024-04-16,9999-12-31,1
347,C0000313,Debjani,Wilson,debjani.wilson313@mail.example.com,F,1999-02-22,Chennai,Tamil Nadu,India,Gold,2023-05-10,Paid Social,2023-05-10,9999-12-31,1
348,C0000314,Omar,Gupta,omar.gupta314@mail.example.com,M,1992-06-09,Austin,Texas,United States,Bronze,2023-06-04,Walk-in,2023-06-04,2025-01-05,0
349,C0000314,Omar,Gupta,omar.gupta314@mail.example.com,M,1992-06-09,Pune,Maharashtra,India,Silver,2023-06-04,Walk-in,2025-01-06,9999-12-31,1
350,C0000315,James,Chatterjee,james.chatterjee315@mail.example.com,Other,1999-03-18,Austin,Texas,United States,Bronze,2025-10-09,Marketplace,2025-10-09,9999-12-31,1
351,C0000316,Michael,Gupta,michael.gupta316@mail.example.com,M,1981-03-11,Ahmedabad,Gujarat,India,Platinum,2022-11-03,Email,2022-11-03,2026-07-19,0
352,C0000316,Michael,Gupta,michael.gupta316@mail.example.com,M,1981-03-11,Delhi,Delhi,India,Platinum,2022-11-03,Email,2026-07-20,9999-12-31,1
353,C0000317,Chloe,Taylor,chloe.taylor317@mail.example.com,F,1995-02-12,Bengaluru,Karnataka,India,Gold,2024-09-11,Referral,2024-09-11,9999-12-31,1
354,C0000318,Aarav,Iyer,aarav.iyer318@mail.example.com,Other,1979-02-26,Bengaluru,Karnataka,India,Gold,2023-06-30,Paid Social,2023-06-30,9999-12-31,1
355,C0000319,Omar,Silva,omar.silva319@mail.example.com,Other,1999-10-28,Chennai,Tamil Nadu,India,Bronze,2024-11-30,Referral,2024-11-30,2025-03-18,0
356,C0000319,Omar,Silva,omar.silva319@mail.example.com,Other,1999-10-28,Austin,Texas,United States,Silver,2024-11-30,Referral,2025-03-19,9999-12-31,1
357,C0000320,Debjani,Silva,debjani.silva320@mail.example.com,Other,1985-10-05,Jaipur,Rajasthan,India,Bronze,2025-07-08,Marketplace,2025-07-08,9999-12-31,1
358,C0000321,Arjun,Bose,arjun.bose321@mail.example.com,F,1958-12-21,Hyderabad,Telangana,India,Platinum,2024-01-01,Marketplace,2024-01-01,9999-12-31,1
359,C0000322,James,Nair,james.nair322@mail.example.com,Other,1984-09-10,Bengaluru,Karnataka,India,Bronze,2024-12-20,Email,2024-12-20,9999-12-31,1
360,C0000323,Omar,Singh,omar.singh323@mail.example.com,Other,1974-07-25,Delhi,Delhi,India,Bronze,2021-12-23,Organic Search,2021-12-23,2024-07-04,0
361,C0000323,Omar,Singh,omar.singh323@mail.example.com,Other,1974-07-25,Delhi,Delhi,India,Silver,2021-12-23,Organic Search,2024-07-05,9999-12-31,1
362,C0000324,Priya,Chatterjee,priya.chatterjee324@mail.example.com,F,1955-07-22,Jaipur,Rajasthan,India,Bronze,2026-07-12,Marketplace,2026-07-12,9999-12-31,1
363,C0000325,Chloe,Kim,chloe.kim325@mail.example.com,F,1980-01-20,Chennai,Tamil Nadu,India,Bronze,2022-05-26,Marketplace,2022-05-26,9999-12-31,1
364,C0000326,Mei,Mehta,mei.mehta326@mail.example.com,F,1993-08-06,Delhi,Delhi,India,Silver,2021-06-23,Walk-in,2021-06-23,9999-12-31,1
365,C0000327,Arjun,Johnson,arjun.johnson327@mail.example.com,M,1982-08-13,Delhi,Delhi,India,Bronze,2021-07-28,Organic Search,2021-07-28,9999-12-31,1
366,C0000328,Sophie,Ali,sophie.ali328@mail.example.com,F,1973-05-16,Guwahati,Assam,India,Bronze,2022-04-28,Paid Social,2022-04-28,9999-12-31,1
367,C0000329,Vikram,Nguyen,vikram.nguyen329@mail.example.com,F,1984-10-28,Delhi,Delhi,India,Bronze,2021-05-26,Referral,2021-05-26,9999-12-31,1
368,C0000330,Debjani,Iyer,debjani.iyer330@mail.example.com,F,1980-06-01,Kolkata,West Bengal,India,Bronze,2023-02-02,Email,2023-02-02,2026-02-18,0
369,C0000330,Debjani,Iyer,debjani.iyer330@mail.example.com,F,1980-06-01,Kolkata,West Bengal,India,Silver,2023-02-02,Email,2026-02-19,9999-12-31,1
370,C0000331,Noah,Smith,noah.smith331@mail.example.com,M,1969-08-13,Kolkata,West Bengal,India,Bronze,2023-10-22,Referral,2023-10-22,9999-12-31,1
371,C0000332,Rahul,Iyer,rahul.iyer332@mail.example.com,M,1965-03-12,Singapore,Singapore,Singapore,Silver,2025-12-05,Organic Search,2025-12-05,9999-12-31,1
372,C0000333,Ananya,Gupta,ananya.gupta333@mail.example.com,F,1980-07-24,Delhi,Delhi,India,Bronze,2022-07-02,Organic Search,2022-07-02,9999-12-31,1
373,C0000334,Chloe,Das,chloe.das334@mail.example.com,M,1990-08-26,Mumbai,Maharashtra,India,Silver,2026-06-27,Paid Social,2026-06-27,9999-12-31,1
374,C0000335,Amit,Johnson,amit.johnson335@mail.example.com,F,1963-02-04,Ahmedabad,Gujarat,India,Silver,2025-05-12,Paid Social,2025-05-12,9999-12-31,1
375,C0000336,Chloe,Singh,chloe.singh336@mail.example.com,M,1982-10-24,Kolkata,West Bengal,India,Bronze,2024-11-02,Email,2024-11-02,9999-12-31,1
376,C0000337,Kavya,Singh,kavya.singh337@mail.example.com,Other,1970-05-25,Hyderabad,Telangana,India,Bronze,2023-02-05,Referral,2023-02-05,9999-12-31,1
377,C0000338,Vikram,Smith,vikram.smith338@mail.example.com,Other,1999-12-17,Ahmedabad,Gujarat,India,Silver,2022-02-27,Paid Social,2022-02-27,9999-12-31,1
378,C0000339,Ananya,Reddy,ananya.reddy339@mail.example.com,F,1967-03-14,Bengaluru,Karnataka,India,Bronze,2024-01-27,Paid Social,2024-01-27,9999-12-31,1
379,C0000340,Oliver,Patel,oliver.patel340@mail.example.com,M,1969-06-14,Ahmedabad,Gujarat,India,Bronze,2023-08-06,Walk-in,2023-08-06,9999-12-31,1
380,C0000341,Rahul,Mehta,rahul.mehta341@mail.example.com,F,2000-07-08,Delhi,Delhi,India,Bronze,2024-12-08,Organic Search,2024-12-08,2025-03-30,0
381,C0000341,Rahul,Mehta,rahul.mehta341@mail.example.com,F,2000-07-08,Delhi,Delhi,India,Silver,2024-12-08,Organic Search,2025-03-31,9999-12-31,1
382,C0000342,Ishita,Smith,ishita.smith342@mail.example.com,M,1982-03-09,Delhi,Delhi,India,Gold,2022-02-17,Referral,2022-02-17,9999-12-31,1
383,C0000343,Aarav,Walker,aarav.walker343@mail.example.com,Other,1976-06-24,Chennai,Tamil Nadu,India,Gold,2022-06-18,Marketplace,2022-06-18,9999-12-31,1
384,C0000344,Michael,Das,michael.das344@mail.example.com,F,1960-02-05,Mumbai,Maharashtra,India,Silver,2025-04-23,Walk-in,2025-04-23,2026-05-22,0
385,C0000344,Michael,Das,michael.das344@mail.example.com,F,1960-02-05,Mumbai,Maharashtra,India,Gold,2025-04-23,Walk-in,2026-05-23,9999-12-31,1
386,C0000345,James,Nguyen,james.nguyen345@mail.example.com,Other,1974-12-16,Kolkata,West Bengal,India,Platinum,2024-11-05,Paid Social,2024-11-05,9999-12-31,1
387,C0000346,Vikram,Ghosh,vikram.ghosh346@mail.example.com,Other,2003-09-12,Chennai,Tamil Nadu,India,Gold,2023-11-01,Email,2023-11-01,9999-12-31,1
388,C0000347,Rohan,Smith,rohan.smith347@mail.example.com,F,2005-01-06,Bengaluru,Karnataka,India,Silver,2026-08-26,Marketplace,2026-08-26,9999-12-31,1
389,C0000348,Priya,Silva,priya.silva348@mail.example.com,F,2002-07-16,Singapore,Singapore,Singapore,Silver,2023-02-19,Walk-in,2023-02-19,9999-12-31,1
390,C0000349,Amit,Taylor,amit.taylor349@mail.example.com,Other,1993-05-07,Guwahati,Assam,India,Bronze,2025-06-30,Paid Social,2025-06-30,9999-12-31,1
391,C0000350,Zara,Nguyen,zara.nguyen350@mail.example.com,F,1987-12-24,London,England,United Kingdom,Bronze,2026-02-09,Referral,2026-02-09,9999-12-31,1
392,C0000351,Ananya,Nair,ananya.nair351@mail.example.com,F,1973-01-21,Mumbai,Maharashtra,India,Bronze,2023-09-03,Referral,2023-09-03,9999-12-31,1
393,C0000352,Michael,Singh,michael.singh352@mail.example.com,Other,1989-02-01,Singapore,Singapore,Singapore,Silver,2023-05-11,Marketplace,2023-05-11,9999-12-31,1
394,C0000353,Wei,Kim,wei.kim353@mail.example.com,Other,1981-10-10,Chennai,Tamil Nadu,India,Bronze,2022-07-02,Organic Search,2022-07-02,9999-12-31,1
395,C0000354,Meera,Wong,meera.wong354@mail.example.com,F,1971-01-18,Singapore,Singapore,Singapore,Silver,2022-12-25,Walk-in,2022-12-25,9999-12-31,1
396,C0000355,Michael,Das,michael.das355@mail.example.com,Other,1983-04-11,New York,New York,United States,Bronze,2023-04-25,Walk-in,2023-04-25,9999-12-31,1
397,C0000356,Arjun,Rao,arjun.rao356@mail.example.com,M,1978-03-16,Mumbai,Maharashtra,India,Bronze,2025-11-13,Paid Social,2025-11-13,9999-12-31,1
398,C0000357,Vikram,Brown,vikram.brown357@mail.example.com,M,1996-05-01,Chennai,Tamil Nadu,India,Bronze,2023-01-09,Paid Social,2023-01-09,9999-12-31,1
399,C0000358,Arjun,Chatterjee,arjun.chatterjee358@mail.example.com,Other,1996-07-04,Bengaluru,Karnataka,India,Silver,2026-02-07,Paid Social,2026-02-07,9999-12-31,1
400,C0000359,Ananya,Bose,ananya.bose359@mail.example.com,M,1955-11-02,Bengaluru,Karnataka,India,Bronze,2022-03-27,Organic Search,2022-03-27,2026-07-11,0
401,C0000359,Ananya,Bose,ananya.bose359@mail.example.com,M,1955-11-02,Singapore,Singapore,Singapore,Silver,2022-03-27,Organic Search,2026-07-12,9999-12-31,1
402,C0000360,Ananya,Taylor,ananya.taylor360@mail.example.com,M,2000-02-07,Jaipur,Rajasthan,India,Bronze,2024-10-18,Walk-in,2024-10-18,9999-12-31,1
403,C0000361,Emily,Reddy,emily.reddy361@mail.example.com,F,1995-09-04,Delhi,Delhi,India,Bronze,2024-01-01,Organic Search,2024-01-01,9999-12-31,1
404,C0000362,Zara,Khan,zara.khan362@mail.example.com,M,1969-01-08,Bengaluru,Karnataka,India,Bronze,2021-01-05,Paid Social,2021-01-05,9999-12-31,1
405,C0000363,Zara,Walker,zara.walker363@mail.example.com,M,1986-03-04,Bengaluru,Karnataka,India,Bronze,2022-04-06,Referral,2022-04-06,2025-01-12,0
406,C0000363,Zara,Walker,zara.walker363@mail.example.com,M,1986-03-04,New York,New York,United States,Silver,2022-04-06,Referral,2025-01-13,9999-12-31,1
407,C0000364,Zara,Banerjee,zara.banerjee364@mail.example.com,M,1982-09-11,Hyderabad,Telangana,India,Silver,2022-12-31,Marketplace,2022-12-31,9999-12-31,1
408,C0000365,Ishita,Wilson,ishita.wilson365@mail.example.com,Other,1961-05-16,London,England,United Kingdom,Silver,2024-11-27,Referral,2024-11-27,9999-12-31,1
409,C0000366,Layla,Nguyen,layla.nguyen366@mail.example.com,F,1975-03-13,Singapore,Singapore,Singapore,Bronze,2022-08-24,Email,2022-08-24,2025-07-23,0
410,C0000366,Layla,Nguyen,layla.nguyen366@mail.example.com,F,1975-03-13,Singapore,Singapore,Singapore,Silver,2022-08-24,Email,2025-07-24,9999-12-31,1
411,C0000367,Rohan,Kapoor,rohan.kapoor367@mail.example.com,M,2004-07-12,Singapore,Singapore,Singapore,Bronze,2023-01-15,Email,2023-01-15,9999-12-31,1
412,C0000368,Sofia,Clarke,sofia.clarke368@mail.example.com,M,1979-07-18,Delhi,Delhi,India,Bronze,2023-10-05,Walk-in,2023-10-05,9999-12-31,1
413,C0000369,Amit,Chatterjee,amit.chatterjee369@mail.example.com,F,1988-10-25,Hyderabad,Telangana,India,Silver,2025-09-24,Marketplace,2025-09-24,9999-12-31,1
414,C0000370,Aarav,Gupta,aarav.gupta370@mail.example.com,F,1978-09-16,Singapore,Singapore,Singapore,Platinum,2021-03-12,Organic Search,2021-03-12,9999-12-31,1
415,C0000371,Layla,Ali,layla.ali371@mail.example.com,M,1973-08-05,Guwahati,Assam,India,Gold,2022-07-25,Walk-in,2022-07-25,9999-12-31,1
416,C0000372,Priya,Wong,priya.wong372@mail.example.com,M,1979-12-01,Mumbai,Maharashtra,India,Silver,2022-08-10,Email,2022-08-10,2023-10-04,0
417,C0000372,Priya,Wong,priya.wong372@mail.example.com,M,1979-12-01,Mumbai,Maharashtra,India,Gold,2022-08-10,Email,2023-10-05,9999-12-31,1
418,C0000373,Omar,Wilson,omar.wilson373@mail.example.com,F,1964-06-05,New York,New York,United States,Bronze,2021-05-04,Organic Search,2021-05-04,9999-12-31,1
419,C0000374,Arjun,Garcia,arjun.garcia374@mail.example.com,M,2002-09-23,Mumbai,Maharashtra,India,Gold,2022-07-28,Email,2022-07-28,9999-12-31,1
420,C0000375,Michael,Chen,michael.chen375@mail.example.com,Other,1964-01-21,Kolkata,West Bengal,India,Bronze,2022-04-01,Paid Social,2022-04-01,9999-12-31,1
421,C0000376,Kavya,Walker,kavya.walker376@mail.example.com,Other,1990-12-27,Austin,Texas,United States,Bronze,2026-02-04,Walk-in,2026-02-04,9999-12-31,1
422,C0000377,Noah,Nair,noah.nair377@mail.example.com,Other,1988-07-05,Delhi,Delhi,India,Silver,2022-01-12,Email,2022-01-12,2025-05-12,0
423,C0000377,Noah,Nair,noah.nair377@mail.example.com,Other,1988-07-05,Jaipur,Rajasthan,India,Gold,2022-01-12,Email,2025-05-13,9999-12-31,1
424,C0000378,Omar,Chatterjee,omar.chatterjee378@mail.example.com,F,1985-06-21,London,England,United Kingdom,Silver,2026-04-03,Email,2026-04-03,2026-07-18,0
425,C0000378,Omar,Chatterjee,omar.chatterjee378@mail.example.com,F,1985-06-21,London,England,United Kingdom,Gold,2026-04-03,Email,2026-07-19,9999-12-31,1
426,C0000379,Ananya,Iyer,ananya.iyer379@mail.example.com,F,1956-04-10,Kolkata,West Bengal,India,Bronze,2024-10-06,Organic Search,2024-10-06,9999-12-31,1
427,C0000380,Noah,Patel,noah.patel380@mail.example.com,Other,1995-01-08,Mumbai,Maharashtra,India,Bronze,2023-04-07,Walk-in,2023-04-07,2026-02-19,0
428,C0000380,Noah,Patel,noah.patel380@mail.example.com,Other,1995-01-08,Delhi,Delhi,India,Silver,2023-04-07,Walk-in,2026-02-20,9999-12-31,1
429,C0000381,Aarav,Mehta,aarav.mehta381@mail.example.com,M,1987-04-11,Jaipur,Rajasthan,India,Silver,2025-06-19,Marketplace,2025-06-19,9999-12-31,1
430,C0000382,Ananya,Kapoor,ananya.kapoor382@mail.example.com,Other,1961-09-26,Bengaluru,Karnataka,India,Silver,2026-08-25,Organic Search,2026-08-25,9999-12-31,1
431,C0000383,Layla,Ali,layla.ali383@mail.example.com,F,1964-11-15,Kolkata,West Bengal,India,Bronze,2022-10-23,Marketplace,2022-10-23,9999-12-31,1
432,C0000384,Vikram,Silva,vikram.silva384@mail.example.com,Other,2004-12-06,Pune,Maharashtra,India,Platinum,2022-07-31,Walk-in,2022-07-31,9999-12-31,1
433,C0000385,Oliver,Nguyen,oliver.nguyen385@mail.example.com,M,2005-03-11,Guwahati,Assam,India,Bronze,2026-01-07,Walk-in,2026-01-07,2026-08-28,0
434,C0000385,Oliver,Nguyen,oliver.nguyen385@mail.example.com,M,2005-03-11,Mumbai,Maharashtra,India,Silver,2026-01-07,Walk-in,2026-08-29,9999-12-31,1
435,C0000386,Rohan,Reddy,rohan.reddy386@mail.example.com,Other,1961-01-05,Hyderabad,Telangana,India,Silver,2026-07-31,Referral,2026-07-31,9999-12-31,1
436,C0000387,Zara,Chatterjee,zara.chatterjee387@mail.example.com,Other,1975-03-10,Chennai,Tamil Nadu,India,Bronze,2026-02-06,Referral,2026-02-06,9999-12-31,1
437,C0000388,Sneha,Chen,sneha.chen388@mail.example.com,F,1985-05-25,Guwahati,Assam,India,Gold,2023-11-23,Marketplace,2023-11-23,9999-12-31,1
438,C0000389,Emily,Banerjee,emily.banerjee389@mail.example.com,F,1980-07-28,Bengaluru,Karnataka,India,Silver,2024-03-20,Marketplace,2024-03-20,9999-12-31,1
439,C0000390,Hannah,Kapoor,hannah.kapoor390@mail.example.com,F,1987-08-09,Bengaluru,Karnataka,India,Gold,2025-08-20,Marketplace,2025-08-20,9999-12-31,1
440,C0000391,Mei,Silva,mei.silva391@mail.example.com,M,1964-02-10,Delhi,Delhi,India,Bronze,2021-02-02,Walk-in,2021-02-02,9999-12-31,1
441,C0000392,Layla,Rao,layla.rao392@mail.example.com,F,1984-08-21,Pune,Maharashtra,India,Bronze,2024-11-30,Email,2024-11-30,2025-05-18,0
442,C0000392,Layla,Rao,layla.rao392@mail.example.com,F,1984-08-21,Pune,Maharashtra,India,Silver,2024-11-30,Email,2025-05-19,9999-12-31,1
443,C0000393,Carlos,Ghosh,carlos.ghosh393@mail.example.com,F,1959-06-11,Mumbai,Maharashtra,India,Platinum,2024-09-08,Email,2024-09-08,9999-12-31,1
444,C0000394,Rahul,Rao,rahul.rao394@mail.example.com,F,1985-03-21,Kolkata,West Bengal,India,Bronze,2022-09-30,Walk-in,2022-09-30,9999-12-31,1
445,C0000395,Priya,Nguyen,priya.nguyen395@mail.example.com,Other,1985-04-02,London,England,United Kingdom,Bronze,2025-10-28,Organic Search,2025-10-28,9999-12-31,1
446,C0000396,Sneha,Chatterjee,sneha.chatterjee396@mail.example.com,M,1980-02-10,Mumbai,Maharashtra,India,Gold,2024-01-27,Email,2024-01-27,9999-12-31,1
447,C0000397,Rahul,Nair,rahul.nair397@mail.example.com,M,1982-06-25,London,England,United Kingdom,Bronze,2022-01-14,Paid Social,2022-01-14,9999-12-31,1
448,C0000398,Sophie,Chen,sophie.chen398@mail.example.com,Other,1977-12-19,Guwahati,Assam,India,Bronze,2025-11-25,Organic Search,2025-11-25,9999-12-31,1
449,C0000399,Rohan,Wong,rohan.wong399@mail.example.com,Other,1975-11-27,Pune,Maharashtra,India,Gold,2022-08-16,Marketplace,2022-08-16,9999-12-31,1
450,C0000400,Zara,Rao,zara.rao400@mail.example.com,M,1975-02-26,Austin,Texas,United States,Platinum,2026-08-08,Email,2026-08-08,9999-12-31,1
451,C0000401,James,Khan,james.khan401@mail.example.com,F,1995-10-04,Manchester,England,United Kingdom,Bronze,2026-01-15,Marketplace,2026-01-15,9999-12-31,1
452,C0000402,Sneha,Wilson,sneha.wilson402@mail.example.com,M,1968-04-22,Bengaluru,Karnataka,India,Silver,2024-11-26,Organic Search,2024-11-26,9999-12-31,1
453,C0000403,Zara,Patel,zara.patel403@mail.example.com,M,1999-08-21,Chennai,Tamil Nadu,India,Platinum,2022-05-26,Email,2022-05-26,9999-12-31,1
454,C0000404,Kavya,Johnson,kavya.johnson404@mail.example.com,Other,1962-03-15,Singapore,Singapore,Singapore,Bronze,2024-10-07,Paid Social,2024-10-07,9999-12-31,1
455,C0000405,Amit,Patel,amit.patel405@mail.example.com,F,1995-05-23,Manchester,England,United Kingdom,Silver,2025-11-27,Organic Search,2025-11-27,9999-12-31,1
456,C0000406,Michael,Sharma,michael.sharma406@mail.example.com,F,1961-08-24,Hyderabad,Telangana,India,Silver,2025-08-12,Walk-in,2025-08-12,9999-12-31,1
457,C0000407,Sofia,Banerjee,sofia.banerjee407@mail.example.com,F,1968-04-25,Pune,Maharashtra,India,Bronze,2025-09-19,Email,2025-09-19,9999-12-31,1
458,C0000408,Ananya,Mehta,ananya.mehta408@mail.example.com,F,1981-11-23,Singapore,Singapore,Singapore,Silver,2026-03-16,Email,2026-03-16,9999-12-31,1
459,C0000409,Oliver,Patel,oliver.patel409@mail.example.com,F,1974-07-22,Delhi,Delhi,India,Bronze,2023-12-20,Email,2023-12-20,2024-07-23,0
460,C0000409,Oliver,Patel,oliver.patel409@mail.example.com,F,1974-07-22,Delhi,Delhi,India,Silver,2023-12-20,Email,2024-07-24,9999-12-31,1
461,C0000410,Oliver,Khan,oliver.khan410@mail.example.com,Other,1976-03-19,Jaipur,Rajasthan,India,Platinum,2024-07-24,Paid Social,2024-07-24,9999-12-31,1
462,C0000411,Michael,Bose,michael.bose411@mail.example.com,M,1963-11-13,London,England,United Kingdom,Platinum,2025-10-24,Paid Social,2025-10-24,9999-12-31,1
463,C0000412,Kavya,Singh,kavya.singh412@mail.example.com,Other,1987-02-21,Kolkata,West Bengal,India,Silver,2022-06-02,Email,2022-06-02,9999-12-31,1
464,C0000413,Sneha,Kapoor,sneha.kapoor413@mail.example.com,F,1956-07-01,Mumbai,Maharashtra,India,Silver,2022-01-18,Walk-in,2022-01-18,2026-03-18,0
465,C0000413,Sneha,Kapoor,sneha.kapoor413@mail.example.com,F,1956-07-01,Mumbai,Maharashtra,India,Gold,2022-01-18,Walk-in,2026-03-19,9999-12-31,1
466,C0000414,Amit,Sharma,amit.sharma414@mail.example.com,F,1984-11-21,Jaipur,Rajasthan,India,Silver,2022-06-19,Paid Social,2022-06-19,9999-12-31,1
467,C0000415,Vikram,Taylor,vikram.taylor415@mail.example.com,F,2004-05-22,Manchester,England,United Kingdom,Bronze,2025-03-29,Organic Search,2025-03-29,9999-12-31,1
468,C0000416,Daniel,Ali,daniel.ali416@mail.example.com,F,1993-02-04,Kolkata,West Bengal,India,Bronze,2026-02-24,Referral,2026-02-24,2026-08-28,0
469,C0000416,Daniel,Ali,daniel.ali416@mail.example.com,F,1993-02-04,Kolkata,West Bengal,India,Silver,2026-02-24,Referral,2026-08-29,9999-12-31,1
470,C0000417,Vikram,Bose,vikram.bose417@mail.example.com,F,1981-02-16,Kolkata,West Bengal,India,Platinum,2021-03-31,Organic Search,2021-03-31,9999-12-31,1
471,C0000418,Sourav,Clarke,sourav.clarke418@mail.example.com,Other,1966-05-01,New York,New York,United States,Gold,2022-10-22,Marketplace,2022-10-22,9999-12-31,1
472,C0000419,Ananya,Kapoor,ananya.kapoor419@mail.example.com,Other,1994-10-18,Singapore,Singapore,Singapore,Bronze,2026-06-06,Walk-in,2026-06-06,9999-12-31,1
473,C0000420,Hannah,Sharma,hannah.sharma420@mail.example.com,M,1968-06-04,Chennai,Tamil Nadu,India,Gold,2022-09-17,Organic Search,2022-09-17,2023-08-18,0
474,C0000420,Hannah,Sharma,hannah.sharma420@mail.example.com,M,1968-06-04,Chennai,Tamil Nadu,India,Platinum,2022-09-17,Organic Search,2023-08-19,9999-12-31,1
475,C0000421,Rahul,Das,rahul.das421@mail.example.com,Other,1977-12-18,Chennai,Tamil Nadu,India,Silver,2022-01-12,Email,2022-01-12,9999-12-31,1
476,C0000422,Amit,Nguyen,amit.nguyen422@mail.example.com,M,1967-11-28,Mumbai,Maharashtra,India,Gold,2022-12-10,Referral,2022-12-10,2026-06-16,0
477,C0000422,Amit,Nguyen,amit.nguyen422@mail.example.com,M,1967-11-28,London,England,United Kingdom,Platinum,2022-12-10,Referral,2026-06-17,9999-12-31,1
478,C0000423,Emily,Ghosh,emily.ghosh423@mail.example.com,F,1993-12-09,New York,New York,United States,Gold,2025-10-02,Walk-in,2025-10-02,9999-12-31,1
479,C0000424,Daniel,Mehta,daniel.mehta424@mail.example.com,Other,1983-03-02,Bengaluru,Karnataka,India,Platinum,2021-09-21,Referral,2021-09-21,9999-12-31,1
480,C0000425,Zara,Clarke,zara.clarke425@mail.example.com,M,1980-01-04,Austin,Texas,United States,Bronze,2024-12-13,Referral,2024-12-13,9999-12-31,1
481,C0000426,Rohan,Gupta,rohan.gupta426@mail.example.com,F,1964-06-04,Pune,Maharashtra,India,Bronze,2025-03-04,Marketplace,2025-03-04,9999-12-31,1
482,C0000427,Daniel,Silva,daniel.silva427@mail.example.com,Other,1990-02-13,Delhi,Delhi,India,Bronze,2023-08-11,Paid Social,2023-08-11,9999-12-31,1
483,C0000428,Wei,Wilson,wei.wilson428@mail.example.com,M,1991-11-14,Austin,Texas,United States,Silver,2021-11-03,Email,2021-11-03,9999-12-31,1
484,C0000429,Priya,Silva,priya.silva429@mail.example.com,Other,1972-07-04,Chennai,Tamil Nadu,India,Bronze,2021-07-11,Paid Social,2021-07-11,9999-12-31,1
485,C0000430,Daniel,Sharma,daniel.sharma430@mail.example.com,F,1984-05-05,Delhi,Delhi,India,Gold,2021-01-20,Email,2021-01-20,9999-12-31,1
486,C0000431,Priya,Kapoor,priya.kapoor431@mail.example.com,M,1985-02-27,Pune,Maharashtra,India,Gold,2021-10-12,Marketplace,2021-10-12,9999-12-31,1
487,C0000432,Amit,Chatterjee,amit.chatterjee432@mail.example.com,M,1986-10-02,Hyderabad,Telangana,India,Bronze,2024-07-06,Marketplace,2024-07-06,9999-12-31,1
488,C0000433,Noah,Iyer,noah.iyer433@mail.example.com,F,1956-04-02,Manchester,England,United Kingdom,Gold,2022-02-25,Paid Social,2022-02-25,9999-12-31,1
489,C0000434,Mei,Ghosh,mei.ghosh434@mail.example.com,F,1967-12-26,Mumbai,Maharashtra,India,Bronze,2021-12-27,Walk-in,2021-12-27,9999-12-31,1
490,C0000435,Rahul,Kim,rahul.kim435@mail.example.com,Other,1958-05-03,Guwahati,Assam,India,Bronze,2022-03-30,Marketplace,2022-03-30,9999-12-31,1
491,C0000436,Wei,Nair,wei.nair436@mail.example.com,M,1962-03-11,New York,New York,United States,Gold,2026-03-03,Walk-in,2026-03-03,9999-12-31,1
492,C0000437,Oliver,Johnson,oliver.johnson437@mail.example.com,M,1997-08-09,Delhi,Delhi,India,Bronze,2026-05-12,Marketplace,2026-05-12,9999-12-31,1
493,C0000438,Ishita,Chen,ishita.chen438@mail.example.com,F,1997-11-24,Kolkata,West Bengal,India,Gold,2023-09-20,Marketplace,2023-09-20,2025-04-07,0
494,C0000438,Ishita,Chen,ishita.chen438@mail.example.com,F,1997-11-24,Kolkata,West Bengal,India,Platinum,2023-09-20,Marketplace,2025-04-08,9999-12-31,1
495,C0000439,Omar,Bose,omar.bose439@mail.example.com,Other,1976-04-27,Mumbai,Maharashtra,India,Silver,2022-03-05,Walk-in,2022-03-05,9999-12-31,1
496,C0000440,Ishita,Chen,ishita.chen440@mail.example.com,M,1987-02-05,Bengaluru,Karnataka,India,Bronze,2022-09-23,Referral,2022-09-23,9999-12-31,1
497,C0000441,Oliver,Gupta,oliver.gupta441@mail.example.com,Other,1959-05-14,Guwahati,Assam,India,Bronze,2023-02-09,Referral,2023-02-09,9999-12-31,1
498,C0000442,Zara,Iyer,zara.iyer442@mail.example.com,Other,1956-08-06,Jaipur,Rajasthan,India,Bronze,2023-09-13,Email,2023-09-13,9999-12-31,1
499,C0000443,Ananya,Nguyen,ananya.nguyen443@mail.example.com,Other,1982-04-05,Chennai,Tamil Nadu,India,Bronze,2024-12-22,Email,2024-12-22,9999-12-31,1
500,C0000444,Debjani,Iyer,debjani.iyer444@mail.example.com,F,2001-07-07,Kolkata,West Bengal,India,Bronze,2025-04-16,Email,2025-04-16,9999-12-31,1
501,C0000445,Emily,Johnson,emily.johnson445@mail.example.com,F,1996-04-04,Bengaluru,Karnataka,India,Bronze,2021-07-24,Organic Search,2021-07-24,9999-12-31,1
502,C0000446,Sophie,Iyer,sophie.iyer446@mail.example.com,M,1980-07-04,Delhi,Delhi,India,Bronze,2025-07-16,Marketplace,2025-07-16,9999-12-31,1
503,C0000447,Vikram,Mehta,vikram.mehta447@mail.example.com,Other,2001-01-04,Pune,Maharashtra,India,Bronze,2024-03-25,Marketplace,2024-03-25,9999-12-31,1
504,C0000448,Noah,Chen,noah.chen448@mail.example.com,F,1998-02-06,Delhi,Delhi,India,Bronze,2024-07-14,Email,2024-07-14,9999-12-31,1
505,C0000449,Kavya,Kapoor,kavya.kapoor449@mail.example.com,Other,1959-03-22,Kolkata,West Bengal,India,Silver,2023-12-17,Organic Search,2023-12-17,9999-12-31,1
506,C0000450,Aarav,Smith,aarav.smith450@mail.example.com,M,1962-01-27,New York,New York,United States,Bronze,2026-04-20,Marketplace,2026-04-20,9999-12-31,1
507,C0000451,Sneha,Garcia,sneha.garcia451@mail.example.com,M,1961-05-26,Mumbai,Maharashtra,India,Silver,2022-01-20,Email,2022-01-20,9999-12-31,1
508,C0000452,Rahul,Walker,rahul.walker452@mail.example.com,M,1984-01-27,Chennai,Tamil Nadu,India,Bronze,2025-02-01,Marketplace,2025-02-01,9999-12-31,1
509,C0000453,Layla,Ali,layla.ali453@mail.example.com,F,1962-05-22,New York,New York,United States,Bronze,2026-06-07,Marketplace,2026-06-07,9999-12-31,1
510,C0000454,Meera,Walker,meera.walker454@mail.example.com,M,1986-01-08,Singapore,Singapore,Singapore,Silver,2025-01-03,Marketplace,2025-01-03,9999-12-31,1
511,C0000455,Vikram,Nguyen,vikram.nguyen455@mail.example.com,Other,1972-11-22,Austin,Texas,United States,Bronze,2022-03-19,Email,2022-03-19,9999-12-31,1
512,C0000456,Debjani,Kim,debjani.kim456@mail.example.com,Other,1972-05-07,Delhi,Delhi,India,Bronze,2025-09-06,Walk-in,2025-09-06,9999-12-31,1
513,C0000457,Kavya,Silva,kavya.silva457@mail.example.com,F,1973-02-01,Bengaluru,Karnataka,India,Bronze,2024-11-22,Marketplace,2024-11-22,9999-12-31,1
514,C0000458,Ishita,Wilson,ishita.wilson458@mail.example.com,F,1974-08-10,Hyderabad,Telangana,India,Bronze,2022-10-29,Referral,2022-10-29,9999-12-31,1
515,C0000459,Omar,Brown,omar.brown459@mail.example.com,F,1974-01-14,Mumbai,Maharashtra,India,Bronze,2026-06-24,Organic Search,2026-06-24,9999-12-31,1
516,C0000460,Ishita,Silva,ishita.silva460@mail.example.com,F,1960-12-09,Manchester,England,United Kingdom,Bronze,2022-09-28,Marketplace,2022-09-28,9999-12-31,1
517,C0000461,Ishita,Singh,ishita.singh461@mail.example.com,F,1970-11-21,Kolkata,West Bengal,India,Bronze,2024-12-23,Email,2024-12-23,9999-12-31,1
518,C0000462,Hannah,Patel,hannah.patel462@mail.example.com,F,1998-06-26,Mumbai,Maharashtra,India,Silver,2025-11-21,Marketplace,2025-11-21,9999-12-31,1
519,C0000463,Vikram,Patel,vikram.patel463@mail.example.com,M,1991-11-15,Delhi,Delhi,India,Bronze,2024-05-02,Email,2024-05-02,2025-12-21,0
520,C0000463,Vikram,Patel,vikram.patel463@mail.example.com,M,1991-11-15,Delhi,Delhi,India,Silver,2024-05-02,Email,2025-12-22,9999-12-31,1
521,C0000464,Wei,Mehta,wei.mehta464@mail.example.com,F,1984-07-14,Bengaluru,Karnataka,India,Bronze,2025-10-18,Walk-in,2025-10-18,9999-12-31,1
522,C0000465,Carlos,Reddy,carlos.reddy465@mail.example.com,Other,2005-04-19,Hyderabad,Telangana,India,Bronze,2024-05-23,Paid Social,2024-05-23,9999-12-31,1
523,C0000466,Ishita,Banerjee,ishita.banerjee466@mail.example.com,M,1963-07-22,Jaipur,Rajasthan,India,Bronze,2025-05-28,Walk-in,2025-05-28,9999-12-31,1
524,C0000467,Rahul,Khan,rahul.khan467@mail.example.com,M,1976-10-04,Singapore,Singapore,Singapore,Gold,2022-03-15,Walk-in,2022-03-15,9999-12-31,1
525,C0000468,Ananya,Wong,ananya.wong468@mail.example.com,M,1999-04-17,Hyderabad,Telangana,India,Bronze,2021-08-06,Marketplace,2021-08-06,2024-01-11,0
526,C0000468,Ananya,Wong,ananya.wong468@mail.example.com,M,1999-04-17,Delhi,Delhi,India,Silver,2021-08-06,Marketplace,2024-01-12,9999-12-31,1
527,C0000469,Aarav,Silva,aarav.silva469@mail.example.com,Other,1962-02-01,Chennai,Tamil Nadu,India,Bronze,2023-04-03,Organic Search,2023-04-03,2024-07-23,0
528,C0000469,Aarav,Silva,aarav.silva469@mail.example.com,Other,1962-02-01,Kolkata,West Bengal,India,Silver,2023-04-03,Organic Search,2024-07-24,9999-12-31,1
529,C0000470,Amit,Banerjee,amit.banerjee470@mail.example.com,M,1980-08-06,Austin,Texas,United States,Gold,2024-05-13,Walk-in,2024-05-13,9999-12-31,1
530,C0000471,Layla,Walker,layla.walker471@mail.example.com,Other,1964-11-01,Hyderabad,Telangana,India,Bronze,2025-11-06,Marketplace,2025-11-06,9999-12-31,1
531,C0000472,Wei,Taylor,wei.taylor472@mail.example.com,M,1973-05-22,Mumbai,Maharashtra,India,Bronze,2026-05-22,Walk-in,2026-05-22,9999-12-31,1
532,C0000473,Amit,Chen,amit.chen473@mail.example.com,F,1981-07-05,London,England,United Kingdom,Bronze,2026-03-16,Email,2026-03-16,9999-12-31,1
533,C0000474,Ishita,Banerjee,ishita.banerjee474@mail.example.com,M,1957-06-05,Pune,Maharashtra,India,Bronze,2025-12-26,Marketplace,2025-12-26,9999-12-31,1
534,C0000475,Debjani,Johnson,debjani.johnson475@mail.example.com,F,1968-06-23,Manchester,England,United Kingdom,Bronze,2026-08-24,Walk-in,2026-08-24,9999-12-31,1
535,C0000476,Michael,Wong,michael.wong476@mail.example.com,M,2000-03-09,Hyderabad,Telangana,India,Silver,2026-02-26,Marketplace,2026-02-26,9999-12-31,1
536,C0000477,Omar,Clarke,omar.clarke477@mail.example.com,Other,1993-11-06,Chennai,Tamil Nadu,India,Silver,2026-04-17,Walk-in,2026-04-17,9999-12-31,1
537,C0000478,Sourav,Brown,sourav.brown478@mail.example.com,F,1992-10-27,Austin,Texas,United States,Bronze,2024-11-26,Organic Search,2024-11-26,9999-12-31,1
538,C0000479,Ananya,Walker,ananya.walker479@mail.example.com,F,1975-04-25,Kolkata,West Bengal,India,Gold,2026-05-06,Marketplace,2026-05-06,2026-08-29,0
539,C0000479,Ananya,Walker,ananya.walker479@mail.example.com,F,1975-04-25,New York,New York,United States,Platinum,2026-05-06,Marketplace,2026-08-30,9999-12-31,1
540,C0000480,Kavya,Nguyen,kavya.nguyen480@mail.example.com,M,1962-01-28,Kolkata,West Bengal,India,Silver,2023-10-23,Email,2023-10-23,9999-12-31,1
541,C0000481,Noah,Nair,noah.nair481@mail.example.com,F,1979-03-21,Delhi,Delhi,India,Silver,2026-01-16,Paid Social,2026-01-16,9999-12-31,1
542,C0000482,Ishita,Singh,ishita.singh482@mail.example.com,Other,1982-09-26,Mumbai,Maharashtra,India,Silver,2022-10-26,Organic Search,2022-10-26,2023-09-14,0
543,C0000482,Ishita,Singh,ishita.singh482@mail.example.com,Other,1982-09-26,London,England,United Kingdom,Gold,2022-10-26,Organic Search,2023-09-15,9999-12-31,1
544,C0000483,Debjani,Garcia,debjani.garcia483@mail.example.com,Other,1976-03-22,Bengaluru,Karnataka,India,Silver,2021-10-22,Marketplace,2021-10-22,9999-12-31,1
545,C0000484,Vikram,Brown,vikram.brown484@mail.example.com,F,1977-06-20,London,England,United Kingdom,Gold,2026-08-14,Paid Social,2026-08-14,9999-12-31,1
546,C0000485,Layla,Chatterjee,layla.chatterjee485@mail.example.com,F,2005-09-10,Hyderabad,Telangana,India,Bronze,2022-06-05,Email,2022-06-05,2026-03-12,0
547,C0000485,Layla,Chatterjee,layla.chatterjee485@mail.example.com,F,2005-09-10,Mumbai,Maharashtra,India,Silver,2022-06-05,Email,2026-03-13,9999-12-31,1
548,C0000486,Noah,Khan,noah.khan486@mail.example.com,F,1959-03-10,Delhi,Delhi,India,Bronze,2025-01-05,Walk-in,2025-01-05,9999-12-31,1
549,C0000487,Oliver,Patel,oliver.patel487@mail.example.com,Other,1989-12-04,Bengaluru,Karnataka,India,Silver,2021-08-21,Referral,2021-08-21,2025-01-21,0
550,C0000487,Oliver,Patel,oliver.patel487@mail.example.com,Other,1989-12-04,Mumbai,Maharashtra,India,Gold,2021-08-21,Referral,2025-01-22,9999-12-31,1
551,C0000488,Priya,Reddy,priya.reddy488@mail.example.com,Other,2003-11-02,Mumbai,Maharashtra,India,Bronze,2024-09-12,Organic Search,2024-09-12,9999-12-31,1
552,C0000489,Carlos,Silva,carlos.silva489@mail.example.com,Other,1981-10-24,Kolkata,West Bengal,India,Silver,2021-10-17,Organic Search,2021-10-17,9999-12-31,1
553,C0000490,Mei,Banerjee,mei.banerjee490@mail.example.com,M,1987-04-21,Kolkata,West Bengal,India,Bronze,2026-07-28,Email,2026-07-28,9999-12-31,1
554,C0000491,Meera,Sharma,meera.sharma491@mail.example.com,Other,2004-04-18,Austin,Texas,United States,Silver,2021-04-18,Email,2021-04-18,9999-12-31,1
555,C0000492,Emily,Banerjee,emily.banerjee492@mail.example.com,F,1999-03-14,Bengaluru,Karnataka,India,Silver,2025-03-26,Walk-in,2025-03-26,2025-07-23,0
556,C0000492,Emily,Banerjee,emily.banerjee492@mail.example.com,F,1999-03-14,Bengaluru,Karnataka,India,Gold,2025-03-26,Walk-in,2025-07-24,9999-12-31,1
557,C0000493,Debjani,Mehta,debjani.mehta493@mail.example.com,F,1958-04-08,Mumbai,Maharashtra,India,Bronze,2025-11-24,Organic Search,2025-11-24,9999-12-31,1
558,C0000494,Sofia,Silva,sofia.silva494@mail.example.com,F,1955-12-08,Chennai,Tamil Nadu,India,Gold,2021-07-07,Organic Search,2021-07-07,2024-03-04,0
559,C0000494,Sofia,Silva,sofia.silva494@mail.example.com,F,1955-12-08,Delhi,Delhi,India,Platinum,2021-07-07,Organic Search,2024-03-05,9999-12-31,1
560,C0000495,Zara,Singh,zara.singh495@mail.example.com,F,1993-07-16,Singapore,Singapore,Singapore,Silver,2022-06-16,Marketplace,2022-06-16,2026-03-18,0
561,C0000495,Zara,Singh,zara.singh495@mail.example.com,F,1993-07-16,Ahmedabad,Gujarat,India,Gold,2022-06-16,Marketplace,2026-03-19,9999-12-31,1
562,C0000496,Zara,Nguyen,zara.nguyen496@mail.example.com,Other,2000-05-12,Manchester,England,United Kingdom,Silver,2025-12-22,Referral,2025-12-22,9999-12-31,1
563,C0000497,Sourav,Chen,sourav.chen497@mail.example.com,M,1958-06-14,Chennai,Tamil Nadu,India,Silver,2022-03-04,Walk-in,2022-03-04,9999-12-31,1
564,C0000498,Arjun,Khan,arjun.khan498@mail.example.com,Other,1974-12-18,Singapore,Singapore,Singapore,Bronze,2023-08-03,Referral,2023-08-03,9999-12-31,1
565,C0000499,Meera,Chen,meera.chen499@mail.example.com,M,1962-01-16,Bengaluru,Karnataka,India,Gold,2026-02-02,Referral,2026-02-02,9999-12-31,1
566,C0000500,Rohan,Banerjee,rohan.banerjee500@mail.example.com,F,1986-01-28,Delhi,Delhi,India,Bronze,2025-04-22,Email,2025-04-22,9999-12-31,1
567,C0000501,Chloe,Ghosh,chloe.ghosh501@mail.example.com,Other,1957-09-25,Chennai,Tamil Nadu,India,Bronze,2024-06-03,Organic Search,2024-06-03,9999-12-31,1
568,C0000502,Omar,Nguyen,omar.nguyen502@mail.example.com,M,2003-01-11,Delhi,Delhi,India,Silver,2023-06-06,Walk-in,2023-06-06,9999-12-31,1
569,C0000503,Noah,Wong,noah.wong503@mail.example.com,Other,1990-07-24,Jaipur,Rajasthan,India,Gold,2022-03-24,Referral,2022-03-24,9999-12-31,1
570,C0000504,Daniel,Garcia,daniel.garcia504@mail.example.com,F,1979-08-24,Chennai,Tamil Nadu,India,Platinum,2022-10-28,Paid Social,2022-10-28,9999-12-31,1
571,C0000505,Chloe,Das,chloe.das505@mail.example.com,F,2004-09-10,Kolkata,West Bengal,India,Bronze,2023-10-21,Email,2023-10-21,9999-12-31,1
572,C0000506,Chloe,Das,chloe.das506@mail.example.com,F,1962-05-19,Guwahati,Assam,India,Silver,2021-02-20,Referral,2021-02-20,9999-12-31,1
573,C0000507,Aarav,Rao,aarav.rao507@mail.example.com,F,1985-11-28,Kolkata,West Bengal,India,Silver,2025-01-09,Email,2025-01-09,9999-12-31,1
574,C0000508,Zara,Wilson,zara.wilson508@mail.example.com,M,1983-03-09,Chennai,Tamil Nadu,India,Silver,2021-09-20,Referral,2021-09-20,9999-12-31,1
575,C0000509,Michael,Nair,michael.nair509@mail.example.com,Other,1969-02-21,Mumbai,Maharashtra,India,Bronze,2021-07-23,Marketplace,2021-07-23,9999-12-31,1
576,C0000510,Priya,Taylor,priya.taylor510@mail.example.com,Other,2000-05-09,Ahmedabad,Gujarat,India,Bronze,2021-09-07,Referral,2021-09-07,9999-12-31,1
577,C0000511,Debjani,Iyer,debjani.iyer511@mail.example.com,Other,1962-09-03,Kolkata,West Bengal,India,Bronze,2025-12-23,Referral,2025-12-23,9999-12-31,1
578,C0000512,Kavya,Chatterjee,kavya.chatterjee512@mail.example.com,M,1964-01-11,Pune,Maharashtra,India,Silver,2024-03-05,Referral,2024-03-05,9999-12-31,1
579,C0000513,Debjani,Smith,debjani.smith513@mail.example.com,F,1994-01-06,Austin,Texas,United States,Bronze,2024-04-19,Referral,2024-04-19,9999-12-31,1
580,C0000514,Hannah,Gupta,hannah.gupta514@mail.example.com,M,2005-10-23,London,England,United Kingdom,Bronze,2026-09-13,Paid Social,2026-09-13,9999-12-31,1
581,C0000515,Mei,Reddy,mei.reddy515@mail.example.com,Other,1959-04-19,Bengaluru,Karnataka,India,Bronze,2021-11-18,Walk-in,2021-11-18,9999-12-31,1
582,C0000516,Mei,Iyer,mei.iyer516@mail.example.com,M,1993-08-22,Manchester,England,United Kingdom,Bronze,2021-07-30,Email,2021-07-30,9999-12-31,1
583,C0000517,Ishita,Nguyen,ishita.nguyen517@mail.example.com,F,2004-06-08,Delhi,Delhi,India,Bronze,2023-09-23,Marketplace,2023-09-23,9999-12-31,1
584,C0000518,Zara,Ghosh,zara.ghosh518@mail.example.com,M,1990-09-03,Bengaluru,Karnataka,India,Gold,2024-12-12,Marketplace,2024-12-12,9999-12-31,1
585,C0000519,Kavya,Singh,kavya.singh519@mail.example.com,Other,1989-04-25,Hyderabad,Telangana,India,Gold,2022-05-29,Marketplace,2022-05-29,9999-12-31,1
586,C0000520,Sofia,Patel,sofia.patel520@mail.example.com,Other,1960-07-14,Delhi,Delhi,India,Bronze,2022-04-29,Paid Social,2022-04-29,9999-12-31,1
587,C0000521,Vikram,Kim,vikram.kim521@mail.example.com,Other,1955-03-04,Mumbai,Maharashtra,India,Bronze,2026-02-03,Walk-in,2026-02-03,9999-12-31,1
588,C0000522,Arjun,Ali,arjun.ali522@mail.example.com,Other,1956-12-06,Kolkata,West Bengal,India,Platinum,2025-11-03,Paid Social,2025-11-03,9999-12-31,1
589,C0000523,Zara,Ghosh,zara.ghosh523@mail.example.com,M,1999-09-08,Delhi,Delhi,India,Silver,2025-07-06,Organic Search,2025-07-06,9999-12-31,1
590,C0000524,Daniel,Wilson,daniel.wilson524@mail.example.com,Other,1959-12-12,Hyderabad,Telangana,India,Gold,2021-07-05,Email,2021-07-05,9999-12-31,1
591,C0000525,Ishita,Garcia,ishita.garcia525@mail.example.com,F,2001-03-24,Bengaluru,Karnataka,India,Silver,2022-07-06,Walk-in,2022-07-06,9999-12-31,1
592,C0000526,Daniel,Mehta,daniel.mehta526@mail.example.com,Other,1979-06-15,Pune,Maharashtra,India,Bronze,2026-02-01,Marketplace,2026-02-01,9999-12-31,1
593,C0000527,Meera,Patel,meera.patel527@mail.example.com,M,1991-09-17,Chennai,Tamil Nadu,India,Silver,2021-07-17,Email,2021-07-17,9999-12-31,1
594,C0000528,Sneha,Reddy,sneha.reddy528@mail.example.com,M,1982-09-09,Kolkata,West Bengal,India,Silver,2023-05-13,Walk-in,2023-05-13,2025-02-13,0
595,C0000528,Sneha,Reddy,sneha.reddy528@mail.example.com,M,1982-09-09,Delhi,Delhi,India,Gold,2023-05-13,Walk-in,2025-02-14,9999-12-31,1
596,C0000529,Meera,Kim,meera.kim529@mail.example.com,F,1993-02-08,Mumbai,Maharashtra,India,Silver,2023-11-29,Paid Social,2023-11-29,9999-12-31,1
597,C0000530,Carlos,Nair,carlos.nair530@mail.example.com,F,1989-09-26,Kolkata,West Bengal,India,Bronze,2021-06-12,Email,2021-06-12,9999-12-31,1
598,C0000531,Daniel,Ghosh,daniel.ghosh531@mail.example.com,M,1984-05-04,Ahmedabad,Gujarat,India,Silver,2022-06-01,Organic Search,2022-06-01,9999-12-31,1
599,C0000532,Rohan,Ali,rohan.ali532@mail.example.com,Other,2001-11-04,Mumbai,Maharashtra,India,Platinum,2024-02-15,Organic Search,2024-02-15,9999-12-31,1
600,C0000533,Sourav,Nair,sourav.nair533@mail.example.com,Other,1984-11-24,Chennai,Tamil Nadu,India,Bronze,2024-02-05,Organic Search,2024-02-05,9999-12-31,1
601,C0000534,Priya,Ghosh,priya.ghosh534@mail.example.com,F,1967-09-22,Kolkata,West Bengal,India,Gold,2024-07-24,Marketplace,2024-07-24,9999-12-31,1
602,C0000535,Meera,Reddy,meera.reddy535@mail.example.com,F,1998-04-09,Hyderabad,Telangana,India,Bronze,2023-06-21,Email,2023-06-21,9999-12-31,1
603,C0000536,Vikram,Clarke,vikram.clarke536@mail.example.com,F,1955-07-03,New York,New York,United States,Bronze,2023-05-28,Walk-in,2023-05-28,9999-12-31,1
604,C0000537,Wei,Das,wei.das537@mail.example.com,M,1995-06-16,Hyderabad,Telangana,India,Bronze,2023-08-20,Paid Social,2023-08-20,9999-12-31,1
605,C0000538,Chloe,Smith,chloe.smith538@mail.example.com,F,1993-06-18,Chennai,Tamil Nadu,India,Bronze,2025-05-26,Organic Search,2025-05-26,2026-08-14,0
606,C0000538,Chloe,Smith,chloe.smith538@mail.example.com,F,1993-06-18,Chennai,Tamil Nadu,India,Silver,2025-05-26,Organic Search,2026-08-15,9999-12-31,1
607,C0000539,James,Kapoor,james.kapoor539@mail.example.com,F,1962-03-15,Delhi,Delhi,India,Platinum,2025-10-07,Marketplace,2025-10-07,9999-12-31,1
608,C0000540,Arjun,Garcia,arjun.garcia540@mail.example.com,M,1993-07-22,New York,New York,United States,Bronze,2026-06-27,Referral,2026-06-27,9999-12-31,1
609,C0000541,Sofia,Ghosh,sofia.ghosh541@mail.example.com,M,1971-11-11,Kolkata,West Bengal,India,Bronze,2024-08-16,Email,2024-08-16,9999-12-31,1
610,C0000542,Rahul,Smith,rahul.smith542@mail.example.com,Other,1995-01-10,Ahmedabad,Gujarat,India,Bronze,2024-10-23,Paid Social,2024-10-23,9999-12-31,1
611,C0000543,Carlos,Clarke,carlos.clarke543@mail.example.com,F,1963-10-18,Mumbai,Maharashtra,India,Bronze,2024-09-12,Marketplace,2024-09-12,9999-12-31,1
612,C0000544,Wei,Kapoor,wei.kapoor544@mail.example.com,F,1996-01-17,New York,New York,United States,Bronze,2021-09-17,Walk-in,2021-09-17,9999-12-31,1
613,C0000545,Amit,Ali,amit.ali545@mail.example.com,Other,1965-06-11,Ahmedabad,Gujarat,India,Bronze,2024-04-03,Walk-in,2024-04-03,9999-12-31,1
614,C0000546,Layla,Sharma,layla.sharma546@mail.example.com,M,1987-07-26,Jaipur,Rajasthan,India,Bronze,2022-02-24,Paid Social,2022-02-24,9999-12-31,1
615,C0000547,Carlos,Chen,carlos.chen547@mail.example.com,M,2002-02-27,Delhi,Delhi,India,Silver,2024-01-21,Marketplace,2024-01-21,2026-04-17,0
616,C0000547,Carlos,Chen,carlos.chen547@mail.example.com,M,2002-02-27,Delhi,Delhi,India,Gold,2024-01-21,Marketplace,2026-04-18,9999-12-31,1
617,C0000548,Rohan,Chatterjee,rohan.chatterjee548@mail.example.com,F,1956-01-24,Chennai,Tamil Nadu,India,Gold,2025-08-29,Walk-in,2025-08-29,2026-08-24,0
618,C0000548,Rohan,Chatterjee,rohan.chatterjee548@mail.example.com,F,1956-01-24,Chennai,Tamil Nadu,India,Platinum,2025-08-29,Walk-in,2026-08-25,9999-12-31,1
619,C0000549,Hannah,Ali,hannah.ali549@mail.example.com,M,1982-09-24,Delhi,Delhi,India,Bronze,2024-08-18,Referral,2024-08-18,9999-12-31,1
620,C0000550,Michael,Brown,michael.brown550@mail.example.com,M,1982-02-08,Bengaluru,Karnataka,India,Platinum,2024-04-07,Walk-in,2024-04-07,9999-12-31,1
621,C0000551,Sophie,Johnson,sophie.johnson551@mail.example.com,Other,1986-12-13,Delhi,Delhi,India,Platinum,2021-03-12,Walk-in,2021-03-12,2024-06-01,0
622,C0000551,Sophie,Johnson,sophie.johnson551@mail.example.com,Other,1986-12-13,Delhi,Delhi,India,Platinum,2021-03-12,Walk-in,2024-06-02,9999-12-31,1
623,C0000552,Carlos,Singh,carlos.singh552@mail.example.com,Other,1991-02-21,Bengaluru,Karnataka,India,Bronze,2026-05-07,Paid Social,2026-05-07,9999-12-31,1
624,C0000553,Sneha,Gupta,sneha.gupta553@mail.example.com,M,1992-04-03,New York,New York,United States,Bronze,2026-06-30,Walk-in,2026-06-30,9999-12-31,1
625,C0000554,Carlos,Singh,carlos.singh554@mail.example.com,F,1971-07-10,Kolkata,West Bengal,India,Silver,2026-07-15,Paid Social,2026-07-15,9999-12-31,1
626,C0000555,Kavya,Ali,kavya.ali555@mail.example.com,M,2003-09-26,Kolkata,West Bengal,India,Bronze,2023-05-07,Email,2023-05-07,9999-12-31,1
627,C0000556,James,Chen,james.chen556@mail.example.com,F,1961-07-23,Chennai,Tamil Nadu,India,Bronze,2021-11-30,Paid Social,2021-11-30,9999-12-31,1
628,C0000557,Sneha,Gupta,sneha.gupta557@mail.example.com,M,1957-07-16,Bengaluru,Karnataka,India,Bronze,2022-04-11,Walk-in,2022-04-11,2026-03-25,0
629,C0000557,Sneha,Gupta,sneha.gupta557@mail.example.com,M,1957-07-16,Kolkata,West Bengal,India,Silver,2022-04-11,Walk-in,2026-03-26,9999-12-31,1
630,C0000558,Ishita,Wong,ishita.wong558@mail.example.com,Other,1988-06-20,New York,New York,United States,Gold,2024-01-16,Walk-in,2024-01-16,9999-12-31,1
631,C0000559,Chloe,Gupta,chloe.gupta559@mail.example.com,M,1988-10-09,London,England,United Kingdom,Bronze,2025-03-01,Paid Social,2025-03-01,9999-12-31,1
632,C0000560,Layla,Nguyen,layla.nguyen560@mail.example.com,F,1955-06-14,Mumbai,Maharashtra,India,Bronze,2026-04-25,Email,2026-04-25,9999-12-31,1
633,C0000561,Wei,Gupta,wei.gupta561@mail.example.com,M,1989-08-11,Mumbai,Maharashtra,India,Bronze,2022-01-20,Walk-in,2022-01-20,9999-12-31,1
634,C0000562,Michael,Taylor,michael.taylor562@mail.example.com,Other,1995-01-07,New York,New York,United States,Bronze,2024-11-13,Email,2024-11-13,9999-12-31,1
635,C0000563,Carlos,Bose,carlos.bose563@mail.example.com,M,1959-10-05,Austin,Texas,United States,Bronze,2023-04-10,Paid Social,2023-04-10,9999-12-31,1
636,C0000564,Arjun,Silva,arjun.silva564@mail.example.com,M,1976-10-25,Chennai,Tamil Nadu,India,Gold,2025-04-18,Walk-in,2025-04-18,9999-12-31,1
637,C0000565,Hannah,Walker,hannah.walker565@mail.example.com,F,1965-01-26,New York,New York,United States,Bronze,2023-05-08,Paid Social,2023-05-08,9999-12-31,1
638,C0000566,Arjun,Nair,arjun.nair566@mail.example.com,M,1975-02-02,Bengaluru,Karnataka,India,Bronze,2021-01-02,Email,2021-01-02,9999-12-31,1
639,C0000567,Oliver,Garcia,oliver.garcia567@mail.example.com,Other,1979-07-23,Mumbai,Maharashtra,India,Bronze,2025-05-30,Referral,2025-05-30,9999-12-31,1
640,C0000568,Hannah,Khan,hannah.khan568@mail.example.com,Other,1995-05-23,Mumbai,Maharashtra,India,Bronze,2022-11-12,Email,2022-11-12,9999-12-31,1
641,C0000569,Rahul,Walker,rahul.walker569@mail.example.com,M,1996-06-06,Mumbai,Maharashtra,India,Bronze,2025-11-19,Referral,2025-11-19,9999-12-31,1
642,C0000570,Kavya,Gupta,kavya.gupta570@mail.example.com,F,1979-06-06,Hyderabad,Telangana,India,Gold,2023-02-22,Organic Search,2023-02-22,9999-12-31,1
643,C0000571,Aarav,Brown,aarav.brown571@mail.example.com,M,1978-05-17,Delhi,Delhi,India,Gold,2022-01-21,Walk-in,2022-01-21,2024-09-14,0
644,C0000571,Aarav,Brown,aarav.brown571@mail.example.com,M,1978-05-17,Delhi,Delhi,India,Platinum,2022-01-21,Walk-in,2024-09-15,9999-12-31,1
645,C0000572,Wei,Chen,wei.chen572@mail.example.com,Other,1991-01-28,Delhi,Delhi,India,Silver,2021-08-23,Email,2021-08-23,9999-12-31,1
646,C0000573,Emily,Wong,emily.wong573@mail.example.com,F,1957-06-01,New York,New York,United States,Silver,2022-03-02,Marketplace,2022-03-02,9999-12-31,1
647,C0000574,Layla,Reddy,layla.reddy574@mail.example.com,F,1958-08-21,Kolkata,West Bengal,India,Silver,2022-05-05,Referral,2022-05-05,9999-12-31,1
648,C0000575,Layla,Gupta,layla.gupta575@mail.example.com,F,1976-11-28,Pune,Maharashtra,India,Gold,2021-03-10,Marketplace,2021-03-10,9999-12-31,1
649,C0000576,Debjani,Johnson,debjani.johnson576@mail.example.com,Other,1981-11-22,Kolkata,West Bengal,India,Bronze,2025-07-10,Paid Social,2025-07-10,2026-01-21,0
650,C0000576,Debjani,Johnson,debjani.johnson576@mail.example.com,Other,1981-11-22,Bengaluru,Karnataka,India,Silver,2025-07-10,Paid Social,2026-01-22,9999-12-31,1
651,C0000577,Vikram,Chen,vikram.chen577@mail.example.com,M,1995-12-27,Chennai,Tamil Nadu,India,Gold,2022-12-10,Organic Search,2022-12-10,9999-12-31,1
652,C0000578,Sourav,Rao,sourav.rao578@mail.example.com,F,1991-08-03,Hyderabad,Telangana,India,Bronze,2021-12-19,Organic Search,2021-12-19,9999-12-31,1
653,C0000579,Daniel,Clarke,daniel.clarke579@mail.example.com,F,2005-01-07,Singapore,Singapore,Singapore,Silver,2022-11-25,Email,2022-11-25,9999-12-31,1
654,C0000580,Ishita,Khan,ishita.khan580@mail.example.com,Other,2002-12-05,Pune,Maharashtra,India,Bronze,2023-02-22,Email,2023-02-22,9999-12-31,1
655,C0000581,Daniel,Kapoor,daniel.kapoor581@mail.example.com,Other,1972-04-06,Bengaluru,Karnataka,India,Platinum,2023-02-11,Referral,2023-02-11,9999-12-31,1
656,C0000582,Debjani,Brown,debjani.brown582@mail.example.com,M,1995-11-27,Bengaluru,Karnataka,India,Bronze,2026-01-16,Walk-in,2026-01-16,9999-12-31,1
657,C0000583,Wei,Ghosh,wei.ghosh583@mail.example.com,Other,1968-06-23,Delhi,Delhi,India,Platinum,2024-03-28,Walk-in,2024-03-28,9999-12-31,1
658,C0000584,Carlos,Gupta,carlos.gupta584@mail.example.com,F,1971-01-04,Delhi,Delhi,India,Bronze,2026-03-31,Marketplace,2026-03-31,9999-12-31,1
659,C0000585,Sourav,Mehta,sourav.mehta585@mail.example.com,F,1975-12-04,Hyderabad,Telangana,India,Silver,2021-05-19,Organic Search,2021-05-19,9999-12-31,1
660,C0000586,Michael,Kim,michael.kim586@mail.example.com,M,1974-03-15,Kolkata,West Bengal,India,Bronze,2025-01-06,Organic Search,2025-01-06,9999-12-31,1
661,C0000587,Daniel,Chen,daniel.chen587@mail.example.com,M,1985-04-09,Bengaluru,Karnataka,India,Silver,2025-06-24,Walk-in,2025-06-24,9999-12-31,1
662,C0000588,Priya,Nguyen,priya.nguyen588@mail.example.com,M,1961-07-14,New York,New York,United States,Silver,2026-09-08,Walk-in,2026-09-08,9999-12-31,1
663,C0000589,Sneha,Nguyen,sneha.nguyen589@mail.example.com,F,1991-03-05,Delhi,Delhi,India,Silver,2023-03-24,Organic Search,2023-03-24,9999-12-31,1
664,C0000590,Sofia,Mehta,sofia.mehta590@mail.example.com,M,1984-01-22,Bengaluru,Karnataka,India,Bronze,2022-11-09,Paid Social,2022-11-09,9999-12-31,1
665,C0000591,Layla,Gupta,layla.gupta591@mail.example.com,F,1964-11-18,Bengaluru,Karnataka,India,Gold,2023-09-30,Referral,2023-09-30,9999-12-31,1
666,C0000592,Emily,Taylor,emily.taylor592@mail.example.com,F,1985-11-13,Pune,Maharashtra,India,Gold,2023-05-21,Marketplace,2023-05-21,9999-12-31,1
667,C0000593,Arjun,Kapoor,arjun.kapoor593@mail.example.com,M,1980-06-10,Jaipur,Rajasthan,India,Gold,2022-07-01,Marketplace,2022-07-01,9999-12-31,1
668,C0000594,Debjani,Smith,debjani.smith594@mail.example.com,M,1969-10-06,Pune,Maharashtra,India,Silver,2021-04-21,Referral,2021-04-21,9999-12-31,1
669,C0000595,Hannah,Wilson,hannah.wilson595@mail.example.com,F,1996-04-05,Jaipur,Rajasthan,India,Bronze,2021-11-13,Organic Search,2021-11-13,9999-12-31,1
670,C0000596,Amit,Clarke,amit.clarke596@mail.example.com,F,1973-05-13,Mumbai,Maharashtra,India,Silver,2022-09-10,Email,2022-09-10,9999-12-31,1
671,C0000597,Sneha,Nair,sneha.nair597@mail.example.com,Other,1984-02-12,Bengaluru,Karnataka,India,Silver,2022-03-12,Organic Search,2022-03-12,9999-12-31,1
672,C0000598,Aarav,Nair,aarav.nair598@mail.example.com,Other,1979-11-15,Delhi,Delhi,India,Bronze,2026-09-08,Marketplace,2026-09-08,9999-12-31,1
673,C0000599,Ishita,Ghosh,ishita.ghosh599@mail.example.com,Other,1993-08-17,Delhi,Delhi,India,Bronze,2022-04-20,Email,2022-04-20,9999-12-31,1
674,C0000600,Debjani,Iyer,debjani.iyer600@mail.example.com,F,1989-07-28,Guwahati,Assam,India,Silver,2025-10-03,Paid Social,2025-10-03,9999-12-31,1
675,C0000601,Daniel,Das,daniel.das601@mail.example.com,M,1982-01-15,Mumbai,Maharashtra,India,Bronze,2026-02-07,Organic Search,2026-02-07,9999-12-31,1
676,C0000602,Hannah,Walker,hannah.walker602@mail.example.com,Other,1976-11-10,Bengaluru,Karnataka,India,Silver,2025-10-10,Organic Search,2025-10-10,9999-12-31,1
677,C0000603,Kavya,Sharma,kavya.sharma603@mail.example.com,F,1995-01-20,Bengaluru,Karnataka,India,Bronze,2024-05-04,Marketplace,2024-05-04,9999-12-31,1
678,C0000604,Sneha,Chatterjee,sneha.chatterjee604@mail.example.com,M,2001-03-21,Chennai,Tamil Nadu,India,Bronze,2022-06-01,Referral,2022-06-01,9999-12-31,1
679,C0000605,Meera,Nguyen,meera.nguyen605@mail.example.com,Other,1957-02-11,London,England,United Kingdom,Bronze,2026-02-21,Paid Social,2026-02-21,9999-12-31,1
680,C0000606,Zara,Iyer,zara.iyer606@mail.example.com,F,1976-11-24,Bengaluru,Karnataka,India,Bronze,2021-11-19,Email,2021-11-19,9999-12-31,1
681,C0000607,Mei,Clarke,mei.clarke607@mail.example.com,M,1982-02-26,Jaipur,Rajasthan,India,Bronze,2021-11-21,Referral,2021-11-21,9999-12-31,1
682,C0000608,Sofia,Singh,sofia.singh608@mail.example.com,M,1978-10-16,Ahmedabad,Gujarat,India,Bronze,2021-07-20,Email,2021-07-20,9999-12-31,1
683,C0000609,Rahul,Johnson,rahul.johnson609@mail.example.com,F,1966-11-10,Pune,Maharashtra,India,Bronze,2025-06-21,Email,2025-06-21,2026-03-19,0
684,C0000609,Rahul,Johnson,rahul.johnson609@mail.example.com,F,1966-11-10,Pune,Maharashtra,India,Silver,2025-06-21,Email,2026-03-20,9999-12-31,1
685,C0000610,James,Wilson,james.wilson610@mail.example.com,F,1961-04-08,London,England,United Kingdom,Bronze,2024-07-27,Referral,2024-07-27,2025-07-15,0
686,C0000610,James,Wilson,james.wilson610@mail.example.com,F,1961-04-08,London,England,United Kingdom,Silver,2024-07-27,Referral,2025-07-16,9999-12-31,1
687,C0000611,James,Brown,james.brown611@mail.example.com,M,1989-07-16,Bengaluru,Karnataka,India,Gold,2024-09-08,Organic Search,2024-09-08,9999-12-31,1
688,C0000612,James,Reddy,james.reddy612@mail.example.com,M,1968-09-23,Bengaluru,Karnataka,India,Bronze,2026-08-06,Email,2026-08-06,9999-12-31,1
689,C0000613,Daniel,Chatterjee,daniel.chatterjee613@mail.example.com,M,1960-04-24,Pune,Maharashtra,India,Platinum,2024-11-15,Referral,2024-11-15,9999-12-31,1
690,C0000614,Chloe,Rao,chloe.rao614@mail.example.com,M,1994-06-19,Kolkata,West Bengal,India,Bronze,2022-11-14,Organic Search,2022-11-14,9999-12-31,1
691,C0000615,Meera,Bose,meera.bose615@mail.example.com,F,1979-10-28,New York,New York,United States,Bronze,2022-06-24,Email,2022-06-24,9999-12-31,1
692,C0000616,Ishita,Nair,ishita.nair616@mail.example.com,Other,1990-07-12,New York,New York,United States,Silver,2025-07-01,Email,2025-07-01,9999-12-31,1
693,C0000617,Michael,Iyer,michael.iyer617@mail.example.com,M,1987-09-18,Pune,Maharashtra,India,Bronze,2024-07-25,Email,2024-07-25,9999-12-31,1
694,C0000618,Noah,Rao,noah.rao618@mail.example.com,M,1980-05-01,Mumbai,Maharashtra,India,Bronze,2022-12-29,Referral,2022-12-29,9999-12-31,1
695,C0000619,Ananya,Bose,ananya.bose619@mail.example.com,F,1981-07-07,Hyderabad,Telangana,India,Silver,2025-09-09,Walk-in,2025-09-09,2026-07-22,0
696,C0000619,Ananya,Bose,ananya.bose619@mail.example.com,F,1981-07-07,Hyderabad,Telangana,India,Gold,2025-09-09,Walk-in,2026-07-23,9999-12-31,1
697,C0000620,Mei,Ghosh,mei.ghosh620@mail.example.com,Other,1994-04-06,Austin,Texas,United States,Silver,2024-08-24,Email,2024-08-24,2025-11-05,0
698,C0000620,Mei,Ghosh,mei.ghosh620@mail.example.com,Other,1994-04-06,Hyderabad,Telangana,India,Gold,2024-08-24,Email,2025-11-06,9999-12-31,1
699,C0000621,Amit,Taylor,amit.taylor621@mail.example.com,F,1965-08-12,Chennai,Tamil Nadu,India,Silver,2023-03-02,Paid Social,2023-03-02,9999-12-31,1
700,C0000622,Vikram,Kapoor,vikram.kapoor622@mail.example.com,Other,1956-04-19,Mumbai,Maharashtra,India,Bronze,2021-09-23,Paid Social,2021-09-23,9999-12-31,1
701,C0000623,Sofia,Nair,sofia.nair623@mail.example.com,F,1996-02-26,Singapore,Singapore,Singapore,Silver,2026-08-11,Referral,2026-08-11,9999-12-31,1
702,C0000624,Rohan,Sharma,rohan.sharma624@mail.example.com,M,1988-08-28,Jaipur,Rajasthan,India,Bronze,2025-07-23,Email,2025-07-23,9999-12-31,1
703,C0000625,Wei,Garcia,wei.garcia625@mail.example.com,M,1983-08-27,Hyderabad,Telangana,India,Silver,2021-04-08,Referral,2021-04-08,9999-12-31,1
704,C0000626,Priya,Mehta,priya.mehta626@mail.example.com,Other,1982-02-04,Bengaluru,Karnataka,India,Bronze,2025-12-08,Referral,2025-12-08,9999-12-31,1
705,C0000627,Sneha,Mehta,sneha.mehta627@mail.example.com,F,1964-04-26,Bengaluru,Karnataka,India,Bronze,2024-10-23,Referral,2024-10-23,9999-12-31,1
706,C0000628,James,Kim,james.kim628@mail.example.com,M,2003-05-11,Ahmedabad,Gujarat,India,Bronze,2023-09-30,Email,2023-09-30,9999-12-31,1
707,C0000629,Daniel,Das,daniel.das629@mail.example.com,Other,1964-09-10,Hyderabad,Telangana,India,Bronze,2022-07-28,Referral,2022-07-28,9999-12-31,1
708,C0000630,Wei,Nair,wei.nair630@mail.example.com,Other,1985-12-15,Hyderabad,Telangana,India,Silver,2024-06-02,Paid Social,2024-06-02,9999-12-31,1
709,C0000631,Hannah,Patel,hannah.patel631@mail.example.com,M,1995-04-01,Manchester,England,United Kingdom,Gold,2023-11-20,Walk-in,2023-11-20,2024-01-30,0
710,C0000631,Hannah,Patel,hannah.patel631@mail.example.com,M,1995-04-01,Ahmedabad,Gujarat,India,Platinum,2023-11-20,Walk-in,2024-01-31,9999-12-31,1
711,C0000632,Oliver,Bose,oliver.bose632@mail.example.com,M,1977-11-05,Bengaluru,Karnataka,India,Silver,2022-11-29,Walk-in,2022-11-29,9999-12-31,1
712,C0000633,Noah,Smith,noah.smith633@mail.example.com,M,1966-08-13,Pune,Maharashtra,India,Bronze,2026-05-29,Organic Search,2026-05-29,9999-12-31,1
713,C0000634,Arjun,Das,arjun.das634@mail.example.com,Other,1996-04-12,Hyderabad,Telangana,India,Bronze,2022-05-05,Walk-in,2022-05-05,9999-12-31,1
714,C0000635,Layla,Khan,layla.khan635@mail.example.com,Other,2002-04-12,Guwahati,Assam,India,Silver,2023-07-25,Email,2023-07-25,2025-07-27,0
715,C0000635,Layla,Khan,layla.khan635@mail.example.com,Other,2002-04-12,Guwahati,Assam,India,Gold,2023-07-25,Email,2025-07-28,9999-12-31,1
716,C0000636,Sophie,Ali,sophie.ali636@mail.example.com,M,1958-08-19,Jaipur,Rajasthan,India,Bronze,2021-11-22,Paid Social,2021-11-22,9999-12-31,1
717,C0000637,Noah,Clarke,noah.clarke637@mail.example.com,M,1999-12-15,Manchester,England,United Kingdom,Bronze,2023-07-25,Walk-in,2023-07-25,9999-12-31,1
718,C0000638,Vikram,Wong,vikram.wong638@mail.example.com,F,1963-09-10,London,England,United Kingdom,Bronze,2021-09-18,Paid Social,2021-09-18,9999-12-31,1
719,C0000639,James,Iyer,james.iyer639@mail.example.com,M,1975-11-03,Chennai,Tamil Nadu,India,Bronze,2021-07-29,Organic Search,2021-07-29,2024-04-08,0
720,C0000639,James,Iyer,james.iyer639@mail.example.com,M,1975-11-03,Hyderabad,Telangana,India,Silver,2021-07-29,Organic Search,2024-04-09,9999-12-31,1
721,C0000640,Ishita,Brown,ishita.brown640@mail.example.com,Other,1962-12-15,Kolkata,West Bengal,India,Silver,2025-10-27,Paid Social,2025-10-27,9999-12-31,1
722,C0000641,James,Sharma,james.sharma641@mail.example.com,Other,1993-05-16,Delhi,Delhi,India,Silver,2025-07-26,Referral,2025-07-26,9999-12-31,1
723,C0000642,Michael,Patel,michael.patel642@mail.example.com,Other,1976-05-22,Delhi,Delhi,India,Silver,2023-10-17,Referral,2023-10-17,9999-12-31,1
724,C0000643,Sneha,Smith,sneha.smith643@mail.example.com,Other,1986-03-06,Kolkata,West Bengal,India,Bronze,2026-04-12,Email,2026-04-12,9999-12-31,1
725,C0000644,James,Kapoor,james.kapoor644@mail.example.com,Other,1967-02-25,Pune,Maharashtra,India,Bronze,2023-01-19,Referral,2023-01-19,9999-12-31,1
726,C0000645,Emily,Iyer,emily.iyer645@mail.example.com,M,1991-11-05,Pune,Maharashtra,India,Bronze,2023-05-12,Paid Social,2023-05-12,9999-12-31,1
727,C0000646,Hannah,Walker,hannah.walker646@mail.example.com,M,1996-10-26,Mumbai,Maharashtra,India,Bronze,2026-04-25,Marketplace,2026-04-25,9999-12-31,1
728,C0000647,Noah,Ali,noah.ali647@mail.example.com,M,1964-05-11,London,England,United Kingdom,Silver,2025-02-27,Marketplace,2025-02-27,9999-12-31,1
729,C0000648,Amit,Garcia,amit.garcia648@mail.example.com,M,1958-07-12,Bengaluru,Karnataka,India,Silver,2025-07-14,Paid Social,2025-07-14,9999-12-31,1
730,C0000649,Wei,Gupta,wei.gupta649@mail.example.com,M,1973-06-01,Mumbai,Maharashtra,India,Bronze,2023-11-15,Email,2023-11-15,9999-12-31,1
731,C0000650,Sofia,Gupta,sofia.gupta650@mail.example.com,Other,1972-02-03,Hyderabad,Telangana,India,Bronze,2025-12-08,Referral,2025-12-08,9999-12-31,1
732,C0000651,Emily,Banerjee,emily.banerjee651@mail.example.com,Other,1999-12-16,Guwahati,Assam,India,Bronze,2025-05-17,Walk-in,2025-05-17,9999-12-31,1
733,C0000652,Michael,Kapoor,michael.kapoor652@mail.example.com,F,1983-05-04,Delhi,Delhi,India,Bronze,2025-02-22,Marketplace,2025-02-22,9999-12-31,1
734,C0000653,Kavya,Khan,kavya.khan653@mail.example.com,M,1992-05-19,Mumbai,Maharashtra,India,Bronze,2022-09-09,Organic Search,2022-09-09,9999-12-31,1
735,C0000654,Carlos,Walker,carlos.walker654@mail.example.com,Other,1999-01-05,Delhi,Delhi,India,Silver,2024-04-08,Organic Search,2024-04-08,9999-12-31,1
736,C0000655,Layla,Mehta,layla.mehta655@mail.example.com,M,2002-04-06,New York,New York,United States,Bronze,2026-01-01,Paid Social,2026-01-01,9999-12-31,1
737,C0000656,Wei,Das,wei.das656@mail.example.com,M,1963-02-21,Delhi,Delhi,India,Bronze,2021-04-05,Email,2021-04-05,9999-12-31,1
738,C0000657,Priya,Nguyen,priya.nguyen657@mail.example.com,M,1956-10-14,Singapore,Singapore,Singapore,Platinum,2025-03-10,Walk-in,2025-03-10,9999-12-31,1
739,C0000658,Daniel,Kapoor,daniel.kapoor658@mail.example.com,F,1991-02-18,Pune,Maharashtra,India,Silver,2021-11-06,Walk-in,2021-11-06,9999-12-31,1
740,C0000659,Rohan,Brown,rohan.brown659@mail.example.com,M,2003-02-25,New York,New York,United States,Silver,2023-02-21,Referral,2023-02-21,9999-12-31,1
741,C0000660,Mei,Reddy,mei.reddy660@mail.example.com,Other,1966-11-19,Pune,Maharashtra,India,Bronze,2021-10-27,Walk-in,2021-10-27,9999-12-31,1
742,C0000661,Zara,Sharma,zara.sharma661@mail.example.com,F,1955-10-27,Bengaluru,Karnataka,India,Bronze,2024-04-18,Organic Search,2024-04-18,9999-12-31,1
743,C0000662,Layla,Singh,layla.singh662@mail.example.com,M,1989-08-21,Hyderabad,Telangana,India,Silver,2024-08-30,Walk-in,2024-08-30,9999-12-31,1
744,C0000663,Daniel,Reddy,daniel.reddy663@mail.example.com,Other,1968-05-06,Mumbai,Maharashtra,India,Bronze,2022-08-31,Walk-in,2022-08-31,9999-12-31,1
745,C0000664,Arjun,Taylor,arjun.taylor664@mail.example.com,M,1975-06-08,Delhi,Delhi,India,Silver,2021-10-11,Paid Social,2021-10-11,9999-12-31,1
746,C0000665,Meera,Nguyen,meera.nguyen665@mail.example.com,F,1956-03-15,New York,New York,United States,Bronze,2024-12-26,Email,2024-12-26,9999-12-31,1
747,C0000666,Mei,Gupta,mei.gupta666@mail.example.com,Other,1983-07-07,Bengaluru,Karnataka,India,Bronze,2026-01-05,Email,2026-01-05,9999-12-31,1
748,C0000667,Sneha,Johnson,sneha.johnson667@mail.example.com,Other,1965-04-04,New York,New York,United States,Gold,2022-05-14,Marketplace,2022-05-14,9999-12-31,1
749,C0000668,Kavya,Gupta,kavya.gupta668@mail.example.com,M,1987-06-16,Mumbai,Maharashtra,India,Bronze,2022-01-07,Organic Search,2022-01-07,2025-04-17,0
750,C0000668,Kavya,Gupta,kavya.gupta668@mail.example.com,M,1987-06-16,Mumbai,Maharashtra,India,Silver,2022-01-07,Organic Search,2025-04-18,9999-12-31,1
751,C0000669,Layla,Iyer,layla.iyer669@mail.example.com,Other,1959-07-28,Delhi,Delhi,India,Silver,2024-06-23,Paid Social,2024-06-23,2026-06-11,0
752,C0000669,Layla,Iyer,layla.iyer669@mail.example.com,Other,1959-07-28,Delhi,Delhi,India,Gold,2024-06-23,Paid Social,2026-06-12,9999-12-31,1
753,C0000670,Aarav,Das,aarav.das670@mail.example.com,F,1957-03-28,Ahmedabad,Gujarat,India,Bronze,2024-08-17,Walk-in,2024-08-17,2025-03-23,0
754,C0000670,Aarav,Das,aarav.das670@mail.example.com,F,1957-03-28,Bengaluru,Karnataka,India,Silver,2024-08-17,Walk-in,2025-03-24,9999-12-31,1
755,C0000671,Hannah,Silva,hannah.silva671@mail.example.com,F,1978-10-14,Mumbai,Maharashtra,India,Gold,2024-04-15,Email,2024-04-15,9999-12-31,1
756,C0000672,Arjun,Wong,arjun.wong672@mail.example.com,F,1978-02-26,London,England,United Kingdom,Bronze,2023-01-14,Email,2023-01-14,9999-12-31,1
757,C0000673,Noah,Khan,noah.khan673@mail.example.com,F,1956-01-11,Delhi,Delhi,India,Bronze,2024-08-08,Email,2024-08-08,9999-12-31,1
758,C0000674,Kavya,Banerjee,kavya.banerjee674@mail.example.com,F,1965-02-01,Chennai,Tamil Nadu,India,Bronze,2022-11-27,Paid Social,2022-11-27,9999-12-31,1
759,C0000675,Emily,Rao,emily.rao675@mail.example.com,M,1963-10-26,Singapore,Singapore,Singapore,Silver,2025-12-09,Referral,2025-12-09,9999-12-31,1
760,C0000676,Arjun,Kapoor,arjun.kapoor676@mail.example.com,Other,1994-11-23,Pune,Maharashtra,India,Bronze,2025-02-06,Email,2025-02-06,9999-12-31,1
761,C0000677,Arjun,Singh,arjun.singh677@mail.example.com,M,1969-11-03,Chennai,Tamil Nadu,India,Silver,2022-08-08,Marketplace,2022-08-08,9999-12-31,1
762,C0000678,Meera,Singh,meera.singh678@mail.example.com,Other,1976-12-15,Delhi,Delhi,India,Silver,2024-05-18,Walk-in,2024-05-18,9999-12-31,1
763,C0000679,Carlos,Kim,carlos.kim679@mail.example.com,Other,1978-11-05,Mumbai,Maharashtra,India,Silver,2025-09-25,Organic Search,2025-09-25,9999-12-31,1
764,C0000680,Priya,Silva,priya.silva680@mail.example.com,F,1955-03-21,Mumbai,Maharashtra,India,Bronze,2023-01-17,Paid Social,2023-01-17,9999-12-31,1
765,C0000681,Emily,Smith,emily.smith681@mail.example.com,M,1995-10-13,Manchester,England,United Kingdom,Bronze,2023-02-09,Paid Social,2023-02-09,9999-12-31,1
766,C0000682,Ananya,Wong,ananya.wong682@mail.example.com,Other,1976-03-09,Delhi,Delhi,India,Bronze,2024-10-13,Email,2024-10-13,9999-12-31,1
767,C0000683,Layla,Kapoor,layla.kapoor683@mail.example.com,F,1959-06-14,Jaipur,Rajasthan,India,Silver,2023-12-13,Walk-in,2023-12-13,2025-05-23,0
768,C0000683,Layla,Kapoor,layla.kapoor683@mail.example.com,F,1959-06-14,Jaipur,Rajasthan,India,Gold,2023-12-13,Walk-in,2025-05-24,9999-12-31,1
769,C0000684,Wei,Patel,wei.patel684@mail.example.com,Other,1974-08-14,Mumbai,Maharashtra,India,Silver,2024-11-24,Organic Search,2024-11-24,9999-12-31,1
770,C0000685,Zara,Johnson,zara.johnson685@mail.example.com,Other,2004-01-07,Mumbai,Maharashtra,India,Silver,2023-06-28,Referral,2023-06-28,9999-12-31,1
771,C0000686,Layla,Johnson,layla.johnson686@mail.example.com,F,1989-04-23,Chennai,Tamil Nadu,India,Gold,2025-01-25,Walk-in,2025-01-25,9999-12-31,1
772,C0000687,Sneha,Clarke,sneha.clarke687@mail.example.com,M,2003-12-05,Pune,Maharashtra,India,Bronze,2023-07-16,Walk-in,2023-07-16,9999-12-31,1
773,C0000688,Amit,Patel,amit.patel688@mail.example.com,F,1985-08-11,Bengaluru,Karnataka,India,Bronze,2025-09-22,Referral,2025-09-22,2026-04-28,0
774,C0000688,Amit,Patel,amit.patel688@mail.example.com,F,1985-08-11,Ahmedabad,Gujarat,India,Silver,2025-09-22,Referral,2026-04-29,9999-12-31,1
775,C0000689,Rohan,Banerjee,rohan.banerjee689@mail.example.com,M,1964-08-27,Jaipur,Rajasthan,India,Bronze,2022-07-29,Paid Social,2022-07-29,9999-12-31,1
776,C0000690,Amit,Brown,amit.brown690@mail.example.com,F,1959-04-09,Mumbai,Maharashtra,India,Bronze,2024-12-06,Email,2024-12-06,9999-12-31,1
777,C0000691,Chloe,Reddy,chloe.reddy691@mail.example.com,F,1998-05-25,Mumbai,Maharashtra,India,Bronze,2022-08-07,Marketplace,2022-08-07,9999-12-31,1
778,C0000692,Carlos,Clarke,carlos.clarke692@mail.example.com,Other,1997-08-10,Hyderabad,Telangana,India,Gold,2023-08-10,Walk-in,2023-08-10,9999-12-31,1
779,C0000693,Zara,Garcia,zara.garcia693@mail.example.com,F,1972-01-13,New York,New York,United States,Gold,2024-10-30,Referral,2024-10-30,9999-12-31,1
780,C0000694,Sneha,Kim,sneha.kim694@mail.example.com,Other,2003-05-08,Ahmedabad,Gujarat,India,Bronze,2026-06-19,Organic Search,2026-06-19,9999-12-31,1
781,C0000695,Debjani,Singh,debjani.singh695@mail.example.com,M,1999-07-14,New York,New York,United States,Bronze,2026-07-19,Organic Search,2026-07-19,9999-12-31,1
782,C0000696,Zara,Das,zara.das696@mail.example.com,F,1981-11-27,Pune,Maharashtra,India,Bronze,2024-09-08,Referral,2024-09-08,2026-03-18,0
783,C0000696,Zara,Das,zara.das696@mail.example.com,F,1981-11-27,Chennai,Tamil Nadu,India,Silver,2024-09-08,Referral,2026-03-19,9999-12-31,1
784,C0000697,Chloe,Das,chloe.das697@mail.example.com,Other,1990-10-27,Kolkata,West Bengal,India,Silver,2026-06-22,Walk-in,2026-06-22,9999-12-31,1
785,C0000698,Priya,Wilson,priya.wilson698@mail.example.com,M,1991-02-04,Mumbai,Maharashtra,India,Platinum,2022-02-08,Paid Social,2022-02-08,9999-12-31,1
786,C0000699,Hannah,Ghosh,hannah.ghosh699@mail.example.com,Other,1977-11-26,London,England,United Kingdom,Bronze,2021-06-13,Email,2021-06-13,9999-12-31,1
787,C0000700,Amit,Khan,amit.khan700@mail.example.com,Other,1997-01-07,London,England,United Kingdom,Silver,2025-11-04,Organic Search,2025-11-04,9999-12-31,1
788,C0000701,Noah,Ghosh,noah.ghosh701@mail.example.com,F,1971-06-27,London,England,United Kingdom,Silver,2026-02-14,Referral,2026-02-14,9999-12-31,1
789,C0000702,Sourav,Rao,sourav.rao702@mail.example.com,Other,2004-03-07,Ahmedabad,Gujarat,India,Silver,2023-12-14,Walk-in,2023-12-14,9999-12-31,1
790,C0000703,Debjani,Garcia,debjani.garcia703@mail.example.com,F,1960-06-12,London,England,United Kingdom,Silver,2026-08-10,Marketplace,2026-08-10,9999-12-31,1
791,C0000704,Noah,Wong,noah.wong704@mail.example.com,F,1975-10-16,Kolkata,West Bengal,India,Silver,2025-07-22,Email,2025-07-22,9999-12-31,1
792,C0000705,Debjani,Kapoor,debjani.kapoor705@mail.example.com,F,2003-03-06,London,England,United Kingdom,Bronze,2025-01-20,Organic Search,2025-01-20,9999-12-31,1
793,C0000706,Wei,Clarke,wei.clarke706@mail.example.com,F,1980-10-23,Hyderabad,Telangana,India,Bronze,2022-12-30,Organic Search,2022-12-30,9999-12-31,1
794,C0000707,Chloe,Bose,chloe.bose707@mail.example.com,M,2000-06-18,Manchester,England,United Kingdom,Bronze,2022-08-21,Paid Social,2022-08-21,2024-10-22,0
795,C0000707,Chloe,Bose,chloe.bose707@mail.example.com,M,2000-06-18,Manchester,England,United Kingdom,Silver,2022-08-21,Paid Social,2024-10-23,9999-12-31,1
796,C0000708,Sourav,Singh,sourav.singh708@mail.example.com,F,1970-09-05,Bengaluru,Karnataka,India,Silver,2021-06-17,Referral,2021-06-17,9999-12-31,1
797,C0000709,Meera,Singh,meera.singh709@mail.example.com,F,1996-04-05,New York,New York,United States,Bronze,2025-12-09,Paid Social,2025-12-09,9999-12-31,1
798,C0000710,James,Ghosh,james.ghosh710@mail.example.com,Other,1981-03-28,Hyderabad,Telangana,India,Bronze,2023-02-27,Email,2023-02-27,9999-12-31,1
799,C0000711,Amit,Wong,amit.wong711@mail.example.com,M,1971-07-12,Delhi,Delhi,India,Bronze,2025-01-30,Paid Social,2025-01-30,9999-12-31,1
800,C0000712,Wei,Reddy,wei.reddy712@mail.example.com,Other,2005-09-19,Delhi,Delhi,India,Bronze,2023-10-09,Walk-in,2023-10-09,9999-12-31,1
801,C0000713,Sofia,Khan,sofia.khan713@mail.example.com,M,2000-12-21,Hyderabad,Telangana,India,Platinum,2024-11-27,Paid Social,2024-11-27,9999-12-31,1
802,C0000714,James,Wilson,james.wilson714@mail.example.com,Other,1959-03-01,Bengaluru,Karnataka,India,Silver,2025-11-22,Walk-in,2025-11-22,2026-04-18,0
803,C0000714,James,Wilson,james.wilson714@mail.example.com,Other,1959-03-01,Ahmedabad,Gujarat,India,Gold,2025-11-22,Walk-in,2026-04-19,9999-12-31,1
804,C0000715,Debjani,Chatterjee,debjani.chatterjee715@mail.example.com,M,1991-05-24,Austin,Texas,United States,Bronze,2024-02-05,Walk-in,2024-02-05,9999-12-31,1
805,C0000716,Arjun,Bose,arjun.bose716@mail.example.com,F,1974-09-23,Mumbai,Maharashtra,India,Silver,2026-01-26,Referral,2026-01-26,9999-12-31,1
806,C0000717,Kavya,Reddy,kavya.reddy717@mail.example.com,Other,1955-10-02,Guwahati,Assam,India,Silver,2024-07-12,Referral,2024-07-12,2024-11-20,0
807,C0000717,Kavya,Reddy,kavya.reddy717@mail.example.com,Other,1955-10-02,Guwahati,Assam,India,Gold,2024-07-12,Referral,2024-11-21,9999-12-31,1
808,C0000718,Mei,Nair,mei.nair718@mail.example.com,M,1993-03-27,Ahmedabad,Gujarat,India,Bronze,2023-10-17,Marketplace,2023-10-17,9999-12-31,1
809,C0000719,Ananya,Bose,ananya.bose719@mail.example.com,F,1981-07-23,Hyderabad,Telangana,India,Bronze,2025-05-06,Referral,2025-05-06,2026-01-01,0
810,C0000719,Ananya,Bose,ananya.bose719@mail.example.com,F,1981-07-23,Bengaluru,Karnataka,India,Silver,2025-05-06,Referral,2026-01-02,9999-12-31,1
811,C0000720,Rohan,Nair,rohan.nair720@mail.example.com,M,1969-06-21,Delhi,Delhi,India,Silver,2023-04-02,Referral,2023-04-02,9999-12-31,1
812,C0000721,Aarav,Kim,aarav.kim721@mail.example.com,F,1998-06-04,Hyderabad,Telangana,India,Bronze,2021-08-31,Walk-in,2021-08-31,2025-04-26,0
813,C0000721,Aarav,Kim,aarav.kim721@mail.example.com,F,1998-06-04,London,England,United Kingdom,Silver,2021-08-31,Walk-in,2025-04-27,9999-12-31,1
814,C0000722,Debjani,Ali,debjani.ali722@mail.example.com,F,1967-11-20,Kolkata,West Bengal,India,Bronze,2022-12-08,Walk-in,2022-12-08,9999-12-31,1
815,C0000723,Chloe,Nguyen,chloe.nguyen723@mail.example.com,Other,1991-03-15,Mumbai,Maharashtra,India,Silver,2025-03-13,Paid Social,2025-03-13,2026-07-04,0
816,C0000723,Chloe,Nguyen,chloe.nguyen723@mail.example.com,Other,1991-03-15,Hyderabad,Telangana,India,Gold,2025-03-13,Paid Social,2026-07-05,9999-12-31,1
817,C0000724,Zara,Silva,zara.silva724@mail.example.com,Other,1973-02-12,Austin,Texas,United States,Silver,2024-06-30,Walk-in,2024-06-30,9999-12-31,1
818,C0000725,Vikram,Wilson,vikram.wilson725@mail.example.com,F,1984-11-18,Mumbai,Maharashtra,India,Gold,2024-10-13,Email,2024-10-13,9999-12-31,1
819,C0000726,Meera,Mehta,meera.mehta726@mail.example.com,Other,1967-07-02,Mumbai,Maharashtra,India,Bronze,2026-07-04,Email,2026-07-04,9999-12-31,1
820,C0000727,Ananya,Ali,ananya.ali727@mail.example.com,M,1988-10-19,Chennai,Tamil Nadu,India,Silver,2024-08-05,Walk-in,2024-08-05,9999-12-31,1
821,C0000728,Ishita,Kapoor,ishita.kapoor728@mail.example.com,F,1973-11-14,Mumbai,Maharashtra,India,Bronze,2023-03-23,Email,2023-03-23,9999-12-31,1
822,C0000729,Sourav,Taylor,sourav.taylor729@mail.example.com,Other,1974-08-26,Chennai,Tamil Nadu,India,Silver,2025-05-12,Marketplace,2025-05-12,2025-07-31,0
823,C0000729,Sourav,Taylor,sourav.taylor729@mail.example.com,Other,1974-08-26,Kolkata,West Bengal,India,Gold,2025-05-12,Marketplace,2025-08-01,9999-12-31,1
824,C0000730,Mei,Kim,mei.kim730@mail.example.com,F,1996-06-24,Hyderabad,Telangana,India,Bronze,2022-12-12,Organic Search,2022-12-12,9999-12-31,1
825,C0000731,Debjani,Taylor,debjani.taylor731@mail.example.com,M,2002-09-17,Kolkata,West Bengal,India,Gold,2025-11-12,Walk-in,2025-11-12,9999-12-31,1
826,C0000732,Vikram,Iyer,vikram.iyer732@mail.example.com,M,1969-12-11,Bengaluru,Karnataka,India,Bronze,2023-01-31,Paid Social,2023-01-31,9999-12-31,1
827,C0000733,Aarav,Banerjee,aarav.banerjee733@mail.example.com,Other,1999-02-10,New York,New York,United States,Bronze,2023-04-24,Paid Social,2023-04-24,9999-12-31,1
828,C0000734,Sneha,Bose,sneha.bose734@mail.example.com,Other,1980-01-05,London,England,United Kingdom,Bronze,2025-03-03,Paid Social,2025-03-03,9999-12-31,1
829,C0000735,Kavya,Walker,kavya.walker735@mail.example.com,Other,1968-11-24,Hyderabad,Telangana,India,Gold,2024-06-22,Email,2024-06-22,2025-10-17,0
830,C0000735,Kavya,Walker,kavya.walker735@mail.example.com,Other,1968-11-24,Manchester,England,United Kingdom,Platinum,2024-06-22,Email,2025-10-18,9999-12-31,1
831,C0000736,Carlos,Smith,carlos.smith736@mail.example.com,F,1995-12-13,Delhi,Delhi,India,Bronze,2021-02-12,Email,2021-02-12,9999-12-31,1
832,C0000737,Michael,Iyer,michael.iyer737@mail.example.com,M,1959-03-18,Mumbai,Maharashtra,India,Bronze,2026-06-25,Marketplace,2026-06-25,9999-12-31,1
833,C0000738,Wei,Bose,wei.bose738@mail.example.com,M,1973-10-09,Delhi,Delhi,India,Bronze,2024-03-19,Organic Search,2024-03-19,9999-12-31,1
834,C0000739,Rohan,Taylor,rohan.taylor739@mail.example.com,F,1963-09-02,Manchester,England,United Kingdom,Bronze,2023-04-03,Organic Search,2023-04-03,9999-12-31,1
835,C0000740,Sneha,Chatterjee,sneha.chatterjee740@mail.example.com,F,1970-07-20,Jaipur,Rajasthan,India,Bronze,2021-10-04,Marketplace,2021-10-04,9999-12-31,1
836,C0000741,Chloe,Nguyen,chloe.nguyen741@mail.example.com,F,2004-04-24,Chennai,Tamil Nadu,India,Bronze,2023-02-14,Walk-in,2023-02-14,9999-12-31,1
837,C0000742,Rahul,Nguyen,rahul.nguyen742@mail.example.com,M,1967-11-02,Mumbai,Maharashtra,India,Bronze,2026-03-08,Paid Social,2026-03-08,9999-12-31,1
838,C0000743,Michael,Gupta,michael.gupta743@mail.example.com,Other,1956-08-03,Delhi,Delhi,India,Gold,2025-12-03,Walk-in,2025-12-03,9999-12-31,1
839,C0000744,Sophie,Kapoor,sophie.kapoor744@mail.example.com,F,1981-09-18,Kolkata,West Bengal,India,Bronze,2021-09-24,Marketplace,2021-09-24,9999-12-31,1
840,C0000745,Priya,Reddy,priya.reddy745@mail.example.com,Other,1955-07-01,New York,New York,United States,Silver,2023-08-16,Email,2023-08-16,2025-01-15,0
841,C0000745,Priya,Reddy,priya.reddy745@mail.example.com,Other,1955-07-01,New York,New York,United States,Gold,2023-08-16,Email,2025-01-16,9999-12-31,1
842,C0000746,Sophie,Chatterjee,sophie.chatterjee746@mail.example.com,M,1991-11-13,Kolkata,West Bengal,India,Bronze,2026-05-06,Walk-in,2026-05-06,9999-12-31,1
843,C0000747,Chloe,Smith,chloe.smith747@mail.example.com,M,1995-08-16,Hyderabad,Telangana,India,Gold,2024-11-14,Paid Social,2024-11-14,9999-12-31,1
844,C0000748,Arjun,Patel,arjun.patel748@mail.example.com,M,1979-05-06,Pune,Maharashtra,India,Bronze,2022-12-16,Organic Search,2022-12-16,9999-12-31,1
845,C0000749,James,Ghosh,james.ghosh749@mail.example.com,M,1980-03-27,Ahmedabad,Gujarat,India,Silver,2023-07-19,Paid Social,2023-07-19,9999-12-31,1
846,C0000750,Mei,Rao,mei.rao750@mail.example.com,F,1984-06-11,Bengaluru,Karnataka,India,Bronze,2025-05-11,Email,2025-05-11,9999-12-31,1
847,C0000751,Vikram,Chen,vikram.chen751@mail.example.com,Other,2001-11-26,Mumbai,Maharashtra,India,Silver,2023-03-09,Email,2023-03-09,9999-12-31,1
848,C0000752,Debjani,Clarke,debjani.clarke752@mail.example.com,M,1964-08-04,Delhi,Delhi,India,Bronze,2025-05-29,Email,2025-05-29,9999-12-31,1
849,C0000753,Layla,Wilson,layla.wilson753@mail.example.com,M,1968-06-18,Bengaluru,Karnataka,India,Gold,2023-03-28,Marketplace,2023-03-28,9999-12-31,1
850,C0000754,James,Sharma,james.sharma754@mail.example.com,Other,1991-11-06,Ahmedabad,Gujarat,India,Bronze,2025-04-30,Marketplace,2025-04-30,9999-12-31,1
851,C0000755,Amit,Brown,amit.brown755@mail.example.com,F,1964-07-11,Guwahati,Assam,India,Bronze,2023-03-22,Marketplace,2023-03-22,9999-12-31,1
852,C0000756,Hannah,Nguyen,hannah.nguyen756@mail.example.com,F,1998-02-26,Jaipur,Rajasthan,India,Bronze,2021-05-25,Organic Search,2021-05-25,9999-12-31,1
853,C0000757,Sourav,Ali,sourav.ali757@mail.example.com,F,1967-12-05,Kolkata,West Bengal,India,Platinum,2025-01-01,Referral,2025-01-01,9999-12-31,1
854,C0000758,Daniel,Kim,daniel.kim758@mail.example.com,Other,1976-12-06,London,England,United Kingdom,Bronze,2026-04-30,Organic Search,2026-04-30,9999-12-31,1
855,C0000759,Sneha,Ghosh,sneha.ghosh759@mail.example.com,M,1965-09-18,Mumbai,Maharashtra,India,Silver,2025-08-06,Marketplace,2025-08-06,9999-12-31,1
856,C0000760,Ananya,Walker,ananya.walker760@mail.example.com,M,1961-01-05,Austin,Texas,United States,Gold,2025-12-28,Email,2025-12-28,9999-12-31,1
857,C0000761,Daniel,Chen,daniel.chen761@mail.example.com,M,1983-10-19,Singapore,Singapore,Singapore,Bronze,2025-01-24,Organic Search,2025-01-24,9999-12-31,1
858,C0000762,Zara,Kapoor,zara.kapoor762@mail.example.com,M,1959-03-05,Singapore,Singapore,Singapore,Silver,2025-02-24,Marketplace,2025-02-24,9999-12-31,1
859,C0000763,Noah,Silva,noah.silva763@mail.example.com,M,1995-06-10,Singapore,Singapore,Singapore,Silver,2023-03-19,Organic Search,2023-03-19,9999-12-31,1
860,C0000764,Aarav,Wilson,aarav.wilson764@mail.example.com,M,1965-06-28,New York,New York,United States,Bronze,2025-09-08,Walk-in,2025-09-08,9999-12-31,1
861,C0000765,Aarav,Smith,aarav.smith765@mail.example.com,M,1958-11-08,Delhi,Delhi,India,Silver,2022-11-15,Referral,2022-11-15,9999-12-31,1
862,C0000766,Rahul,Wong,rahul.wong766@mail.example.com,Other,1997-02-11,Singapore,Singapore,Singapore,Silver,2026-02-20,Paid Social,2026-02-20,2026-04-24,0
863,C0000766,Rahul,Wong,rahul.wong766@mail.example.com,Other,1997-02-11,Mumbai,Maharashtra,India,Gold,2026-02-20,Paid Social,2026-04-25,9999-12-31,1
864,C0000767,Amit,Banerjee,amit.banerjee767@mail.example.com,M,1999-07-11,Ahmedabad,Gujarat,India,Bronze,2024-01-13,Walk-in,2024-01-13,9999-12-31,1
865,C0000768,Debjani,Wong,debjani.wong768@mail.example.com,Other,1986-05-09,Delhi,Delhi,India,Bronze,2023-03-02,Email,2023-03-02,2025-02-10,0
866,C0000768,Debjani,Wong,debjani.wong768@mail.example.com,Other,1986-05-09,Delhi,Delhi,India,Silver,2023-03-02,Email,2025-02-11,9999-12-31,1
867,C0000769,Aarav,Silva,aarav.silva769@mail.example.com,Other,1970-02-06,Mumbai,Maharashtra,India,Bronze,2022-03-15,Paid Social,2022-03-15,9999-12-31,1
868,C0000770,Layla,Chatterjee,layla.chatterjee770@mail.example.com,F,2002-06-28,Kolkata,West Bengal,India,Gold,2021-02-25,Organic Search,2021-02-25,9999-12-31,1
869,C0000771,James,Clarke,james.clarke771@mail.example.com,Other,1994-02-02,New York,New York,United States,Silver,2022-03-10,Paid Social,2022-03-10,9999-12-31,1
870,C0000772,Wei,Chatterjee,wei.chatterjee772@mail.example.com,Other,1968-01-23,Kolkata,West Bengal,India,Bronze,2023-08-13,Referral,2023-08-13,9999-12-31,1
871,C0000773,Vikram,Chen,vikram.chen773@mail.example.com,M,1985-05-24,Singapore,Singapore,Singapore,Silver,2023-02-02,Organic Search,2023-02-02,9999-12-31,1
872,C0000774,Sneha,Gupta,sneha.gupta774@mail.example.com,F,1999-02-23,Delhi,Delhi,India,Silver,2023-02-15,Paid Social,2023-02-15,9999-12-31,1
873,C0000775,Meera,Nair,meera.nair775@mail.example.com,M,1993-07-17,Bengaluru,Karnataka,India,Silver,2024-04-30,Paid Social,2024-04-30,9999-12-31,1
874,C0000776,Meera,Johnson,meera.johnson776@mail.example.com,M,1973-03-03,Kolkata,West Bengal,India,Bronze,2023-10-28,Email,2023-10-28,9999-12-31,1
875,C0000777,Carlos,Khan,carlos.khan777@mail.example.com,M,1955-12-22,Bengaluru,Karnataka,India,Bronze,2026-01-01,Walk-in,2026-01-01,9999-12-31,1
876,C0000778,Rohan,Brown,rohan.brown778@mail.example.com,M,1983-06-24,Delhi,Delhi,India,Gold,2024-07-30,Referral,2024-07-30,9999-12-31,1
877,C0000779,Sophie,Wong,sophie.wong779@mail.example.com,M,1957-12-12,Mumbai,Maharashtra,India,Bronze,2022-11-30,Email,2022-11-30,9999-12-31,1
878,C0000780,Amit,Rao,amit.rao780@mail.example.com,M,1983-03-05,New York,New York,United States,Silver,2026-03-18,Email,2026-03-18,9999-12-31,1
879,C0000781,Sofia,Kapoor,sofia.kapoor781@mail.example.com,F,1980-06-01,Bengaluru,Karnataka,India,Bronze,2022-09-04,Marketplace,2022-09-04,9999-12-31,1
880,C0000782,Vikram,Iyer,vikram.iyer782@mail.example.com,M,1964-05-11,Kolkata,West Bengal,India,Bronze,2026-04-19,Email,2026-04-19,9999-12-31,1
881,C0000783,Layla,Taylor,layla.taylor783@mail.example.com,F,1986-10-24,Delhi,Delhi,India,Bronze,2023-02-18,Email,2023-02-18,9999-12-31,1
882,C0000784,Debjani,Iyer,debjani.iyer784@mail.example.com,Other,2000-08-20,Kolkata,West Bengal,India,Bronze,2024-08-17,Paid Social,2024-08-17,9999-12-31,1
883,C0000785,Kavya,Smith,kavya.smith785@mail.example.com,Other,1995-03-11,Kolkata,West Bengal,India,Silver,2024-06-15,Marketplace,2024-06-15,9999-12-31,1
884,C0000786,Arjun,Johnson,arjun.johnson786@mail.example.com,F,1999-03-12,Delhi,Delhi,India,Silver,2025-03-10,Email,2025-03-10,2025-11-13,0
885,C0000786,Arjun,Johnson,arjun.johnson786@mail.example.com,F,1999-03-12,Mumbai,Maharashtra,India,Gold,2025-03-10,Email,2025-11-14,9999-12-31,1
886,C0000787,Meera,Nguyen,meera.nguyen787@mail.example.com,Other,1995-08-26,New York,New York,United States,Bronze,2024-07-04,Referral,2024-07-04,9999-12-31,1
887,C0000788,Zara,Reddy,zara.reddy788@mail.example.com,M,2000-10-20,Singapore,Singapore,Singapore,Bronze,2023-07-27,Paid Social,2023-07-27,9999-12-31,1
888,C0000789,Sourav,Johnson,sourav.johnson789@mail.example.com,M,2003-03-20,New York,New York,United States,Bronze,2025-04-23,Walk-in,2025-04-23,9999-12-31,1
889,C0000790,Mei,Das,mei.das790@mail.example.com,F,2004-04-26,Kolkata,West Bengal,India,Silver,2025-05-15,Marketplace,2025-05-15,9999-12-31,1
890,C0000791,Emily,Singh,emily.singh791@mail.example.com,F,1975-06-27,Mumbai,Maharashtra,India,Silver,2021-01-13,Walk-in,2021-01-13,9999-12-31,1
891,C0000792,Emily,Kapoor,emily.kapoor792@mail.example.com,Other,1996-04-20,Hyderabad,Telangana,India,Silver,2023-03-31,Referral,2023-03-31,2024-07-01,0
892,C0000792,Emily,Kapoor,emily.kapoor792@mail.example.com,Other,1996-04-20,Hyderabad,Telangana,India,Gold,2023-03-31,Referral,2024-07-02,9999-12-31,1
893,C0000793,Meera,Silva,meera.silva793@mail.example.com,F,1974-05-07,Bengaluru,Karnataka,India,Bronze,2021-02-14,Organic Search,2021-02-14,9999-12-31,1
894,C0000794,Rohan,Mehta,rohan.mehta794@mail.example.com,M,1983-11-13,Bengaluru,Karnataka,India,Silver,2022-08-28,Walk-in,2022-08-28,9999-12-31,1
895,C0000795,Rahul,Rao,rahul.rao795@mail.example.com,F,1973-03-19,Delhi,Delhi,India,Bronze,2026-01-31,Organic Search,2026-01-31,2026-06-22,0
896,C0000795,Rahul,Rao,rahul.rao795@mail.example.com,F,1973-03-19,Delhi,Delhi,India,Silver,2026-01-31,Organic Search,2026-06-23,9999-12-31,1
897,C0000796,Sourav,Khan,sourav.khan796@mail.example.com,M,1995-07-21,Ahmedabad,Gujarat,India,Bronze,2021-04-15,Paid Social,2021-04-15,9999-12-31,1
898,C0000797,Michael,Patel,michael.patel797@mail.example.com,M,1987-01-24,Delhi,Delhi,India,Silver,2021-06-11,Paid Social,2021-06-11,2023-07-18,0
899,C0000797,Michael,Patel,michael.patel797@mail.example.com,M,1987-01-24,Kolkata,West Bengal,India,Gold,2021-06-11,Paid Social,2023-07-19,9999-12-31,1
900,C0000798,Wei,Singh,wei.singh798@mail.example.com,M,1977-06-03,Kolkata,West Bengal,India,Bronze,2025-01-15,Organic Search,2025-01-15,9999-12-31,1
901,C0000799,Kavya,Clarke,kavya.clarke799@mail.example.com,F,1990-02-27,London,England,United Kingdom,Bronze,2022-09-27,Paid Social,2022-09-27,9999-12-31,1
902,C0000800,Meera,Singh,meera.singh800@mail.example.com,F,1958-11-27,Kolkata,West Bengal,India,Silver,2021-04-10,Email,2021-04-10,2024-06-19,0
903,C0000800,Meera,Singh,meera.singh800@mail.example.com,F,1958-11-27,Kolkata,West Bengal,India,Gold,2021-04-10,Email,2024-06-20,9999-12-31,1
904,C0000801,Arjun,Johnson,arjun.johnson801@mail.example.com,M,2003-11-22,Delhi,Delhi,India,Bronze,2025-05-07,Walk-in,2025-05-07,9999-12-31,1
905,C0000802,Wei,Ghosh,wei.ghosh802@mail.example.com,M,1967-10-02,Chennai,Tamil Nadu,India,Bronze,2021-06-14,Walk-in,2021-06-14,2023-08-13,0
906,C0000802,Wei,Ghosh,wei.ghosh802@mail.example.com,M,1967-10-02,Chennai,Tamil Nadu,India,Silver,2021-06-14,Walk-in,2023-08-14,9999-12-31,1
907,C0000803,Zara,Khan,zara.khan803@mail.example.com,Other,1964-09-01,Mumbai,Maharashtra,India,Gold,2023-05-22,Marketplace,2023-05-22,9999-12-31,1
908,C0000804,Oliver,Bose,oliver.bose804@mail.example.com,M,2003-10-09,Mumbai,Maharashtra,India,Bronze,2023-04-06,Referral,2023-04-06,9999-12-31,1
909,C0000805,James,Sharma,james.sharma805@mail.example.com,Other,1968-03-04,Bengaluru,Karnataka,India,Bronze,2025-07-20,Organic Search,2025-07-20,9999-12-31,1
910,C0000806,Carlos,Brown,carlos.brown806@mail.example.com,M,1999-11-07,Jaipur,Rajasthan,India,Gold,2024-05-08,Referral,2024-05-08,9999-12-31,1
911,C0000807,Meera,Brown,meera.brown807@mail.example.com,F,1968-09-01,New York,New York,United States,Bronze,2023-10-31,Paid Social,2023-10-31,9999-12-31,1
912,C0000808,Mei,Bose,mei.bose808@mail.example.com,M,1980-10-25,Ahmedabad,Gujarat,India,Bronze,2026-02-19,Email,2026-02-19,9999-12-31,1
913,C0000809,Chloe,Ali,chloe.ali809@mail.example.com,F,1994-02-01,Austin,Texas,United States,Gold,2021-11-15,Walk-in,2021-11-15,9999-12-31,1
914,C0000810,Noah,Sharma,noah.sharma810@mail.example.com,F,2001-10-06,Delhi,Delhi,India,Bronze,2025-04-12,Referral,2025-04-12,9999-12-31,1
915,C0000811,Mei,Kim,mei.kim811@mail.example.com,F,1981-11-01,Bengaluru,Karnataka,India,Bronze,2024-02-21,Organic Search,2024-02-21,9999-12-31,1
916,C0000812,Noah,Nguyen,noah.nguyen812@mail.example.com,M,1962-11-24,New York,New York,United States,Platinum,2023-04-19,Organic Search,2023-04-19,9999-12-31,1
917,C0000813,Mei,Singh,mei.singh813@mail.example.com,Other,1972-01-23,Bengaluru,Karnataka,India,Silver,2024-01-24,Organic Search,2024-01-24,9999-12-31,1
918,C0000814,Amit,Walker,amit.walker814@mail.example.com,F,1986-07-27,Bengaluru,Karnataka,India,Bronze,2021-06-02,Paid Social,2021-06-02,9999-12-31,1
919,C0000815,Rohan,Garcia,rohan.garcia815@mail.example.com,Other,2001-08-07,New York,New York,United States,Gold,2024-02-28,Organic Search,2024-02-28,9999-12-31,1
920,C0000816,Meera,Chen,meera.chen816@mail.example.com,Other,1996-01-28,Bengaluru,Karnataka,India,Silver,2021-01-08,Email,2021-01-08,9999-12-31,1
921,C0000817,Meera,Chen,meera.chen817@mail.example.com,M,1973-06-03,Manchester,England,United Kingdom,Silver,2021-07-13,Email,2021-07-13,9999-12-31,1
922,C0000818,Zara,Mehta,zara.mehta818@mail.example.com,Other,1975-12-21,Ahmedabad,Gujarat,India,Bronze,2022-08-20,Paid Social,2022-08-20,9999-12-31,1
923,C0000819,Debjani,Garcia,debjani.garcia819@mail.example.com,F,1998-09-14,Delhi,Delhi,India,Bronze,2026-07-19,Email,2026-07-19,9999-12-31,1
924,C0000820,Sourav,Nguyen,sourav.nguyen820@mail.example.com,M,1983-09-28,Delhi,Delhi,India,Silver,2026-03-27,Organic Search,2026-03-27,9999-12-31,1
925,C0000821,Michael,Reddy,michael.reddy821@mail.example.com,M,1991-03-27,Hyderabad,Telangana,India,Silver,2022-10-16,Marketplace,2022-10-16,2025-07-06,0
926,C0000821,Michael,Reddy,michael.reddy821@mail.example.com,M,1991-03-27,Hyderabad,Telangana,India,Gold,2022-10-16,Marketplace,2025-07-07,9999-12-31,1
927,C0000822,Sophie,Banerjee,sophie.banerjee822@mail.example.com,F,1971-09-22,Chennai,Tamil Nadu,India,Gold,2021-01-17,Marketplace,2021-01-17,9999-12-31,1
928,C0000823,Emily,Iyer,emily.iyer823@mail.example.com,F,1990-07-17,Delhi,Delhi,India,Silver,2025-03-10,Email,2025-03-10,9999-12-31,1
929,C0000824,Wei,Garcia,wei.garcia824@mail.example.com,F,1995-11-15,Singapore,Singapore,Singapore,Bronze,2023-07-14,Marketplace,2023-07-14,9999-12-31,1
930,C0000825,Oliver,Silva,oliver.silva825@mail.example.com,M,1959-12-10,Mumbai,Maharashtra,India,Bronze,2022-08-15,Email,2022-08-15,9999-12-31,1
931,C0000826,Ananya,Khan,ananya.khan826@mail.example.com,F,1956-05-04,Mumbai,Maharashtra,India,Bronze,2021-03-08,Marketplace,2021-03-08,2025-09-12,0
932,C0000826,Ananya,Khan,ananya.khan826@mail.example.com,F,1956-05-04,Mumbai,Maharashtra,India,Silver,2021-03-08,Marketplace,2025-09-13,9999-12-31,1
933,C0000827,Debjani,Walker,debjani.walker827@mail.example.com,Other,1976-07-12,Bengaluru,Karnataka,India,Bronze,2024-05-14,Email,2024-05-14,9999-12-31,1
934,C0000828,Hannah,Brown,hannah.brown828@mail.example.com,Other,1957-08-11,Kolkata,West Bengal,India,Bronze,2026-07-06,Referral,2026-07-06,9999-12-31,1
935,C0000829,Carlos,Taylor,carlos.taylor829@mail.example.com,M,1999-10-20,Guwahati,Assam,India,Gold,2025-09-28,Marketplace,2025-09-28,9999-12-31,1
936,C0000830,Emily,Garcia,emily.garcia830@mail.example.com,Other,1971-09-03,New York,New York,United States,Bronze,2026-04-30,Marketplace,2026-04-30,9999-12-31,1
937,C0000831,Amit,Wong,amit.wong831@mail.example.com,M,1957-06-10,Delhi,Delhi,India,Silver,2026-04-07,Marketplace,2026-04-07,9999-12-31,1
938,C0000832,Aarav,Walker,aarav.walker832@mail.example.com,M,1987-08-03,Mumbai,Maharashtra,India,Bronze,2021-04-26,Email,2021-04-26,9999-12-31,1
939,C0000833,Noah,Taylor,noah.taylor833@mail.example.com,F,1971-10-04,Pune,Maharashtra,India,Silver,2021-07-19,Email,2021-07-19,9999-12-31,1
940,C0000834,Sneha,Banerjee,sneha.banerjee834@mail.example.com,F,1982-02-22,Delhi,Delhi,India,Bronze,2024-09-19,Organic Search,2024-09-19,9999-12-31,1
941,C0000835,Amit,Garcia,amit.garcia835@mail.example.com,M,2004-07-02,Jaipur,Rajasthan,India,Bronze,2022-12-25,Paid Social,2022-12-25,9999-12-31,1
942,C0000836,Emily,Singh,emily.singh836@mail.example.com,Other,1961-03-05,Ahmedabad,Gujarat,India,Bronze,2022-04-21,Walk-in,2022-04-21,2025-12-11,0
943,C0000836,Emily,Singh,emily.singh836@mail.example.com,Other,1961-03-05,Ahmedabad,Gujarat,India,Silver,2022-04-21,Walk-in,2025-12-12,9999-12-31,1
944,C0000837,Oliver,Kim,oliver.kim837@mail.example.com,Other,1981-08-02,Ahmedabad,Gujarat,India,Bronze,2022-03-12,Walk-in,2022-03-12,9999-12-31,1
945,C0000838,Rahul,Kim,rahul.kim838@mail.example.com,F,1985-07-17,Austin,Texas,United States,Gold,2025-01-04,Paid Social,2025-01-04,2025-05-31,0
946,C0000838,Rahul,Kim,rahul.kim838@mail.example.com,F,1985-07-17,Austin,Texas,United States,Platinum,2025-01-04,Paid Social,2025-06-01,9999-12-31,1
947,C0000839,James,Walker,james.walker839@mail.example.com,F,1990-05-16,Singapore,Singapore,Singapore,Bronze,2025-03-10,Marketplace,2025-03-10,9999-12-31,1
948,C0000840,Priya,Singh,priya.singh840@mail.example.com,F,1963-12-23,Mumbai,Maharashtra,India,Bronze,2024-05-15,Referral,2024-05-15,9999-12-31,1
949,C0000841,Oliver,Walker,oliver.walker841@mail.example.com,F,1974-03-11,Delhi,Delhi,India,Gold,2021-02-06,Email,2021-02-06,9999-12-31,1
950,C0000842,Emily,Gupta,emily.gupta842@mail.example.com,F,1990-11-21,Kolkata,West Bengal,India,Bronze,2025-05-08,Organic Search,2025-05-08,9999-12-31,1
951,C0000843,Arjun,Ali,arjun.ali843@mail.example.com,M,1987-02-19,Jaipur,Rajasthan,India,Bronze,2026-05-11,Marketplace,2026-05-11,9999-12-31,1
952,C0000844,Meera,Khan,meera.khan844@mail.example.com,F,2003-07-02,Delhi,Delhi,India,Gold,2021-09-02,Email,2021-09-02,9999-12-31,1
953,C0000845,Debjani,Bose,debjani.bose845@mail.example.com,M,2002-03-16,Bengaluru,Karnataka,India,Silver,2023-07-10,Walk-in,2023-07-10,9999-12-31,1
954,C0000846,Sneha,Singh,sneha.singh846@mail.example.com,F,1986-02-14,Hyderabad,Telangana,India,Silver,2024-03-24,Email,2024-03-24,9999-12-31,1
955,C0000847,Carlos,Reddy,carlos.reddy847@mail.example.com,M,1978-05-13,Guwahati,Assam,India,Bronze,2021-06-13,Marketplace,2021-06-13,9999-12-31,1
956,C0000848,Sourav,Nguyen,sourav.nguyen848@mail.example.com,Other,1987-08-13,Delhi,Delhi,India,Silver,2026-04-09,Marketplace,2026-04-09,9999-12-31,1
957,C0000849,Hannah,Wilson,hannah.wilson849@mail.example.com,Other,1985-06-03,Pune,Maharashtra,India,Silver,2022-07-17,Referral,2022-07-17,9999-12-31,1
958,C0000850,Rahul,Clarke,rahul.clarke850@mail.example.com,F,1973-10-17,Delhi,Delhi,India,Bronze,2024-01-17,Referral,2024-01-17,9999-12-31,1
959,C0000851,Ishita,Gupta,ishita.gupta851@mail.example.com,F,1972-05-20,London,England,United Kingdom,Bronze,2025-08-13,Marketplace,2025-08-13,9999-12-31,1
960,C0000852,Arjun,Silva,arjun.silva852@mail.example.com,Other,1967-11-22,Guwahati,Assam,India,Bronze,2024-04-23,Walk-in,2024-04-23,9999-12-31,1
961,C0000853,Daniel,Johnson,daniel.johnson853@mail.example.com,M,1995-04-07,Mumbai,Maharashtra,India,Silver,2024-04-08,Marketplace,2024-04-08,9999-12-31,1
962,C0000854,Emily,Mehta,emily.mehta854@mail.example.com,F,2000-05-19,Delhi,Delhi,India,Bronze,2026-06-07,Referral,2026-06-07,9999-12-31,1
963,C0000855,Ananya,Bose,ananya.bose855@mail.example.com,M,1955-02-07,London,England,United Kingdom,Gold,2025-05-30,Referral,2025-05-30,9999-12-31,1
964,C0000856,Daniel,Khan,daniel.khan856@mail.example.com,M,1967-05-02,Delhi,Delhi,India,Platinum,2025-09-19,Marketplace,2025-09-19,9999-12-31,1
965,C0000857,Amit,Kapoor,amit.kapoor857@mail.example.com,F,1962-06-25,Mumbai,Maharashtra,India,Gold,2023-01-12,Organic Search,2023-01-12,9999-12-31,1
966,C0000858,Sophie,Taylor,sophie.taylor858@mail.example.com,Other,2002-11-14,Delhi,Delhi,India,Bronze,2022-01-28,Marketplace,2022-01-28,2023-10-15,0
967,C0000858,Sophie,Taylor,sophie.taylor858@mail.example.com,Other,2002-11-14,Hyderabad,Telangana,India,Silver,2022-01-28,Marketplace,2023-10-16,9999-12-31,1
968,C0000859,Kavya,Singh,kavya.singh859@mail.example.com,Other,1990-06-27,Mumbai,Maharashtra,India,Bronze,2023-12-29,Organic Search,2023-12-29,9999-12-31,1
969,C0000860,Sneha,Silva,sneha.silva860@mail.example.com,F,1968-09-20,Singapore,Singapore,Singapore,Bronze,2025-04-19,Paid Social,2025-04-19,9999-12-31,1
970,C0000861,Rahul,Silva,rahul.silva861@mail.example.com,F,1970-07-08,Chennai,Tamil Nadu,India,Bronze,2022-01-27,Walk-in,2022-01-27,9999-12-31,1
971,C0000862,Rahul,Iyer,rahul.iyer862@mail.example.com,M,1982-10-28,Kolkata,West Bengal,India,Silver,2024-06-17,Email,2024-06-17,9999-12-31,1
972,C0000863,Rohan,Ghosh,rohan.ghosh863@mail.example.com,F,1964-12-13,Ahmedabad,Gujarat,India,Gold,2025-12-18,Email,2025-12-18,9999-12-31,1
973,C0000864,Zara,Walker,zara.walker864@mail.example.com,M,1975-01-16,Chennai,Tamil Nadu,India,Bronze,2024-11-03,Email,2024-11-03,9999-12-31,1
974,C0000865,Wei,Chatterjee,wei.chatterjee865@mail.example.com,M,1965-07-07,Hyderabad,Telangana,India,Bronze,2025-03-27,Referral,2025-03-27,9999-12-31,1
975,C0000866,Zara,Singh,zara.singh866@mail.example.com,F,1956-11-19,Bengaluru,Karnataka,India,Bronze,2026-04-08,Marketplace,2026-04-08,9999-12-31,1
976,C0000867,Amit,Brown,amit.brown867@mail.example.com,F,1956-08-14,Delhi,Delhi,India,Silver,2025-04-10,Email,2025-04-10,9999-12-31,1
977,C0000868,Rahul,Mehta,rahul.mehta868@mail.example.com,Other,1985-03-06,New York,New York,United States,Bronze,2023-12-01,Walk-in,2023-12-01,9999-12-31,1
978,C0000869,Vikram,Ali,vikram.ali869@mail.example.com,F,1978-01-25,Kolkata,West Bengal,India,Bronze,2025-04-12,Marketplace,2025-04-12,2026-06-01,0
979,C0000869,Vikram,Ali,vikram.ali869@mail.example.com,F,1978-01-25,Kolkata,West Bengal,India,Silver,2025-04-12,Marketplace,2026-06-02,9999-12-31,1
980,C0000870,Oliver,Nguyen,oliver.nguyen870@mail.example.com,F,1973-03-28,Delhi,Delhi,India,Bronze,2022-09-03,Paid Social,2022-09-03,9999-12-31,1
981,C0000871,Rohan,Singh,rohan.singh871@mail.example.com,F,1991-11-26,New York,New York,United States,Silver,2021-08-02,Marketplace,2021-08-02,9999-12-31,1
982,C0000872,Kavya,Kim,kavya.kim872@mail.example.com,M,1967-10-23,Mumbai,Maharashtra,India,Bronze,2021-03-12,Organic Search,2021-03-12,9999-12-31,1
983,C0000873,Ananya,Garcia,ananya.garcia873@mail.example.com,F,2001-03-05,Bengaluru,Karnataka,India,Bronze,2025-02-20,Paid Social,2025-02-20,9999-12-31,1
984,C0000874,Sneha,Garcia,sneha.garcia874@mail.example.com,F,1987-09-02,Delhi,Delhi,India,Bronze,2021-03-26,Paid Social,2021-03-26,9999-12-31,1
985,C0000875,Meera,Ali,meera.ali875@mail.example.com,Other,1991-05-15,Hyderabad,Telangana,India,Bronze,2025-02-13,Paid Social,2025-02-13,2025-08-18,0
986,C0000875,Meera,Ali,meera.ali875@mail.example.com,Other,1991-05-15,Hyderabad,Telangana,India,Silver,2025-02-13,Paid Social,2025-08-19,9999-12-31,1
987,C0000876,Amit,Reddy,amit.reddy876@mail.example.com,Other,1988-08-22,Kolkata,West Bengal,India,Silver,2026-03-03,Walk-in,2026-03-03,9999-12-31,1
988,C0000877,James,Clarke,james.clarke877@mail.example.com,M,2005-10-19,Austin,Texas,United States,Silver,2024-12-20,Marketplace,2024-12-20,9999-12-31,1
989,C0000878,Kavya,Nair,kavya.nair878@mail.example.com,M,1963-01-07,Chennai,Tamil Nadu,India,Bronze,2026-08-09,Referral,2026-08-09,9999-12-31,1
990,C0000879,Amit,Bose,amit.bose879@mail.example.com,M,1975-08-07,Delhi,Delhi,India,Silver,2021-04-08,Paid Social,2021-04-08,9999-12-31,1
991,C0000880,James,Ali,james.ali880@mail.example.com,F,1996-05-13,Hyderabad,Telangana,India,Bronze,2022-07-27,Organic Search,2022-07-27,9999-12-31,1
992,C0000881,Amit,Rao,amit.rao881@mail.example.com,F,1968-08-05,Ahmedabad,Gujarat,India,Bronze,2025-03-02,Organic Search,2025-03-02,9999-12-31,1
993,C0000882,Noah,Iyer,noah.iyer882@mail.example.com,F,1977-08-13,Delhi,Delhi,India,Gold,2021-08-06,Email,2021-08-06,9999-12-31,1
994,C0000883,Oliver,Taylor,oliver.taylor883@mail.example.com,F,1959-06-11,Bengaluru,Karnataka,India,Bronze,2026-05-18,Walk-in,2026-05-18,2026-07-22,0
995,C0000883,Oliver,Taylor,oliver.taylor883@mail.example.com,F,1959-06-11,Ahmedabad,Gujarat,India,Silver,2026-05-18,Walk-in,2026-07-23,9999-12-31,1
996,C0000884,Aarav,Johnson,aarav.johnson884@mail.example.com,M,1956-08-13,Mumbai,Maharashtra,India,Bronze,2025-03-01,Walk-in,2025-03-01,9999-12-31,1
997,C0000885,Debjani,Banerjee,debjani.banerjee885@mail.example.com,Other,1983-08-14,London,England,United Kingdom,Silver,2022-05-21,Organic Search,2022-05-21,9999-12-31,1
998,C0000886,Daniel,Johnson,daniel.johnson886@mail.example.com,Other,1979-06-22,Kolkata,West Bengal,India,Silver,2022-09-21,Marketplace,2022-09-21,9999-12-31,1
999,C0000887,Carlos,Nguyen,carlos.nguyen887@mail.example.com,F,1972-07-08,Mumbai,Maharashtra,India,Bronze,2025-04-22,Referral,2025-04-22,9999-12-31,1
1000,C0000888,Daniel,Gupta,daniel.gupta888@mail.example.com,F,1982-09-19,Bengaluru,Karnataka,India,Bronze,2022-09-14,Paid Social,2022-09-14,9999-12-31,1
1001,C0000889,Priya,Das,priya.das889@mail.example.com,F,1969-08-06,Ahmedabad,Gujarat,India,Gold,2021-09-28,Email,2021-09-28,2025-09-27,0
1002,C0000889,Priya,Das,priya.das889@mail.example.com,F,1969-08-06,Ahmedabad,Gujarat,India,Platinum,2021-09-28,Email,2025-09-28,9999-12-31,1
1003,C0000890,Mei,Mehta,mei.mehta890@mail.example.com,M,1991-09-18,Manchester,England,United Kingdom,Gold,2023-11-24,Marketplace,2023-11-24,9999-12-31,1
1004,C0000891,Arjun,Walker,arjun.walker891@mail.example.com,M,1993-04-08,Pune,Maharashtra,India,Gold,2024-02-17,Email,2024-02-17,9999-12-31,1
1005,C0000892,Ishita,Smith,ishita.smith892@mail.example.com,F,1958-10-10,Singapore,Singapore,Singapore,Gold,2025-07-16,Referral,2025-07-16,9999-12-31,1
1006,C0000893,Layla,Silva,layla.silva893@mail.example.com,M,1984-03-04,Mumbai,Maharashtra,India,Silver,2023-10-16,Walk-in,2023-10-16,9999-12-31,1
1007,C0000894,Daniel,Kapoor,daniel.kapoor894@mail.example.com,F,1965-10-16,Delhi,Delhi,India,Gold,2023-09-21,Marketplace,2023-09-21,9999-12-31,1
1008,C0000895,Priya,Ghosh,priya.ghosh895@mail.example.com,M,1964-07-16,Bengaluru,Karnataka,India,Platinum,2025-11-06,Referral,2025-11-06,2026-03-05,0
1009,C0000895,Priya,Ghosh,priya.ghosh895@mail.example.com,M,1964-07-16,Singapore,Singapore,Singapore,Platinum,2025-11-06,Referral,2026-03-06,9999-12-31,1
1010,C0000896,Amit,Brown,amit.brown896@mail.example.com,M,1970-05-08,Mumbai,Maharashtra,India,Silver,2025-10-28,Paid Social,2025-10-28,9999-12-31,1
1011,C0000897,Amit,Ali,amit.ali897@mail.example.com,M,1960-12-01,Kolkata,West Bengal,India,Bronze,2021-12-03,Email,2021-12-03,9999-12-31,1
1012,C0000898,Sofia,Silva,sofia.silva898@mail.example.com,M,1958-01-16,Ahmedabad,Gujarat,India,Bronze,2022-09-15,Paid Social,2022-09-15,9999-12-31,1
1013,C0000899,Chloe,Nguyen,chloe.nguyen899@mail.example.com,M,1997-10-03,London,England,United Kingdom,Bronze,2025-01-03,Referral,2025-01-03,2025-05-26,0
1014,C0000899,Chloe,Nguyen,chloe.nguyen899@mail.example.com,M,1997-10-03,London,England,United Kingdom,Silver,2025-01-03,Referral,2025-05-27,9999-12-31,1
1015,C0000900,Omar,Nguyen,omar.nguyen900@mail.example.com,Other,1980-08-04,Mumbai,Maharashtra,India,Bronze,2022-11-28,Referral,2022-11-28,9999-12-31,1
1016,C0000901,Hannah,Patel,hannah.patel901@mail.example.com,Other,1993-05-06,Mumbai,Maharashtra,India,Silver,2026-03-09,Marketplace,2026-03-09,2026-07-23,0
1017,C0000901,Hannah,Patel,hannah.patel901@mail.example.com,Other,1993-05-06,Delhi,Delhi,India,Gold,2026-03-09,Marketplace,2026-07-24,9999-12-31,1
1018,C0000902,Sourav,Walker,sourav.walker902@mail.example.com,Other,1983-06-17,Mumbai,Maharashtra,India,Bronze,2026-04-21,Marketplace,2026-04-21,9999-12-31,1
1019,C0000903,Noah,Singh,noah.singh903@mail.example.com,Other,1997-06-07,London,England,United Kingdom,Bronze,2024-06-20,Paid Social,2024-06-20,9999-12-31,1
1020,C0000904,Daniel,Kim,daniel.kim904@mail.example.com,M,1983-03-05,Mumbai,Maharashtra,India,Silver,2022-03-18,Referral,2022-03-18,9999-12-31,1
1021,C0000905,Wei,Smith,wei.smith905@mail.example.com,M,1996-11-22,Bengaluru,Karnataka,India,Silver,2022-05-18,Walk-in,2022-05-18,9999-12-31,1
1022,C0000906,Emily,Clarke,emily.clarke906@mail.example.com,M,1980-04-12,Kolkata,West Bengal,India,Bronze,2022-10-04,Organic Search,2022-10-04,9999-12-31,1
1023,C0000907,James,Walker,james.walker907@mail.example.com,M,1983-03-27,Singapore,Singapore,Singapore,Bronze,2024-08-18,Marketplace,2024-08-18,9999-12-31,1
1024,C0000908,Carlos,Brown,carlos.brown908@mail.example.com,M,1955-03-09,New York,New York,United States,Bronze,2023-01-24,Email,2023-01-24,2024-01-05,0
1025,C0000908,Carlos,Brown,carlos.brown908@mail.example.com,M,1955-03-09,Hyderabad,Telangana,India,Silver,2023-01-24,Email,2024-01-06,9999-12-31,1
1026,C0000909,Noah,Gupta,noah.gupta909@mail.example.com,Other,1957-01-21,Ahmedabad,Gujarat,India,Bronze,2025-09-08,Referral,2025-09-08,9999-12-31,1
1027,C0000910,Emily,Garcia,emily.garcia910@mail.example.com,Other,1967-04-05,London,England,United Kingdom,Bronze,2026-08-15,Marketplace,2026-08-15,9999-12-31,1
1028,C0000911,Amit,Kim,amit.kim911@mail.example.com,Other,1982-12-26,Chennai,Tamil Nadu,India,Bronze,2023-03-17,Marketplace,2023-03-17,9999-12-31,1
1029,C0000912,Carlos,Rao,carlos.rao912@mail.example.com,M,1956-07-19,Kolkata,West Bengal,India,Silver,2024-09-24,Organic Search,2024-09-24,9999-12-31,1
1030,C0000913,James,Nguyen,james.nguyen913@mail.example.com,Other,1975-10-08,New York,New York,United States,Bronze,2023-08-04,Referral,2023-08-04,9999-12-31,1
1031,C0000914,Chloe,Kim,chloe.kim914@mail.example.com,M,1971-01-17,Hyderabad,Telangana,India,Bronze,2025-06-06,Paid Social,2025-06-06,9999-12-31,1
1032,C0000915,Priya,Chatterjee,priya.chatterjee915@mail.example.com,Other,1989-09-14,London,England,United Kingdom,Bronze,2024-01-26,Marketplace,2024-01-26,9999-12-31,1
1033,C0000916,Chloe,Banerjee,chloe.banerjee916@mail.example.com,F,1989-11-18,Chennai,Tamil Nadu,India,Bronze,2023-05-25,Organic Search,2023-05-25,9999-12-31,1
1034,C0000917,Mei,Kapoor,mei.kapoor917@mail.example.com,F,1955-11-14,Mumbai,Maharashtra,India,Bronze,2023-04-01,Marketplace,2023-04-01,9999-12-31,1
1035,C0000918,Arjun,Nguyen,arjun.nguyen918@mail.example.com,F,1965-11-10,Jaipur,Rajasthan,India,Silver,2023-11-24,Email,2023-11-24,9999-12-31,1
1036,C0000919,Sneha,Mehta,sneha.mehta919@mail.example.com,F,1974-09-23,Kolkata,West Bengal,India,Bronze,2024-03-28,Organic Search,2024-03-28,9999-12-31,1
1037,C0000920,Layla,Nguyen,layla.nguyen920@mail.example.com,M,1959-05-06,Kolkata,West Bengal,India,Bronze,2023-09-09,Email,2023-09-09,2026-06-16,0
1038,C0000920,Layla,Nguyen,layla.nguyen920@mail.example.com,M,1959-05-06,Kolkata,West Bengal,India,Silver,2023-09-09,Email,2026-06-17,9999-12-31,1
1039,C0000921,Hannah,Das,hannah.das921@mail.example.com,Other,2005-02-12,Guwahati,Assam,India,Bronze,2024-12-30,Paid Social,2024-12-30,9999-12-31,1
1040,C0000922,Noah,Nguyen,noah.nguyen922@mail.example.com,Other,1959-03-05,Hyderabad,Telangana,India,Bronze,2021-12-20,Walk-in,2021-12-20,9999-12-31,1
1041,C0000923,Noah,Garcia,noah.garcia923@mail.example.com,Other,1976-07-26,Pune,Maharashtra,India,Silver,2021-05-03,Organic Search,2021-05-03,9999-12-31,1
1042,C0000924,Sneha,Gupta,sneha.gupta924@mail.example.com,F,2004-10-24,Hyderabad,Telangana,India,Silver,2026-06-04,Marketplace,2026-06-04,9999-12-31,1
1043,C0000925,Carlos,Smith,carlos.smith925@mail.example.com,F,1979-06-21,Hyderabad,Telangana,India,Bronze,2026-02-19,Organic Search,2026-02-19,9999-12-31,1
1044,C0000926,Debjani,Sharma,debjani.sharma926@mail.example.com,M,1996-06-14,Singapore,Singapore,Singapore,Silver,2025-03-06,Organic Search,2025-03-06,9999-12-31,1
1045,C0000927,Omar,Iyer,omar.iyer927@mail.example.com,Other,1992-03-16,Hyderabad,Telangana,India,Bronze,2022-04-23,Walk-in,2022-04-23,9999-12-31,1
1046,C0000928,Sofia,Banerjee,sofia.banerjee928@mail.example.com,F,1970-05-18,Guwahati,Assam,India,Gold,2024-07-22,Referral,2024-07-22,9999-12-31,1
1047,C0000929,Ishita,Walker,ishita.walker929@mail.example.com,M,1999-05-27,Singapore,Singapore,Singapore,Bronze,2022-07-15,Paid Social,2022-07-15,9999-12-31,1
1048,C0000930,Rohan,Johnson,rohan.johnson930@mail.example.com,M,1974-12-10,Bengaluru,Karnataka,India,Bronze,2026-08-03,Organic Search,2026-08-03,9999-12-31,1
1049,C0000931,Layla,Reddy,layla.reddy931@mail.example.com,M,1978-02-04,Austin,Texas,United States,Platinum,2022-02-15,Referral,2022-02-15,9999-12-31,1
1050,C0000932,Vikram,Brown,vikram.brown932@mail.example.com,Other,1958-05-10,London,England,United Kingdom,Gold,2023-08-07,Walk-in,2023-08-07,9999-12-31,1
1051,C0000933,Wei,Taylor,wei.taylor933@mail.example.com,F,1990-11-10,Austin,Texas,United States,Bronze,2024-05-02,Email,2024-05-02,9999-12-31,1
1052,C0000934,Rohan,Walker,rohan.walker934@mail.example.com,F,1963-02-04,Delhi,Delhi,India,Gold,2021-08-02,Walk-in,2021-08-02,2025-11-01,0
1053,C0000934,Rohan,Walker,rohan.walker934@mail.example.com,F,1963-02-04,London,England,United Kingdom,Platinum,2021-08-02,Walk-in,2025-11-02,9999-12-31,1
1054,C0000935,Ananya,Das,ananya.das935@mail.example.com,Other,1960-06-06,Mumbai,Maharashtra,India,Bronze,2023-10-12,Walk-in,2023-10-12,9999-12-31,1
1055,C0000936,Aarav,Smith,aarav.smith936@mail.example.com,F,1965-12-27,Mumbai,Maharashtra,India,Gold,2022-06-03,Walk-in,2022-06-03,9999-12-31,1
1056,C0000937,Oliver,Kim,oliver.kim937@mail.example.com,Other,1986-09-08,Delhi,Delhi,India,Bronze,2023-02-08,Paid Social,2023-02-08,9999-12-31,1
1057,C0000938,Oliver,Patel,oliver.patel938@mail.example.com,Other,1992-07-19,Delhi,Delhi,India,Bronze,2025-07-15,Paid Social,2025-07-15,9999-12-31,1
1058,C0000939,Kavya,Das,kavya.das939@mail.example.com,M,1955-02-13,Pune,Maharashtra,India,Silver,2026-08-01,Marketplace,2026-08-01,9999-12-31,1
1059,C0000940,Omar,Clarke,omar.clarke940@mail.example.com,Other,1963-12-02,Hyderabad,Telangana,India,Bronze,2023-10-17,Paid Social,2023-10-17,2024-02-26,0
1060,C0000940,Omar,Clarke,omar.clarke940@mail.example.com,Other,1963-12-02,Hyderabad,Telangana,India,Silver,2023-10-17,Paid Social,2024-02-27,9999-12-31,1
1061,C0000941,Vikram,Das,vikram.das941@mail.example.com,F,1996-04-23,Singapore,Singapore,Singapore,Bronze,2021-01-12,Marketplace,2021-01-12,9999-12-31,1
1062,C0000942,James,Reddy,james.reddy942@mail.example.com,Other,1978-06-14,Mumbai,Maharashtra,India,Bronze,2022-05-20,Walk-in,2022-05-20,9999-12-31,1
1063,C0000943,Layla,Clarke,layla.clarke943@mail.example.com,F,1977-04-28,Mumbai,Maharashtra,India,Silver,2025-05-14,Marketplace,2025-05-14,9999-12-31,1
1064,C0000944,Kavya,Banerjee,kavya.banerjee944@mail.example.com,Other,1984-03-02,Delhi,Delhi,India,Silver,2025-11-10,Organic Search,2025-11-10,9999-12-31,1
1065,C0000945,Kavya,Iyer,kavya.iyer945@mail.example.com,M,1973-05-06,New York,New York,United States,Bronze,2022-07-31,Organic Search,2022-07-31,9999-12-31,1
1066,C0000946,Daniel,Rao,daniel.rao946@mail.example.com,M,1983-04-23,Delhi,Delhi,India,Gold,2023-07-08,Email,2023-07-08,9999-12-31,1
1067,C0000947,James,Kim,james.kim947@mail.example.com,Other,1996-08-13,Mumbai,Maharashtra,India,Bronze,2023-08-19,Walk-in,2023-08-19,9999-12-31,1
1068,C0000948,Rahul,Wong,rahul.wong948@mail.example.com,M,1999-02-09,Bengaluru,Karnataka,India,Gold,2023-11-10,Walk-in,2023-11-10,9999-12-31,1
1069,C0000949,Daniel,Kim,daniel.kim949@mail.example.com,Other,1971-04-25,Mumbai,Maharashtra,India,Platinum,2024-03-04,Walk-in,2024-03-04,9999-12-31,1
1070,C0000950,Noah,Nair,noah.nair950@mail.example.com,M,1964-01-11,Hyderabad,Telangana,India,Silver,2021-01-14,Walk-in,2021-01-14,9999-12-31,1
1071,C0000951,Vikram,Nair,vikram.nair951@mail.example.com,Other,2001-07-09,Mumbai,Maharashtra,India,Silver,2024-06-08,Referral,2024-06-08,9999-12-31,1
1072,C0000952,Omar,Wilson,omar.wilson952@mail.example.com,M,1961-07-16,Hyderabad,Telangana,India,Silver,2025-01-01,Paid Social,2025-01-01,2026-02-08,0
1073,C0000952,Omar,Wilson,omar.wilson952@mail.example.com,M,1961-07-16,Jaipur,Rajasthan,India,Gold,2025-01-01,Paid Social,2026-02-09,9999-12-31,1
1074,C0000953,Emily,Singh,emily.singh953@mail.example.com,F,1999-02-04,Bengaluru,Karnataka,India,Silver,2021-03-09,Paid Social,2021-03-09,9999-12-31,1
1075,C0000954,James,Ghosh,james.ghosh954@mail.example.com,F,1961-11-18,Chennai,Tamil Nadu,India,Bronze,2021-10-25,Paid Social,2021-10-25,9999-12-31,1
1076,C0000955,Ananya,Banerjee,ananya.banerjee955@mail.example.com,F,1962-05-21,Delhi,Delhi,India,Silver,2025-08-03,Email,2025-08-03,2026-01-30,0
1077,C0000955,Ananya,Banerjee,ananya.banerjee955@mail.example.com,F,1962-05-21,Delhi,Delhi,India,Gold,2025-08-03,Email,2026-01-31,9999-12-31,1
1078,C0000956,Rahul,Silva,rahul.silva956@mail.example.com,Other,1957-08-23,Hyderabad,Telangana,India,Bronze,2023-09-15,Paid Social,2023-09-15,9999-12-31,1
1079,C0000957,Noah,Khan,noah.khan957@mail.example.com,Other,2005-07-11,Chennai,Tamil Nadu,India,Bronze,2023-06-06,Walk-in,2023-06-06,9999-12-31,1
1080,C0000958,Aarav,Ghosh,aarav.ghosh958@mail.example.com,Other,2003-08-18,Ahmedabad,Gujarat,India,Silver,2025-01-01,Organic Search,2025-01-01,2025-03-22,0
1081,C0000958,Aarav,Ghosh,aarav.ghosh958@mail.example.com,Other,2003-08-18,Ahmedabad,Gujarat,India,Gold,2025-01-01,Organic Search,2025-03-23,9999-12-31,1
1082,C0000959,Omar,Nair,omar.nair959@mail.example.com,F,2001-03-07,Delhi,Delhi,India,Gold,2021-07-05,Paid Social,2021-07-05,9999-12-31,1
1083,C0000960,James,Singh,james.singh960@mail.example.com,M,1962-12-24,Hyderabad,Telangana,India,Bronze,2021-05-09,Marketplace,2021-05-09,9999-12-31,1
1084,C0000961,Wei,Chatterjee,wei.chatterjee961@mail.example.com,Other,1985-07-01,London,England,United Kingdom,Bronze,2022-10-14,Organic Search,2022-10-14,9999-12-31,1
1085,C0000962,Kavya,Iyer,kavya.iyer962@mail.example.com,F,1968-02-05,Kolkata,West Bengal,India,Bronze,2022-10-08,Email,2022-10-08,9999-12-31,1
1086,C0000963,Wei,Johnson,wei.johnson963@mail.example.com,Other,1983-03-27,Ahmedabad,Gujarat,India,Platinum,2024-09-13,Walk-in,2024-09-13,9999-12-31,1
1087,C0000964,Kavya,Nair,kavya.nair964@mail.example.com,F,1972-06-09,Hyderabad,Telangana,India,Silver,2025-12-29,Marketplace,2025-12-29,9999-12-31,1
1088,C0000965,Carlos,Taylor,carlos.taylor965@mail.example.com,F,1992-02-26,Bengaluru,Karnataka,India,Silver,2022-01-08,Organic Search,2022-01-08,9999-12-31,1
1089,C0000966,Layla,Iyer,layla.iyer966@mail.example.com,F,1996-10-23,Hyderabad,Telangana,India,Silver,2025-06-05,Paid Social,2025-06-05,9999-12-31,1
1090,C0000967,Meera,Silva,meera.silva967@mail.example.com,Other,1987-10-18,Mumbai,Maharashtra,India,Gold,2021-07-27,Paid Social,2021-07-27,9999-12-31,1
1091,C0000968,Sophie,Chatterjee,sophie.chatterjee968@mail.example.com,M,1990-03-27,Delhi,Delhi,India,Bronze,2024-09-22,Email,2024-09-22,9999-12-31,1
1092,C0000969,Sofia,Silva,sofia.silva969@mail.example.com,Other,1988-03-20,Mumbai,Maharashtra,India,Bronze,2022-01-02,Email,2022-01-02,9999-12-31,1
1093,C0000970,Carlos,Kapoor,carlos.kapoor970@mail.example.com,Other,1976-01-02,Bengaluru,Karnataka,India,Silver,2024-02-06,Organic Search,2024-02-06,9999-12-31,1
1094,C0000971,Mei,Sharma,mei.sharma971@mail.example.com,F,2003-12-26,Kolkata,West Bengal,India,Silver,2022-11-07,Organic Search,2022-11-07,9999-12-31,1
1095,C0000972,Sofia,Iyer,sofia.iyer972@mail.example.com,Other,1958-11-24,Bengaluru,Karnataka,India,Platinum,2025-03-02,Organic Search,2025-03-02,2025-10-27,0
1096,C0000972,Sofia,Iyer,sofia.iyer972@mail.example.com,Other,1958-11-24,Pune,Maharashtra,India,Platinum,2025-03-02,Organic Search,2025-10-28,9999-12-31,1
1097,C0000973,Oliver,Clarke,oliver.clarke973@mail.example.com,Other,1971-03-03,Delhi,Delhi,India,Bronze,2024-04-11,Paid Social,2024-04-11,9999-12-31,1
1098,C0000974,Ishita,Smith,ishita.smith974@mail.example.com,Other,1964-03-27,Chennai,Tamil Nadu,India,Silver,2021-11-10,Walk-in,2021-11-10,9999-12-31,1
1099,C0000975,Emily,Banerjee,emily.banerjee975@mail.example.com,M,1956-01-20,Chennai,Tamil Nadu,India,Bronze,2026-03-30,Marketplace,2026-03-30,9999-12-31,1
1100,C0000976,Michael,Kapoor,michael.kapoor976@mail.example.com,F,1988-03-13,Kolkata,West Bengal,India,Bronze,2024-02-01,Organic Search,2024-02-01,9999-12-31,1
1101,C0000977,Oliver,Singh,oliver.singh977@mail.example.com,Other,1997-01-12,Singapore,Singapore,Singapore,Bronze,2025-02-22,Paid Social,2025-02-22,9999-12-31,1
1102,C0000978,Wei,Banerjee,wei.banerjee978@mail.example.com,Other,1981-04-08,Hyderabad,Telangana,India,Bronze,2021-08-06,Walk-in,2021-08-06,9999-12-31,1
1103,C0000979,Aarav,Garcia,aarav.garcia979@mail.example.com,F,1963-02-02,Hyderabad,Telangana,India,Bronze,2023-01-27,Organic Search,2023-01-27,9999-12-31,1
1104,C0000980,Oliver,Iyer,oliver.iyer980@mail.example.com,F,1971-11-24,New York,New York,United States,Bronze,2021-01-21,Marketplace,2021-01-21,9999-12-31,1
1105,C0000981,Zara,Nguyen,zara.nguyen981@mail.example.com,F,1979-12-25,Delhi,Delhi,India,Bronze,2023-03-06,Marketplace,2023-03-06,9999-12-31,1
1106,C0000982,Chloe,Chatterjee,chloe.chatterjee982@mail.example.com,Other,1994-11-10,Mumbai,Maharashtra,India,Silver,2025-06-27,Walk-in,2025-06-27,9999-12-31,1
1107,C0000983,Ishita,Ghosh,ishita.ghosh983@mail.example.com,Other,1970-07-25,Delhi,Delhi,India,Silver,2021-03-26,Referral,2021-03-26,9999-12-31,1
1108,C0000984,Vikram,Iyer,vikram.iyer984@mail.example.com,M,1960-08-28,Delhi,Delhi,India,Bronze,2023-10-29,Email,2023-10-29,9999-12-31,1
1109,C0000985,Sneha,Mehta,sneha.mehta985@mail.example.com,M,2003-05-28,Austin,Texas,United States,Gold,2025-03-11,Paid Social,2025-03-11,9999-12-31,1
1110,C0000986,Debjani,Kapoor,debjani.kapoor986@mail.example.com,Other,1973-04-28,Chennai,Tamil Nadu,India,Gold,2023-02-05,Organic Search,2023-02-05,2025-05-16,0
1111,C0000986,Debjani,Kapoor,debjani.kapoor986@mail.example.com,Other,1973-04-28,London,England,United Kingdom,Platinum,2023-02-05,Organic Search,2025-05-17,9999-12-31,1
1112,C0000987,Oliver,Brown,oliver.brown987@mail.example.com,Other,1956-04-24,Singapore,Singapore,Singapore,Bronze,2026-09-01,Paid Social,2026-09-01,9999-12-31,1
1113,C0000988,Omar,Das,omar.das988@mail.example.com,Other,1984-10-27,Delhi,Delhi,India,Silver,2022-07-04,Marketplace,2022-07-04,9999-12-31,1
1114,C0000989,Michael,Banerjee,michael.banerjee989@mail.example.com,F,1970-04-07,Singapore,Singapore,Singapore,Bronze,2024-04-08,Referral,2024-04-08,9999-12-31,1
1115,C0000990,Sourav,Kim,sourav.kim990@mail.example.com,F,2001-04-26,Ahmedabad,Gujarat,India,Bronze,2025-06-05,Organic Search,2025-06-05,2026-06-06,0
1116,C0000990,Sourav,Kim,sourav.kim990@mail.example.com,F,2001-04-26,Bengaluru,Karnataka,India,Silver,2025-06-05,Organic Search,2026-06-07,9999-12-31,1
1117,C0000991,Ananya,Taylor,ananya.taylor991@mail.example.com,M,1970-10-03,Kolkata,West Bengal,India,Silver,2023-03-25,Paid Social,2023-03-25,9999-12-31,1
1118,C0000992,Sourav,Singh,sourav.singh992@mail.example.com,Other,1957-12-03,Kolkata,West Bengal,India,Platinum,2025-07-24,Walk-in,2025-07-24,9999-12-31,1
1119,C0000993,Amit,Iyer,amit.iyer993@mail.example.com,F,1981-09-24,Bengaluru,Karnataka,India,Gold,2026-08-13,Organic Search,2026-08-13,9999-12-31,1
1120,C0000994,Aarav,Silva,aarav.silva994@mail.example.com,Other,1976-07-04,Kolkata,West Bengal,India,Bronze,2022-03-14,Walk-in,2022-03-14,9999-12-31,1
1121,C0000995,Amit,Kapoor,amit.kapoor995@mail.example.com,F,1971-12-10,Bengaluru,Karnataka,India,Gold,2026-07-31,Walk-in,2026-07-31,9999-12-31,1
1122,C0000996,Noah,Sharma,noah.sharma996@mail.example.com,F,1980-06-20,New York,New York,United States,Silver,2023-05-26,Paid Social,2023-05-26,2023-12-16,0
1123,C0000996,Noah,Sharma,noah.sharma996@mail.example.com,F,1980-06-20,New York,New York,United States,Gold,2023-05-26,Paid Social,2023-12-17,9999-12-31,1
1124,C0000997,Michael,Garcia,michael.garcia997@mail.example.com,M,1989-05-08,Hyderabad,Telangana,India,Bronze,2022-03-22,Walk-in,2022-03-22,9999-12-31,1
1125,C0000998,Arjun,Garcia,arjun.garcia998@mail.example.com,Other,1965-12-06,Singapore,Singapore,Singapore,Gold,2023-03-09,Walk-in,2023-03-09,9999-12-31,1
1126,C0000999,James,Das,james.das999@mail.example.com,Other,1959-02-09,Delhi,Delhi,India,Gold,2025-09-10,Marketplace,2025-09-10,9999-12-31,1
1127,C0001000,Oliver,Taylor,oliver.taylor1000@mail.example.com,F,1978-11-01,Bengaluru,Karnataka,India,Silver,2021-06-25,Referral,2021-06-25,9999-12-31,1
1128,C0001001,Kavya,Silva,kavya.silva1001@mail.example.com,F,1962-12-05,Jaipur,Rajasthan,India,Bronze,2022-01-29,Organic Search,2022-01-29,9999-12-31,1
1129,C0001002,Priya,Johnson,priya.johnson1002@mail.example.com,M,1979-07-20,New York,New York,United States,Bronze,2025-01-19,Organic Search,2025-01-19,9999-12-31,1
1130,C0001003,Sourav,Wong,sourav.wong1003@mail.example.com,F,2004-04-09,Mumbai,Maharashtra,India,Gold,2022-12-20,Referral,2022-12-20,9999-12-31,1
1131,C0001004,Sneha,Ghosh,sneha.ghosh1004@mail.example.com,F,1995-08-14,Hyderabad,Telangana,India,Silver,2026-06-12,Marketplace,2026-06-12,9999-12-31,1
1132,C0001005,Omar,Das,omar.das1005@mail.example.com,Other,1962-04-10,Delhi,Delhi,India,Gold,2021-06-15,Organic Search,2021-06-15,9999-12-31,1
1133,C0001006,Sourav,Patel,sourav.patel1006@mail.example.com,Other,1981-01-07,Delhi,Delhi,India,Bronze,2022-07-14,Referral,2022-07-14,9999-12-31,1
1134,C0001007,Chloe,Mehta,chloe.mehta1007@mail.example.com,Other,1993-01-17,Bengaluru,Karnataka,India,Bronze,2021-03-15,Walk-in,2021-03-15,9999-12-31,1
1135,C0001008,Ishita,Brown,ishita.brown1008@mail.example.com,M,2000-08-09,Mumbai,Maharashtra,India,Silver,2021-03-06,Paid Social,2021-03-06,9999-12-31,1
1136,C0001009,Hannah,Clarke,hannah.clarke1009@mail.example.com,Other,2004-11-10,Bengaluru,Karnataka,India,Gold,2025-03-20,Marketplace,2025-03-20,9999-12-31,1
1137,C0001010,Chloe,Walker,chloe.walker1010@mail.example.com,Other,1960-09-10,Jaipur,Rajasthan,India,Bronze,2026-02-12,Referral,2026-02-12,9999-12-31,1
1138,C0001011,Meera,Reddy,meera.reddy1011@mail.example.com,Other,1973-01-25,Delhi,Delhi,India,Bronze,2022-02-26,Referral,2022-02-26,9999-12-31,1
1139,C0001012,Vikram,Nair,vikram.nair1012@mail.example.com,M,1966-04-10,New York,New York,United States,Silver,2022-03-20,Email,2022-03-20,9999-12-31,1
1140,C0001013,Priya,Ghosh,priya.ghosh1013@mail.example.com,M,1990-08-05,Hyderabad,Telangana,India,Bronze,2021-04-05,Organic Search,2021-04-05,9999-12-31,1
1141,C0001014,Aarav,Clarke,aarav.clarke1014@mail.example.com,F,1974-09-24,Bengaluru,Karnataka,India,Bronze,2023-06-04,Walk-in,2023-06-04,9999-12-31,1
1142,C0001015,Noah,Mehta,noah.mehta1015@mail.example.com,F,1997-09-25,Pune,Maharashtra,India,Bronze,2022-07-22,Referral,2022-07-22,9999-12-31,1
1143,C0001016,Zara,Walker,zara.walker1016@mail.example.com,Other,1999-10-20,Mumbai,Maharashtra,India,Bronze,2022-08-07,Organic Search,2022-08-07,9999-12-31,1
1144,C0001017,Amit,Brown,amit.brown1017@mail.example.com,M,1982-11-09,Jaipur,Rajasthan,India,Bronze,2022-08-24,Walk-in,2022-08-24,9999-12-31,1
1145,C0001018,Michael,Chatterjee,michael.chatterjee1018@mail.example.com,Other,1955-09-16,New York,New York,United States,Gold,2023-06-07,Organic Search,2023-06-07,9999-12-31,1
1146,C0001019,Carlos,Gupta,carlos.gupta1019@mail.example.com,M,1991-06-25,London,England,United Kingdom,Bronze,2024-07-08,Paid Social,2024-07-08,9999-12-31,1
1147,C0001020,Daniel,Silva,daniel.silva1020@mail.example.com,M,1995-01-28,Guwahati,Assam,India,Bronze,2024-01-19,Paid Social,2024-01-19,9999-12-31,1
1148,C0001021,Chloe,Ali,chloe.ali1021@mail.example.com,Other,1979-02-02,Chennai,Tamil Nadu,India,Bronze,2025-05-20,Email,2025-05-20,9999-12-31,1
1149,C0001022,Vikram,Khan,vikram.khan1022@mail.example.com,Other,1958-02-13,Hyderabad,Telangana,India,Bronze,2021-04-15,Walk-in,2021-04-15,9999-12-31,1
1150,C0001023,Hannah,Chatterjee,hannah.chatterjee1023@mail.example.com,Other,1958-08-14,Manchester,England,United Kingdom,Silver,2024-08-09,Marketplace,2024-08-09,9999-12-31,1
1151,C0001024,James,Clarke,james.clarke1024@mail.example.com,M,1958-12-12,Bengaluru,Karnataka,India,Bronze,2022-08-12,Referral,2022-08-12,2025-12-09,0
1152,C0001024,James,Clarke,james.clarke1024@mail.example.com,M,1958-12-12,Hyderabad,Telangana,India,Silver,2022-08-12,Referral,2025-12-10,9999-12-31,1
1153,C0001025,Priya,Chen,priya.chen1025@mail.example.com,F,2001-07-25,Austin,Texas,United States,Gold,2022-07-27,Marketplace,2022-07-27,9999-12-31,1
1154,C0001026,Sophie,Silva,sophie.silva1026@mail.example.com,F,2001-11-27,Kolkata,West Bengal,India,Bronze,2026-07-09,Email,2026-07-09,9999-12-31,1
1155,C0001027,Noah,Wilson,noah.wilson1027@mail.example.com,F,1956-07-17,Kolkata,West Bengal,India,Silver,2023-12-16,Referral,2023-12-16,9999-12-31,1
1156,C0001028,James,Singh,james.singh1028@mail.example.com,M,1975-06-23,Kolkata,West Bengal,India,Gold,2022-06-28,Paid Social,2022-06-28,9999-12-31,1
1157,C0001029,James,Taylor,james.taylor1029@mail.example.com,Other,1955-04-28,Austin,Texas,United States,Platinum,2026-03-17,Paid Social,2026-03-17,2026-07-31,0
1158,C0001029,James,Taylor,james.taylor1029@mail.example.com,Other,1955-04-28,Bengaluru,Karnataka,India,Platinum,2026-03-17,Paid Social,2026-08-01,9999-12-31,1
1159,C0001030,Kavya,Singh,kavya.singh1030@mail.example.com,M,1963-08-16,London,England,United Kingdom,Bronze,2024-07-25,Referral,2024-07-25,2025-05-03,0
1160,C0001030,Kavya,Singh,kavya.singh1030@mail.example.com,M,1963-08-16,New York,New York,United States,Silver,2024-07-25,Referral,2025-05-04,9999-12-31,1
1161,C0001031,Ishita,Das,ishita.das1031@mail.example.com,M,1992-06-02,Hyderabad,Telangana,India,Bronze,2022-11-22,Email,2022-11-22,9999-12-31,1
1162,C0001032,Ananya,Ghosh,ananya.ghosh1032@mail.example.com,M,1970-08-07,Delhi,Delhi,India,Silver,2021-08-05,Organic Search,2021-08-05,9999-12-31,1
1163,C0001033,Arjun,Kim,arjun.kim1033@mail.example.com,F,1997-09-06,Bengaluru,Karnataka,India,Gold,2026-08-09,Organic Search,2026-08-09,9999-12-31,1
1164,C0001034,Zara,Smith,zara.smith1034@mail.example.com,F,1961-11-07,New York,New York,United States,Bronze,2023-01-18,Email,2023-01-18,9999-12-31,1
1165,C0001035,Omar,Smith,omar.smith1035@mail.example.com,F,1969-07-28,Guwahati,Assam,India,Gold,2025-11-29,Walk-in,2025-11-29,9999-12-31,1
1166,C0001036,Sneha,Taylor,sneha.taylor1036@mail.example.com,Other,1981-01-11,Pune,Maharashtra,India,Bronze,2024-07-28,Email,2024-07-28,2026-05-20,0
1167,C0001036,Sneha,Taylor,sneha.taylor1036@mail.example.com,Other,1981-01-11,Pune,Maharashtra,India,Silver,2024-07-28,Email,2026-05-21,9999-12-31,1
1168,C0001037,Amit,Walker,amit.walker1037@mail.example.com,F,1984-08-23,Austin,Texas,United States,Bronze,2022-05-03,Email,2022-05-03,9999-12-31,1
1169,C0001038,Sofia,Reddy,sofia.reddy1038@mail.example.com,Other,1978-01-13,Manchester,England,United Kingdom,Bronze,2021-03-05,Organic Search,2021-03-05,9999-12-31,1
1170,C0001039,Michael,Mehta,michael.mehta1039@mail.example.com,F,1960-07-22,Delhi,Delhi,India,Gold,2022-10-15,Referral,2022-10-15,9999-12-31,1
1171,C0001040,James,Nguyen,james.nguyen1040@mail.example.com,Other,1980-10-05,Kolkata,West Bengal,India,Silver,2023-12-22,Walk-in,2023-12-22,9999-12-31,1
1172,C0001041,Daniel,Reddy,daniel.reddy1041@mail.example.com,Other,1984-10-02,Delhi,Delhi,India,Silver,2025-06-18,Walk-in,2025-06-18,9999-12-31,1
1173,C0001042,Hannah,Taylor,hannah.taylor1042@mail.example.com,Other,1965-03-02,Delhi,Delhi,India,Gold,2021-03-08,Organic Search,2021-03-08,9999-12-31,1
1174,C0001043,Omar,Taylor,omar.taylor1043@mail.example.com,M,1987-05-21,Bengaluru,Karnataka,India,Bronze,2023-10-25,Walk-in,2023-10-25,9999-12-31,1
1175,C0001044,Sophie,Clarke,sophie.clarke1044@mail.example.com,M,1973-06-15,Kolkata,West Bengal,India,Silver,2021-12-11,Walk-in,2021-12-11,9999-12-31,1
1176,C0001045,Priya,Chen,priya.chen1045@mail.example.com,M,1977-03-08,Pune,Maharashtra,India,Gold,2022-01-11,Email,2022-01-11,9999-12-31,1
1177,C0001046,Carlos,Walker,carlos.walker1046@mail.example.com,F,1972-07-25,Mumbai,Maharashtra,India,Bronze,2026-01-26,Walk-in,2026-01-26,9999-12-31,1
1178,C0001047,James,Smith,james.smith1047@mail.example.com,M,1979-09-05,Hyderabad,Telangana,India,Gold,2026-07-11,Walk-in,2026-07-11,9999-12-31,1
1179,C0001048,Arjun,Khan,arjun.khan1048@mail.example.com,F,1988-10-07,London,England,United Kingdom,Bronze,2024-08-04,Marketplace,2024-08-04,9999-12-31,1
1180,C0001049,Chloe,Johnson,chloe.johnson1049@mail.example.com,Other,1998-11-26,Kolkata,West Bengal,India,Bronze,2023-02-02,Organic Search,2023-02-02,9999-12-31,1
1181,C0001050,Zara,Ali,zara.ali1050@mail.example.com,Other,1979-12-20,Delhi,Delhi,India,Bronze,2025-05-18,Email,2025-05-18,2026-06-25,0
1182,C0001050,Zara,Ali,zara.ali1050@mail.example.com,Other,1979-12-20,Delhi,Delhi,India,Silver,2025-05-18,Email,2026-06-26,9999-12-31,1
1183,C0001051,Carlos,Wong,carlos.wong1051@mail.example.com,M,1972-05-06,Delhi,Delhi,India,Gold,2025-03-15,Email,2025-03-15,9999-12-31,1
1184,C0001052,Debjani,Khan,debjani.khan1052@mail.example.com,Other,1966-11-08,London,England,United Kingdom,Silver,2024-04-19,Paid Social,2024-04-19,9999-12-31,1
1185,C0001053,Rahul,Silva,rahul.silva1053@mail.example.com,M,1967-09-19,Bengaluru,Karnataka,India,Gold,2023-06-30,Referral,2023-06-30,9999-12-31,1
1186,C0001054,Chloe,Nguyen,chloe.nguyen1054@mail.example.com,M,2001-08-06,Delhi,Delhi,India,Gold,2024-10-15,Referral,2024-10-15,9999-12-31,1
1187,C0001055,Amit,Brown,amit.brown1055@mail.example.com,F,1976-09-20,Mumbai,Maharashtra,India,Silver,2023-06-30,Referral,2023-06-30,9999-12-31,1
1188,C0001056,Oliver,Iyer,oliver.iyer1056@mail.example.com,Other,1978-06-01,Hyderabad,Telangana,India,Platinum,2025-05-22,Email,2025-05-22,9999-12-31,1
1189,C0001057,Layla,Taylor,layla.taylor1057@mail.example.com,F,2003-08-25,Delhi,Delhi,India,Silver,2024-08-05,Referral,2024-08-05,2025-08-12,0
1190,C0001057,Layla,Taylor,layla.taylor1057@mail.example.com,F,2003-08-25,Delhi,Delhi,India,Gold,2024-08-05,Referral,2025-08-13,9999-12-31,1
1191,C0001058,Chloe,Kim,chloe.kim1058@mail.example.com,F,1962-08-20,Chennai,Tamil Nadu,India,Bronze,2021-11-02,Organic Search,2021-11-02,9999-12-31,1
1192,C0001059,Daniel,Singh,daniel.singh1059@mail.example.com,M,1960-06-07,Delhi,Delhi,India,Bronze,2021-06-04,Organic Search,2021-06-04,9999-12-31,1
1193,C0001060,Omar,Kapoor,omar.kapoor1060@mail.example.com,M,2001-03-12,Mumbai,Maharashtra,India,Silver,2023-06-07,Paid Social,2023-06-07,9999-12-31,1
1194,C0001061,Oliver,Iyer,oliver.iyer1061@mail.example.com,M,1983-06-02,Delhi,Delhi,India,Bronze,2025-10-12,Walk-in,2025-10-12,9999-12-31,1
1195,C0001062,Layla,Clarke,layla.clarke1062@mail.example.com,M,2004-02-02,London,England,United Kingdom,Silver,2024-03-07,Paid Social,2024-03-07,9999-12-31,1
1196,C0001063,Ananya,Chen,ananya.chen1063@mail.example.com,M,1990-01-20,Hyderabad,Telangana,India,Silver,2026-04-21,Paid Social,2026-04-21,2026-08-04,0
1197,C0001063,Ananya,Chen,ananya.chen1063@mail.example.com,M,1990-01-20,Manchester,England,United Kingdom,Gold,2026-04-21,Paid Social,2026-08-05,9999-12-31,1
1198,C0001064,Layla,Garcia,layla.garcia1064@mail.example.com,M,1963-06-18,Delhi,Delhi,India,Gold,2022-10-29,Email,2022-10-29,2024-12-24,0
1199,C0001064,Layla,Garcia,layla.garcia1064@mail.example.com,M,1963-06-18,Delhi,Delhi,India,Platinum,2022-10-29,Email,2024-12-25,9999-12-31,1
1200,C0001065,Kavya,Silva,kavya.silva1065@mail.example.com,Other,1972-05-28,Jaipur,Rajasthan,India,Bronze,2025-12-17,Email,2025-12-17,9999-12-31,1
1201,C0001066,Mei,Kim,mei.kim1066@mail.example.com,Other,2001-10-14,Pune,Maharashtra,India,Platinum,2024-10-22,Referral,2024-10-22,9999-12-31,1
1202,C0001067,Oliver,Reddy,oliver.reddy1067@mail.example.com,F,1960-12-14,Delhi,Delhi,India,Platinum,2022-05-02,Organic Search,2022-05-02,9999-12-31,1
1203,C0001068,Priya,Banerjee,priya.banerjee1068@mail.example.com,F,1978-11-08,Mumbai,Maharashtra,India,Silver,2024-06-10,Paid Social,2024-06-10,9999-12-31,1
1204,C0001069,Zara,Khan,zara.khan1069@mail.example.com,M,1975-06-03,New York,New York,United States,Bronze,2022-04-20,Referral,2022-04-20,9999-12-31,1
1205,C0001070,Michael,Clarke,michael.clarke1070@mail.example.com,Other,1998-02-10,Bengaluru,Karnataka,India,Bronze,2023-01-17,Walk-in,2023-01-17,9999-12-31,1
1206,C0001071,Hannah,Chen,hannah.chen1071@mail.example.com,M,1999-04-14,Chennai,Tamil Nadu,India,Bronze,2026-08-09,Marketplace,2026-08-09,9999-12-31,1
1207,C0001072,Kavya,Reddy,kavya.reddy1072@mail.example.com,M,1978-09-24,Jaipur,Rajasthan,India,Silver,2022-06-16,Referral,2022-06-16,9999-12-31,1
1208,C0001073,Oliver,Gupta,oliver.gupta1073@mail.example.com,F,2000-09-26,London,England,United Kingdom,Gold,2022-12-10,Marketplace,2022-12-10,9999-12-31,1
1209,C0001074,Vikram,Wilson,vikram.wilson1074@mail.example.com,Other,1995-05-20,Mumbai,Maharashtra,India,Bronze,2021-01-30,Email,2021-01-30,2023-09-01,0
1210,C0001074,Vikram,Wilson,vikram.wilson1074@mail.example.com,Other,1995-05-20,Mumbai,Maharashtra,India,Silver,2021-01-30,Email,2023-09-02,9999-12-31,1
1211,C0001075,Emily,Nair,emily.nair1075@mail.example.com,M,1977-01-18,Mumbai,Maharashtra,India,Bronze,2026-03-13,Email,2026-03-13,9999-12-31,1
1212,C0001076,James,Nair,james.nair1076@mail.example.com,Other,1985-08-11,Guwahati,Assam,India,Bronze,2024-12-04,Referral,2024-12-04,9999-12-31,1
1213,C0001077,Amit,Reddy,amit.reddy1077@mail.example.com,Other,1975-03-20,New York,New York,United States,Bronze,2021-05-14,Marketplace,2021-05-14,9999-12-31,1
1214,C0001078,Sophie,Singh,sophie.singh1078@mail.example.com,F,1958-09-28,Ahmedabad,Gujarat,India,Bronze,2025-05-27,Email,2025-05-27,9999-12-31,1
1215,C0001079,James,Walker,james.walker1079@mail.example.com,Other,2005-12-24,Mumbai,Maharashtra,India,Bronze,2025-12-20,Walk-in,2025-12-20,9999-12-31,1
1216,C0001080,Omar,Nguyen,omar.nguyen1080@mail.example.com,F,1966-03-19,Kolkata,West Bengal,India,Platinum,2023-01-15,Walk-in,2023-01-15,9999-12-31,1
1217,C0001081,Ananya,Wong,ananya.wong1081@mail.example.com,Other,1997-10-03,Bengaluru,Karnataka,India,Silver,2024-09-01,Paid Social,2024-09-01,9999-12-31,1
1218,C0001082,Sneha,Kapoor,sneha.kapoor1082@mail.example.com,M,2005-10-28,Pune,Maharashtra,India,Gold,2023-09-29,Paid Social,2023-09-29,9999-12-31,1
1219,C0001083,Kavya,Iyer,kavya.iyer1083@mail.example.com,M,2002-12-16,Chennai,Tamil Nadu,India,Bronze,2026-03-12,Email,2026-03-12,9999-12-31,1
1220,C0001084,Sourav,Das,sourav.das1084@mail.example.com,Other,1994-12-24,New York,New York,United States,Bronze,2026-08-03,Email,2026-08-03,9999-12-31,1
1221,C0001085,James,Sharma,james.sharma1085@mail.example.com,Other,1983-02-06,Mumbai,Maharashtra,India,Bronze,2022-12-16,Paid Social,2022-12-16,9999-12-31,1
1222,C0001086,Oliver,Nguyen,oliver.nguyen1086@mail.example.com,F,1968-08-23,Chennai,Tamil Nadu,India,Gold,2022-04-06,Referral,2022-04-06,9999-12-31,1
1223,C0001087,Noah,Johnson,noah.johnson1087@mail.example.com,M,1956-11-25,Delhi,Delhi,India,Platinum,2022-09-04,Paid Social,2022-09-04,9999-12-31,1
1224,C0001088,Layla,Banerjee,layla.banerjee1088@mail.example.com,Other,1957-01-09,Chennai,Tamil Nadu,India,Silver,2022-12-11,Email,2022-12-11,9999-12-31,1
1225,C0001089,James,Johnson,james.johnson1089@mail.example.com,Other,1977-11-07,Chennai,Tamil Nadu,India,Silver,2025-12-01,Marketplace,2025-12-01,9999-12-31,1
1226,C0001090,Debjani,Nair,debjani.nair1090@mail.example.com,F,1958-01-07,Delhi,Delhi,India,Bronze,2025-06-04,Referral,2025-06-04,9999-12-31,1
1227,C0001091,Omar,Brown,omar.brown1091@mail.example.com,F,1962-08-03,Manchester,England,United Kingdom,Bronze,2024-08-06,Paid Social,2024-08-06,9999-12-31,1
1228,C0001092,Noah,Ali,noah.ali1092@mail.example.com,Other,1996-10-06,Kolkata,West Bengal,India,Silver,2022-09-04,Marketplace,2022-09-04,9999-12-31,1
1229,C0001093,Rohan,Patel,rohan.patel1093@mail.example.com,F,1996-12-17,Mumbai,Maharashtra,India,Bronze,2024-02-10,Walk-in,2024-02-10,9999-12-31,1
1230,C0001094,Emily,Chatterjee,emily.chatterjee1094@mail.example.com,Other,1960-10-04,Mumbai,Maharashtra,India,Bronze,2026-08-10,Organic Search,2026-08-10,9999-12-31,1
1231,C0001095,Vikram,Nair,vikram.nair1095@mail.example.com,F,1981-08-25,Mumbai,Maharashtra,India,Silver,2026-03-01,Organic Search,2026-03-01,9999-12-31,1
1232,C0001096,Rohan,Iyer,rohan.iyer1096@mail.example.com,Other,1961-03-06,Mumbai,Maharashtra,India,Bronze,2025-07-08,Walk-in,2025-07-08,2025-11-13,0
1233,C0001096,Rohan,Iyer,rohan.iyer1096@mail.example.com,Other,1961-03-06,Mumbai,Maharashtra,India,Silver,2025-07-08,Walk-in,2025-11-14,9999-12-31,1
1234,C0001097,Noah,Johnson,noah.johnson1097@mail.example.com,M,1967-10-24,Jaipur,Rajasthan,India,Silver,2023-10-16,Organic Search,2023-10-16,9999-12-31,1
1235,C0001098,Sourav,Gupta,sourav.gupta1098@mail.example.com,F,1984-11-22,Chennai,Tamil Nadu,India,Gold,2023-01-03,Walk-in,2023-01-03,2024-09-30,0
1236,C0001098,Sourav,Gupta,sourav.gupta1098@mail.example.com,F,1984-11-22,Kolkata,West Bengal,India,Platinum,2023-01-03,Walk-in,2024-10-01,9999-12-31,1
1237,C0001099,Sophie,Walker,sophie.walker1099@mail.example.com,F,1976-01-19,Bengaluru,Karnataka,India,Silver,2022-07-30,Paid Social,2022-07-30,9999-12-31,1
1238,C0001100,Aarav,Khan,aarav.khan1100@mail.example.com,Other,1999-06-12,London,England,United Kingdom,Silver,2023-03-05,Organic Search,2023-03-05,9999-12-31,1
1239,C0001101,Noah,Gupta,noah.gupta1101@mail.example.com,F,1963-12-19,Ahmedabad,Gujarat,India,Bronze,2024-11-15,Organic Search,2024-11-15,9999-12-31,1
1240,C0001102,Arjun,Das,arjun.das1102@mail.example.com,F,1990-06-18,Mumbai,Maharashtra,India,Bronze,2025-01-10,Referral,2025-01-10,9999-12-31,1
1241,C0001103,Rohan,Kim,rohan.kim1103@mail.example.com,F,1956-03-16,Jaipur,Rajasthan,India,Gold,2022-10-02,Email,2022-10-02,9999-12-31,1
1242,C0001104,Meera,Taylor,meera.taylor1104@mail.example.com,Other,1965-10-20,Chennai,Tamil Nadu,India,Bronze,2021-09-05,Marketplace,2021-09-05,9999-12-31,1
1243,C0001105,Layla,Brown,layla.brown1105@mail.example.com,F,1963-03-28,Kolkata,West Bengal,India,Bronze,2023-07-24,Marketplace,2023-07-24,9999-12-31,1
1244,C0001106,Layla,Nair,layla.nair1106@mail.example.com,F,1969-12-23,London,England,United Kingdom,Gold,2021-02-01,Organic Search,2021-02-01,2023-04-04,0
1245,C0001106,Layla,Nair,layla.nair1106@mail.example.com,F,1969-12-23,London,England,United Kingdom,Platinum,2021-02-01,Organic Search,2023-04-05,9999-12-31,1
1246,C0001107,Amit,Smith,amit.smith1107@mail.example.com,M,1978-07-26,Hyderabad,Telangana,India,Bronze,2026-01-24,Organic Search,2026-01-24,9999-12-31,1
1247,C0001108,Debjani,Mehta,debjani.mehta1108@mail.example.com,M,1970-05-16,Delhi,Delhi,India,Gold,2022-12-08,Paid Social,2022-12-08,9999-12-31,1
1248,C0001109,Priya,Taylor,priya.taylor1109@mail.example.com,Other,2005-09-04,Kolkata,West Bengal,India,Bronze,2022-05-01,Organic Search,2022-05-01,9999-12-31,1
1249,C0001110,Ananya,Rao,ananya.rao1110@mail.example.com,F,1986-03-14,Bengaluru,Karnataka,India,Bronze,2022-01-04,Walk-in,2022-01-04,9999-12-31,1
1250,C0001111,Chloe,Mehta,chloe.mehta1111@mail.example.com,Other,1992-01-28,Bengaluru,Karnataka,India,Silver,2022-08-30,Referral,2022-08-30,2023-08-20,0
1251,C0001111,Chloe,Mehta,chloe.mehta1111@mail.example.com,Other,1992-01-28,Kolkata,West Bengal,India,Gold,2022-08-30,Referral,2023-08-21,9999-12-31,1
1252,C0001112,Meera,Banerjee,meera.banerjee1112@mail.example.com,M,1976-02-02,Bengaluru,Karnataka,India,Gold,2023-07-28,Referral,2023-07-28,9999-12-31,1
1253,C0001113,Emily,Patel,emily.patel1113@mail.example.com,Other,1966-02-23,Mumbai,Maharashtra,India,Bronze,2025-06-29,Organic Search,2025-06-29,9999-12-31,1
1254,C0001114,Layla,Johnson,layla.johnson1114@mail.example.com,F,1982-12-14,Pune,Maharashtra,India,Silver,2026-01-05,Email,2026-01-05,9999-12-31,1
1255,C0001115,Sourav,Gupta,sourav.gupta1115@mail.example.com,M,1993-07-06,Singapore,Singapore,Singapore,Gold,2023-04-01,Email,2023-04-01,9999-12-31,1
1256,C0001116,Kavya,Khan,kavya.khan1116@mail.example.com,Other,1992-02-17,Mumbai,Maharashtra,India,Bronze,2024-12-17,Paid Social,2024-12-17,9999-12-31,1
1257,C0001117,Priya,Das,priya.das1117@mail.example.com,F,1961-05-11,Bengaluru,Karnataka,India,Silver,2025-10-10,Organic Search,2025-10-10,9999-12-31,1
1258,C0001118,Daniel,Smith,daniel.smith1118@mail.example.com,Other,1971-01-01,Pune,Maharashtra,India,Silver,2022-05-25,Referral,2022-05-25,9999-12-31,1
1259,C0001119,Sophie,Chatterjee,sophie.chatterjee1119@mail.example.com,F,1991-01-11,London,England,United Kingdom,Bronze,2024-01-10,Marketplace,2024-01-10,9999-12-31,1
1260,C0001120,Rahul,Wilson,rahul.wilson1120@mail.example.com,M,1992-05-21,Hyderabad,Telangana,India,Gold,2021-06-05,Email,2021-06-05,9999-12-31,1
1261,C0001121,Emily,Clarke,emily.clarke1121@mail.example.com,M,1967-08-19,Mumbai,Maharashtra,India,Bronze,2021-09-24,Organic Search,2021-09-24,9999-12-31,1
1262,C0001122,Ishita,Iyer,ishita.iyer1122@mail.example.com,M,1961-03-07,Bengaluru,Karnataka,India,Bronze,2025-04-14,Organic Search,2025-04-14,9999-12-31,1
1263,C0001123,Meera,Khan,meera.khan1123@mail.example.com,Other,1982-03-07,Mumbai,Maharashtra,India,Silver,2024-08-13,Walk-in,2024-08-13,9999-12-31,1
1264,C0001124,Daniel,Nguyen,daniel.nguyen1124@mail.example.com,F,1955-02-23,Mumbai,Maharashtra,India,Gold,2026-01-02,Referral,2026-01-02,9999-12-31,1
1265,C0001125,Chloe,Reddy,chloe.reddy1125@mail.example.com,F,1958-09-15,Kolkata,West Bengal,India,Gold,2026-03-29,Walk-in,2026-03-29,2026-07-18,0
1266,C0001125,Chloe,Reddy,chloe.reddy1125@mail.example.com,F,1958-09-15,Mumbai,Maharashtra,India,Platinum,2026-03-29,Walk-in,2026-07-19,9999-12-31,1
1267,C0001126,Aarav,Clarke,aarav.clarke1126@mail.example.com,Other,1961-09-26,London,England,United Kingdom,Bronze,2023-11-29,Referral,2023-11-29,9999-12-31,1
1268,C0001127,Oliver,Wilson,oliver.wilson1127@mail.example.com,Other,1964-02-03,Chennai,Tamil Nadu,India,Platinum,2026-01-12,Organic Search,2026-01-12,9999-12-31,1
1269,C0001128,Daniel,Patel,daniel.patel1128@mail.example.com,M,1956-02-18,Austin,Texas,United States,Gold,2026-09-13,Referral,2026-09-13,9999-12-31,1
1270,C0001129,Ananya,Rao,ananya.rao1129@mail.example.com,M,1988-09-24,Austin,Texas,United States,Gold,2024-12-29,Walk-in,2024-12-29,9999-12-31,1
1271,C0001130,Noah,Sharma,noah.sharma1130@mail.example.com,M,1956-05-18,Chennai,Tamil Nadu,India,Bronze,2021-09-10,Email,2021-09-10,9999-12-31,1
1272,C0001131,Omar,Nair,omar.nair1131@mail.example.com,Other,1991-02-10,Manchester,England,United Kingdom,Silver,2025-04-07,Organic Search,2025-04-07,9999-12-31,1
1273,C0001132,Oliver,Kim,oliver.kim1132@mail.example.com,Other,2005-03-20,Chennai,Tamil Nadu,India,Silver,2024-01-13,Walk-in,2024-01-13,9999-12-31,1
1274,C0001133,Amit,Brown,amit.brown1133@mail.example.com,M,1997-11-02,Austin,Texas,United States,Bronze,2026-05-09,Walk-in,2026-05-09,9999-12-31,1
1275,C0001134,Zara,Silva,zara.silva1134@mail.example.com,Other,1962-06-14,Kolkata,West Bengal,India,Bronze,2025-10-01,Walk-in,2025-10-01,9999-12-31,1
1276,C0001135,Chloe,Kim,chloe.kim1135@mail.example.com,Other,1976-12-13,London,England,United Kingdom,Bronze,2023-07-08,Email,2023-07-08,9999-12-31,1
1277,C0001136,Chloe,Clarke,chloe.clarke1136@mail.example.com,Other,1995-01-20,Bengaluru,Karnataka,India,Gold,2024-04-14,Marketplace,2024-04-14,9999-12-31,1
1278,C0001137,Amit,Taylor,amit.taylor1137@mail.example.com,M,1994-07-01,Delhi,Delhi,India,Bronze,2023-12-21,Walk-in,2023-12-21,9999-12-31,1
1279,C0001138,Arjun,Taylor,arjun.taylor1138@mail.example.com,Other,1964-03-12,Delhi,Delhi,India,Silver,2025-04-30,Paid Social,2025-04-30,9999-12-31,1
1280,C0001139,Arjun,Sharma,arjun.sharma1139@mail.example.com,F,1972-09-13,Chennai,Tamil Nadu,India,Bronze,2023-06-29,Walk-in,2023-06-29,9999-12-31,1
1281,C0001140,Arjun,Das,arjun.das1140@mail.example.com,M,2003-09-15,Bengaluru,Karnataka,India,Silver,2022-09-12,Organic Search,2022-09-12,2023-07-08,0
1282,C0001140,Arjun,Das,arjun.das1140@mail.example.com,M,2003-09-15,Kolkata,West Bengal,India,Gold,2022-09-12,Organic Search,2023-07-09,9999-12-31,1
1283,C0001141,Ananya,Brown,ananya.brown1141@mail.example.com,F,1977-11-25,New York,New York,United States,Platinum,2023-10-14,Marketplace,2023-10-14,9999-12-31,1
1284,C0001142,Wei,Ghosh,wei.ghosh1142@mail.example.com,F,1985-12-14,Mumbai,Maharashtra,India,Gold,2023-05-24,Referral,2023-05-24,9999-12-31,1
1285,C0001143,Rahul,Kapoor,rahul.kapoor1143@mail.example.com,F,1980-06-25,Hyderabad,Telangana,India,Gold,2022-01-22,Organic Search,2022-01-22,9999-12-31,1
1286,C0001144,Carlos,Patel,carlos.patel1144@mail.example.com,F,1962-10-04,Chennai,Tamil Nadu,India,Bronze,2023-12-10,Marketplace,2023-12-10,9999-12-31,1
1287,C0001145,Rahul,Sharma,rahul.sharma1145@mail.example.com,Other,1980-02-16,London,England,United Kingdom,Silver,2025-09-02,Email,2025-09-02,2026-07-22,0
1288,C0001145,Rahul,Sharma,rahul.sharma1145@mail.example.com,Other,1980-02-16,Delhi,Delhi,India,Gold,2025-09-02,Email,2026-07-23,9999-12-31,1
1289,C0001146,Carlos,Taylor,carlos.taylor1146@mail.example.com,M,1980-08-27,Pune,Maharashtra,India,Silver,2021-01-12,Organic Search,2021-01-12,2024-09-05,0
1290,C0001146,Carlos,Taylor,carlos.taylor1146@mail.example.com,M,1980-08-27,Manchester,England,United Kingdom,Gold,2021-01-12,Organic Search,2024-09-06,9999-12-31,1
1291,C0001147,Meera,Khan,meera.khan1147@mail.example.com,M,1980-11-13,Delhi,Delhi,India,Gold,2023-01-27,Walk-in,2023-01-27,9999-12-31,1
1292,C0001148,Sofia,Nguyen,sofia.nguyen1148@mail.example.com,M,1999-10-18,Delhi,Delhi,India,Bronze,2025-06-10,Walk-in,2025-06-10,9999-12-31,1
1293,C0001149,Layla,Chatterjee,layla.chatterjee1149@mail.example.com,F,1975-11-02,Delhi,Delhi,India,Bronze,2023-12-06,Walk-in,2023-12-06,9999-12-31,1
1294,C0001150,Priya,Ali,priya.ali1150@mail.example.com,F,1978-04-23,Pune,Maharashtra,India,Gold,2026-05-11,Marketplace,2026-05-11,9999-12-31,1
1295,C0001151,Rohan,Ghosh,rohan.ghosh1151@mail.example.com,M,1969-10-18,Pune,Maharashtra,India,Silver,2021-09-11,Walk-in,2021-09-11,9999-12-31,1
1296,C0001152,Kavya,Chen,kavya.chen1152@mail.example.com,F,1987-10-09,Pune,Maharashtra,India,Bronze,2022-02-14,Walk-in,2022-02-14,9999-12-31,1
1297,C0001153,Aarav,Wilson,aarav.wilson1153@mail.example.com,F,1963-05-17,Pune,Maharashtra,India,Platinum,2024-05-18,Referral,2024-05-18,2025-08-05,0
1298,C0001153,Aarav,Wilson,aarav.wilson1153@mail.example.com,F,1963-05-17,Pune,Maharashtra,India,Platinum,2024-05-18,Referral,2025-08-06,9999-12-31,1
1299,C0001154,Rahul,Silva,rahul.silva1154@mail.example.com,M,1982-08-14,New York,New York,United States,Bronze,2025-11-17,Email,2025-11-17,9999-12-31,1
1300,C0001155,Noah,Patel,noah.patel1155@mail.example.com,Other,1986-08-11,Delhi,Delhi,India,Bronze,2025-01-31,Organic Search,2025-01-31,9999-12-31,1
1301,C0001156,Carlos,Kapoor,carlos.kapoor1156@mail.example.com,F,2005-09-26,Singapore,Singapore,Singapore,Silver,2023-02-27,Email,2023-02-27,9999-12-31,1
1302,C0001157,Rahul,Silva,rahul.silva1157@mail.example.com,M,2005-03-28,Bengaluru,Karnataka,India,Silver,2025-04-11,Email,2025-04-11,9999-12-31,1
1303,C0001158,Amit,Clarke,amit.clarke1158@mail.example.com,M,1969-01-01,Delhi,Delhi,India,Silver,2024-11-22,Marketplace,2024-11-22,9999-12-31,1
1304,C0001159,Sneha,Reddy,sneha.reddy1159@mail.example.com,M,1982-08-23,Delhi,Delhi,India,Silver,2026-01-26,Referral,2026-01-26,2026-06-14,0
1305,C0001159,Sneha,Reddy,sneha.reddy1159@mail.example.com,M,1982-08-23,Delhi,Delhi,India,Gold,2026-01-26,Referral,2026-06-15,9999-12-31,1
1306,C0001160,Ananya,Chatterjee,ananya.chatterjee1160@mail.example.com,Other,1960-06-28,Mumbai,Maharashtra,India,Bronze,2022-02-14,Referral,2022-02-14,9999-12-31,1
1307,C0001161,Priya,Sharma,priya.sharma1161@mail.example.com,M,1961-08-19,Jaipur,Rajasthan,India,Bronze,2021-03-03,Email,2021-03-03,9999-12-31,1
1308,C0001162,Arjun,Gupta,arjun.gupta1162@mail.example.com,M,1991-10-12,New York,New York,United States,Bronze,2022-12-10,Organic Search,2022-12-10,9999-12-31,1
1309,C0001163,Kavya,Silva,kavya.silva1163@mail.example.com,F,1995-07-03,Delhi,Delhi,India,Bronze,2022-11-04,Organic Search,2022-11-04,2026-02-15,0
1310,C0001163,Kavya,Silva,kavya.silva1163@mail.example.com,F,1995-07-03,Jaipur,Rajasthan,India,Silver,2022-11-04,Organic Search,2026-02-16,9999-12-31,1
1311,C0001164,Sourav,Singh,sourav.singh1164@mail.example.com,Other,2003-09-02,Bengaluru,Karnataka,India,Bronze,2025-04-30,Referral,2025-04-30,9999-12-31,1
1312,C0001165,Oliver,Nair,oliver.nair1165@mail.example.com,M,1997-09-23,Delhi,Delhi,India,Silver,2022-05-21,Walk-in,2022-05-21,9999-12-31,1
1313,C0001166,Carlos,Das,carlos.das1166@mail.example.com,M,1971-05-21,Kolkata,West Bengal,India,Bronze,2025-10-25,Marketplace,2025-10-25,9999-12-31,1
1314,C0001167,Vikram,Ali,vikram.ali1167@mail.example.com,M,1963-04-05,New York,New York,United States,Gold,2022-04-02,Email,2022-04-02,9999-12-31,1
1315,C0001168,Mei,Wong,mei.wong1168@mail.example.com,F,1983-08-25,Singapore,Singapore,Singapore,Bronze,2021-12-14,Paid Social,2021-12-14,9999-12-31,1
1316,C0001169,Chloe,Wong,chloe.wong1169@mail.example.com,M,1956-04-28,Mumbai,Maharashtra,India,Gold,2022-11-27,Walk-in,2022-11-27,9999-12-31,1
1317,C0001170,Zara,Smith,zara.smith1170@mail.example.com,Other,1996-09-02,Delhi,Delhi,India,Gold,2021-02-21,Organic Search,2021-02-21,9999-12-31,1
1318,C0001171,Omar,Banerjee,omar.banerjee1171@mail.example.com,M,1957-07-20,Delhi,Delhi,India,Platinum,2023-03-08,Paid Social,2023-03-08,9999-12-31,1
1319,C0001172,Arjun,Das,arjun.das1172@mail.example.com,Other,1976-04-10,Hyderabad,Telangana,India,Bronze,2023-07-29,Marketplace,2023-07-29,9999-12-31,1
1320,C0001173,Wei,Ali,wei.ali1173@mail.example.com,M,1987-05-17,Bengaluru,Karnataka,India,Gold,2026-04-27,Email,2026-04-27,9999-12-31,1
1321,C0001174,Rahul,Nguyen,rahul.nguyen1174@mail.example.com,F,1971-05-14,Pune,Maharashtra,India,Bronze,2025-01-12,Walk-in,2025-01-12,9999-12-31,1
1322,C0001175,Wei,Chatterjee,wei.chatterjee1175@mail.example.com,Other,1983-12-26,Bengaluru,Karnataka,India,Silver,2023-06-10,Organic Search,2023-06-10,9999-12-31,1
1323,C0001176,Sofia,Wong,sofia.wong1176@mail.example.com,Other,1996-10-04,Pune,Maharashtra,India,Bronze,2023-09-14,Email,2023-09-14,9999-12-31,1
1324,C0001177,Sophie,Wong,sophie.wong1177@mail.example.com,Other,1992-09-17,Bengaluru,Karnataka,India,Silver,2025-10-10,Marketplace,2025-10-10,2026-05-18,0
1325,C0001177,Sophie,Wong,sophie.wong1177@mail.example.com,Other,1992-09-17,Ahmedabad,Gujarat,India,Gold,2025-10-10,Marketplace,2026-05-19,9999-12-31,1
1326,C0001178,Ananya,Das,ananya.das1178@mail.example.com,Other,1971-07-08,London,England,United Kingdom,Bronze,2022-07-18,Organic Search,2022-07-18,9999-12-31,1
1327,C0001179,Amit,Chen,amit.chen1179@mail.example.com,Other,1963-04-27,Delhi,Delhi,India,Silver,2024-01-02,Paid Social,2024-01-02,9999-12-31,1
1328,C0001180,Meera,Brown,meera.brown1180@mail.example.com,M,1962-11-22,London,England,United Kingdom,Bronze,2022-09-11,Organic Search,2022-09-11,9999-12-31,1
1329,C0001181,Zara,Brown,zara.brown1181@mail.example.com,F,1988-09-02,Mumbai,Maharashtra,India,Silver,2022-12-08,Walk-in,2022-12-08,9999-12-31,1
1330,C0001182,Omar,Iyer,omar.iyer1182@mail.example.com,M,1966-01-01,Kolkata,West Bengal,India,Bronze,2023-08-01,Walk-in,2023-08-01,9999-12-31,1
1331,C0001183,Priya,Nguyen,priya.nguyen1183@mail.example.com,M,2000-07-04,Kolkata,West Bengal,India,Bronze,2026-05-24,Organic Search,2026-05-24,9999-12-31,1
1332,C0001184,Rohan,Patel,rohan.patel1184@mail.example.com,F,1990-05-11,Kolkata,West Bengal,India,Silver,2023-08-22,Marketplace,2023-08-22,9999-12-31,1
1333,C0001185,Sofia,Smith,sofia.smith1185@mail.example.com,M,1967-06-10,Delhi,Delhi,India,Bronze,2022-07-21,Walk-in,2022-07-21,9999-12-31,1
1334,C0001186,Priya,Sharma,priya.sharma1186@mail.example.com,M,1984-07-06,Mumbai,Maharashtra,India,Bronze,2021-03-11,Referral,2021-03-11,9999-12-31,1
1335,C0001187,James,Khan,james.khan1187@mail.example.com,M,1999-01-14,Kolkata,West Bengal,India,Bronze,2021-03-22,Marketplace,2021-03-22,9999-12-31,1
1336,C0001188,Aarav,Kim,aarav.kim1188@mail.example.com,M,1974-02-23,Pune,Maharashtra,India,Bronze,2025-02-28,Paid Social,2025-02-28,2025-12-12,0
1337,C0001188,Aarav,Kim,aarav.kim1188@mail.example.com,M,1974-02-23,Pune,Maharashtra,India,Silver,2025-02-28,Paid Social,2025-12-13,9999-12-31,1
1338,C0001189,Hannah,Khan,hannah.khan1189@mail.example.com,F,2004-10-16,New York,New York,United States,Bronze,2024-01-07,Walk-in,2024-01-07,9999-12-31,1
1339,C0001190,Vikram,Ghosh,vikram.ghosh1190@mail.example.com,Other,1973-09-05,Bengaluru,Karnataka,India,Bronze,2023-04-09,Marketplace,2023-04-09,9999-12-31,1
1340,C0001191,Amit,Wilson,amit.wilson1191@mail.example.com,Other,1988-04-18,Bengaluru,Karnataka,India,Bronze,2021-03-05,Walk-in,2021-03-05,9999-12-31,1
1341,C0001192,Emily,Johnson,emily.johnson1192@mail.example.com,Other,2005-10-03,Singapore,Singapore,Singapore,Bronze,2026-06-11,Referral,2026-06-11,9999-12-31,1
1342,C0001193,Layla,Chatterjee,layla.chatterjee1193@mail.example.com,F,1956-12-20,Hyderabad,Telangana,India,Bronze,2025-03-25,Organic Search,2025-03-25,2026-08-17,0
1343,C0001193,Layla,Chatterjee,layla.chatterjee1193@mail.example.com,F,1956-12-20,Hyderabad,Telangana,India,Silver,2025-03-25,Organic Search,2026-08-18,9999-12-31,1
1344,C0001194,James,Ali,james.ali1194@mail.example.com,F,1979-01-10,Singapore,Singapore,Singapore,Platinum,2023-02-05,Walk-in,2023-02-05,9999-12-31,1
1345,C0001195,Daniel,Mehta,daniel.mehta1195@mail.example.com,F,2005-08-12,Austin,Texas,United States,Bronze,2021-10-26,Referral,2021-10-26,9999-12-31,1
1346,C0001196,Wei,Chatterjee,wei.chatterjee1196@mail.example.com,F,1986-05-13,Pune,Maharashtra,India,Silver,2022-07-20,Organic Search,2022-07-20,9999-12-31,1
1347,C0001197,Michael,Taylor,michael.taylor1197@mail.example.com,M,1993-12-19,Mumbai,Maharashtra,India,Bronze,2022-01-12,Paid Social,2022-01-12,9999-12-31,1
1348,C0001198,Hannah,Smith,hannah.smith1198@mail.example.com,Other,1983-01-26,Delhi,Delhi,India,Silver,2021-11-01,Referral,2021-11-01,9999-12-31,1
1349,C0001199,Arjun,Iyer,arjun.iyer1199@mail.example.com,M,1998-05-12,London,England,United Kingdom,Bronze,2024-11-20,Organic Search,2024-11-20,9999-12-31,1
1350,C0001200,Aarav,Ali,aarav.ali1200@mail.example.com,F,1978-08-27,Hyderabad,Telangana,India,Bronze,2022-06-02,Walk-in,2022-06-02,9999-12-31,1
1351,C0001201,Michael,Bose,michael.bose1201@mail.example.com,F,1981-05-02,Mumbai,Maharashtra,India,Bronze,2024-11-02,Paid Social,2024-11-02,9999-12-31,1
1352,C0001202,Sneha,Johnson,sneha.johnson1202@mail.example.com,Other,2001-05-01,Mumbai,Maharashtra,India,Bronze,2024-09-05,Email,2024-09-05,9999-12-31,1
1353,C0001203,Oliver,Nair,oliver.nair1203@mail.example.com,F,2000-08-08,Mumbai,Maharashtra,India,Bronze,2023-12-09,Email,2023-12-09,9999-12-31,1
1354,C0001204,Noah,Nguyen,noah.nguyen1204@mail.example.com,Other,1955-08-03,London,England,United Kingdom,Bronze,2025-03-09,Referral,2025-03-09,9999-12-31,1
1355,C0001205,Priya,Chatterjee,priya.chatterjee1205@mail.example.com,Other,1955-10-06,Mumbai,Maharashtra,India,Gold,2025-03-03,Organic Search,2025-03-03,2025-08-04,0
1356,C0001205,Priya,Chatterjee,priya.chatterjee1205@mail.example.com,Other,1955-10-06,Jaipur,Rajasthan,India,Platinum,2025-03-03,Organic Search,2025-08-05,9999-12-31,1
1357,C0001206,Debjani,Singh,debjani.singh1206@mail.example.com,M,1958-10-05,Austin,Texas,United States,Bronze,2025-12-10,Organic Search,2025-12-10,2026-05-28,0
1358,C0001206,Debjani,Singh,debjani.singh1206@mail.example.com,M,1958-10-05,Austin,Texas,United States,Silver,2025-12-10,Organic Search,2026-05-29,9999-12-31,1
1359,C0001207,Aarav,Smith,aarav.smith1207@mail.example.com,M,1987-10-26,Delhi,Delhi,India,Bronze,2021-12-21,Marketplace,2021-12-21,9999-12-31,1
1360,C0001208,Michael,Reddy,michael.reddy1208@mail.example.com,M,1981-10-18,London,England,United Kingdom,Silver,2026-04-03,Email,2026-04-03,2026-07-03,0
1361,C0001208,Michael,Reddy,michael.reddy1208@mail.example.com,M,1981-10-18,Bengaluru,Karnataka,India,Gold,2026-04-03,Email,2026-07-04,9999-12-31,1
1362,C0001209,Omar,Wong,omar.wong1209@mail.example.com,F,1985-04-26,Kolkata,West Bengal,India,Bronze,2022-08-02,Walk-in,2022-08-02,9999-12-31,1
1363,C0001210,Carlos,Chatterjee,carlos.chatterjee1210@mail.example.com,Other,1957-03-12,Kolkata,West Bengal,India,Silver,2024-09-23,Marketplace,2024-09-23,9999-12-31,1
1364,C0001211,Rohan,Rao,rohan.rao1211@mail.example.com,F,2005-12-12,New York,New York,United States,Bronze,2023-05-24,Walk-in,2023-05-24,9999-12-31,1
1365,C0001212,Kavya,Johnson,kavya.johnson1212@mail.example.com,F,1989-07-02,Kolkata,West Bengal,India,Silver,2024-01-24,Email,2024-01-24,9999-12-31,1
1366,C0001213,Wei,Das,wei.das1213@mail.example.com,F,1967-09-10,New York,New York,United States,Platinum,2026-08-24,Referral,2026-08-24,9999-12-31,1
1367,C0001214,Noah,Clarke,noah.clarke1214@mail.example.com,F,1980-03-18,Singapore,Singapore,Singapore,Bronze,2024-05-05,Referral,2024-05-05,9999-12-31,1
1368,C0001215,Rahul,Chen,rahul.chen1215@mail.example.com,M,1983-10-11,Kolkata,West Bengal,India,Bronze,2025-01-14,Referral,2025-01-14,9999-12-31,1
1369,C0001216,Mei,Khan,mei.khan1216@mail.example.com,M,1989-06-25,Kolkata,West Bengal,India,Bronze,2021-05-20,Organic Search,2021-05-20,9999-12-31,1
1370,C0001217,Aarav,Walker,aarav.walker1217@mail.example.com,Other,1969-02-03,Singapore,Singapore,Singapore,Platinum,2022-02-21,Email,2022-02-21,9999-12-31,1
1371,C0001218,Chloe,Sharma,chloe.sharma1218@mail.example.com,Other,2000-08-22,Mumbai,Maharashtra,India,Bronze,2024-04-23,Marketplace,2024-04-23,9999-12-31,1
1372,C0001219,Amit,Chen,amit.chen1219@mail.example.com,F,1975-05-23,Hyderabad,Telangana,India,Gold,2023-08-16,Marketplace,2023-08-16,9999-12-31,1
1373,C0001220,Chloe,Reddy,chloe.reddy1220@mail.example.com,F,2005-10-12,Mumbai,Maharashtra,India,Gold,2024-07-09,Organic Search,2024-07-09,9999-12-31,1
1374,C0001221,Sofia,Chen,sofia.chen1221@mail.example.com,F,1975-02-11,New York,New York,United States,Bronze,2021-11-20,Marketplace,2021-11-20,9999-12-31,1
1375,C0001222,Sofia,Clarke,sofia.clarke1222@mail.example.com,M,1983-11-20,Pune,Maharashtra,India,Bronze,2023-11-30,Email,2023-11-30,2026-05-31,0
1376,C0001222,Sofia,Clarke,sofia.clarke1222@mail.example.com,M,1983-11-20,Jaipur,Rajasthan,India,Silver,2023-11-30,Email,2026-06-01,9999-12-31,1
1377,C0001223,Layla,Reddy,layla.reddy1223@mail.example.com,Other,1977-12-24,Bengaluru,Karnataka,India,Silver,2021-07-22,Referral,2021-07-22,2024-06-15,0
1378,C0001223,Layla,Reddy,layla.reddy1223@mail.example.com,Other,1977-12-24,Bengaluru,Karnataka,India,Gold,2021-07-22,Referral,2024-06-16,9999-12-31,1
1379,C0001224,Priya,Sharma,priya.sharma1224@mail.example.com,F,1998-10-07,Singapore,Singapore,Singapore,Platinum,2024-03-25,Marketplace,2024-03-25,9999-12-31,1
1380,C0001225,Ananya,Sharma,ananya.sharma1225@mail.example.com,Other,1957-04-14,Delhi,Delhi,India,Bronze,2022-06-01,Walk-in,2022-06-01,9999-12-31,1
1381,C0001226,Rohan,Taylor,rohan.taylor1226@mail.example.com,F,1969-11-11,Delhi,Delhi,India,Gold,2022-01-20,Walk-in,2022-01-20,9999-12-31,1
1382,C0001227,Carlos,Garcia,carlos.garcia1227@mail.example.com,M,1998-10-11,Delhi,Delhi,India,Bronze,2025-03-12,Referral,2025-03-12,2025-06-09,0
1383,C0001227,Carlos,Garcia,carlos.garcia1227@mail.example.com,M,1998-10-11,Chennai,Tamil Nadu,India,Silver,2025-03-12,Referral,2025-06-10,9999-12-31,1
1384,C0001228,Aarav,Clarke,aarav.clarke1228@mail.example.com,M,1990-01-03,Kolkata,West Bengal,India,Bronze,2025-10-22,Marketplace,2025-10-22,9999-12-31,1
1385,C0001229,Wei,Kim,wei.kim1229@mail.example.com,F,1987-05-23,Delhi,Delhi,India,Silver,2026-05-16,Marketplace,2026-05-16,9999-12-31,1
1386,C0001230,Ishita,Patel,ishita.patel1230@mail.example.com,M,1969-01-01,Hyderabad,Telangana,India,Bronze,2025-03-16,Email,2025-03-16,9999-12-31,1
1387,C0001231,Sourav,Kapoor,sourav.kapoor1231@mail.example.com,F,1995-06-27,Kolkata,West Bengal,India,Bronze,2022-10-21,Email,2022-10-21,9999-12-31,1
1388,C0001232,Arjun,Kim,arjun.kim1232@mail.example.com,F,1961-08-18,Bengaluru,Karnataka,India,Bronze,2024-03-16,Walk-in,2024-03-16,9999-12-31,1
1389,C0001233,Daniel,Chen,daniel.chen1233@mail.example.com,F,2005-04-10,Guwahati,Assam,India,Bronze,2023-06-16,Organic Search,2023-06-16,2023-10-18,0
1390,C0001233,Daniel,Chen,daniel.chen1233@mail.example.com,F,2005-04-10,Guwahati,Assam,India,Silver,2023-06-16,Organic Search,2023-10-19,9999-12-31,1
1391,C0001234,Zara,Ghosh,zara.ghosh1234@mail.example.com,Other,1977-04-01,London,England,United Kingdom,Silver,2021-07-10,Walk-in,2021-07-10,9999-12-31,1
1392,C0001235,Meera,Sharma,meera.sharma1235@mail.example.com,Other,1960-07-13,Mumbai,Maharashtra,India,Bronze,2022-04-23,Paid Social,2022-04-23,9999-12-31,1
1393,C0001236,Chloe,Kapoor,chloe.kapoor1236@mail.example.com,M,1976-10-18,Singapore,Singapore,Singapore,Silver,2026-02-13,Walk-in,2026-02-13,9999-12-31,1
1394,C0001237,Sneha,Chatterjee,sneha.chatterjee1237@mail.example.com,M,1974-03-13,Mumbai,Maharashtra,India,Bronze,2025-10-01,Paid Social,2025-10-01,9999-12-31,1
1395,C0001238,Sofia,Sharma,sofia.sharma1238@mail.example.com,M,1984-06-12,New York,New York,United States,Bronze,2022-08-03,Organic Search,2022-08-03,9999-12-31,1
1396,C0001239,Aarav,Chen,aarav.chen1239@mail.example.com,F,1983-02-03,Hyderabad,Telangana,India,Gold,2021-01-05,Paid Social,2021-01-05,9999-12-31,1
1397,C0001240,Sneha,Gupta,sneha.gupta1240@mail.example.com,F,1961-11-26,Bengaluru,Karnataka,India,Silver,2022-11-21,Marketplace,2022-11-21,2026-02-07,0
1398,C0001240,Sneha,Gupta,sneha.gupta1240@mail.example.com,F,1961-11-26,Bengaluru,Karnataka,India,Gold,2022-11-21,Marketplace,2026-02-08,9999-12-31,1
1399,C0001241,Noah,Smith,noah.smith1241@mail.example.com,Other,1991-02-14,Ahmedabad,Gujarat,India,Bronze,2025-02-08,Organic Search,2025-02-08,9999-12-31,1
1400,C0001242,Sourav,Taylor,sourav.taylor1242@mail.example.com,F,1991-12-15,Chennai,Tamil Nadu,India,Silver,2024-07-05,Email,2024-07-05,9999-12-31,1
1401,C0001243,Sophie,Johnson,sophie.johnson1243@mail.example.com,Other,2003-06-08,Kolkata,West Bengal,India,Bronze,2021-07-26,Marketplace,2021-07-26,9999-12-31,1
1402,C0001244,Amit,Wilson,amit.wilson1244@mail.example.com,M,1992-08-06,Austin,Texas,United States,Gold,2026-09-14,Referral,2026-09-14,9999-12-31,1
1403,C0001245,Priya,Walker,priya.walker1245@mail.example.com,F,1965-12-25,Kolkata,West Bengal,India,Bronze,2022-07-20,Organic Search,2022-07-20,9999-12-31,1
1404,C0001246,Ishita,Taylor,ishita.taylor1246@mail.example.com,M,1963-11-05,Mumbai,Maharashtra,India,Bronze,2023-07-26,Organic Search,2023-07-26,9999-12-31,1
1405,C0001247,Michael,Gupta,michael.gupta1247@mail.example.com,F,1959-07-12,Ahmedabad,Gujarat,India,Silver,2022-03-26,Marketplace,2022-03-26,9999-12-31,1
1406,C0001248,Mei,Clarke,mei.clarke1248@mail.example.com,Other,1957-11-07,Jaipur,Rajasthan,India,Platinum,2022-06-07,Referral,2022-06-07,9999-12-31,1
1407,C0001249,Arjun,Reddy,arjun.reddy1249@mail.example.com,M,1977-03-23,Ahmedabad,Gujarat,India,Gold,2026-08-02,Paid Social,2026-08-02,9999-12-31,1
1408,C0001250,Carlos,Garcia,carlos.garcia1250@mail.example.com,F,1981-06-02,Mumbai,Maharashtra,India,Bronze,2022-01-19,Email,2022-01-19,2023-06-26,0
1409,C0001250,Carlos,Garcia,carlos.garcia1250@mail.example.com,F,1981-06-02,London,England,United Kingdom,Silver,2022-01-19,Email,2023-06-27,9999-12-31,1
1410,C0001251,Omar,Rao,omar.rao1251@mail.example.com,F,1980-10-04,Bengaluru,Karnataka,India,Silver,2024-12-28,Paid Social,2024-12-28,9999-12-31,1
1411,C0001252,Michael,Nair,michael.nair1252@mail.example.com,F,1981-11-27,Singapore,Singapore,Singapore,Silver,2022-01-03,Marketplace,2022-01-03,9999-12-31,1
1412,C0001253,Hannah,Banerjee,hannah.banerjee1253@mail.example.com,M,1992-12-17,Manchester,England,United Kingdom,Bronze,2022-10-14,Organic Search,2022-10-14,9999-12-31,1
1413,C0001254,Sophie,Khan,sophie.khan1254@mail.example.com,F,1980-03-05,Delhi,Delhi,India,Silver,2025-05-05,Paid Social,2025-05-05,9999-12-31,1
1414,C0001255,Priya,Mehta,priya.mehta1255@mail.example.com,M,1981-07-15,Bengaluru,Karnataka,India,Platinum,2025-02-18,Organic Search,2025-02-18,9999-12-31,1
1415,C0001256,Arjun,Chatterjee,arjun.chatterjee1256@mail.example.com,M,1978-06-02,Hyderabad,Telangana,India,Bronze,2025-06-01,Referral,2025-06-01,9999-12-31,1
1416,C0001257,Kavya,Bose,kavya.bose1257@mail.example.com,M,1993-04-23,Singapore,Singapore,Singapore,Bronze,2024-06-08,Email,2024-06-08,2026-05-30,0
1417,C0001257,Kavya,Bose,kavya.bose1257@mail.example.com,M,1993-04-23,Singapore,Singapore,Singapore,Silver,2024-06-08,Email,2026-05-31,9999-12-31,1
1418,C0001258,Vikram,Reddy,vikram.reddy1258@mail.example.com,F,1963-07-27,Manchester,England,United Kingdom,Bronze,2025-04-28,Referral,2025-04-28,9999-12-31,1
1419,C0001259,Chloe,Reddy,chloe.reddy1259@mail.example.com,F,1996-09-23,New York,New York,United States,Bronze,2024-11-08,Marketplace,2024-11-08,2026-06-17,0
1420,C0001259,Chloe,Reddy,chloe.reddy1259@mail.example.com,F,1996-09-23,New York,New York,United States,Silver,2024-11-08,Marketplace,2026-06-18,9999-12-31,1
1421,C0001260,Priya,Taylor,priya.taylor1260@mail.example.com,Other,2002-10-14,Jaipur,Rajasthan,India,Bronze,2022-02-06,Paid Social,2022-02-06,9999-12-31,1
1422,C0001261,Rohan,Walker,rohan.walker1261@mail.example.com,F,1971-04-07,Hyderabad,Telangana,India,Silver,2025-04-07,Paid Social,2025-04-07,9999-12-31,1
1423,C0001262,Ishita,Rao,ishita.rao1262@mail.example.com,F,1978-11-02,Singapore,Singapore,Singapore,Bronze,2023-02-04,Paid Social,2023-02-04,9999-12-31,1
1424,C0001263,Omar,Banerjee,omar.banerjee1263@mail.example.com,Other,1959-02-23,London,England,United Kingdom,Gold,2023-09-14,Marketplace,2023-09-14,9999-12-31,1
1425,C0001264,Mei,Das,mei.das1264@mail.example.com,Other,2004-12-13,Bengaluru,Karnataka,India,Gold,2026-03-28,Walk-in,2026-03-28,9999-12-31,1
1426,C0001265,James,Bose,james.bose1265@mail.example.com,F,2001-11-11,Hyderabad,Telangana,India,Gold,2024-01-04,Referral,2024-01-04,9999-12-31,1
1427,C0001266,Layla,Das,layla.das1266@mail.example.com,F,1979-02-14,Bengaluru,Karnataka,India,Bronze,2026-08-22,Referral,2026-08-22,9999-12-31,1
1428,C0001267,Debjani,Sharma,debjani.sharma1267@mail.example.com,Other,1991-06-27,Chennai,Tamil Nadu,India,Gold,2021-02-02,Referral,2021-02-02,2025-01-28,0
1429,C0001267,Debjani,Sharma,debjani.sharma1267@mail.example.com,Other,1991-06-27,Bengaluru,Karnataka,India,Platinum,2021-02-02,Referral,2025-01-29,9999-12-31,1
1430,C0001268,Sofia,Mehta,sofia.mehta1268@mail.example.com,F,1974-08-06,Hyderabad,Telangana,India,Bronze,2025-06-15,Paid Social,2025-06-15,9999-12-31,1
1431,C0001269,Arjun,Singh,arjun.singh1269@mail.example.com,F,1972-03-13,Bengaluru,Karnataka,India,Bronze,2022-05-02,Referral,2022-05-02,9999-12-31,1
1432,C0001270,Michael,Taylor,michael.taylor1270@mail.example.com,M,2005-03-14,Hyderabad,Telangana,India,Gold,2023-10-13,Referral,2023-10-13,9999-12-31,1
1433,C0001271,Sofia,Banerjee,sofia.banerjee1271@mail.example.com,Other,1969-11-25,Bengaluru,Karnataka,India,Bronze,2025-08-18,Organic Search,2025-08-18,9999-12-31,1
1434,C0001272,Michael,Walker,michael.walker1272@mail.example.com,F,1988-06-06,Ahmedabad,Gujarat,India,Bronze,2026-07-24,Organic Search,2026-07-24,9999-12-31,1
1435,C0001273,Rohan,Nguyen,rohan.nguyen1273@mail.example.com,M,1975-03-07,Austin,Texas,United States,Bronze,2024-02-25,Marketplace,2024-02-25,9999-12-31,1
1436,C0001274,Zara,Kim,zara.kim1274@mail.example.com,M,1971-05-28,Chennai,Tamil Nadu,India,Silver,2026-03-02,Marketplace,2026-03-02,2026-07-02,0
1437,C0001274,Zara,Kim,zara.kim1274@mail.example.com,M,1971-05-28,Singapore,Singapore,Singapore,Gold,2026-03-02,Marketplace,2026-07-03,9999-12-31,1
1438,C0001275,Noah,Khan,noah.khan1275@mail.example.com,M,2005-06-24,Pune,Maharashtra,India,Gold,2025-08-11,Paid Social,2025-08-11,9999-12-31,1
1439,C0001276,Kavya,Bose,kavya.bose1276@mail.example.com,F,1967-04-15,Pune,Maharashtra,India,Bronze,2025-07-24,Referral,2025-07-24,9999-12-31,1
1440,C0001277,Carlos,Clarke,carlos.clarke1277@mail.example.com,M,1983-09-03,Ahmedabad,Gujarat,India,Bronze,2022-09-17,Referral,2022-09-17,9999-12-31,1
1441,C0001278,Priya,Banerjee,priya.banerjee1278@mail.example.com,M,1985-11-06,Kolkata,West Bengal,India,Silver,2022-09-15,Organic Search,2022-09-15,9999-12-31,1
1442,C0001279,Layla,Gupta,layla.gupta1279@mail.example.com,F,1993-05-08,Mumbai,Maharashtra,India,Platinum,2021-04-19,Marketplace,2021-04-19,9999-12-31,1
1443,C0001280,Amit,Johnson,amit.johnson1280@mail.example.com,M,1986-03-02,London,England,United Kingdom,Bronze,2021-12-22,Paid Social,2021-12-22,9999-12-31,1
1444,C0001281,Arjun,Johnson,arjun.johnson1281@mail.example.com,Other,2001-01-20,Guwahati,Assam,India,Silver,2022-12-22,Walk-in,2022-12-22,9999-12-31,1
1445,C0001282,Meera,Mehta,meera.mehta1282@mail.example.com,Other,1994-06-27,Mumbai,Maharashtra,India,Gold,2025-03-10,Marketplace,2025-03-10,9999-12-31,1
1446,C0001283,Sneha,Reddy,sneha.reddy1283@mail.example.com,Other,1969-12-20,Pune,Maharashtra,India,Bronze,2025-12-19,Walk-in,2025-12-19,9999-12-31,1
1447,C0001284,Debjani,Ali,debjani.ali1284@mail.example.com,M,2005-06-08,Bengaluru,Karnataka,India,Bronze,2023-06-29,Email,2023-06-29,2025-08-12,0
1448,C0001284,Debjani,Ali,debjani.ali1284@mail.example.com,M,2005-06-08,Bengaluru,Karnataka,India,Silver,2023-06-29,Email,2025-08-13,9999-12-31,1
1449,C0001285,Rohan,Nguyen,rohan.nguyen1285@mail.example.com,F,1957-09-06,Kolkata,West Bengal,India,Bronze,2026-02-24,Email,2026-02-24,9999-12-31,1
1450,C0001286,Omar,Ali,omar.ali1286@mail.example.com,F,1961-01-16,Mumbai,Maharashtra,India,Bronze,2021-06-08,Email,2021-06-08,9999-12-31,1
1451,C0001287,Omar,Taylor,omar.taylor1287@mail.example.com,M,2000-02-28,Mumbai,Maharashtra,India,Bronze,2023-01-20,Marketplace,2023-01-20,9999-12-31,1
1452,C0001288,Sophie,Ali,sophie.ali1288@mail.example.com,F,1985-04-11,Delhi,Delhi,India,Bronze,2025-07-07,Referral,2025-07-07,2025-12-23,0
1453,C0001288,Sophie,Ali,sophie.ali1288@mail.example.com,F,1985-04-11,Delhi,Delhi,India,Silver,2025-07-07,Referral,2025-12-24,9999-12-31,1
1454,C0001289,Arjun,Nair,arjun.nair1289@mail.example.com,M,1956-11-04,New York,New York,United States,Silver,2026-09-14,Referral,2026-09-14,9999-12-31,1
1455,C0001290,Chloe,Ali,chloe.ali1290@mail.example.com,F,2000-11-22,Jaipur,Rajasthan,India,Silver,2022-09-24,Paid Social,2022-09-24,9999-12-31,1
1456,C0001291,Priya,Bose,priya.bose1291@mail.example.com,F,1968-06-21,Mumbai,Maharashtra,India,Bronze,2024-10-14,Email,2024-10-14,9999-12-31,1
1457,C0001292,Mei,Smith,mei.smith1292@mail.example.com,M,1959-11-04,New York,New York,United States,Bronze,2023-09-30,Referral,2023-09-30,9999-12-31,1
1458,C0001293,Ananya,Khan,ananya.khan1293@mail.example.com,F,1997-06-08,Delhi,Delhi,India,Gold,2026-06-12,Referral,2026-06-12,9999-12-31,1
1459,C0001294,Aarav,Kim,aarav.kim1294@mail.example.com,Other,2004-07-06,Pune,Maharashtra,India,Bronze,2023-06-20,Organic Search,2023-06-20,9999-12-31,1
1460,C0001295,Meera,Brown,meera.brown1295@mail.example.com,M,1997-06-13,London,England,United Kingdom,Bronze,2026-04-24,Marketplace,2026-04-24,9999-12-31,1
1461,C0001296,Sourav,Das,sourav.das1296@mail.example.com,Other,1995-11-03,Hyderabad,Telangana,India,Bronze,2022-12-15,Email,2022-12-15,9999-12-31,1
1462,C0001297,Carlos,Nguyen,carlos.nguyen1297@mail.example.com,F,1982-05-01,Pune,Maharashtra,India,Silver,2024-09-13,Marketplace,2024-09-13,9999-12-31,1
1463,C0001298,Vikram,Brown,vikram.brown1298@mail.example.com,F,1977-03-02,Delhi,Delhi,India,Bronze,2026-07-28,Organic Search,2026-07-28,9999-12-31,1
1464,C0001299,Sneha,Walker,sneha.walker1299@mail.example.com,M,1961-03-24,Kolkata,West Bengal,India,Silver,2026-07-26,Paid Social,2026-07-26,9999-12-31,1
1465,C0001300,Meera,Garcia,meera.garcia1300@mail.example.com,F,1984-09-19,Ahmedabad,Gujarat,India,Silver,2025-07-11,Email,2025-07-11,9999-12-31,1
1466,C0001301,Vikram,Chatterjee,vikram.chatterjee1301@mail.example.com,F,1985-04-03,Mumbai,Maharashtra,India,Silver,2026-07-03,Paid Social,2026-07-03,9999-12-31,1
1467,C0001302,Carlos,Sharma,carlos.sharma1302@mail.example.com,Other,1999-10-17,Bengaluru,Karnataka,India,Bronze,2024-10-21,Email,2024-10-21,9999-12-31,1
1468,C0001303,Omar,Clarke,omar.clarke1303@mail.example.com,M,1967-02-20,Austin,Texas,United States,Bronze,2024-06-18,Email,2024-06-18,9999-12-31,1
1469,C0001304,Oliver,Walker,oliver.walker1304@mail.example.com,F,1966-04-04,Ahmedabad,Gujarat,India,Bronze,2024-10-03,Paid Social,2024-10-03,9999-12-31,1
1470,C0001305,Aarav,Garcia,aarav.garcia1305@mail.example.com,M,1972-05-19,Delhi,Delhi,India,Silver,2025-03-29,Referral,2025-03-29,2025-06-21,0
1471,C0001305,Aarav,Garcia,aarav.garcia1305@mail.example.com,M,1972-05-19,Bengaluru,Karnataka,India,Gold,2025-03-29,Referral,2025-06-22,9999-12-31,1
1472,C0001306,Amit,Patel,amit.patel1306@mail.example.com,M,1986-07-10,Delhi,Delhi,India,Silver,2025-11-18,Walk-in,2025-11-18,9999-12-31,1
1473,C0001307,Rohan,Ghosh,rohan.ghosh1307@mail.example.com,M,1977-07-23,London,England,United Kingdom,Platinum,2025-04-29,Referral,2025-04-29,2026-01-21,0
1474,C0001307,Rohan,Ghosh,rohan.ghosh1307@mail.example.com,M,1977-07-23,Delhi,Delhi,India,Platinum,2025-04-29,Referral,2026-01-22,9999-12-31,1
1475,C0001308,Vikram,Banerjee,vikram.banerjee1308@mail.example.com,M,1972-10-14,Hyderabad,Telangana,India,Silver,2025-05-01,Email,2025-05-01,2026-05-20,0
1476,C0001308,Vikram,Banerjee,vikram.banerjee1308@mail.example.com,M,1972-10-14,Hyderabad,Telangana,India,Gold,2025-05-01,Email,2026-05-21,9999-12-31,1
1477,C0001309,Daniel,Chen,daniel.chen1309@mail.example.com,Other,1968-01-23,Bengaluru,Karnataka,India,Bronze,2024-08-08,Email,2024-08-08,2025-10-17,0
1478,C0001309,Daniel,Chen,daniel.chen1309@mail.example.com,Other,1968-01-23,Mumbai,Maharashtra,India,Silver,2024-08-08,Email,2025-10-18,9999-12-31,1
1479,C0001310,Kavya,Walker,kavya.walker1310@mail.example.com,Other,1970-02-28,Mumbai,Maharashtra,India,Bronze,2024-05-12,Referral,2024-05-12,9999-12-31,1
1480,C0001311,Daniel,Garcia,daniel.garcia1311@mail.example.com,M,1977-05-14,Delhi,Delhi,India,Silver,2025-05-31,Paid Social,2025-05-31,9999-12-31,1
1481,C0001312,Layla,Kim,layla.kim1312@mail.example.com,M,2002-04-10,Austin,Texas,United States,Silver,2024-04-11,Organic Search,2024-04-11,9999-12-31,1
1482,C0001313,Noah,Wilson,noah.wilson1313@mail.example.com,F,2000-05-09,Hyderabad,Telangana,India,Silver,2023-09-21,Referral,2023-09-21,9999-12-31,1
1483,C0001314,Kavya,Das,kavya.das1314@mail.example.com,M,1964-04-02,Kolkata,West Bengal,India,Silver,2022-12-03,Walk-in,2022-12-03,2025-11-01,0
1484,C0001314,Kavya,Das,kavya.das1314@mail.example.com,M,1964-04-02,Kolkata,West Bengal,India,Gold,2022-12-03,Walk-in,2025-11-02,9999-12-31,1
1485,C0001315,Daniel,Walker,daniel.walker1315@mail.example.com,Other,1961-04-06,London,England,United Kingdom,Bronze,2024-01-10,Organic Search,2024-01-10,9999-12-31,1
1486,C0001316,Sneha,Iyer,sneha.iyer1316@mail.example.com,M,1985-06-10,Manchester,England,United Kingdom,Gold,2021-06-27,Walk-in,2021-06-27,9999-12-31,1
1487,C0001317,Sofia,Ghosh,sofia.ghosh1317@mail.example.com,F,1992-03-28,Bengaluru,Karnataka,India,Silver,2026-04-20,Organic Search,2026-04-20,2026-07-26,0
1488,C0001317,Sofia,Ghosh,sofia.ghosh1317@mail.example.com,F,1992-03-28,Bengaluru,Karnataka,India,Gold,2026-04-20,Organic Search,2026-07-27,9999-12-31,1
1489,C0001318,Noah,Chatterjee,noah.chatterjee1318@mail.example.com,M,1991-01-27,Mumbai,Maharashtra,India,Bronze,2023-07-05,Marketplace,2023-07-05,2024-04-24,0
1490,C0001318,Noah,Chatterjee,noah.chatterjee1318@mail.example.com,M,1991-01-27,New York,New York,United States,Silver,2023-07-05,Marketplace,2024-04-25,9999-12-31,1
1491,C0001319,Amit,Ali,amit.ali1319@mail.example.com,M,1967-06-19,Delhi,Delhi,India,Bronze,2025-05-24,Marketplace,2025-05-24,9999-12-31,1
1492,C0001320,Kavya,Silva,kavya.silva1320@mail.example.com,F,1959-05-23,Kolkata,West Bengal,India,Bronze,2023-06-14,Referral,2023-06-14,9999-12-31,1
1493,C0001321,Amit,Singh,amit.singh1321@mail.example.com,M,1989-09-12,Kolkata,West Bengal,India,Bronze,2023-07-02,Paid Social,2023-07-02,9999-12-31,1
1494,C0001322,Kavya,Nair,kavya.nair1322@mail.example.com,F,1957-04-07,Austin,Texas,United States,Bronze,2022-07-10,Referral,2022-07-10,9999-12-31,1
1495,C0001323,Ananya,Sharma,ananya.sharma1323@mail.example.com,Other,2000-10-14,Delhi,Delhi,India,Bronze,2026-01-21,Marketplace,2026-01-21,9999-12-31,1
1496,C0001324,Omar,Taylor,omar.taylor1324@mail.example.com,Other,1990-11-11,London,England,United Kingdom,Silver,2021-05-14,Paid Social,2021-05-14,9999-12-31,1
1497,C0001325,Daniel,Banerjee,daniel.banerjee1325@mail.example.com,F,1996-11-16,Mumbai,Maharashtra,India,Bronze,2022-01-03,Referral,2022-01-03,9999-12-31,1
1498,C0001326,Priya,Patel,priya.patel1326@mail.example.com,F,1958-03-08,Mumbai,Maharashtra,India,Bronze,2024-07-28,Referral,2024-07-28,9999-12-31,1
1499,C0001327,Hannah,Das,hannah.das1327@mail.example.com,F,1966-08-25,Bengaluru,Karnataka,India,Bronze,2024-10-17,Paid Social,2024-10-17,9999-12-31,1
1500,C0001328,Arjun,Wilson,arjun.wilson1328@mail.example.com,F,1963-01-05,London,England,United Kingdom,Bronze,2021-02-08,Walk-in,2021-02-08,9999-12-31,1
1501,C0001329,Meera,Sharma,meera.sharma1329@mail.example.com,F,1981-08-15,Mumbai,Maharashtra,India,Bronze,2023-11-05,Marketplace,2023-11-05,9999-12-31,1
1502,C0001330,James,Mehta,james.mehta1330@mail.example.com,Other,1983-07-05,Austin,Texas,United States,Silver,2021-02-13,Walk-in,2021-02-13,9999-12-31,1
1503,C0001331,Meera,Kim,meera.kim1331@mail.example.com,F,1972-11-12,Jaipur,Rajasthan,India,Bronze,2022-12-12,Organic Search,2022-12-12,9999-12-31,1
1504,C0001332,Sophie,Garcia,sophie.garcia1332@mail.example.com,F,1965-04-01,Delhi,Delhi,India,Bronze,2026-06-21,Marketplace,2026-06-21,9999-12-31,1
1505,C0001333,James,Chatterjee,james.chatterjee1333@mail.example.com,Other,1960-08-23,Austin,Texas,United States,Bronze,2021-03-09,Paid Social,2021-03-09,9999-12-31,1
1506,C0001334,Zara,Mehta,zara.mehta1334@mail.example.com,M,1971-11-18,Kolkata,West Bengal,India,Bronze,2025-08-22,Organic Search,2025-08-22,9999-12-31,1
1507,C0001335,Sourav,Khan,sourav.khan1335@mail.example.com,F,1994-10-28,Delhi,Delhi,India,Bronze,2022-03-10,Referral,2022-03-10,9999-12-31,1
1508,C0001336,Meera,Taylor,meera.taylor1336@mail.example.com,Other,1964-11-16,New York,New York,United States,Silver,2025-12-11,Referral,2025-12-11,9999-12-31,1
1509,C0001337,Arjun,Kapoor,arjun.kapoor1337@mail.example.com,M,1979-07-25,Hyderabad,Telangana,India,Bronze,2024-11-06,Marketplace,2024-11-06,9999-12-31,1
1510,C0001338,Arjun,Singh,arjun.singh1338@mail.example.com,F,1983-10-25,Chennai,Tamil Nadu,India,Gold,2023-02-08,Paid Social,2023-02-08,2023-10-01,0
1511,C0001338,Arjun,Singh,arjun.singh1338@mail.example.com,F,1983-10-25,Chennai,Tamil Nadu,India,Platinum,2023-02-08,Paid Social,2023-10-02,9999-12-31,1
1512,C0001339,James,Johnson,james.johnson1339@mail.example.com,Other,1999-09-14,Kolkata,West Bengal,India,Gold,2024-11-20,Marketplace,2024-11-20,2025-04-03,0
1513,C0001339,James,Johnson,james.johnson1339@mail.example.com,Other,1999-09-14,Kolkata,West Bengal,India,Platinum,2024-11-20,Marketplace,2025-04-04,9999-12-31,1
1514,C0001340,Ishita,Chen,ishita.chen1340@mail.example.com,Other,1993-03-12,Kolkata,West Bengal,India,Bronze,2023-07-13,Walk-in,2023-07-13,9999-12-31,1
1515,C0001341,Hannah,Kapoor,hannah.kapoor1341@mail.example.com,M,1986-02-06,Jaipur,Rajasthan,India,Bronze,2022-03-25,Email,2022-03-25,9999-12-31,1
1516,C0001342,Sophie,Rao,sophie.rao1342@mail.example.com,F,1978-05-05,Mumbai,Maharashtra,India,Bronze,2021-03-29,Email,2021-03-29,9999-12-31,1
1517,C0001343,Sofia,Das,sofia.das1343@mail.example.com,Other,1967-04-24,Hyderabad,Telangana,India,Silver,2025-04-16,Marketplace,2025-04-16,9999-12-31,1
1518,C0001344,Ishita,Patel,ishita.patel1344@mail.example.com,Other,1974-09-27,Delhi,Delhi,India,Bronze,2021-03-17,Walk-in,2021-03-17,9999-12-31,1
1519,C0001345,Rahul,Rao,rahul.rao1345@mail.example.com,Other,1955-06-20,Kolkata,West Bengal,India,Silver,2022-11-12,Walk-in,2022-11-12,9999-12-31,1
1520,C0001346,Layla,Kapoor,layla.kapoor1346@mail.example.com,M,1986-05-20,Mumbai,Maharashtra,India,Silver,2026-01-10,Paid Social,2026-01-10,9999-12-31,1
1521,C0001347,Sneha,Kim,sneha.kim1347@mail.example.com,M,1981-04-09,Hyderabad,Telangana,India,Bronze,2024-07-20,Email,2024-07-20,9999-12-31,1
1522,C0001348,Noah,Mehta,noah.mehta1348@mail.example.com,F,1981-02-13,Hyderabad,Telangana,India,Bronze,2021-03-13,Organic Search,2021-03-13,9999-12-31,1
1523,C0001349,Michael,Mehta,michael.mehta1349@mail.example.com,M,1964-10-10,Hyderabad,Telangana,India,Bronze,2022-10-08,Referral,2022-10-08,9999-12-31,1
1524,C0001350,Sourav,Kapoor,sourav.kapoor1350@mail.example.com,F,1969-07-08,Jaipur,Rajasthan,India,Bronze,2025-07-06,Marketplace,2025-07-06,9999-12-31,1
1525,C0001351,Hannah,Wong,hannah.wong1351@mail.example.com,M,1957-07-13,Delhi,Delhi,India,Bronze,2023-01-07,Marketplace,2023-01-07,9999-12-31,1
1526,C0001352,Chloe,Taylor,chloe.taylor1352@mail.example.com,F,1968-12-04,Delhi,Delhi,India,Bronze,2023-03-08,Walk-in,2023-03-08,2026-07-24,0
1527,C0001352,Chloe,Taylor,chloe.taylor1352@mail.example.com,F,1968-12-04,Delhi,Delhi,India,Silver,2023-03-08,Walk-in,2026-07-25,9999-12-31,1
1528,C0001353,Wei,Ali,wei.ali1353@mail.example.com,F,1966-03-04,Mumbai,Maharashtra,India,Gold,2021-12-09,Paid Social,2021-12-09,9999-12-31,1
1529,C0001354,Chloe,Nguyen,chloe.nguyen1354@mail.example.com,Other,1989-03-28,New York,New York,United States,Bronze,2025-03-06,Email,2025-03-06,9999-12-31,1
1530,C0001355,Zara,Sharma,zara.sharma1355@mail.example.com,M,1988-06-09,Kolkata,West Bengal,India,Silver,2022-03-26,Organic Search,2022-03-26,9999-12-31,1
1531,C0001356,Arjun,Khan,arjun.khan1356@mail.example.com,M,1957-07-06,London,England,United Kingdom,Silver,2021-01-04,Walk-in,2021-01-04,9999-12-31,1
1532,C0001357,Meera,Khan,meera.khan1357@mail.example.com,M,2004-12-13,Delhi,Delhi,India,Silver,2024-09-02,Referral,2024-09-02,9999-12-31,1
1533,C0001358,Ananya,Wilson,ananya.wilson1358@mail.example.com,F,1968-05-22,Bengaluru,Karnataka,India,Bronze,2022-06-14,Walk-in,2022-06-14,9999-12-31,1
1534,C0001359,Arjun,Nair,arjun.nair1359@mail.example.com,F,1956-05-23,Kolkata,West Bengal,India,Bronze,2023-01-20,Referral,2023-01-20,9999-12-31,1
1535,C0001360,Sofia,Iyer,sofia.iyer1360@mail.example.com,F,1987-10-25,Delhi,Delhi,India,Gold,2026-06-13,Organic Search,2026-06-13,9999-12-31,1
1536,C0001361,Arjun,Khan,arjun.khan1361@mail.example.com,Other,1991-12-17,Jaipur,Rajasthan,India,Bronze,2024-02-12,Paid Social,2024-02-12,9999-12-31,1
1537,C0001362,Sophie,Sharma,sophie.sharma1362@mail.example.com,F,1982-07-01,Kolkata,West Bengal,India,Silver,2025-11-05,Marketplace,2025-11-05,9999-12-31,1
1538,C0001363,Debjani,Nguyen,debjani.nguyen1363@mail.example.com,F,1989-06-07,Mumbai,Maharashtra,India,Bronze,2022-10-23,Paid Social,2022-10-23,2023-06-04,0
1539,C0001363,Debjani,Nguyen,debjani.nguyen1363@mail.example.com,F,1989-06-07,Mumbai,Maharashtra,India,Silver,2022-10-23,Paid Social,2023-06-05,9999-12-31,1
1540,C0001364,Oliver,Kim,oliver.kim1364@mail.example.com,Other,1977-09-23,Delhi,Delhi,India,Bronze,2021-01-08,Email,2021-01-08,9999-12-31,1
1541,C0001365,Carlos,Wilson,carlos.wilson1365@mail.example.com,M,1980-09-23,Kolkata,West Bengal,India,Bronze,2026-01-22,Email,2026-01-22,9999-12-31,1
1542,C0001366,Sneha,Ali,sneha.ali1366@mail.example.com,F,1987-10-13,Hyderabad,Telangana,India,Silver,2023-04-28,Paid Social,2023-04-28,9999-12-31,1
1543,C0001367,Mei,Chatterjee,mei.chatterjee1367@mail.example.com,F,1995-09-26,Chennai,Tamil Nadu,India,Silver,2022-04-13,Email,2022-04-13,9999-12-31,1
1544,C0001368,Kavya,Taylor,kavya.taylor1368@mail.example.com,F,1955-02-07,Delhi,Delhi,India,Bronze,2022-03-22,Walk-in,2022-03-22,9999-12-31,1
1545,C0001369,Hannah,Reddy,hannah.reddy1369@mail.example.com,Other,2001-04-12,Kolkata,West Bengal,India,Gold,2026-09-13,Email,2026-09-13,9999-12-31,1
1546,C0001370,Oliver,Smith,oliver.smith1370@mail.example.com,F,1980-08-16,Delhi,Delhi,India,Bronze,2021-03-23,Marketplace,2021-03-23,9999-12-31,1
1547,C0001371,Debjani,Khan,debjani.khan1371@mail.example.com,M,1995-09-17,Hyderabad,Telangana,India,Bronze,2021-01-26,Marketplace,2021-01-26,9999-12-31,1
1548,C0001372,Arjun,Rao,arjun.rao1372@mail.example.com,Other,1962-08-17,Hyderabad,Telangana,India,Silver,2025-08-06,Referral,2025-08-06,9999-12-31,1
1549,C0001373,Michael,Singh,michael.singh1373@mail.example.com,F,1977-11-16,Chennai,Tamil Nadu,India,Bronze,2024-05-09,Marketplace,2024-05-09,9999-12-31,1
1550,C0001374,Arjun,Chen,arjun.chen1374@mail.example.com,Other,1999-07-18,Bengaluru,Karnataka,India,Bronze,2025-02-18,Paid Social,2025-02-18,9999-12-31,1
1551,C0001375,Ananya,Reddy,ananya.reddy1375@mail.example.com,M,1974-10-17,Delhi,Delhi,India,Silver,2023-04-17,Paid Social,2023-04-17,9999-12-31,1
1552,C0001376,Chloe,Ghosh,chloe.ghosh1376@mail.example.com,Other,2003-08-24,Pune,Maharashtra,India,Bronze,2021-02-06,Paid Social,2021-02-06,9999-12-31,1
1553,C0001377,Rahul,Clarke,rahul.clarke1377@mail.example.com,Other,1982-10-10,Bengaluru,Karnataka,India,Bronze,2025-08-15,Email,2025-08-15,9999-12-31,1
1554,C0001378,Sophie,Sharma,sophie.sharma1378@mail.example.com,M,1974-11-22,Hyderabad,Telangana,India,Bronze,2026-02-17,Walk-in,2026-02-17,9999-12-31,1
1555,C0001379,Ishita,Bose,ishita.bose1379@mail.example.com,M,1993-09-28,Delhi,Delhi,India,Bronze,2023-03-04,Email,2023-03-04,9999-12-31,1
1556,C0001380,Oliver,Clarke,oliver.clarke1380@mail.example.com,M,2001-10-18,Delhi,Delhi,India,Gold,2025-06-21,Organic Search,2025-06-21,9999-12-31,1
1557,C0001381,Aarav,Das,aarav.das1381@mail.example.com,M,2005-10-06,Delhi,Delhi,India,Silver,2021-02-10,Walk-in,2021-02-10,9999-12-31,1
1558,C0001382,Sneha,Iyer,sneha.iyer1382@mail.example.com,M,1965-07-05,London,England,United Kingdom,Platinum,2021-05-09,Organic Search,2021-05-09,9999-12-31,1
1559,C0001383,Zara,Banerjee,zara.banerjee1383@mail.example.com,F,1972-09-27,Kolkata,West Bengal,India,Bronze,2023-01-04,Walk-in,2023-01-04,9999-12-31,1
1560,C0001384,Zara,Taylor,zara.taylor1384@mail.example.com,Other,1997-01-11,Hyderabad,Telangana,India,Bronze,2023-02-18,Marketplace,2023-02-18,9999-12-31,1
1561,C0001385,Mei,Smith,mei.smith1385@mail.example.com,F,1990-06-14,Delhi,Delhi,India,Platinum,2022-03-11,Paid Social,2022-03-11,2025-09-01,0
1562,C0001385,Mei,Smith,mei.smith1385@mail.example.com,F,1990-06-14,Delhi,Delhi,India,Platinum,2022-03-11,Paid Social,2025-09-02,9999-12-31,1
1563,C0001386,Priya,Sharma,priya.sharma1386@mail.example.com,Other,2001-07-25,Mumbai,Maharashtra,India,Silver,2024-11-13,Organic Search,2024-11-13,9999-12-31,1
1564,C0001387,Debjani,Clarke,debjani.clarke1387@mail.example.com,F,1979-05-04,Mumbai,Maharashtra,India,Silver,2025-01-04,Walk-in,2025-01-04,9999-12-31,1
1565,C0001388,Chloe,Ali,chloe.ali1388@mail.example.com,Other,1982-08-19,New York,New York,United States,Bronze,2024-04-20,Email,2024-04-20,9999-12-31,1
1566,C0001389,Oliver,Smith,oliver.smith1389@mail.example.com,M,1956-02-21,Mumbai,Maharashtra,India,Silver,2021-05-24,Email,2021-05-24,9999-12-31,1
1567,C0001390,Meera,Das,meera.das1390@mail.example.com,M,1971-03-20,New York,New York,United States,Silver,2024-05-26,Organic Search,2024-05-26,9999-12-31,1
1568,C0001391,Kavya,Taylor,kavya.taylor1391@mail.example.com,F,1978-03-10,New York,New York,United States,Gold,2025-06-30,Email,2025-06-30,9999-12-31,1
1569,C0001392,Sourav,Nguyen,sourav.nguyen1392@mail.example.com,F,1985-03-11,Delhi,Delhi,India,Gold,2025-11-22,Paid Social,2025-11-22,9999-12-31,1
1570,C0001393,Hannah,Sharma,hannah.sharma1393@mail.example.com,M,1995-11-22,Delhi,Delhi,India,Bronze,2023-06-02,Organic Search,2023-06-02,9999-12-31,1
1571,C0001394,Amit,Patel,amit.patel1394@mail.example.com,F,1978-10-08,Chennai,Tamil Nadu,India,Silver,2024-08-26,Referral,2024-08-26,2025-06-18,0
1572,C0001394,Amit,Patel,amit.patel1394@mail.example.com,F,1978-10-08,Chennai,Tamil Nadu,India,Gold,2024-08-26,Referral,2025-06-19,9999-12-31,1
1573,C0001395,Emily,Khan,emily.khan1395@mail.example.com,F,1973-06-24,Kolkata,West Bengal,India,Bronze,2022-07-16,Organic Search,2022-07-16,9999-12-31,1
1574,C0001396,Hannah,Banerjee,hannah.banerjee1396@mail.example.com,F,1980-03-22,Kolkata,West Bengal,India,Bronze,2023-10-18,Organic Search,2023-10-18,9999-12-31,1
1575,C0001397,Meera,Nguyen,meera.nguyen1397@mail.example.com,Other,1995-08-16,Guwahati,Assam,India,Bronze,2022-08-10,Referral,2022-08-10,9999-12-31,1
1576,C0001398,Hannah,Mehta,hannah.mehta1398@mail.example.com,M,1990-06-06,Hyderabad,Telangana,India,Bronze,2024-08-08,Marketplace,2024-08-08,9999-12-31,1
1577,C0001399,Arjun,Chen,arjun.chen1399@mail.example.com,Other,1980-02-17,Manchester,England,United Kingdom,Bronze,2022-02-20,Referral,2022-02-20,2023-07-15,0
1578,C0001399,Arjun,Chen,arjun.chen1399@mail.example.com,Other,1980-02-17,New York,New York,United States,Silver,2022-02-20,Referral,2023-07-16,9999-12-31,1
1579,C0001400,Michael,Banerjee,michael.banerjee1400@mail.example.com,F,1971-08-15,Bengaluru,Karnataka,India,Bronze,2022-01-15,Email,2022-01-15,9999-12-31,1
1580,C0001401,Debjani,Garcia,debjani.garcia1401@mail.example.com,F,1988-12-24,Mumbai,Maharashtra,India,Gold,2025-12-01,Referral,2025-12-01,9999-12-31,1
1581,C0001402,Ananya,Mehta,ananya.mehta1402@mail.example.com,F,1967-05-10,Hyderabad,Telangana,India,Gold,2026-02-25,Walk-in,2026-02-25,2026-06-23,0
1582,C0001402,Ananya,Mehta,ananya.mehta1402@mail.example.com,F,1967-05-10,Chennai,Tamil Nadu,India,Platinum,2026-02-25,Walk-in,2026-06-24,9999-12-31,1
1583,C0001403,Ananya,Johnson,ananya.johnson1403@mail.example.com,Other,2005-02-23,Mumbai,Maharashtra,India,Bronze,2021-12-07,Marketplace,2021-12-07,9999-12-31,1
1584,C0001404,Kavya,Nguyen,kavya.nguyen1404@mail.example.com,F,1987-09-06,Kolkata,West Bengal,India,Gold,2026-04-28,Walk-in,2026-04-28,9999-12-31,1
1585,C0001405,Sophie,Smith,sophie.smith1405@mail.example.com,M,1990-07-06,Mumbai,Maharashtra,India,Bronze,2024-03-14,Organic Search,2024-03-14,9999-12-31,1
1586,C0001406,Ishita,Ghosh,ishita.ghosh1406@mail.example.com,F,1975-12-08,Delhi,Delhi,India,Bronze,2023-05-22,Walk-in,2023-05-22,2024-02-24,0
1587,C0001406,Ishita,Ghosh,ishita.ghosh1406@mail.example.com,F,1975-12-08,Pune,Maharashtra,India,Silver,2023-05-22,Walk-in,2024-02-25,9999-12-31,1
1588,C0001407,Rahul,Ali,rahul.ali1407@mail.example.com,Other,2002-08-15,Bengaluru,Karnataka,India,Silver,2021-12-25,Paid Social,2021-12-25,9999-12-31,1
1589,C0001408,Rohan,Patel,rohan.patel1408@mail.example.com,Other,1963-10-20,Mumbai,Maharashtra,India,Silver,2025-06-11,Email,2025-06-11,9999-12-31,1
1590,C0001409,Zara,Kapoor,zara.kapoor1409@mail.example.com,Other,1999-01-04,Kolkata,West Bengal,India,Bronze,2021-04-29,Walk-in,2021-04-29,9999-12-31,1
1591,C0001410,Aarav,Taylor,aarav.taylor1410@mail.example.com,M,1965-02-23,New York,New York,United States,Bronze,2024-10-26,Walk-in,2024-10-26,9999-12-31,1
1592,C0001411,Ishita,Nair,ishita.nair1411@mail.example.com,Other,1972-12-17,Pune,Maharashtra,India,Silver,2025-05-16,Referral,2025-05-16,9999-12-31,1
1593,C0001412,Chloe,Wilson,chloe.wilson1412@mail.example.com,M,1983-03-18,Ahmedabad,Gujarat,India,Gold,2025-02-27,Referral,2025-02-27,9999-12-31,1
1594,C0001413,Debjani,Garcia,debjani.garcia1413@mail.example.com,Other,1992-01-06,Chennai,Tamil Nadu,India,Bronze,2022-04-01,Email,2022-04-01,9999-12-31,1
1595,C0001414,Hannah,Walker,hannah.walker1414@mail.example.com,Other,1963-05-17,New York,New York,United States,Bronze,2021-10-31,Marketplace,2021-10-31,9999-12-31,1
1596,C0001415,Rohan,Rao,rohan.rao1415@mail.example.com,M,2003-10-17,Kolkata,West Bengal,India,Bronze,2024-09-06,Referral,2024-09-06,9999-12-31,1
1597,C0001416,Sofia,Nguyen,sofia.nguyen1416@mail.example.com,F,2003-03-17,Mumbai,Maharashtra,India,Platinum,2026-07-27,Walk-in,2026-07-27,9999-12-31,1
1598,C0001417,Michael,Sharma,michael.sharma1417@mail.example.com,Other,1976-07-28,Mumbai,Maharashtra,India,Bronze,2026-08-22,Organic Search,2026-08-22,9999-12-31,1
1599,C0001418,Emily,Khan,emily.khan1418@mail.example.com,Other,1976-10-01,Chennai,Tamil Nadu,India,Gold,2024-02-01,Organic Search,2024-02-01,9999-12-31,1
1600,C0001419,Layla,Khan,layla.khan1419@mail.example.com,M,1961-08-15,Ahmedabad,Gujarat,India,Silver,2022-11-15,Referral,2022-11-15,2025-07-18,0
1601,C0001419,Layla,Khan,layla.khan1419@mail.example.com,M,1961-08-15,Ahmedabad,Gujarat,India,Gold,2022-11-15,Referral,2025-07-19,9999-12-31,1
1602,C0001420,Meera,Khan,meera.khan1420@mail.example.com,F,1995-11-11,London,England,United Kingdom,Silver,2022-01-02,Walk-in,2022-01-02,9999-12-31,1
1603,C0001421,Mei,Sharma,mei.sharma1421@mail.example.com,Other,1967-03-22,Guwahati,Assam,India,Bronze,2024-07-28,Marketplace,2024-07-28,2026-05-07,0
1604,C0001421,Mei,Sharma,mei.sharma1421@mail.example.com,Other,1967-03-22,Hyderabad,Telangana,India,Silver,2024-07-28,Marketplace,2026-05-08,9999-12-31,1
1605,C0001422,Layla,Taylor,layla.taylor1422@mail.example.com,F,1974-03-21,Mumbai,Maharashtra,India,Gold,2026-04-27,Referral,2026-04-27,9999-12-31,1
1606,C0001423,Daniel,Banerjee,daniel.banerjee1423@mail.example.com,F,1989-02-28,Pune,Maharashtra,India,Bronze,2024-09-05,Organic Search,2024-09-05,9999-12-31,1
1607,C0001424,Arjun,Patel,arjun.patel1424@mail.example.com,Other,1968-07-03,Mumbai,Maharashtra,India,Gold,2026-03-04,Marketplace,2026-03-04,9999-12-31,1
1608,C0001425,Amit,Reddy,amit.reddy1425@mail.example.com,M,1968-12-12,New York,New York,United States,Bronze,2021-11-20,Walk-in,2021-11-20,9999-12-31,1
1609,C0001426,Meera,Silva,meera.silva1426@mail.example.com,F,1995-06-18,Hyderabad,Telangana,India,Bronze,2021-01-30,Email,2021-01-30,9999-12-31,1
1610,C0001427,James,Walker,james.walker1427@mail.example.com,F,1979-07-08,Delhi,Delhi,India,Silver,2024-10-01,Walk-in,2024-10-01,9999-12-31,1
1611,C0001428,Ananya,Iyer,ananya.iyer1428@mail.example.com,Other,1980-11-20,Bengaluru,Karnataka,India,Bronze,2023-10-06,Paid Social,2023-10-06,9999-12-31,1
1612,C0001429,Sneha,Rao,sneha.rao1429@mail.example.com,M,1989-10-14,Kolkata,West Bengal,India,Platinum,2022-10-11,Marketplace,2022-10-11,9999-12-31,1
1613,C0001430,Meera,Patel,meera.patel1430@mail.example.com,Other,1979-05-09,Mumbai,Maharashtra,India,Bronze,2021-12-03,Marketplace,2021-12-03,9999-12-31,1
1614,C0001431,Ananya,Wilson,ananya.wilson1431@mail.example.com,M,1975-11-07,Singapore,Singapore,Singapore,Bronze,2026-03-07,Marketplace,2026-03-07,9999-12-31,1
1615,C0001432,Debjani,Iyer,debjani.iyer1432@mail.example.com,M,1963-08-07,Kolkata,West Bengal,India,Bronze,2021-01-06,Paid Social,2021-01-06,9999-12-31,1
1616,C0001433,Noah,Ali,noah.ali1433@mail.example.com,F,1971-11-09,Chennai,Tamil Nadu,India,Silver,2022-02-24,Email,2022-02-24,9999-12-31,1
1617,C0001434,Daniel,Kapoor,daniel.kapoor1434@mail.example.com,M,1991-07-19,London,England,United Kingdom,Silver,2021-03-30,Email,2021-03-30,9999-12-31,1
1618,C0001435,Layla,Nguyen,layla.nguyen1435@mail.example.com,Other,1991-03-06,Pune,Maharashtra,India,Bronze,2021-01-15,Referral,2021-01-15,9999-12-31,1
1619,C0001436,Layla,Kapoor,layla.kapoor1436@mail.example.com,Other,1962-12-08,Jaipur,Rajasthan,India,Gold,2024-12-07,Referral,2024-12-07,9999-12-31,1
1620,C0001437,Layla,Smith,layla.smith1437@mail.example.com,Other,1967-01-21,Mumbai,Maharashtra,India,Platinum,2023-12-26,Walk-in,2023-12-26,9999-12-31,1
1621,C0001438,Carlos,Bose,carlos.bose1438@mail.example.com,M,2004-12-25,London,England,United Kingdom,Gold,2024-01-15,Paid Social,2024-01-15,9999-12-31,1
1622,C0001439,Carlos,Johnson,carlos.johnson1439@mail.example.com,Other,1986-04-18,New York,New York,United States,Bronze,2026-09-09,Marketplace,2026-09-09,9999-12-31,1
1623,C0001440,Mei,Singh,mei.singh1440@mail.example.com,F,2003-08-15,Mumbai,Maharashtra,India,Bronze,2024-03-09,Referral,2024-03-09,9999-12-31,1
1624,C0001441,Aarav,Wilson,aarav.wilson1441@mail.example.com,F,1967-09-27,New York,New York,United States,Silver,2024-11-30,Email,2024-11-30,9999-12-31,1
1625,C0001442,Arjun,Mehta,arjun.mehta1442@mail.example.com,F,1957-05-03,Delhi,Delhi,India,Silver,2022-11-15,Paid Social,2022-11-15,9999-12-31,1
1626,C0001443,Mei,Clarke,mei.clarke1443@mail.example.com,F,1963-01-09,Delhi,Delhi,India,Silver,2026-03-07,Organic Search,2026-03-07,2026-08-01,0
1627,C0001443,Mei,Clarke,mei.clarke1443@mail.example.com,F,1963-01-09,Hyderabad,Telangana,India,Gold,2026-03-07,Organic Search,2026-08-02,9999-12-31,1
1628,C0001444,Ananya,Brown,ananya.brown1444@mail.example.com,F,1978-04-27,Mumbai,Maharashtra,India,Silver,2024-01-14,Organic Search,2024-01-14,9999-12-31,1
1629,C0001445,Ishita,Iyer,ishita.iyer1445@mail.example.com,Other,1964-05-18,Austin,Texas,United States,Platinum,2022-08-15,Organic Search,2022-08-15,9999-12-31,1
1630,C0001446,Arjun,Wong,arjun.wong1446@mail.example.com,F,1991-07-07,Bengaluru,Karnataka,India,Bronze,2023-11-14,Referral,2023-11-14,9999-12-31,1
1631,C0001447,Sofia,Reddy,sofia.reddy1447@mail.example.com,M,1971-12-21,Mumbai,Maharashtra,India,Silver,2021-02-27,Paid Social,2021-02-27,2026-02-25,0
1632,C0001447,Sofia,Reddy,sofia.reddy1447@mail.example.com,M,1971-12-21,Mumbai,Maharashtra,India,Gold,2021-02-27,Paid Social,2026-02-26,9999-12-31,1
1633,C0001448,Vikram,Patel,vikram.patel1448@mail.example.com,F,1961-12-13,Bengaluru,Karnataka,India,Bronze,2025-11-03,Email,2025-11-03,2026-04-13,0
1634,C0001448,Vikram,Patel,vikram.patel1448@mail.example.com,F,1961-12-13,Pune,Maharashtra,India,Silver,2025-11-03,Email,2026-04-14,9999-12-31,1
1635,C0001449,Noah,Reddy,noah.reddy1449@mail.example.com,M,1993-06-25,Guwahati,Assam,India,Silver,2021-05-11,Email,2021-05-11,9999-12-31,1
1636,C0001450,Debjani,Gupta,debjani.gupta1450@mail.example.com,F,1955-06-15,Bengaluru,Karnataka,India,Bronze,2021-05-08,Referral,2021-05-08,2025-12-08,0
1637,C0001450,Debjani,Gupta,debjani.gupta1450@mail.example.com,F,1955-06-15,Delhi,Delhi,India,Silver,2021-05-08,Referral,2025-12-09,9999-12-31,1
1638,C0001451,Aarav,Sharma,aarav.sharma1451@mail.example.com,Other,1994-08-03,London,England,United Kingdom,Bronze,2023-06-05,Organic Search,2023-06-05,9999-12-31,1
1639,C0001452,Ananya,Gupta,ananya.gupta1452@mail.example.com,Other,1991-01-24,Chennai,Tamil Nadu,India,Bronze,2025-04-09,Organic Search,2025-04-09,9999-12-31,1
1640,C0001453,Ananya,Sharma,ananya.sharma1453@mail.example.com,F,1975-12-25,London,England,United Kingdom,Bronze,2023-11-06,Email,2023-11-06,9999-12-31,1
1641,C0001454,Sneha,Taylor,sneha.taylor1454@mail.example.com,M,1985-01-15,London,England,United Kingdom,Bronze,2021-10-08,Paid Social,2021-10-08,2023-12-22,0
1642,C0001454,Sneha,Taylor,sneha.taylor1454@mail.example.com,M,1985-01-15,London,England,United Kingdom,Silver,2021-10-08,Paid Social,2023-12-23,9999-12-31,1
1643,C0001455,Ishita,Ali,ishita.ali1455@mail.example.com,F,1966-06-05,Guwahati,Assam,India,Bronze,2022-06-24,Email,2022-06-24,2024-03-05,0
1644,C0001455,Ishita,Ali,ishita.ali1455@mail.example.com,F,1966-06-05,Hyderabad,Telangana,India,Silver,2022-06-24,Email,2024-03-06,9999-12-31,1
1645,C0001456,Arjun,Wong,arjun.wong1456@mail.example.com,M,1992-05-10,New York,New York,United States,Silver,2021-03-11,Email,2021-03-11,9999-12-31,1
1646,C0001457,Aarav,Gupta,aarav.gupta1457@mail.example.com,F,1996-11-12,Pune,Maharashtra,India,Bronze,2025-09-20,Paid Social,2025-09-20,9999-12-31,1
1647,C0001458,James,Wilson,james.wilson1458@mail.example.com,M,1998-03-09,London,England,United Kingdom,Gold,2021-04-09,Marketplace,2021-04-09,9999-12-31,1
1648,C0001459,Amit,Banerjee,amit.banerjee1459@mail.example.com,Other,1991-11-04,Mumbai,Maharashtra,India,Bronze,2022-03-12,Walk-in,2022-03-12,9999-12-31,1
1649,C0001460,Sofia,Ghosh,sofia.ghosh1460@mail.example.com,M,2003-12-10,Chennai,Tamil Nadu,India,Silver,2025-07-16,Walk-in,2025-07-16,9999-12-31,1
1650,C0001461,Sofia,Kim,sofia.kim1461@mail.example.com,F,1963-04-15,New York,New York,United States,Bronze,2025-09-22,Organic Search,2025-09-22,9999-12-31,1
1651,C0001462,James,Das,james.das1462@mail.example.com,F,1983-11-18,Kolkata,West Bengal,India,Platinum,2023-08-04,Walk-in,2023-08-04,9999-12-31,1
1652,C0001463,Hannah,Ali,hannah.ali1463@mail.example.com,Other,1982-05-02,Hyderabad,Telangana,India,Bronze,2021-12-18,Walk-in,2021-12-18,9999-12-31,1
1653,C0001464,Omar,Garcia,omar.garcia1464@mail.example.com,M,1980-10-24,New York,New York,United States,Silver,2023-04-06,Paid Social,2023-04-06,9999-12-31,1
1654,C0001465,Rahul,Johnson,rahul.johnson1465@mail.example.com,Other,1957-09-06,Bengaluru,Karnataka,India,Bronze,2026-01-14,Walk-in,2026-01-14,9999-12-31,1
1655,C0001466,Sneha,Reddy,sneha.reddy1466@mail.example.com,M,1965-02-06,Ahmedabad,Gujarat,India,Bronze,2021-02-09,Marketplace,2021-02-09,9999-12-31,1
1656,C0001467,Layla,Sharma,layla.sharma1467@mail.example.com,F,1955-04-25,Delhi,Delhi,India,Bronze,2024-09-08,Organic Search,2024-09-08,2026-04-21,0
1657,C0001467,Layla,Sharma,layla.sharma1467@mail.example.com,F,1955-04-25,London,England,United Kingdom,Silver,2024-09-08,Organic Search,2026-04-22,9999-12-31,1
1658,C0001468,Amit,Rao,amit.rao1468@mail.example.com,Other,1994-01-01,Delhi,Delhi,India,Bronze,2022-04-01,Walk-in,2022-04-01,9999-12-31,1
1659,C0001469,Ananya,Bose,ananya.bose1469@mail.example.com,Other,1992-02-13,London,England,United Kingdom,Silver,2021-04-05,Marketplace,2021-04-05,9999-12-31,1
1660,C0001470,Chloe,Smith,chloe.smith1470@mail.example.com,Other,2002-10-22,Mumbai,Maharashtra,India,Bronze,2026-02-14,Walk-in,2026-02-14,9999-12-31,1
1661,C0001471,Priya,Bose,priya.bose1471@mail.example.com,M,1974-09-27,Kolkata,West Bengal,India,Platinum,2024-10-11,Walk-in,2024-10-11,9999-12-31,1
1662,C0001472,Meera,Banerjee,meera.banerjee1472@mail.example.com,Other,1998-04-08,Kolkata,West Bengal,India,Bronze,2024-02-10,Organic Search,2024-02-10,9999-12-31,1
1663,C0001473,Rohan,Nguyen,rohan.nguyen1473@mail.example.com,M,1975-02-22,Kolkata,West Bengal,India,Silver,2021-12-15,Marketplace,2021-12-15,9999-12-31,1
1664,C0001474,Arjun,Garcia,arjun.garcia1474@mail.example.com,F,1964-01-07,Hyderabad,Telangana,India,Silver,2024-06-19,Marketplace,2024-06-19,2025-03-13,0
1665,C0001474,Arjun,Garcia,arjun.garcia1474@mail.example.com,F,1964-01-07,Delhi,Delhi,India,Gold,2024-06-19,Marketplace,2025-03-14,9999-12-31,1
1666,C0001475,Aarav,Rao,aarav.rao1475@mail.example.com,M,1973-10-23,Delhi,Delhi,India,Bronze,2023-10-23,Email,2023-10-23,9999-12-31,1
1667,C0001476,Ananya,Banerjee,ananya.banerjee1476@mail.example.com,Other,1996-12-01,Chennai,Tamil Nadu,India,Gold,2023-12-30,Marketplace,2023-12-30,9999-12-31,1
1668,C0001477,Arjun,Nguyen,arjun.nguyen1477@mail.example.com,F,1987-08-20,Mumbai,Maharashtra,India,Gold,2023-07-01,Referral,2023-07-01,2025-11-06,0
1669,C0001477,Arjun,Nguyen,arjun.nguyen1477@mail.example.com,F,1987-08-20,Chennai,Tamil Nadu,India,Platinum,2023-07-01,Referral,2025-11-07,9999-12-31,1
1670,C0001478,Rohan,Smith,rohan.smith1478@mail.example.com,Other,1963-08-08,Delhi,Delhi,India,Silver,2024-08-23,Referral,2024-08-23,9999-12-31,1
1671,C0001479,Sneha,Nguyen,sneha.nguyen1479@mail.example.com,F,1956-01-10,Mumbai,Maharashtra,India,Bronze,2026-02-05,Walk-in,2026-02-05,9999-12-31,1
1672,C0001480,Arjun,Taylor,arjun.taylor1480@mail.example.com,Other,1990-02-22,Ahmedabad,Gujarat,India,Bronze,2022-03-16,Organic Search,2022-03-16,9999-12-31,1
1673,C0001481,Sourav,Mehta,sourav.mehta1481@mail.example.com,M,1997-07-04,Hyderabad,Telangana,India,Gold,2024-03-20,Organic Search,2024-03-20,9999-12-31,1
1674,C0001482,Rahul,Ghosh,rahul.ghosh1482@mail.example.com,M,1960-03-18,Bengaluru,Karnataka,India,Bronze,2021-08-09,Paid Social,2021-08-09,2023-08-31,0
1675,C0001482,Rahul,Ghosh,rahul.ghosh1482@mail.example.com,M,1960-03-18,Bengaluru,Karnataka,India,Silver,2021-08-09,Paid Social,2023-09-01,9999-12-31,1
1676,C0001483,Sneha,Gupta,sneha.gupta1483@mail.example.com,F,1991-12-21,Singapore,Singapore,Singapore,Bronze,2022-06-05,Referral,2022-06-05,2024-08-23,0
1677,C0001483,Sneha,Gupta,sneha.gupta1483@mail.example.com,F,1991-12-21,Singapore,Singapore,Singapore,Silver,2022-06-05,Referral,2024-08-24,9999-12-31,1
1678,C0001484,Aarav,Smith,aarav.smith1484@mail.example.com,M,2003-06-08,Jaipur,Rajasthan,India,Platinum,2025-11-18,Marketplace,2025-11-18,9999-12-31,1
1679,C0001485,Zara,Patel,zara.patel1485@mail.example.com,M,1983-07-08,Pune,Maharashtra,India,Gold,2022-08-15,Referral,2022-08-15,9999-12-31,1
1680,C0001486,Hannah,Chatterjee,hannah.chatterjee1486@mail.example.com,F,1978-08-24,Delhi,Delhi,India,Silver,2021-01-29,Marketplace,2021-01-29,9999-12-31,1
1681,C0001487,Layla,Reddy,layla.reddy1487@mail.example.com,Other,1990-07-03,Delhi,Delhi,India,Bronze,2024-12-03,Email,2024-12-03,9999-12-31,1
1682,C0001488,Carlos,Iyer,carlos.iyer1488@mail.example.com,Other,1984-11-06,Jaipur,Rajasthan,India,Bronze,2022-06-01,Organic Search,2022-06-01,9999-12-31,1
1683,C0001489,Sofia,Bose,sofia.bose1489@mail.example.com,M,1964-03-09,Austin,Texas,United States,Platinum,2025-06-28,Walk-in,2025-06-28,9999-12-31,1
1684,C0001490,Sophie,Rao,sophie.rao1490@mail.example.com,Other,2005-10-10,Chennai,Tamil Nadu,India,Bronze,2024-01-10,Organic Search,2024-01-10,9999-12-31,1
1685,C0001491,Vikram,Mehta,vikram.mehta1491@mail.example.com,M,1961-09-10,Kolkata,West Bengal,India,Bronze,2025-08-18,Email,2025-08-18,9999-12-31,1
1686,C0001492,Sourav,Ali,sourav.ali1492@mail.example.com,M,1974-01-10,Delhi,Delhi,India,Silver,2023-05-09,Marketplace,2023-05-09,9999-12-31,1
1687,C0001493,Arjun,Chatterjee,arjun.chatterjee1493@mail.example.com,M,1971-10-24,Delhi,Delhi,India,Silver,2025-11-08,Paid Social,2025-11-08,9999-12-31,1
1688,C0001494,Aarav,Bose,aarav.bose1494@mail.example.com,F,1973-11-27,Pune,Maharashtra,India,Bronze,2024-02-07,Organic Search,2024-02-07,9999-12-31,1
1689,C0001495,Carlos,Gupta,carlos.gupta1495@mail.example.com,M,1988-03-15,Chennai,Tamil Nadu,India,Bronze,2021-11-25,Marketplace,2021-11-25,9999-12-31,1
1690,C0001496,Chloe,Brown,chloe.brown1496@mail.example.com,M,1987-03-24,London,England,United Kingdom,Bronze,2026-08-12,Walk-in,2026-08-12,9999-12-31,1
1691,C0001497,Aarav,Bose,aarav.bose1497@mail.example.com,F,1977-02-27,Bengaluru,Karnataka,India,Bronze,2021-03-16,Organic Search,2021-03-16,2025-03-29,0
1692,C0001497,Aarav,Bose,aarav.bose1497@mail.example.com,F,1977-02-27,Pune,Maharashtra,India,Silver,2021-03-16,Organic Search,2025-03-30,9999-12-31,1
1693,C0001498,Sofia,Wong,sofia.wong1498@mail.example.com,Other,1962-12-13,Mumbai,Maharashtra,India,Bronze,2021-05-01,Walk-in,2021-05-01,9999-12-31,1
1694,C0001499,Omar,Singh,omar.singh1499@mail.example.com,F,2000-12-21,Chennai,Tamil Nadu,India,Gold,2022-02-16,Email,2022-02-16,9999-12-31,1
1695,C0001500,Priya,Chen,priya.chen1500@mail.example.com,F,1990-10-20,Mumbai,Maharashtra,India,Silver,2026-01-04,Organic Search,2026-01-04,2026-05-13,0
1696,C0001500,Priya,Chen,priya.chen1500@mail.example.com,F,1990-10-20,Kolkata,West Bengal,India,Gold,2026-01-04,Organic Search,2026-05-14,9999-12-31,1
1697,C0001501,Noah,Smith,noah.smith1501@mail.example.com,M,1961-12-16,London,England,United Kingdom,Silver,2023-09-13,Walk-in,2023-09-13,9999-12-31,1
1698,C0001502,Priya,Garcia,priya.garcia1502@mail.example.com,Other,1964-06-22,Jaipur,Rajasthan,India,Silver,2025-05-09,Organic Search,2025-05-09,9999-12-31,1
1699,C0001503,Michael,Patel,michael.patel1503@mail.example.com,Other,1988-06-28,Manchester,England,United Kingdom,Bronze,2026-03-27,Organic Search,2026-03-27,2026-06-20,0
1700,C0001503,Michael,Patel,michael.patel1503@mail.example.com,Other,1988-06-28,Manchester,England,United Kingdom,Silver,2026-03-27,Organic Search,2026-06-21,9999-12-31,1
1701,C0001504,Sourav,Johnson,sourav.johnson1504@mail.example.com,M,1956-08-06,Mumbai,Maharashtra,India,Silver,2022-05-04,Marketplace,2022-05-04,9999-12-31,1
1702,C0001505,Arjun,Garcia,arjun.garcia1505@mail.example.com,F,2000-04-15,Bengaluru,Karnataka,India,Bronze,2021-08-19,Email,2021-08-19,9999-12-31,1
1703,C0001506,Oliver,Iyer,oliver.iyer1506@mail.example.com,Other,1964-03-07,Guwahati,Assam,India,Silver,2026-04-10,Walk-in,2026-04-10,9999-12-31,1
1704,C0001507,Emily,Garcia,emily.garcia1507@mail.example.com,M,1986-06-27,Mumbai,Maharashtra,India,Bronze,2023-03-22,Email,2023-03-22,9999-12-31,1
1705,C0001508,Zara,Sharma,zara.sharma1508@mail.example.com,M,1990-01-22,Mumbai,Maharashtra,India,Silver,2024-03-20,Walk-in,2024-03-20,9999-12-31,1
1706,C0001509,Oliver,Banerjee,oliver.banerjee1509@mail.example.com,F,1997-05-07,Kolkata,West Bengal,India,Silver,2023-11-19,Paid Social,2023-11-19,9999-12-31,1
1707,C0001510,Sneha,Khan,sneha.khan1510@mail.example.com,Other,2005-07-20,Mumbai,Maharashtra,India,Silver,2021-06-05,Email,2021-06-05,9999-12-31,1
1708,C0001511,Amit,Walker,amit.walker1511@mail.example.com,Other,1983-11-22,Bengaluru,Karnataka,India,Bronze,2025-05-13,Email,2025-05-13,9999-12-31,1
1709,C0001512,Layla,Nguyen,layla.nguyen1512@mail.example.com,M,1960-06-02,Austin,Texas,United States,Silver,2022-08-05,Email,2022-08-05,9999-12-31,1
1710,C0001513,Aarav,Smith,aarav.smith1513@mail.example.com,Other,1967-06-02,Austin,Texas,United States,Platinum,2023-06-11,Marketplace,2023-06-11,9999-12-31,1
1711,C0001514,Sneha,Patel,sneha.patel1514@mail.example.com,M,1994-09-28,Manchester,England,United Kingdom,Bronze,2022-04-06,Paid Social,2022-04-06,9999-12-31,1
1712,C0001515,Rohan,Singh,rohan.singh1515@mail.example.com,F,1961-12-14,Kolkata,West Bengal,India,Silver,2024-05-19,Organic Search,2024-05-19,9999-12-31,1
1713,C0001516,Arjun,Iyer,arjun.iyer1516@mail.example.com,Other,1979-08-24,Bengaluru,Karnataka,India,Bronze,2021-10-19,Marketplace,2021-10-19,9999-12-31,1
1714,C0001517,Amit,Chen,amit.chen1517@mail.example.com,Other,1997-10-28,London,England,United Kingdom,Bronze,2023-08-05,Referral,2023-08-05,2023-10-09,0
1715,C0001517,Amit,Chen,amit.chen1517@mail.example.com,Other,1997-10-28,London,England,United Kingdom,Silver,2023-08-05,Referral,2023-10-10,9999-12-31,1
1716,C0001518,Rahul,Nguyen,rahul.nguyen1518@mail.example.com,M,2004-03-16,Chennai,Tamil Nadu,India,Bronze,2023-11-30,Walk-in,2023-11-30,9999-12-31,1
1717,C0001519,Emily,Singh,emily.singh1519@mail.example.com,M,2002-02-05,Chennai,Tamil Nadu,India,Bronze,2024-08-07,Organic Search,2024-08-07,9999-12-31,1
1718,C0001520,Ananya,Reddy,ananya.reddy1520@mail.example.com,M,2003-10-16,Delhi,Delhi,India,Bronze,2025-03-05,Referral,2025-03-05,9999-12-31,1
1719,C0001521,Michael,Banerjee,michael.banerjee1521@mail.example.com,M,1965-04-24,Jaipur,Rajasthan,India,Bronze,2026-03-07,Paid Social,2026-03-07,9999-12-31,1
1720,C0001522,Mei,Khan,mei.khan1522@mail.example.com,F,1982-08-15,Singapore,Singapore,Singapore,Bronze,2024-02-22,Referral,2024-02-22,9999-12-31,1
1721,C0001523,Vikram,Banerjee,vikram.banerjee1523@mail.example.com,M,1962-06-13,London,England,United Kingdom,Gold,2026-03-15,Marketplace,2026-03-15,9999-12-31,1
1722,C0001524,Meera,Smith,meera.smith1524@mail.example.com,Other,1968-02-16,Pune,Maharashtra,India,Bronze,2021-09-08,Paid Social,2021-09-08,2024-03-15,0
1723,C0001524,Meera,Smith,meera.smith1524@mail.example.com,Other,1968-02-16,Pune,Maharashtra,India,Silver,2021-09-08,Paid Social,2024-03-16,9999-12-31,1
1724,C0001525,Rohan,Khan,rohan.khan1525@mail.example.com,F,2000-08-22,Delhi,Delhi,India,Bronze,2024-08-21,Organic Search,2024-08-21,9999-12-31,1
1725,C0001526,Carlos,Garcia,carlos.garcia1526@mail.example.com,F,1964-08-06,Bengaluru,Karnataka,India,Silver,2025-07-08,Referral,2025-07-08,9999-12-31,1
1726,C0001527,Arjun,Sharma,arjun.sharma1527@mail.example.com,Other,1998-04-05,Bengaluru,Karnataka,India,Bronze,2025-03-26,Organic Search,2025-03-26,9999-12-31,1
1727,C0001528,Mei,Taylor,mei.taylor1528@mail.example.com,F,1985-07-23,Singapore,Singapore,Singapore,Bronze,2025-07-01,Walk-in,2025-07-01,9999-12-31,1
1728,C0001529,Mei,Johnson,mei.johnson1529@mail.example.com,Other,1981-11-23,London,England,United Kingdom,Bronze,2021-08-02,Referral,2021-08-02,9999-12-31,1
1729,C0001530,Amit,Brown,amit.brown1530@mail.example.com,M,1958-12-11,Pune,Maharashtra,India,Silver,2022-12-24,Paid Social,2022-12-24,2023-04-22,0
1730,C0001530,Amit,Brown,amit.brown1530@mail.example.com,M,1958-12-11,Pune,Maharashtra,India,Gold,2022-12-24,Paid Social,2023-04-23,9999-12-31,1
1731,C0001531,Hannah,Garcia,hannah.garcia1531@mail.example.com,Other,1991-07-24,Mumbai,Maharashtra,India,Bronze,2023-03-31,Referral,2023-03-31,9999-12-31,1
1732,C0001532,Rahul,Garcia,rahul.garcia1532@mail.example.com,F,1998-11-24,Kolkata,West Bengal,India,Bronze,2023-02-25,Email,2023-02-25,9999-12-31,1
1733,C0001533,Zara,Rao,zara.rao1533@mail.example.com,Other,1977-05-06,Chennai,Tamil Nadu,India,Bronze,2024-10-20,Organic Search,2024-10-20,9999-12-31,1
1734,C0001534,Omar,Silva,omar.silva1534@mail.example.com,F,1966-08-07,Chennai,Tamil Nadu,India,Gold,2022-08-26,Marketplace,2022-08-26,9999-12-31,1
1735,C0001535,Priya,Chen,priya.chen1535@mail.example.com,M,1985-02-04,Mumbai,Maharashtra,India,Silver,2022-08-27,Email,2022-08-27,9999-12-31,1
1736,C0001536,Hannah,Iyer,hannah.iyer1536@mail.example.com,Other,1982-03-02,Singapore,Singapore,Singapore,Silver,2022-03-13,Paid Social,2022-03-13,9999-12-31,1
1737,C0001537,Ishita,Das,ishita.das1537@mail.example.com,F,1991-09-08,London,England,United Kingdom,Bronze,2025-07-14,Paid Social,2025-07-14,9999-12-31,1
1738,C0001538,Aarav,Gupta,aarav.gupta1538@mail.example.com,Other,1966-01-06,Hyderabad,Telangana,India,Silver,2023-01-04,Walk-in,2023-01-04,2024-08-30,0
1739,C0001538,Aarav,Gupta,aarav.gupta1538@mail.example.com,Other,1966-01-06,Bengaluru,Karnataka,India,Gold,2023-01-04,Walk-in,2024-08-31,9999-12-31,1
1740,C0001539,Rohan,Banerjee,rohan.banerjee1539@mail.example.com,F,1959-08-15,Bengaluru,Karnataka,India,Gold,2021-04-14,Organic Search,2021-04-14,9999-12-31,1
1741,C0001540,Noah,Gupta,noah.gupta1540@mail.example.com,Other,1976-11-01,Bengaluru,Karnataka,India,Gold,2021-06-11,Referral,2021-06-11,9999-12-31,1
1742,C0001541,Omar,Rao,omar.rao1541@mail.example.com,F,1979-10-08,Mumbai,Maharashtra,India,Gold,2024-02-20,Email,2024-02-20,9999-12-31,1
1743,C0001542,Kavya,Singh,kavya.singh1542@mail.example.com,M,1989-04-19,New York,New York,United States,Bronze,2021-01-22,Email,2021-01-22,9999-12-31,1
1744,C0001543,Debjani,Wilson,debjani.wilson1543@mail.example.com,F,1961-12-20,Ahmedabad,Gujarat,India,Bronze,2024-08-24,Walk-in,2024-08-24,2025-04-01,0
1745,C0001543,Debjani,Wilson,debjani.wilson1543@mail.example.com,F,1961-12-20,Ahmedabad,Gujarat,India,Silver,2024-08-24,Walk-in,2025-04-02,9999-12-31,1
1746,C0001544,Sophie,Ali,sophie.ali1544@mail.example.com,Other,1979-04-12,Kolkata,West Bengal,India,Silver,2022-04-28,Referral,2022-04-28,9999-12-31,1
1747,C0001545,Omar,Ghosh,omar.ghosh1545@mail.example.com,F,1980-11-11,Ahmedabad,Gujarat,India,Gold,2026-01-28,Email,2026-01-28,9999-12-31,1
1748,C0001546,Vikram,Brown,vikram.brown1546@mail.example.com,M,1956-08-24,Chennai,Tamil Nadu,India,Bronze,2025-03-11,Walk-in,2025-03-11,9999-12-31,1
1749,C0001547,Mei,Smith,mei.smith1547@mail.example.com,Other,1956-03-02,Singapore,Singapore,Singapore,Bronze,2025-08-18,Marketplace,2025-08-18,9999-12-31,1
1750,C0001548,Omar,Ali,omar.ali1548@mail.example.com,M,1965-03-25,Mumbai,Maharashtra,India,Bronze,2021-07-10,Referral,2021-07-10,9999-12-31,1
1751,C0001549,Priya,Das,priya.das1549@mail.example.com,F,1992-04-06,Delhi,Delhi,India,Gold,2021-05-22,Referral,2021-05-22,9999-12-31,1
1752,C0001550,Sneha,Singh,sneha.singh1550@mail.example.com,F,1964-06-21,Delhi,Delhi,India,Gold,2021-06-16,Referral,2021-06-16,2024-06-06,0
1753,C0001550,Sneha,Singh,sneha.singh1550@mail.example.com,F,1964-06-21,Delhi,Delhi,India,Platinum,2021-06-16,Referral,2024-06-07,9999-12-31,1
1754,C0001551,Sofia,Chen,sofia.chen1551@mail.example.com,Other,1969-07-19,Pune,Maharashtra,India,Bronze,2021-05-17,Walk-in,2021-05-17,9999-12-31,1
1755,C0001552,Hannah,Gupta,hannah.gupta1552@mail.example.com,F,1967-03-10,Jaipur,Rajasthan,India,Gold,2023-10-03,Email,2023-10-03,9999-12-31,1
1756,C0001553,Sofia,Taylor,sofia.taylor1553@mail.example.com,M,1962-03-27,Kolkata,West Bengal,India,Platinum,2023-08-03,Referral,2023-08-03,2024-01-26,0
1757,C0001553,Sofia,Taylor,sofia.taylor1553@mail.example.com,M,1962-03-27,Delhi,Delhi,India,Platinum,2023-08-03,Referral,2024-01-27,9999-12-31,1
1758,C0001554,Sourav,Nguyen,sourav.nguyen1554@mail.example.com,M,1958-02-05,New York,New York,United States,Bronze,2022-07-03,Email,2022-07-03,9999-12-31,1
1759,C0001555,Ishita,Brown,ishita.brown1555@mail.example.com,Other,1959-01-13,Bengaluru,Karnataka,India,Bronze,2022-10-18,Referral,2022-10-18,2024-04-20,0
1760,C0001555,Ishita,Brown,ishita.brown1555@mail.example.com,Other,1959-01-13,Bengaluru,Karnataka,India,Silver,2022-10-18,Referral,2024-04-21,9999-12-31,1
1761,C0001556,Sofia,Iyer,sofia.iyer1556@mail.example.com,M,1980-08-03,Hyderabad,Telangana,India,Silver,2023-01-11,Organic Search,2023-01-11,9999-12-31,1
1762,C0001557,Arjun,Ghosh,arjun.ghosh1557@mail.example.com,Other,1985-06-05,Manchester,England,United Kingdom,Silver,2024-01-28,Walk-in,2024-01-28,9999-12-31,1
1763,C0001558,Ananya,Kim,ananya.kim1558@mail.example.com,F,1994-07-04,New York,New York,United States,Bronze,2021-04-15,Paid Social,2021-04-15,2026-06-27,0
1764,C0001558,Ananya,Kim,ananya.kim1558@mail.example.com,F,1994-07-04,Jaipur,Rajasthan,India,Silver,2021-04-15,Paid Social,2026-06-28,9999-12-31,1
1765,C0001559,Rahul,Kapoor,rahul.kapoor1559@mail.example.com,M,1958-04-06,New York,New York,United States,Silver,2024-01-13,Organic Search,2024-01-13,9999-12-31,1
1766,C0001560,Debjani,Sharma,debjani.sharma1560@mail.example.com,Other,1968-12-25,Delhi,Delhi,India,Bronze,2024-01-15,Walk-in,2024-01-15,2024-11-12,0
1767,C0001560,Debjani,Sharma,debjani.sharma1560@mail.example.com,Other,1968-12-25,Delhi,Delhi,India,Silver,2024-01-15,Walk-in,2024-11-13,9999-12-31,1
1768,C0001561,Layla,Rao,layla.rao1561@mail.example.com,M,1995-03-09,Chennai,Tamil Nadu,India,Bronze,2026-03-04,Paid Social,2026-03-04,9999-12-31,1
1769,C0001562,Arjun,Reddy,arjun.reddy1562@mail.example.com,Other,1989-04-23,Singapore,Singapore,Singapore,Gold,2026-08-18,Marketplace,2026-08-18,9999-12-31,1
1770,C0001563,Sofia,Iyer,sofia.iyer1563@mail.example.com,M,1974-09-16,Hyderabad,Telangana,India,Bronze,2021-01-31,Email,2021-01-31,9999-12-31,1
1771,C0001564,Vikram,Gupta,vikram.gupta1564@mail.example.com,M,1992-10-18,New York,New York,United States,Bronze,2022-11-28,Organic Search,2022-11-28,9999-12-31,1
1772,C0001565,Sneha,Kapoor,sneha.kapoor1565@mail.example.com,Other,1982-05-02,Bengaluru,Karnataka,India,Gold,2024-04-02,Referral,2024-04-02,9999-12-31,1
1773,C0001566,Mei,Johnson,mei.johnson1566@mail.example.com,F,2004-06-23,Chennai,Tamil Nadu,India,Bronze,2022-12-05,Email,2022-12-05,9999-12-31,1
1774,C0001567,Mei,Johnson,mei.johnson1567@mail.example.com,M,1963-11-19,Delhi,Delhi,India,Silver,2026-05-30,Referral,2026-05-30,9999-12-31,1
1775,C0001568,Michael,Ali,michael.ali1568@mail.example.com,F,1960-10-13,Delhi,Delhi,India,Bronze,2025-03-09,Paid Social,2025-03-09,9999-12-31,1
1776,C0001569,Carlos,Iyer,carlos.iyer1569@mail.example.com,M,2001-11-21,Chennai,Tamil Nadu,India,Bronze,2024-12-15,Referral,2024-12-15,9999-12-31,1
1777,C0001570,Daniel,Garcia,daniel.garcia1570@mail.example.com,F,1996-01-03,Delhi,Delhi,India,Gold,2023-01-09,Paid Social,2023-01-09,9999-12-31,1
1778,C0001571,Ishita,Brown,ishita.brown1571@mail.example.com,M,2005-01-20,Hyderabad,Telangana,India,Silver,2021-02-16,Email,2021-02-16,9999-12-31,1
1779,C0001572,Priya,Reddy,priya.reddy1572@mail.example.com,M,1971-06-27,Bengaluru,Karnataka,India,Gold,2021-01-02,Walk-in,2021-01-02,9999-12-31,1
1780,C0001573,Emily,Khan,emily.khan1573@mail.example.com,Other,1956-12-08,Delhi,Delhi,India,Silver,2021-06-11,Organic Search,2021-06-11,9999-12-31,1
1781,C0001574,Meera,Mehta,meera.mehta1574@mail.example.com,F,1963-03-10,Jaipur,Rajasthan,India,Gold,2022-12-29,Organic Search,2022-12-29,9999-12-31,1
1782,C0001575,Layla,Sharma,layla.sharma1575@mail.example.com,F,1956-09-05,Ahmedabad,Gujarat,India,Bronze,2025-09-16,Marketplace,2025-09-16,9999-12-31,1
1783,C0001576,Ananya,Nguyen,ananya.nguyen1576@mail.example.com,M,1958-08-14,Pune,Maharashtra,India,Gold,2025-09-09,Email,2025-09-09,9999-12-31,1
1784,C0001577,Debjani,Sharma,debjani.sharma1577@mail.example.com,F,1969-08-06,Kolkata,West Bengal,India,Bronze,2024-08-26,Email,2024-08-26,9999-12-31,1
1785,C0001578,Arjun,Ali,arjun.ali1578@mail.example.com,Other,1968-04-26,Mumbai,Maharashtra,India,Bronze,2022-04-01,Organic Search,2022-04-01,9999-12-31,1
1786,C0001579,Ishita,Chen,ishita.chen1579@mail.example.com,M,1974-03-07,Kolkata,West Bengal,India,Silver,2025-11-18,Email,2025-11-18,9999-12-31,1
1787,C0001580,Ananya,Nguyen,ananya.nguyen1580@mail.example.com,Other,1966-08-16,Jaipur,Rajasthan,India,Silver,2026-02-27,Email,2026-02-27,9999-12-31,1
1788,C0001581,Zara,Nguyen,zara.nguyen1581@mail.example.com,F,1999-04-26,Jaipur,Rajasthan,India,Bronze,2025-09-25,Referral,2025-09-25,9999-12-31,1
1789,C0001582,Rahul,Kim,rahul.kim1582@mail.example.com,Other,1985-06-28,Bengaluru,Karnataka,India,Bronze,2021-10-12,Walk-in,2021-10-12,9999-12-31,1
1790,C0001583,Omar,Ali,omar.ali1583@mail.example.com,M,1966-05-23,Chennai,Tamil Nadu,India,Bronze,2023-02-13,Paid Social,2023-02-13,9999-12-31,1
1791,C0001584,Rahul,Garcia,rahul.garcia1584@mail.example.com,F,1965-04-09,Delhi,Delhi,India,Bronze,2026-07-26,Referral,2026-07-26,9999-12-31,1
1792,C0001585,Rahul,Rao,rahul.rao1585@mail.example.com,M,1965-06-28,Hyderabad,Telangana,India,Bronze,2021-02-14,Walk-in,2021-02-14,9999-12-31,1
1793,C0001586,Carlos,Reddy,carlos.reddy1586@mail.example.com,M,1972-12-15,Bengaluru,Karnataka,India,Bronze,2021-06-19,Walk-in,2021-06-19,9999-12-31,1
1794,C0001587,Michael,Sharma,michael.sharma1587@mail.example.com,Other,1993-06-08,Singapore,Singapore,Singapore,Bronze,2021-01-14,Referral,2021-01-14,9999-12-31,1
1795,C0001588,Rahul,Nair,rahul.nair1588@mail.example.com,F,1970-06-25,Kolkata,West Bengal,India,Silver,2024-02-15,Organic Search,2024-02-15,9999-12-31,1
1796,C0001589,Sophie,Chatterjee,sophie.chatterjee1589@mail.example.com,M,1958-05-16,Delhi,Delhi,India,Gold,2025-10-17,Marketplace,2025-10-17,9999-12-31,1
1797,C0001590,James,Johnson,james.johnson1590@mail.example.com,M,1972-04-15,Austin,Texas,United States,Bronze,2023-12-09,Marketplace,2023-12-09,2026-03-17,0
1798,C0001590,James,Johnson,james.johnson1590@mail.example.com,M,1972-04-15,Pune,Maharashtra,India,Silver,2023-12-09,Marketplace,2026-03-18,9999-12-31,1
1799,C0001591,Zara,Ghosh,zara.ghosh1591@mail.example.com,M,1984-03-22,Delhi,Delhi,India,Gold,2025-08-24,Paid Social,2025-08-24,9999-12-31,1
1800,C0001592,Sofia,Chatterjee,sofia.chatterjee1592@mail.example.com,Other,1999-02-17,Bengaluru,Karnataka,India,Bronze,2024-05-01,Walk-in,2024-05-01,9999-12-31,1
1801,C0001593,Priya,Reddy,priya.reddy1593@mail.example.com,M,1991-02-01,Bengaluru,Karnataka,India,Silver,2022-11-15,Referral,2022-11-15,2025-09-16,0
1802,C0001593,Priya,Reddy,priya.reddy1593@mail.example.com,M,1991-02-01,Bengaluru,Karnataka,India,Gold,2022-11-15,Referral,2025-09-17,9999-12-31,1
1803,C0001594,Amit,Sharma,amit.sharma1594@mail.example.com,M,1978-07-25,Delhi,Delhi,India,Gold,2023-08-26,Organic Search,2023-08-26,9999-12-31,1
1804,C0001595,Meera,Rao,meera.rao1595@mail.example.com,M,1992-09-08,Delhi,Delhi,India,Bronze,2025-10-07,Email,2025-10-07,9999-12-31,1
1805,C0001596,Aarav,Khan,aarav.khan1596@mail.example.com,M,1990-03-06,Bengaluru,Karnataka,India,Silver,2022-05-08,Email,2022-05-08,9999-12-31,1
1806,C0001597,Daniel,Clarke,daniel.clarke1597@mail.example.com,Other,1994-01-25,Delhi,Delhi,India,Bronze,2021-11-29,Walk-in,2021-11-29,9999-12-31,1
1807,C0001598,Oliver,Garcia,oliver.garcia1598@mail.example.com,F,1979-08-25,Delhi,Delhi,India,Bronze,2021-07-11,Email,2021-07-11,9999-12-31,1
1808,C0001599,Wei,Johnson,wei.johnson1599@mail.example.com,Other,2003-08-13,Ahmedabad,Gujarat,India,Bronze,2026-08-26,Referral,2026-08-26,9999-12-31,1
1809,C0001600,Chloe,Clarke,chloe.clarke1600@mail.example.com,Other,1963-02-23,Delhi,Delhi,India,Bronze,2022-07-20,Referral,2022-07-20,9999-12-31,1
1810,C0001601,Wei,Garcia,wei.garcia1601@mail.example.com,F,1998-12-15,Kolkata,West Bengal,India,Bronze,2025-07-03,Email,2025-07-03,9999-12-31,1
1811,C0001602,Rohan,Bose,rohan.bose1602@mail.example.com,Other,1985-04-26,Jaipur,Rajasthan,India,Silver,2021-03-02,Paid Social,2021-03-02,9999-12-31,1
1812,C0001603,Daniel,Khan,daniel.khan1603@mail.example.com,M,1986-02-18,Chennai,Tamil Nadu,India,Bronze,2022-10-17,Marketplace,2022-10-17,9999-12-31,1
1813,C0001604,Carlos,Silva,carlos.silva1604@mail.example.com,Other,1984-12-01,Mumbai,Maharashtra,India,Bronze,2022-01-06,Referral,2022-01-06,9999-12-31,1
1814,C0001605,Ishita,Nair,ishita.nair1605@mail.example.com,M,1960-11-25,Kolkata,West Bengal,India,Bronze,2023-08-19,Referral,2023-08-19,9999-12-31,1
1815,C0001606,Wei,Sharma,wei.sharma1606@mail.example.com,F,2004-10-20,Mumbai,Maharashtra,India,Platinum,2025-01-09,Email,2025-01-09,9999-12-31,1
1816,C0001607,Rohan,Wilson,rohan.wilson1607@mail.example.com,Other,1967-01-12,Delhi,Delhi,India,Bronze,2025-12-04,Walk-in,2025-12-04,9999-12-31,1
1817,C0001608,Meera,Taylor,meera.taylor1608@mail.example.com,Other,1997-04-26,New York,New York,United States,Bronze,2024-02-13,Paid Social,2024-02-13,9999-12-31,1
1818,C0001609,James,Wong,james.wong1609@mail.example.com,Other,1985-09-28,Chennai,Tamil Nadu,India,Gold,2025-08-24,Email,2025-08-24,9999-12-31,1
1819,C0001610,Chloe,Singh,chloe.singh1610@mail.example.com,F,1996-09-19,Pune,Maharashtra,India,Gold,2024-11-08,Organic Search,2024-11-08,9999-12-31,1
1820,C0001611,Zara,Garcia,zara.garcia1611@mail.example.com,M,1996-09-03,Hyderabad,Telangana,India,Bronze,2022-08-05,Paid Social,2022-08-05,9999-12-31,1
1821,C0001612,Priya,Nguyen,priya.nguyen1612@mail.example.com,F,1981-11-10,Hyderabad,Telangana,India,Bronze,2022-10-02,Organic Search,2022-10-02,2026-03-09,0
1822,C0001612,Priya,Nguyen,priya.nguyen1612@mail.example.com,F,1981-11-10,Pune,Maharashtra,India,Silver,2022-10-02,Organic Search,2026-03-10,9999-12-31,1
1823,C0001613,Layla,Chatterjee,layla.chatterjee1613@mail.example.com,Other,1964-09-06,Bengaluru,Karnataka,India,Silver,2025-07-06,Email,2025-07-06,9999-12-31,1
1824,C0001614,Ishita,Khan,ishita.khan1614@mail.example.com,F,2003-01-22,Delhi,Delhi,India,Gold,2024-08-29,Email,2024-08-29,9999-12-31,1
1825,C0001615,Sourav,Brown,sourav.brown1615@mail.example.com,F,1995-05-03,Mumbai,Maharashtra,India,Bronze,2026-03-28,Walk-in,2026-03-28,9999-12-31,1
1826,C0001616,Ananya,Wong,ananya.wong1616@mail.example.com,F,1962-03-26,Hyderabad,Telangana,India,Bronze,2025-04-26,Email,2025-04-26,2025-07-10,0
1827,C0001616,Ananya,Wong,ananya.wong1616@mail.example.com,F,1962-03-26,Hyderabad,Telangana,India,Silver,2025-04-26,Email,2025-07-11,9999-12-31,1
1828,C0001617,Meera,Wilson,meera.wilson1617@mail.example.com,M,1995-03-14,Mumbai,Maharashtra,India,Bronze,2021-08-21,Referral,2021-08-21,9999-12-31,1
1829,C0001618,Hannah,Bose,hannah.bose1618@mail.example.com,M,1996-05-11,Pune,Maharashtra,India,Platinum,2023-01-24,Marketplace,2023-01-24,9999-12-31,1
1830,C0001619,Aarav,Wong,aarav.wong1619@mail.example.com,M,1974-03-22,Jaipur,Rajasthan,India,Gold,2022-08-08,Paid Social,2022-08-08,9999-12-31,1
1831,C0001620,Noah,Reddy,noah.reddy1620@mail.example.com,Other,1978-04-01,Austin,Texas,United States,Bronze,2026-02-22,Referral,2026-02-22,9999-12-31,1
1832,C0001621,Noah,Chen,noah.chen1621@mail.example.com,F,1996-08-01,Kolkata,West Bengal,India,Bronze,2025-03-24,Referral,2025-03-24,9999-12-31,1
1833,C0001622,Carlos,Kim,carlos.kim1622@mail.example.com,M,1977-06-08,Pune,Maharashtra,India,Silver,2021-06-22,Email,2021-06-22,9999-12-31,1
1834,C0001623,Sophie,Khan,sophie.khan1623@mail.example.com,M,2004-05-22,Bengaluru,Karnataka,India,Bronze,2025-02-13,Paid Social,2025-02-13,9999-12-31,1
1835,C0001624,Zara,Kim,zara.kim1624@mail.example.com,M,1962-06-28,Chennai,Tamil Nadu,India,Silver,2022-08-25,Email,2022-08-25,9999-12-31,1
1836,C0001625,Wei,Bose,wei.bose1625@mail.example.com,M,1963-04-14,Bengaluru,Karnataka,India,Bronze,2023-03-21,Email,2023-03-21,9999-12-31,1
1837,C0001626,Oliver,Ghosh,oliver.ghosh1626@mail.example.com,Other,1963-06-19,Delhi,Delhi,India,Bronze,2021-10-29,Email,2021-10-29,9999-12-31,1
1838,C0001627,Priya,Das,priya.das1627@mail.example.com,F,1966-03-14,Mumbai,Maharashtra,India,Silver,2025-05-04,Paid Social,2025-05-04,9999-12-31,1
1839,C0001628,James,Nguyen,james.nguyen1628@mail.example.com,Other,1966-04-12,Hyderabad,Telangana,India,Bronze,2025-07-30,Walk-in,2025-07-30,9999-12-31,1
1840,C0001629,Noah,Wong,noah.wong1629@mail.example.com,M,1968-06-25,Hyderabad,Telangana,India,Silver,2023-10-13,Email,2023-10-13,9999-12-31,1
1841,C0001630,Emily,Rao,emily.rao1630@mail.example.com,M,2004-07-01,Hyderabad,Telangana,India,Bronze,2025-03-05,Paid Social,2025-03-05,9999-12-31,1
1842,C0001631,Layla,Silva,layla.silva1631@mail.example.com,F,1961-06-07,Delhi,Delhi,India,Silver,2023-10-09,Marketplace,2023-10-09,9999-12-31,1
1843,C0001632,Arjun,Reddy,arjun.reddy1632@mail.example.com,Other,1955-02-10,Bengaluru,Karnataka,India,Bronze,2021-05-01,Marketplace,2021-05-01,9999-12-31,1
1844,C0001633,Arjun,Khan,arjun.khan1633@mail.example.com,F,2005-05-24,Hyderabad,Telangana,India,Silver,2021-10-03,Paid Social,2021-10-03,9999-12-31,1
1845,C0001634,Daniel,Chatterjee,daniel.chatterjee1634@mail.example.com,M,1956-04-17,Mumbai,Maharashtra,India,Gold,2022-04-30,Email,2022-04-30,9999-12-31,1
1846,C0001635,Sophie,Smith,sophie.smith1635@mail.example.com,F,1996-06-27,Mumbai,Maharashtra,India,Silver,2025-11-16,Referral,2025-11-16,9999-12-31,1
1847,C0001636,Wei,Reddy,wei.reddy1636@mail.example.com,Other,1976-10-23,Delhi,Delhi,India,Silver,2021-02-16,Organic Search,2021-02-16,9999-12-31,1
1848,C0001637,Meera,Sharma,meera.sharma1637@mail.example.com,Other,1982-07-20,Hyderabad,Telangana,India,Gold,2026-06-08,Organic Search,2026-06-08,9999-12-31,1
1849,C0001638,Hannah,Bose,hannah.bose1638@mail.example.com,F,1996-06-13,Mumbai,Maharashtra,India,Bronze,2021-05-20,Organic Search,2021-05-20,9999-12-31,1
1850,C0001639,Michael,Nguyen,michael.nguyen1639@mail.example.com,M,1981-02-17,Kolkata,West Bengal,India,Bronze,2025-08-01,Referral,2025-08-01,9999-12-31,1
1851,C0001640,Noah,Wong,noah.wong1640@mail.example.com,M,1955-05-08,Pune,Maharashtra,India,Silver,2024-04-04,Referral,2024-04-04,9999-12-31,1
1852,C0001641,Sourav,Singh,sourav.singh1641@mail.example.com,F,1985-11-20,Singapore,Singapore,Singapore,Bronze,2023-03-07,Email,2023-03-07,2026-02-14,0
1853,C0001641,Sourav,Singh,sourav.singh1641@mail.example.com,F,1985-11-20,Mumbai,Maharashtra,India,Silver,2023-03-07,Email,2026-02-15,9999-12-31,1
1854,C0001642,Emily,Mehta,emily.mehta1642@mail.example.com,F,1960-10-25,Kolkata,West Bengal,India,Silver,2025-09-13,Organic Search,2025-09-13,9999-12-31,1
1855,C0001643,Mei,Khan,mei.khan1643@mail.example.com,M,1992-04-17,Hyderabad,Telangana,India,Bronze,2021-10-18,Paid Social,2021-10-18,2024-10-31,0
1856,C0001643,Mei,Khan,mei.khan1643@mail.example.com,M,1992-04-17,Hyderabad,Telangana,India,Silver,2021-10-18,Paid Social,2024-11-01,9999-12-31,1
1857,C0001644,Layla,Patel,layla.patel1644@mail.example.com,M,1973-09-20,Delhi,Delhi,India,Bronze,2026-01-12,Referral,2026-01-12,9999-12-31,1
1858,C0001645,Sophie,Ghosh,sophie.ghosh1645@mail.example.com,M,1975-02-01,New York,New York,United States,Silver,2023-07-13,Email,2023-07-13,9999-12-31,1
1859,C0001646,Hannah,Chatterjee,hannah.chatterjee1646@mail.example.com,F,1999-09-28,Guwahati,Assam,India,Silver,2021-05-20,Referral,2021-05-20,9999-12-31,1
1860,C0001647,Chloe,Nair,chloe.nair1647@mail.example.com,F,1960-05-12,New York,New York,United States,Bronze,2024-11-22,Referral,2024-11-22,9999-12-31,1
1861,C0001648,Sofia,Mehta,sofia.mehta1648@mail.example.com,F,1977-09-24,Chennai,Tamil Nadu,India,Bronze,2024-11-11,Marketplace,2024-11-11,9999-12-31,1
1862,C0001649,Rahul,Das,rahul.das1649@mail.example.com,M,1997-06-08,Ahmedabad,Gujarat,India,Silver,2025-05-27,Organic Search,2025-05-27,2026-04-02,0
1863,C0001649,Rahul,Das,rahul.das1649@mail.example.com,M,1997-06-08,Ahmedabad,Gujarat,India,Gold,2025-05-27,Organic Search,2026-04-03,9999-12-31,1
1864,C0001650,Ishita,Sharma,ishita.sharma1650@mail.example.com,Other,2000-05-11,Hyderabad,Telangana,India,Gold,2021-02-21,Organic Search,2021-02-21,9999-12-31,1
1865,C0001651,Carlos,Singh,carlos.singh1651@mail.example.com,F,1966-02-26,Hyderabad,Telangana,India,Bronze,2022-09-05,Marketplace,2022-09-05,9999-12-31,1
1866,C0001652,Sneha,Garcia,sneha.garcia1652@mail.example.com,Other,1970-09-12,Austin,Texas,United States,Gold,2021-06-13,Walk-in,2021-06-13,9999-12-31,1
1867,C0001653,Michael,Chen,michael.chen1653@mail.example.com,F,1989-09-01,Jaipur,Rajasthan,India,Bronze,2025-12-27,Referral,2025-12-27,9999-12-31,1
1868,C0001654,Zara,Bose,zara.bose1654@mail.example.com,F,2000-10-07,Delhi,Delhi,India,Gold,2025-11-27,Marketplace,2025-11-27,9999-12-31,1
1869,C0001655,Vikram,Banerjee,vikram.banerjee1655@mail.example.com,F,1974-05-28,Austin,Texas,United States,Bronze,2026-04-03,Walk-in,2026-04-03,9999-12-31,1
1870,C0001656,Emily,Banerjee,emily.banerjee1656@mail.example.com,Other,1957-10-06,Chennai,Tamil Nadu,India,Bronze,2026-06-02,Marketplace,2026-06-02,9999-12-31,1
1871,C0001657,Rohan,Taylor,rohan.taylor1657@mail.example.com,M,1969-02-03,London,England,United Kingdom,Bronze,2024-03-01,Paid Social,2024-03-01,9999-12-31,1
1872,C0001658,Sophie,Das,sophie.das1658@mail.example.com,Other,1976-03-26,Hyderabad,Telangana,India,Bronze,2021-07-12,Paid Social,2021-07-12,2026-06-29,0
1873,C0001658,Sophie,Das,sophie.das1658@mail.example.com,Other,1976-03-26,Hyderabad,Telangana,India,Silver,2021-07-12,Paid Social,2026-06-30,9999-12-31,1
1874,C0001659,James,Silva,james.silva1659@mail.example.com,Other,1964-01-11,Pune,Maharashtra,India,Bronze,2022-10-13,Email,2022-10-13,2025-11-02,0
1875,C0001659,James,Silva,james.silva1659@mail.example.com,Other,1964-01-11,Pune,Maharashtra,India,Silver,2022-10-13,Email,2025-11-03,9999-12-31,1
1876,C0001660,Rahul,Patel,rahul.patel1660@mail.example.com,F,1989-11-22,Chennai,Tamil Nadu,India,Silver,2021-08-21,Marketplace,2021-08-21,2023-07-09,0
1877,C0001660,Rahul,Patel,rahul.patel1660@mail.example.com,F,1989-11-22,Jaipur,Rajasthan,India,Gold,2021-08-21,Marketplace,2023-07-10,9999-12-31,1
1878,C0001661,Daniel,Kapoor,daniel.kapoor1661@mail.example.com,F,1981-08-26,Ahmedabad,Gujarat,India,Bronze,2024-01-21,Email,2024-01-21,9999-12-31,1
1879,C0001662,Sourav,Chen,sourav.chen1662@mail.example.com,Other,1955-06-08,Jaipur,Rajasthan,India,Platinum,2025-03-20,Paid Social,2025-03-20,9999-12-31,1
1880,C0001663,Ishita,Sharma,ishita.sharma1663@mail.example.com,Other,1990-08-01,Mumbai,Maharashtra,India,Bronze,2026-06-15,Email,2026-06-15,9999-12-31,1
1881,C0001664,Omar,Banerjee,omar.banerjee1664@mail.example.com,M,1980-07-08,Bengaluru,Karnataka,India,Bronze,2021-06-20,Organic Search,2021-06-20,2026-02-20,0
1882,C0001664,Omar,Banerjee,omar.banerjee1664@mail.example.com,M,1980-07-08,Bengaluru,Karnataka,India,Silver,2021-06-20,Organic Search,2026-02-21,9999-12-31,1
1883,C0001665,Michael,Ghosh,michael.ghosh1665@mail.example.com,Other,1994-09-19,Delhi,Delhi,India,Bronze,2021-02-02,Paid Social,2021-02-02,2023-10-29,0
1884,C0001665,Michael,Ghosh,michael.ghosh1665@mail.example.com,Other,1994-09-19,Delhi,Delhi,India,Silver,2021-02-02,Paid Social,2023-10-30,9999-12-31,1
1885,C0001666,Mei,Singh,mei.singh1666@mail.example.com,F,1978-03-01,Pune,Maharashtra,India,Silver,2022-08-10,Referral,2022-08-10,9999-12-31,1
1886,C0001667,James,Garcia,james.garcia1667@mail.example.com,Other,1999-10-12,Bengaluru,Karnataka,India,Bronze,2026-03-30,Organic Search,2026-03-30,9999-12-31,1
1887,C0001668,Amit,Banerjee,amit.banerjee1668@mail.example.com,M,1957-03-28,Kolkata,West Bengal,India,Platinum,2025-10-29,Referral,2025-10-29,9999-12-31,1
1888,C0001669,Rahul,Silva,rahul.silva1669@mail.example.com,M,1957-06-10,Delhi,Delhi,India,Silver,2022-07-16,Walk-in,2022-07-16,9999-12-31,1
1889,C0001670,Meera,Johnson,meera.johnson1670@mail.example.com,M,1995-09-04,Kolkata,West Bengal,India,Silver,2021-03-08,Walk-in,2021-03-08,9999-12-31,1
1890,C0001671,Vikram,Patel,vikram.patel1671@mail.example.com,F,2003-06-13,New York,New York,United States,Platinum,2024-03-05,Paid Social,2024-03-05,9999-12-31,1
1891,C0001672,Arjun,Iyer,arjun.iyer1672@mail.example.com,F,1958-06-23,Chennai,Tamil Nadu,India,Bronze,2026-07-21,Organic Search,2026-07-21,9999-12-31,1
1892,C0001673,Sofia,Ghosh,sofia.ghosh1673@mail.example.com,M,1989-07-01,London,England,United Kingdom,Bronze,2024-06-22,Referral,2024-06-22,9999-12-31,1
1893,C0001674,Kavya,Kim,kavya.kim1674@mail.example.com,M,1963-04-12,New York,New York,United States,Silver,2021-03-07,Organic Search,2021-03-07,9999-12-31,1
1894,C0001675,Debjani,Gupta,debjani.gupta1675@mail.example.com,M,1983-04-22,Pune,Maharashtra,India,Silver,2021-10-05,Organic Search,2021-10-05,9999-12-31,1
1895,C0001676,Kavya,Banerjee,kavya.banerjee1676@mail.example.com,M,1991-01-12,Delhi,Delhi,India,Bronze,2025-12-08,Referral,2025-12-08,2026-04-08,0
1896,C0001676,Kavya,Banerjee,kavya.banerjee1676@mail.example.com,M,1991-01-12,Delhi,Delhi,India,Silver,2025-12-08,Referral,2026-04-09,9999-12-31,1
1897,C0001677,Daniel,Das,daniel.das1677@mail.example.com,Other,1971-12-24,Kolkata,West Bengal,India,Bronze,2025-03-18,Organic Search,2025-03-18,9999-12-31,1
1898,C0001678,Noah,Rao,noah.rao1678@mail.example.com,F,2001-08-04,Hyderabad,Telangana,India,Silver,2024-07-31,Marketplace,2024-07-31,9999-12-31,1
1899,C0001679,Michael,Brown,michael.brown1679@mail.example.com,F,2002-05-28,Chennai,Tamil Nadu,India,Silver,2025-11-16,Walk-in,2025-11-16,9999-12-31,1
1900,C0001680,Ananya,Taylor,ananya.taylor1680@mail.example.com,Other,2000-10-16,Delhi,Delhi,India,Bronze,2024-08-13,Marketplace,2024-08-13,9999-12-31,1
1901,C0001681,Aarav,Mehta,aarav.mehta1681@mail.example.com,M,2004-03-08,Pune,Maharashtra,India,Platinum,2021-07-21,Marketplace,2021-07-21,9999-12-31,1
1902,C0001682,Rohan,Taylor,rohan.taylor1682@mail.example.com,Other,1996-02-19,Delhi,Delhi,India,Bronze,2021-01-25,Organic Search,2021-01-25,9999-12-31,1
1903,C0001683,Vikram,Gupta,vikram.gupta1683@mail.example.com,Other,1999-12-20,Manchester,England,United Kingdom,Silver,2022-08-12,Paid Social,2022-08-12,2026-05-02,0
1904,C0001683,Vikram,Gupta,vikram.gupta1683@mail.example.com,Other,1999-12-20,Manchester,England,United Kingdom,Gold,2022-08-12,Paid Social,2026-05-03,9999-12-31,1
1905,C0001684,Rahul,Banerjee,rahul.banerjee1684@mail.example.com,M,1975-04-25,Mumbai,Maharashtra,India,Bronze,2022-07-01,Email,2022-07-01,9999-12-31,1
1906,C0001685,Michael,Nair,michael.nair1685@mail.example.com,F,1985-04-20,Delhi,Delhi,India,Gold,2025-12-05,Paid Social,2025-12-05,9999-12-31,1
1907,C0001686,Michael,Reddy,michael.reddy1686@mail.example.com,Other,1998-03-01,Kolkata,West Bengal,India,Silver,2023-09-04,Referral,2023-09-04,9999-12-31,1
1908,C0001687,Hannah,Gupta,hannah.gupta1687@mail.example.com,M,1988-05-10,Mumbai,Maharashtra,India,Bronze,2022-12-19,Referral,2022-12-19,9999-12-31,1
1909,C0001688,Oliver,Reddy,oliver.reddy1688@mail.example.com,M,1998-08-11,New York,New York,United States,Gold,2021-02-07,Organic Search,2021-02-07,9999-12-31,1
1910,C0001689,Arjun,Kim,arjun.kim1689@mail.example.com,F,1975-07-19,Bengaluru,Karnataka,India,Silver,2025-12-18,Walk-in,2025-12-18,9999-12-31,1
1911,C0001690,Ananya,Sharma,ananya.sharma1690@mail.example.com,F,2005-05-08,Kolkata,West Bengal,India,Bronze,2025-05-31,Paid Social,2025-05-31,9999-12-31,1
1912,C0001691,Michael,Wong,michael.wong1691@mail.example.com,F,1986-08-15,Guwahati,Assam,India,Bronze,2022-06-10,Paid Social,2022-06-10,9999-12-31,1
1913,C0001692,Wei,Banerjee,wei.banerjee1692@mail.example.com,F,1974-12-16,Austin,Texas,United States,Bronze,2025-07-04,Email,2025-07-04,9999-12-31,1
1914,C0001693,Meera,Bose,meera.bose1693@mail.example.com,F,1994-06-06,London,England,United Kingdom,Silver,2024-10-04,Referral,2024-10-04,9999-12-31,1
1915,C0001694,Omar,Banerjee,omar.banerjee1694@mail.example.com,F,2001-01-05,Pune,Maharashtra,India,Gold,2024-05-03,Referral,2024-05-03,9999-12-31,1
1916,C0001695,Emily,Silva,emily.silva1695@mail.example.com,Other,1965-07-15,Jaipur,Rajasthan,India,Bronze,2026-09-05,Referral,2026-09-05,9999-12-31,1
1917,C0001696,Kavya,Khan,kavya.khan1696@mail.example.com,Other,1970-12-13,Mumbai,Maharashtra,India,Bronze,2021-06-13,Walk-in,2021-06-13,9999-12-31,1
1918,C0001697,Sofia,Silva,sofia.silva1697@mail.example.com,M,1981-12-03,Austin,Texas,United States,Bronze,2023-12-11,Email,2023-12-11,9999-12-31,1
1919,C0001698,Daniel,Gupta,daniel.gupta1698@mail.example.com,Other,1992-12-25,Kolkata,West Bengal,India,Silver,2023-06-11,Email,2023-06-11,9999-12-31,1
1920,C0001699,Rahul,Khan,rahul.khan1699@mail.example.com,Other,1971-10-23,Singapore,Singapore,Singapore,Bronze,2021-11-13,Organic Search,2021-11-13,9999-12-31,1
1921,C0001700,Omar,Kapoor,omar.kapoor1700@mail.example.com,M,1993-12-26,Kolkata,West Bengal,India,Silver,2024-03-01,Paid Social,2024-03-01,9999-12-31,1
1922,C0001701,Vikram,Reddy,vikram.reddy1701@mail.example.com,F,1992-05-13,Mumbai,Maharashtra,India,Bronze,2023-07-01,Organic Search,2023-07-01,9999-12-31,1
1923,C0001702,Noah,Kim,noah.kim1702@mail.example.com,M,1997-02-11,Chennai,Tamil Nadu,India,Silver,2021-11-02,Walk-in,2021-11-02,9999-12-31,1
1924,C0001703,Wei,Chatterjee,wei.chatterjee1703@mail.example.com,F,1982-12-23,Mumbai,Maharashtra,India,Platinum,2026-01-19,Paid Social,2026-01-19,9999-12-31,1
1925,C0001704,Oliver,Chen,oliver.chen1704@mail.example.com,F,1974-03-27,New York,New York,United States,Gold,2026-08-01,Marketplace,2026-08-01,9999-12-31,1
1926,C0001705,Mei,Johnson,mei.johnson1705@mail.example.com,F,1987-09-17,Ahmedabad,Gujarat,India,Bronze,2021-09-21,Paid Social,2021-09-21,9999-12-31,1
1927,C0001706,Michael,Smith,michael.smith1706@mail.example.com,F,1959-07-17,Kolkata,West Bengal,India,Bronze,2024-04-03,Marketplace,2024-04-03,9999-12-31,1
1928,C0001707,Mei,Das,mei.das1707@mail.example.com,Other,1980-05-15,Hyderabad,Telangana,India,Silver,2025-02-24,Walk-in,2025-02-24,9999-12-31,1
1929,C0001708,Rahul,Bose,rahul.bose1708@mail.example.com,Other,1987-07-22,Kolkata,West Bengal,India,Bronze,2024-08-22,Referral,2024-08-22,9999-12-31,1
1930,C0001709,Zara,Walker,zara.walker1709@mail.example.com,F,1994-08-05,Chennai,Tamil Nadu,India,Bronze,2021-01-16,Organic Search,2021-01-16,9999-12-31,1
1931,C0001710,Zara,Reddy,zara.reddy1710@mail.example.com,M,1980-03-01,Bengaluru,Karnataka,India,Bronze,2025-04-23,Referral,2025-04-23,9999-12-31,1
1932,C0001711,Chloe,Johnson,chloe.johnson1711@mail.example.com,M,1976-08-22,Bengaluru,Karnataka,India,Gold,2024-02-12,Email,2024-02-12,9999-12-31,1
1933,C0001712,Zara,Smith,zara.smith1712@mail.example.com,F,1971-08-14,Delhi,Delhi,India,Bronze,2022-12-07,Organic Search,2022-12-07,9999-12-31,1
1934,C0001713,Oliver,Silva,oliver.silva1713@mail.example.com,M,1973-11-02,London,England,United Kingdom,Bronze,2022-06-28,Email,2022-06-28,9999-12-31,1
1935,C0001714,Arjun,Nair,arjun.nair1714@mail.example.com,M,1971-02-25,New York,New York,United States,Bronze,2024-05-24,Walk-in,2024-05-24,9999-12-31,1
1936,C0001715,Sofia,Ali,sofia.ali1715@mail.example.com,Other,1988-07-18,London,England,United Kingdom,Platinum,2023-04-06,Organic Search,2023-04-06,9999-12-31,1
1937,C0001716,Omar,Smith,omar.smith1716@mail.example.com,Other,1983-01-08,New York,New York,United States,Bronze,2021-09-18,Organic Search,2021-09-18,9999-12-31,1
1938,C0001717,Arjun,Nguyen,arjun.nguyen1717@mail.example.com,Other,1958-03-02,Mumbai,Maharashtra,India,Silver,2025-08-12,Referral,2025-08-12,2026-08-19,0
1939,C0001717,Arjun,Nguyen,arjun.nguyen1717@mail.example.com,Other,1958-03-02,Mumbai,Maharashtra,India,Gold,2025-08-12,Referral,2026-08-20,9999-12-31,1
1940,C0001718,Hannah,Garcia,hannah.garcia1718@mail.example.com,M,1968-05-22,New York,New York,United States,Silver,2021-10-11,Walk-in,2021-10-11,9999-12-31,1
1941,C0001719,Emily,Wilson,emily.wilson1719@mail.example.com,M,1963-05-11,Chennai,Tamil Nadu,India,Platinum,2026-06-18,Walk-in,2026-06-18,9999-12-31,1
1942,C0001720,Hannah,Das,hannah.das1720@mail.example.com,Other,1975-01-15,Chennai,Tamil Nadu,India,Bronze,2024-05-08,Email,2024-05-08,9999-12-31,1
1943,C0001721,Aarav,Brown,aarav.brown1721@mail.example.com,Other,1991-05-22,Delhi,Delhi,India,Bronze,2023-07-02,Referral,2023-07-02,9999-12-31,1
1944,C0001722,Priya,Reddy,priya.reddy1722@mail.example.com,F,1955-03-23,Pune,Maharashtra,India,Silver,2025-11-06,Referral,2025-11-06,9999-12-31,1
1945,C0001723,Priya,Silva,priya.silva1723@mail.example.com,M,1977-09-20,Mumbai,Maharashtra,India,Platinum,2022-01-04,Paid Social,2022-01-04,9999-12-31,1
1946,C0001724,Layla,Sharma,layla.sharma1724@mail.example.com,M,1964-01-08,Bengaluru,Karnataka,India,Bronze,2024-07-02,Marketplace,2024-07-02,9999-12-31,1
1947,C0001725,Sophie,Ghosh,sophie.ghosh1725@mail.example.com,Other,1962-11-10,Bengaluru,Karnataka,India,Bronze,2025-02-05,Email,2025-02-05,9999-12-31,1
1948,C0001726,Oliver,Wong,oliver.wong1726@mail.example.com,M,1987-09-25,Mumbai,Maharashtra,India,Silver,2021-01-16,Walk-in,2021-01-16,9999-12-31,1
1949,C0001727,Amit,Chen,amit.chen1727@mail.example.com,F,1961-10-14,Chennai,Tamil Nadu,India,Bronze,2024-02-07,Marketplace,2024-02-07,9999-12-31,1
1950,C0001728,Aarav,Wong,aarav.wong1728@mail.example.com,M,2000-10-25,Pune,Maharashtra,India,Bronze,2025-03-24,Email,2025-03-24,9999-12-31,1
1951,C0001729,Oliver,Gupta,oliver.gupta1729@mail.example.com,Other,1967-12-01,Kolkata,West Bengal,India,Bronze,2025-12-22,Paid Social,2025-12-22,9999-12-31,1
1952,C0001730,Noah,Walker,noah.walker1730@mail.example.com,M,1988-02-15,Kolkata,West Bengal,India,Bronze,2022-01-13,Paid Social,2022-01-13,9999-12-31,1
1953,C0001731,Omar,Mehta,omar.mehta1731@mail.example.com,M,1981-10-18,London,England,United Kingdom,Silver,2024-07-03,Organic Search,2024-07-03,9999-12-31,1
1954,C0001732,James,Wong,james.wong1732@mail.example.com,F,1962-08-20,Mumbai,Maharashtra,India,Bronze,2026-04-25,Walk-in,2026-04-25,9999-12-31,1
1955,C0001733,Meera,Smith,meera.smith1733@mail.example.com,M,1957-12-27,Pune,Maharashtra,India,Silver,2021-08-20,Email,2021-08-20,9999-12-31,1
1956,C0001734,Wei,Taylor,wei.taylor1734@mail.example.com,M,1958-11-18,Pune,Maharashtra,India,Bronze,2026-01-10,Email,2026-01-10,9999-12-31,1
1957,C0001735,Rohan,Clarke,rohan.clarke1735@mail.example.com,F,1986-06-11,London,England,United Kingdom,Bronze,2025-09-20,Walk-in,2025-09-20,9999-12-31,1
1958,C0001736,Sophie,Taylor,sophie.taylor1736@mail.example.com,M,1983-12-07,Hyderabad,Telangana,India,Bronze,2021-06-12,Organic Search,2021-06-12,9999-12-31,1
1959,C0001737,Hannah,Banerjee,hannah.banerjee1737@mail.example.com,M,1978-09-20,Hyderabad,Telangana,India,Silver,2024-05-24,Marketplace,2024-05-24,9999-12-31,1
1960,C0001738,Vikram,Johnson,vikram.johnson1738@mail.example.com,F,1981-04-17,Delhi,Delhi,India,Bronze,2025-12-21,Paid Social,2025-12-21,9999-12-31,1
1961,C0001739,Arjun,Singh,arjun.singh1739@mail.example.com,F,1966-02-21,Hyderabad,Telangana,India,Silver,2022-03-22,Walk-in,2022-03-22,9999-12-31,1
1962,C0001740,Rohan,Taylor,rohan.taylor1740@mail.example.com,Other,1964-10-21,New York,New York,United States,Silver,2022-02-13,Walk-in,2022-02-13,9999-12-31,1
1963,C0001741,Carlos,Iyer,carlos.iyer1741@mail.example.com,M,1956-11-27,Chennai,Tamil Nadu,India,Bronze,2022-07-03,Email,2022-07-03,9999-12-31,1
1964,C0001742,Hannah,Banerjee,hannah.banerjee1742@mail.example.com,Other,1984-10-05,New York,New York,United States,Bronze,2021-07-12,Paid Social,2021-07-12,9999-12-31,1
1965,C0001743,Hannah,Kim,hannah.kim1743@mail.example.com,Other,2000-09-22,Mumbai,Maharashtra,India,Gold,2024-01-31,Email,2024-01-31,9999-12-31,1
1966,C0001744,Noah,Banerjee,noah.banerjee1744@mail.example.com,Other,1957-07-16,Delhi,Delhi,India,Bronze,2024-07-19,Walk-in,2024-07-19,9999-12-31,1
1967,C0001745,Mei,Ali,mei.ali1745@mail.example.com,M,1976-06-23,Mumbai,Maharashtra,India,Bronze,2023-02-22,Email,2023-02-22,9999-12-31,1
1968,C0001746,Sneha,Khan,sneha.khan1746@mail.example.com,Other,1961-06-11,London,England,United Kingdom,Bronze,2023-06-13,Organic Search,2023-06-13,9999-12-31,1
1969,C0001747,Chloe,Kim,chloe.kim1747@mail.example.com,Other,1996-02-17,Kolkata,West Bengal,India,Bronze,2022-06-05,Walk-in,2022-06-05,9999-12-31,1
1970,C0001748,Rahul,Chen,rahul.chen1748@mail.example.com,F,1957-05-12,London,England,United Kingdom,Platinum,2023-12-15,Walk-in,2023-12-15,2024-04-30,0
1971,C0001748,Rahul,Chen,rahul.chen1748@mail.example.com,F,1957-05-12,Delhi,Delhi,India,Platinum,2023-12-15,Walk-in,2024-05-01,9999-12-31,1
1972,C0001749,Priya,Clarke,priya.clarke1749@mail.example.com,F,2003-03-08,New York,New York,United States,Platinum,2022-02-24,Referral,2022-02-24,9999-12-31,1
1973,C0001750,James,Iyer,james.iyer1750@mail.example.com,Other,2004-09-20,Delhi,Delhi,India,Bronze,2025-05-31,Organic Search,2025-05-31,9999-12-31,1
1974,C0001751,James,Wilson,james.wilson1751@mail.example.com,M,1964-04-21,Bengaluru,Karnataka,India,Platinum,2021-08-07,Marketplace,2021-08-07,9999-12-31,1
1975,C0001752,Rahul,Ghosh,rahul.ghosh1752@mail.example.com,M,1956-04-27,Singapore,Singapore,Singapore,Silver,2024-04-16,Marketplace,2024-04-16,9999-12-31,1
1976,C0001753,Rohan,Ghosh,rohan.ghosh1753@mail.example.com,Other,1994-06-16,Mumbai,Maharashtra,India,Bronze,2022-07-06,Email,2022-07-06,9999-12-31,1
1977,C0001754,Debjani,Brown,debjani.brown1754@mail.example.com,Other,1983-12-06,Austin,Texas,United States,Silver,2025-02-08,Marketplace,2025-02-08,2025-11-18,0
1978,C0001754,Debjani,Brown,debjani.brown1754@mail.example.com,Other,1983-12-06,Chennai,Tamil Nadu,India,Gold,2025-02-08,Marketplace,2025-11-19,9999-12-31,1
1979,C0001755,Carlos,Wong,carlos.wong1755@mail.example.com,M,1963-10-27,Mumbai,Maharashtra,India,Bronze,2021-06-04,Walk-in,2021-06-04,9999-12-31,1
1980,C0001756,Michael,Nair,michael.nair1756@mail.example.com,M,1969-03-10,Singapore,Singapore,Singapore,Bronze,2023-07-18,Marketplace,2023-07-18,2025-08-25,0
1981,C0001756,Michael,Nair,michael.nair1756@mail.example.com,M,1969-03-10,Singapore,Singapore,Singapore,Silver,2023-07-18,Marketplace,2025-08-26,9999-12-31,1
1982,C0001757,Meera,Brown,meera.brown1757@mail.example.com,M,1956-08-07,Bengaluru,Karnataka,India,Bronze,2025-05-13,Email,2025-05-13,9999-12-31,1
1983,C0001758,Mei,Iyer,mei.iyer1758@mail.example.com,M,1989-05-21,Delhi,Delhi,India,Bronze,2025-01-01,Marketplace,2025-01-01,9999-12-31,1
1984,C0001759,Noah,Wilson,noah.wilson1759@mail.example.com,F,1983-01-11,Mumbai,Maharashtra,India,Bronze,2021-09-18,Paid Social,2021-09-18,2023-09-09,0
1985,C0001759,Noah,Wilson,noah.wilson1759@mail.example.com,F,1983-01-11,Chennai,Tamil Nadu,India,Silver,2021-09-18,Paid Social,2023-09-10,9999-12-31,1
1986,C0001760,Ishita,Kim,ishita.kim1760@mail.example.com,M,2005-05-27,Singapore,Singapore,Singapore,Bronze,2023-07-23,Email,2023-07-23,9999-12-31,1
1987,C0001761,Daniel,Das,daniel.das1761@mail.example.com,Other,1999-08-26,London,England,United Kingdom,Bronze,2023-04-14,Organic Search,2023-04-14,9999-12-31,1
1988,C0001762,Mei,Ali,mei.ali1762@mail.example.com,F,1973-11-21,Mumbai,Maharashtra,India,Platinum,2025-07-18,Paid Social,2025-07-18,9999-12-31,1
1989,C0001763,Layla,Clarke,layla.clarke1763@mail.example.com,F,1991-12-21,Delhi,Delhi,India,Silver,2021-05-02,Marketplace,2021-05-02,2024-03-21,0
1990,C0001763,Layla,Clarke,layla.clarke1763@mail.example.com,F,1991-12-21,Bengaluru,Karnataka,India,Gold,2021-05-02,Marketplace,2024-03-22,9999-12-31,1
1991,C0001764,Mei,Bose,mei.bose1764@mail.example.com,Other,1982-02-01,Singapore,Singapore,Singapore,Bronze,2025-08-23,Referral,2025-08-23,9999-12-31,1
1992,C0001765,Sneha,Silva,sneha.silva1765@mail.example.com,M,1963-03-05,Austin,Texas,United States,Silver,2021-05-12,Paid Social,2021-05-12,9999-12-31,1
1993,C0001766,Rohan,Kim,rohan.kim1766@mail.example.com,M,1982-09-08,Singapore,Singapore,Singapore,Gold,2025-11-28,Email,2025-11-28,9999-12-31,1
1994,C0001767,Emily,Ali,emily.ali1767@mail.example.com,F,1975-03-21,Bengaluru,Karnataka,India,Bronze,2021-10-23,Email,2021-10-23,9999-12-31,1
1995,C0001768,Sneha,Gupta,sneha.gupta1768@mail.example.com,M,1959-08-10,Delhi,Delhi,India,Gold,2024-12-06,Referral,2024-12-06,9999-12-31,1
1996,C0001769,Sofia,Bose,sofia.bose1769@mail.example.com,M,1990-07-08,London,England,United Kingdom,Bronze,2022-03-27,Paid Social,2022-03-27,9999-12-31,1
1997,C0001770,Sofia,Garcia,sofia.garcia1770@mail.example.com,Other,1994-11-11,Delhi,Delhi,India,Bronze,2025-04-12,Paid Social,2025-04-12,9999-12-31,1
1998,C0001771,Amit,Ali,amit.ali1771@mail.example.com,M,1974-10-02,New York,New York,United States,Bronze,2022-01-15,Walk-in,2022-01-15,2024-03-01,0
1999,C0001771,Amit,Ali,amit.ali1771@mail.example.com,M,1974-10-02,New York,New York,United States,Silver,2022-01-15,Walk-in,2024-03-02,9999-12-31,1
2000,C0001772,Rohan,Wong,rohan.wong1772@mail.example.com,M,2005-05-25,Ahmedabad,Gujarat,India,Bronze,2023-05-04,Marketplace,2023-05-04,9999-12-31,1
2001,C0001773,Arjun,Nair,arjun.nair1773@mail.example.com,F,1991-01-10,Chennai,Tamil Nadu,India,Bronze,2023-07-26,Paid Social,2023-07-26,2025-10-01,0
2002,C0001773,Arjun,Nair,arjun.nair1773@mail.example.com,F,1991-01-10,Ahmedabad,Gujarat,India,Silver,2023-07-26,Paid Social,2025-10-02,9999-12-31,1
2003,C0001774,Debjani,Walker,debjani.walker1774@mail.example.com,Other,1964-06-03,Chennai,Tamil Nadu,India,Bronze,2023-03-22,Marketplace,2023-03-22,9999-12-31,1
2004,C0001775,Daniel,Khan,daniel.khan1775@mail.example.com,M,1963-12-01,Delhi,Delhi,India,Bronze,2021-09-18,Walk-in,2021-09-18,9999-12-31,1
2005,C0001776,Michael,Ghosh,michael.ghosh1776@mail.example.com,F,1958-12-17,Bengaluru,Karnataka,India,Gold,2023-03-07,Walk-in,2023-03-07,2026-05-06,0
2006,C0001776,Michael,Ghosh,michael.ghosh1776@mail.example.com,F,1958-12-17,Delhi,Delhi,India,Platinum,2023-03-07,Walk-in,2026-05-07,9999-12-31,1
2007,C0001777,Daniel,Chatterjee,daniel.chatterjee1777@mail.example.com,F,1971-04-14,Delhi,Delhi,India,Bronze,2021-09-23,Email,2021-09-23,9999-12-31,1
2008,C0001778,Aarav,Smith,aarav.smith1778@mail.example.com,M,1990-08-04,London,England,United Kingdom,Bronze,2021-11-14,Marketplace,2021-11-14,9999-12-31,1
2009,C0001779,Ishita,Reddy,ishita.reddy1779@mail.example.com,F,1958-07-21,Delhi,Delhi,India,Bronze,2026-02-04,Organic Search,2026-02-04,9999-12-31,1
2010,C0001780,Chloe,Gupta,chloe.gupta1780@mail.example.com,F,1978-05-06,Delhi,Delhi,India,Silver,2021-10-23,Paid Social,2021-10-23,9999-12-31,1
2011,C0001781,Vikram,Banerjee,vikram.banerjee1781@mail.example.com,Other,1982-06-21,Mumbai,Maharashtra,India,Silver,2026-08-20,Referral,2026-08-20,9999-12-31,1
2012,C0001782,Omar,Reddy,omar.reddy1782@mail.example.com,M,1961-05-26,Mumbai,Maharashtra,India,Bronze,2022-01-27,Email,2022-01-27,9999-12-31,1
2013,C0001783,Rohan,Das,rohan.das1783@mail.example.com,F,1956-02-28,Delhi,Delhi,India,Bronze,2022-08-04,Paid Social,2022-08-04,9999-12-31,1
2014,C0001784,Arjun,Reddy,arjun.reddy1784@mail.example.com,F,1957-01-11,Manchester,England,United Kingdom,Bronze,2024-02-13,Walk-in,2024-02-13,9999-12-31,1
2015,C0001785,Debjani,Bose,debjani.bose1785@mail.example.com,F,1961-11-24,Mumbai,Maharashtra,India,Silver,2021-04-23,Organic Search,2021-04-23,2024-04-29,0
2016,C0001785,Debjani,Bose,debjani.bose1785@mail.example.com,F,1961-11-24,Delhi,Delhi,India,Gold,2021-04-23,Organic Search,2024-04-30,9999-12-31,1
2017,C0001786,Ananya,Gupta,ananya.gupta1786@mail.example.com,F,1978-03-17,Mumbai,Maharashtra,India,Bronze,2022-12-15,Organic Search,2022-12-15,9999-12-31,1
2018,C0001787,Rahul,Kapoor,rahul.kapoor1787@mail.example.com,F,1998-05-11,London,England,United Kingdom,Bronze,2025-08-14,Referral,2025-08-14,9999-12-31,1
2019,C0001788,Sofia,Patel,sofia.patel1788@mail.example.com,M,2005-01-06,Hyderabad,Telangana,India,Bronze,2025-10-20,Walk-in,2025-10-20,9999-12-31,1
2020,C0001789,Mei,Banerjee,mei.banerjee1789@mail.example.com,M,1970-07-25,Ahmedabad,Gujarat,India,Bronze,2024-12-31,Marketplace,2024-12-31,9999-12-31,1
2021,C0001790,Meera,Das,meera.das1790@mail.example.com,M,1966-10-16,Pune,Maharashtra,India,Gold,2025-01-16,Referral,2025-01-16,9999-12-31,1
2022,C0001791,Wei,Nair,wei.nair1791@mail.example.com,M,1978-06-19,Singapore,Singapore,Singapore,Gold,2025-07-14,Referral,2025-07-14,9999-12-31,1
2023,C0001792,Sneha,Mehta,sneha.mehta1792@mail.example.com,M,1994-07-14,London,England,United Kingdom,Bronze,2021-09-06,Referral,2021-09-06,9999-12-31,1
2024,C0001793,Meera,Bose,meera.bose1793@mail.example.com,M,1965-05-15,Manchester,England,United Kingdom,Silver,2025-02-28,Referral,2025-02-28,9999-12-31,1
2025,C0001794,Meera,Kapoor,meera.kapoor1794@mail.example.com,Other,1963-11-25,Mumbai,Maharashtra,India,Silver,2025-07-29,Referral,2025-07-29,9999-12-31,1
2026,C0001795,Zara,Nguyen,zara.nguyen1795@mail.example.com,M,1986-10-05,Ahmedabad,Gujarat,India,Bronze,2025-05-10,Referral,2025-05-10,2026-06-01,0
2027,C0001795,Zara,Nguyen,zara.nguyen1795@mail.example.com,M,1986-10-05,Pune,Maharashtra,India,Silver,2025-05-10,Referral,2026-06-02,9999-12-31,1
2028,C0001796,Vikram,Wong,vikram.wong1796@mail.example.com,M,1975-05-07,Hyderabad,Telangana,India,Gold,2023-07-09,Referral,2023-07-09,9999-12-31,1
2029,C0001797,Kavya,Singh,kavya.singh1797@mail.example.com,M,1981-02-13,Pune,Maharashtra,India,Silver,2021-04-18,Paid Social,2021-04-18,9999-12-31,1
2030,C0001798,Meera,Wilson,meera.wilson1798@mail.example.com,Other,1981-02-12,Hyderabad,Telangana,India,Gold,2021-11-13,Marketplace,2021-11-13,2025-05-15,0
2031,C0001798,Meera,Wilson,meera.wilson1798@mail.example.com,Other,1981-02-12,Hyderabad,Telangana,India,Platinum,2021-11-13,Marketplace,2025-05-16,9999-12-31,1
2032,C0001799,Vikram,Chen,vikram.chen1799@mail.example.com,F,1970-01-16,Bengaluru,Karnataka,India,Gold,2021-04-30,Email,2021-04-30,9999-12-31,1
2033,C0001800,Sneha,Garcia,sneha.garcia1800@mail.example.com,Other,1961-05-18,London,England,United Kingdom,Silver,2021-01-17,Email,2021-01-17,9999-12-31,1
2034,C0001801,Zara,Reddy,zara.reddy1801@mail.example.com,M,1991-04-04,Bengaluru,Karnataka,India,Bronze,2024-02-01,Organic Search,2024-02-01,9999-12-31,1
2035,C0001802,Carlos,Patel,carlos.patel1802@mail.example.com,Other,1980-03-11,Guwahati,Assam,India,Silver,2025-12-16,Paid Social,2025-12-16,9999-12-31,1
2036,C0001803,Sneha,Bose,sneha.bose1803@mail.example.com,Other,1977-07-07,Manchester,England,United Kingdom,Gold,2024-04-29,Paid Social,2024-04-29,2024-11-16,0
2037,C0001803,Sneha,Bose,sneha.bose1803@mail.example.com,Other,1977-07-07,Manchester,England,United Kingdom,Platinum,2024-04-29,Paid Social,2024-11-17,9999-12-31,1
2038,C0001804,Sofia,Brown,sofia.brown1804@mail.example.com,Other,1955-04-13,Pune,Maharashtra,India,Gold,2024-05-16,Referral,2024-05-16,9999-12-31,1
2039,C0001805,Chloe,Iyer,chloe.iyer1805@mail.example.com,F,1999-07-23,Mumbai,Maharashtra,India,Bronze,2025-08-22,Email,2025-08-22,9999-12-31,1
2040,C0001806,Chloe,Sharma,chloe.sharma1806@mail.example.com,F,1968-06-08,Bengaluru,Karnataka,India,Silver,2023-07-08,Organic Search,2023-07-08,9999-12-31,1
2041,C0001807,Debjani,Silva,debjani.silva1807@mail.example.com,Other,1962-07-25,Guwahati,Assam,India,Silver,2021-04-23,Walk-in,2021-04-23,9999-12-31,1
2042,C0001808,Carlos,Garcia,carlos.garcia1808@mail.example.com,M,1969-05-09,Kolkata,West Bengal,India,Bronze,2023-07-17,Marketplace,2023-07-17,9999-12-31,1
2043,C0001809,Vikram,Walker,vikram.walker1809@mail.example.com,M,1973-01-27,Delhi,Delhi,India,Silver,2022-02-16,Marketplace,2022-02-16,2023-07-06,0
2044,C0001809,Vikram,Walker,vikram.walker1809@mail.example.com,M,1973-01-27,Delhi,Delhi,India,Gold,2022-02-16,Marketplace,2023-07-07,9999-12-31,1
2045,C0001810,Emily,Wilson,emily.wilson1810@mail.example.com,M,1971-09-03,Mumbai,Maharashtra,India,Bronze,2021-10-30,Organic Search,2021-10-30,9999-12-31,1
2046,C0001811,Chloe,Walker,chloe.walker1811@mail.example.com,F,1958-05-21,Kolkata,West Bengal,India,Gold,2021-04-13,Paid Social,2021-04-13,9999-12-31,1
2047,C0001812,Zara,Ghosh,zara.ghosh1812@mail.example.com,Other,1980-09-02,Manchester,England,United Kingdom,Silver,2022-05-03,Organic Search,2022-05-03,9999-12-31,1
2048,C0001813,Arjun,Iyer,arjun.iyer1813@mail.example.com,Other,1971-09-24,Austin,Texas,United States,Gold,2023-04-02,Referral,2023-04-02,9999-12-31,1
2049,C0001814,Priya,Gupta,priya.gupta1814@mail.example.com,F,1982-01-23,Delhi,Delhi,India,Bronze,2021-11-02,Marketplace,2021-11-02,9999-12-31,1
2050,C0001815,Daniel,Iyer,daniel.iyer1815@mail.example.com,Other,1958-02-11,Mumbai,Maharashtra,India,Silver,2025-04-15,Organic Search,2025-04-15,9999-12-31,1
2051,C0001816,Ananya,Gupta,ananya.gupta1816@mail.example.com,F,1992-11-10,New York,New York,United States,Gold,2022-02-05,Organic Search,2022-02-05,9999-12-31,1
2052,C0001817,Layla,Sharma,layla.sharma1817@mail.example.com,M,1973-02-04,Mumbai,Maharashtra,India,Bronze,2021-12-28,Walk-in,2021-12-28,9999-12-31,1
2053,C0001818,Arjun,Nguyen,arjun.nguyen1818@mail.example.com,Other,2004-10-07,Chennai,Tamil Nadu,India,Platinum,2021-11-04,Email,2021-11-04,9999-12-31,1
2054,C0001819,Layla,Ghosh,layla.ghosh1819@mail.example.com,Other,1970-09-26,Mumbai,Maharashtra,India,Platinum,2021-10-21,Organic Search,2021-10-21,9999-12-31,1
2055,C0001820,Ananya,Walker,ananya.walker1820@mail.example.com,F,2005-10-10,Singapore,Singapore,Singapore,Bronze,2022-05-16,Marketplace,2022-05-16,2024-10-02,0
2056,C0001820,Ananya,Walker,ananya.walker1820@mail.example.com,F,2005-10-10,Singapore,Singapore,Singapore,Silver,2022-05-16,Marketplace,2024-10-03,9999-12-31,1
2057,C0001821,Meera,Chatterjee,meera.chatterjee1821@mail.example.com,Other,1976-01-14,New York,New York,United States,Silver,2023-06-12,Email,2023-06-12,9999-12-31,1
2058,C0001822,Sophie,Das,sophie.das1822@mail.example.com,Other,1965-06-06,London,England,United Kingdom,Silver,2024-10-12,Email,2024-10-12,9999-12-31,1
2059,C0001823,Arjun,Clarke,arjun.clarke1823@mail.example.com,Other,2001-02-23,Bengaluru,Karnataka,India,Bronze,2026-06-16,Walk-in,2026-06-16,9999-12-31,1
2060,C0001824,Oliver,Nguyen,oliver.nguyen1824@mail.example.com,F,1979-10-10,New York,New York,United States,Bronze,2025-10-11,Walk-in,2025-10-11,9999-12-31,1
2061,C0001825,Ananya,Brown,ananya.brown1825@mail.example.com,F,1982-08-12,Singapore,Singapore,Singapore,Gold,2024-10-27,Email,2024-10-27,9999-12-31,1
2062,C0001826,Ishita,Kim,ishita.kim1826@mail.example.com,M,1983-11-24,Mumbai,Maharashtra,India,Bronze,2023-01-25,Paid Social,2023-01-25,9999-12-31,1
2063,C0001827,Debjani,Bose,debjani.bose1827@mail.example.com,F,1979-01-16,Bengaluru,Karnataka,India,Bronze,2023-11-27,Organic Search,2023-11-27,9999-12-31,1
2064,C0001828,Noah,Das,noah.das1828@mail.example.com,F,1955-07-17,Mumbai,Maharashtra,India,Silver,2023-07-01,Email,2023-07-01,9999-12-31,1
2065,C0001829,Oliver,Rao,oliver.rao1829@mail.example.com,M,1955-01-21,Guwahati,Assam,India,Platinum,2022-02-25,Email,2022-02-25,9999-12-31,1
2066,C0001830,Rahul,Silva,rahul.silva1830@mail.example.com,F,1963-09-05,Jaipur,Rajasthan,India,Bronze,2026-06-14,Email,2026-06-14,9999-12-31,1
2067,C0001831,Ananya,Mehta,ananya.mehta1831@mail.example.com,F,1963-04-05,New York,New York,United States,Silver,2022-10-23,Paid Social,2022-10-23,9999-12-31,1
2068,C0001832,Sophie,Das,sophie.das1832@mail.example.com,Other,1988-04-12,Bengaluru,Karnataka,India,Platinum,2022-09-30,Walk-in,2022-09-30,9999-12-31,1
2069,C0001833,Rohan,Banerjee,rohan.banerjee1833@mail.example.com,F,1983-10-26,Ahmedabad,Gujarat,India,Bronze,2024-01-03,Referral,2024-01-03,9999-12-31,1
2070,C0001834,Debjani,Walker,debjani.walker1834@mail.example.com,F,1967-06-25,Kolkata,West Bengal,India,Gold,2024-07-11,Paid Social,2024-07-11,9999-12-31,1
2071,C0001835,Arjun,Nguyen,arjun.nguyen1835@mail.example.com,M,1973-02-21,London,England,United Kingdom,Silver,2025-11-24,Marketplace,2025-11-24,9999-12-31,1
2072,C0001836,Priya,Wilson,priya.wilson1836@mail.example.com,F,1956-03-18,Jaipur,Rajasthan,India,Bronze,2023-09-12,Organic Search,2023-09-12,9999-12-31,1
2073,C0001837,Ishita,Nguyen,ishita.nguyen1837@mail.example.com,Other,1970-05-03,New York,New York,United States,Silver,2024-09-11,Paid Social,2024-09-11,9999-12-31,1
2074,C0001838,Michael,Das,michael.das1838@mail.example.com,Other,1984-05-24,Delhi,Delhi,India,Gold,2025-08-07,Paid Social,2025-08-07,2025-11-17,0
2075,C0001838,Michael,Das,michael.das1838@mail.example.com,Other,1984-05-24,Delhi,Delhi,India,Platinum,2025-08-07,Paid Social,2025-11-18,9999-12-31,1
2076,C0001839,Noah,Wilson,noah.wilson1839@mail.example.com,Other,1969-06-16,Mumbai,Maharashtra,India,Platinum,2025-04-29,Walk-in,2025-04-29,9999-12-31,1
2077,C0001840,Meera,Rao,meera.rao1840@mail.example.com,Other,1997-03-04,Hyderabad,Telangana,India,Bronze,2022-04-18,Marketplace,2022-04-18,9999-12-31,1
2078,C0001841,Rahul,Nguyen,rahul.nguyen1841@mail.example.com,M,2001-07-20,New York,New York,United States,Silver,2023-09-09,Referral,2023-09-09,9999-12-31,1
2079,C0001842,Noah,Smith,noah.smith1842@mail.example.com,Other,1999-01-18,Guwahati,Assam,India,Silver,2024-06-07,Paid Social,2024-06-07,9999-12-31,1
2080,C0001843,Kavya,Wilson,kavya.wilson1843@mail.example.com,Other,1999-05-12,Singapore,Singapore,Singapore,Gold,2021-07-20,Walk-in,2021-07-20,9999-12-31,1
2081,C0001844,Amit,Chatterjee,amit.chatterjee1844@mail.example.com,M,1976-07-15,Ahmedabad,Gujarat,India,Bronze,2025-05-11,Email,2025-05-11,9999-12-31,1
2082,C0001845,Rohan,Bose,rohan.bose1845@mail.example.com,F,1981-02-08,Delhi,Delhi,India,Bronze,2025-12-25,Walk-in,2025-12-25,9999-12-31,1
2083,C0001846,Priya,Reddy,priya.reddy1846@mail.example.com,Other,1987-05-07,Delhi,Delhi,India,Bronze,2021-03-25,Email,2021-03-25,9999-12-31,1
2084,C0001847,Layla,Bose,layla.bose1847@mail.example.com,F,1984-08-28,Delhi,Delhi,India,Gold,2024-05-19,Referral,2024-05-19,9999-12-31,1
2085,C0001848,Meera,Wong,meera.wong1848@mail.example.com,M,1966-04-10,Mumbai,Maharashtra,India,Bronze,2023-10-24,Organic Search,2023-10-24,2025-12-17,0
2086,C0001848,Meera,Wong,meera.wong1848@mail.example.com,M,1966-04-10,Mumbai,Maharashtra,India,Silver,2023-10-24,Organic Search,2025-12-18,9999-12-31,1
2087,C0001849,Meera,Ali,meera.ali1849@mail.example.com,Other,1975-09-11,Bengaluru,Karnataka,India,Bronze,2022-03-19,Referral,2022-03-19,9999-12-31,1
2088,C0001850,Omar,Smith,omar.smith1850@mail.example.com,F,1955-03-09,Hyderabad,Telangana,India,Bronze,2025-04-01,Email,2025-04-01,9999-12-31,1
2089,C0001851,Meera,Walker,meera.walker1851@mail.example.com,F,1998-10-10,Mumbai,Maharashtra,India,Bronze,2024-10-16,Paid Social,2024-10-16,9999-12-31,1
2090,C0001852,Sofia,Reddy,sofia.reddy1852@mail.example.com,Other,1957-05-01,Chennai,Tamil Nadu,India,Gold,2023-07-17,Paid Social,2023-07-17,9999-12-31,1
2091,C0001853,Zara,Chen,zara.chen1853@mail.example.com,Other,1983-03-04,Hyderabad,Telangana,India,Bronze,2022-01-07,Paid Social,2022-01-07,2023-11-24,0
2092,C0001853,Zara,Chen,zara.chen1853@mail.example.com,Other,1983-03-04,Kolkata,West Bengal,India,Silver,2022-01-07,Paid Social,2023-11-25,9999-12-31,1
2093,C0001854,Noah,Garcia,noah.garcia1854@mail.example.com,M,1977-11-08,Mumbai,Maharashtra,India,Silver,2022-05-04,Email,2022-05-04,9999-12-31,1
2094,C0001855,Omar,Sharma,omar.sharma1855@mail.example.com,Other,1977-01-07,Bengaluru,Karnataka,India,Bronze,2022-06-01,Paid Social,2022-06-01,9999-12-31,1
2095,C0001856,Sophie,Garcia,sophie.garcia1856@mail.example.com,Other,1955-03-05,Austin,Texas,United States,Bronze,2025-01-07,Organic Search,2025-01-07,9999-12-31,1
2096,C0001857,Meera,Clarke,meera.clarke1857@mail.example.com,Other,1994-04-16,Delhi,Delhi,India,Silver,2025-03-11,Organic Search,2025-03-11,2025-06-07,0
2097,C0001857,Meera,Clarke,meera.clarke1857@mail.example.com,Other,1994-04-16,Delhi,Delhi,India,Gold,2025-03-11,Organic Search,2025-06-08,9999-12-31,1
2098,C0001858,Daniel,Clarke,daniel.clarke1858@mail.example.com,Other,1979-03-06,Delhi,Delhi,India,Gold,2022-02-12,Email,2022-02-12,9999-12-31,1
2099,C0001859,Emily,Chatterjee,emily.chatterjee1859@mail.example.com,Other,1977-10-10,Chennai,Tamil Nadu,India,Bronze,2025-02-18,Email,2025-02-18,9999-12-31,1
2100,C0001860,Arjun,Singh,arjun.singh1860@mail.example.com,M,2001-04-05,Kolkata,West Bengal,India,Silver,2024-11-10,Organic Search,2024-11-10,9999-12-31,1
2101,C0001861,Noah,Silva,noah.silva1861@mail.example.com,M,1973-06-13,Chennai,Tamil Nadu,India,Bronze,2021-11-06,Marketplace,2021-11-06,9999-12-31,1
2102,C0001862,Sofia,Wong,sofia.wong1862@mail.example.com,F,2003-06-07,Mumbai,Maharashtra,India,Silver,2024-04-26,Marketplace,2024-04-26,9999-12-31,1
2103,C0001863,Emily,Ghosh,emily.ghosh1863@mail.example.com,Other,1976-01-12,Singapore,Singapore,Singapore,Bronze,2025-10-20,Email,2025-10-20,9999-12-31,1
2104,C0001864,Arjun,Sharma,arjun.sharma1864@mail.example.com,M,1990-02-27,Guwahati,Assam,India,Silver,2022-10-18,Referral,2022-10-18,9999-12-31,1
2105,C0001865,Rohan,Silva,rohan.silva1865@mail.example.com,M,1964-03-08,Ahmedabad,Gujarat,India,Bronze,2021-09-03,Organic Search,2021-09-03,9999-12-31,1
2106,C0001866,Noah,Rao,noah.rao1866@mail.example.com,F,1995-07-07,Kolkata,West Bengal,India,Bronze,2026-05-12,Paid Social,2026-05-12,9999-12-31,1
2107,C0001867,Sophie,Mehta,sophie.mehta1867@mail.example.com,M,1963-07-27,Hyderabad,Telangana,India,Silver,2021-10-21,Marketplace,2021-10-21,9999-12-31,1
2108,C0001868,Meera,Nguyen,meera.nguyen1868@mail.example.com,F,1973-03-20,Chennai,Tamil Nadu,India,Bronze,2021-12-07,Organic Search,2021-12-07,2024-07-14,0
2109,C0001868,Meera,Nguyen,meera.nguyen1868@mail.example.com,F,1973-03-20,Delhi,Delhi,India,Silver,2021-12-07,Organic Search,2024-07-15,9999-12-31,1
2110,C0001869,Daniel,Garcia,daniel.garcia1869@mail.example.com,M,1970-12-23,Chennai,Tamil Nadu,India,Bronze,2022-09-01,Paid Social,2022-09-01,9999-12-31,1
2111,C0001870,Michael,Johnson,michael.johnson1870@mail.example.com,Other,1994-04-05,Manchester,England,United Kingdom,Platinum,2025-04-06,Walk-in,2025-04-06,9999-12-31,1
2112,C0001871,Sophie,Gupta,sophie.gupta1871@mail.example.com,F,1981-06-19,London,England,United Kingdom,Bronze,2026-07-29,Referral,2026-07-29,9999-12-31,1
2113,C0001872,Ananya,Iyer,ananya.iyer1872@mail.example.com,M,1979-06-06,Guwahati,Assam,India,Silver,2021-05-05,Email,2021-05-05,9999-12-31,1
2114,C0001873,Sofia,Kim,sofia.kim1873@mail.example.com,M,1959-03-16,Mumbai,Maharashtra,India,Bronze,2025-02-19,Referral,2025-02-19,9999-12-31,1
2115,C0001874,Sofia,Nguyen,sofia.nguyen1874@mail.example.com,Other,1998-07-11,Delhi,Delhi,India,Gold,2025-02-05,Email,2025-02-05,9999-12-31,1
2116,C0001875,Oliver,Rao,oliver.rao1875@mail.example.com,M,1965-03-09,Chennai,Tamil Nadu,India,Gold,2025-10-11,Walk-in,2025-10-11,9999-12-31,1
2117,C0001876,Aarav,Patel,aarav.patel1876@mail.example.com,M,1975-01-14,Bengaluru,Karnataka,India,Silver,2022-07-20,Walk-in,2022-07-20,9999-12-31,1
2118,C0001877,Sourav,Ali,sourav.ali1877@mail.example.com,Other,1981-03-25,Mumbai,Maharashtra,India,Bronze,2021-08-11,Email,2021-08-11,9999-12-31,1
2119,C0001878,Meera,Wong,meera.wong1878@mail.example.com,Other,1994-08-19,Delhi,Delhi,India,Silver,2021-03-31,Referral,2021-03-31,9999-12-31,1
2120,C0001879,Rohan,Reddy,rohan.reddy1879@mail.example.com,F,1982-11-12,Hyderabad,Telangana,India,Gold,2024-05-18,Paid Social,2024-05-18,9999-12-31,1
2121,C0001880,Emily,Rao,emily.rao1880@mail.example.com,F,1973-06-16,Chennai,Tamil Nadu,India,Silver,2021-01-26,Email,2021-01-26,9999-12-31,1
2122,C0001881,Ishita,Chen,ishita.chen1881@mail.example.com,F,1956-04-08,Pune,Maharashtra,India,Silver,2026-02-23,Walk-in,2026-02-23,2026-08-16,0
2123,C0001881,Ishita,Chen,ishita.chen1881@mail.example.com,F,1956-04-08,Pune,Maharashtra,India,Gold,2026-02-23,Walk-in,2026-08-17,9999-12-31,1
2124,C0001882,Arjun,Garcia,arjun.garcia1882@mail.example.com,Other,1996-12-05,Delhi,Delhi,India,Silver,2025-12-27,Walk-in,2025-12-27,9999-12-31,1
2125,C0001883,Wei,Nguyen,wei.nguyen1883@mail.example.com,M,2004-12-15,Bengaluru,Karnataka,India,Bronze,2025-06-28,Paid Social,2025-06-28,9999-12-31,1
2126,C0001884,Layla,Ali,layla.ali1884@mail.example.com,F,1967-01-04,Guwahati,Assam,India,Bronze,2025-10-13,Paid Social,2025-10-13,2026-01-05,0
2127,C0001884,Layla,Ali,layla.ali1884@mail.example.com,F,1967-01-04,Guwahati,Assam,India,Silver,2025-10-13,Paid Social,2026-01-06,9999-12-31,1
2128,C0001885,Oliver,Patel,oliver.patel1885@mail.example.com,F,1963-07-27,Chennai,Tamil Nadu,India,Bronze,2024-01-05,Walk-in,2024-01-05,9999-12-31,1
2129,C0001886,Kavya,Ali,kavya.ali1886@mail.example.com,Other,1956-09-06,Bengaluru,Karnataka,India,Gold,2025-04-10,Marketplace,2025-04-10,9999-12-31,1
2130,C0001887,Mei,Clarke,mei.clarke1887@mail.example.com,M,1979-01-28,Kolkata,West Bengal,India,Bronze,2023-04-28,Marketplace,2023-04-28,9999-12-31,1
2131,C0001888,Kavya,Kim,kavya.kim1888@mail.example.com,Other,1956-09-12,New York,New York,United States,Gold,2022-06-30,Referral,2022-06-30,9999-12-31,1
2132,C0001889,Layla,Gupta,layla.gupta1889@mail.example.com,F,2003-02-19,Mumbai,Maharashtra,India,Gold,2025-02-22,Referral,2025-02-22,9999-12-31,1
2133,C0001890,Layla,Sharma,layla.sharma1890@mail.example.com,Other,1973-07-04,Kolkata,West Bengal,India,Bronze,2024-09-21,Walk-in,2024-09-21,9999-12-31,1
2134,C0001891,Priya,Taylor,priya.taylor1891@mail.example.com,Other,1988-12-17,New York,New York,United States,Silver,2023-06-07,Marketplace,2023-06-07,2025-01-08,0
2135,C0001891,Priya,Taylor,priya.taylor1891@mail.example.com,Other,1988-12-17,New York,New York,United States,Gold,2023-06-07,Marketplace,2025-01-09,9999-12-31,1
2136,C0001892,Priya,Das,priya.das1892@mail.example.com,F,1980-07-17,Delhi,Delhi,India,Bronze,2024-11-28,Marketplace,2024-11-28,9999-12-31,1
2137,C0001893,Michael,Clarke,michael.clarke1893@mail.example.com,F,1985-05-15,Kolkata,West Bengal,India,Bronze,2023-06-09,Walk-in,2023-06-09,9999-12-31,1
2138,C0001894,Aarav,Iyer,aarav.iyer1894@mail.example.com,Other,1979-05-15,New York,New York,United States,Bronze,2024-07-25,Email,2024-07-25,9999-12-31,1
2139,C0001895,Noah,Wilson,noah.wilson1895@mail.example.com,Other,2005-11-04,Kolkata,West Bengal,India,Bronze,2026-03-10,Walk-in,2026-03-10,9999-12-31,1
2140,C0001896,Vikram,Smith,vikram.smith1896@mail.example.com,M,1960-02-12,Ahmedabad,Gujarat,India,Bronze,2025-11-21,Email,2025-11-21,9999-12-31,1
2141,C0001897,Kavya,Iyer,kavya.iyer1897@mail.example.com,Other,1979-08-12,Kolkata,West Bengal,India,Silver,2026-04-10,Marketplace,2026-04-10,9999-12-31,1
2142,C0001898,Kavya,Chatterjee,kavya.chatterjee1898@mail.example.com,F,2001-06-28,Bengaluru,Karnataka,India,Bronze,2021-06-20,Walk-in,2021-06-20,9999-12-31,1
2143,C0001899,Michael,Taylor,michael.taylor1899@mail.example.com,M,1982-06-15,Kolkata,West Bengal,India,Silver,2024-11-25,Walk-in,2024-11-25,9999-12-31,1
2144,C0001900,Meera,Brown,meera.brown1900@mail.example.com,F,1973-03-13,Pune,Maharashtra,India,Bronze,2022-10-31,Paid Social,2022-10-31,9999-12-31,1
2145,C0001901,Emily,Kapoor,emily.kapoor1901@mail.example.com,M,1998-06-18,Hyderabad,Telangana,India,Gold,2021-09-30,Email,2021-09-30,9999-12-31,1
2146,C0001902,Vikram,Sharma,vikram.sharma1902@mail.example.com,F,1955-03-26,London,England,United Kingdom,Bronze,2023-04-10,Paid Social,2023-04-10,9999-12-31,1
2147,C0001903,Emily,Garcia,emily.garcia1903@mail.example.com,Other,1971-06-03,Bengaluru,Karnataka,India,Silver,2023-06-29,Marketplace,2023-06-29,2025-06-12,0
2148,C0001903,Emily,Garcia,emily.garcia1903@mail.example.com,Other,1971-06-03,Chennai,Tamil Nadu,India,Gold,2023-06-29,Marketplace,2025-06-13,9999-12-31,1
2149,C0001904,Kavya,Iyer,kavya.iyer1904@mail.example.com,Other,1989-08-27,Singapore,Singapore,Singapore,Bronze,2021-01-19,Organic Search,2021-01-19,9999-12-31,1
2150,C0001905,Arjun,Kim,arjun.kim1905@mail.example.com,Other,1995-08-25,Ahmedabad,Gujarat,India,Gold,2021-02-02,Walk-in,2021-02-02,9999-12-31,1
2151,C0001906,Sofia,Smith,sofia.smith1906@mail.example.com,Other,1962-09-10,Bengaluru,Karnataka,India,Bronze,2022-04-20,Paid Social,2022-04-20,9999-12-31,1
2152,C0001907,Noah,Bose,noah.bose1907@mail.example.com,F,1955-08-03,Mumbai,Maharashtra,India,Bronze,2021-09-09,Organic Search,2021-09-09,9999-12-31,1
2153,C0001908,Vikram,Patel,vikram.patel1908@mail.example.com,M,1968-11-02,Pune,Maharashtra,India,Bronze,2026-06-26,Marketplace,2026-06-26,9999-12-31,1
2154,C0001909,James,Smith,james.smith1909@mail.example.com,F,1962-11-19,Kolkata,West Bengal,India,Silver,2025-10-16,Email,2025-10-16,9999-12-31,1
2155,C0001910,Kavya,Mehta,kavya.mehta1910@mail.example.com,Other,2004-08-14,Guwahati,Assam,India,Bronze,2025-07-08,Walk-in,2025-07-08,9999-12-31,1
2156,C0001911,Layla,Singh,layla.singh1911@mail.example.com,F,1956-01-20,Mumbai,Maharashtra,India,Silver,2023-12-26,Paid Social,2023-12-26,9999-12-31,1
2157,C0001912,Arjun,Walker,arjun.walker1912@mail.example.com,F,1967-08-20,Bengaluru,Karnataka,India,Bronze,2025-02-02,Marketplace,2025-02-02,2025-07-01,0
2158,C0001912,Arjun,Walker,arjun.walker1912@mail.example.com,F,1967-08-20,Bengaluru,Karnataka,India,Silver,2025-02-02,Marketplace,2025-07-02,9999-12-31,1
2159,C0001913,Meera,Wilson,meera.wilson1913@mail.example.com,F,1956-06-23,Ahmedabad,Gujarat,India,Bronze,2026-02-22,Marketplace,2026-02-22,9999-12-31,1
2160,C0001914,Sourav,Smith,sourav.smith1914@mail.example.com,F,1960-06-02,London,England,United Kingdom,Silver,2022-04-14,Organic Search,2022-04-14,2024-01-05,0
2161,C0001914,Sourav,Smith,sourav.smith1914@mail.example.com,F,1960-06-02,Kolkata,West Bengal,India,Gold,2022-04-14,Organic Search,2024-01-06,9999-12-31,1
2162,C0001915,Amit,Mehta,amit.mehta1915@mail.example.com,Other,1997-05-28,Hyderabad,Telangana,India,Bronze,2023-05-06,Referral,2023-05-06,9999-12-31,1
2163,C0001916,Layla,Gupta,layla.gupta1916@mail.example.com,F,1987-09-23,Mumbai,Maharashtra,India,Bronze,2024-03-29,Email,2024-03-29,9999-12-31,1
2164,C0001917,Daniel,Bose,daniel.bose1917@mail.example.com,Other,1971-07-08,Bengaluru,Karnataka,India,Platinum,2022-01-09,Marketplace,2022-01-09,9999-12-31,1
2165,C0001918,Amit,Ali,amit.ali1918@mail.example.com,Other,1964-01-07,Delhi,Delhi,India,Bronze,2023-09-11,Email,2023-09-11,2026-02-20,0
2166,C0001918,Amit,Ali,amit.ali1918@mail.example.com,Other,1964-01-07,Mumbai,Maharashtra,India,Silver,2023-09-11,Email,2026-02-21,9999-12-31,1
2167,C0001919,Ishita,Bose,ishita.bose1919@mail.example.com,M,1992-03-24,Chennai,Tamil Nadu,India,Bronze,2023-12-17,Paid Social,2023-12-17,2026-05-24,0
2168,C0001919,Ishita,Bose,ishita.bose1919@mail.example.com,M,1992-03-24,New York,New York,United States,Silver,2023-12-17,Paid Social,2026-05-25,9999-12-31,1
2169,C0001920,Arjun,Sharma,arjun.sharma1920@mail.example.com,M,1960-05-22,Chennai,Tamil Nadu,India,Silver,2021-07-23,Organic Search,2021-07-23,2023-04-19,0
2170,C0001920,Arjun,Sharma,arjun.sharma1920@mail.example.com,M,1960-05-22,Chennai,Tamil Nadu,India,Gold,2021-07-23,Organic Search,2023-04-20,9999-12-31,1
2171,C0001921,Vikram,Khan,vikram.khan1921@mail.example.com,Other,1980-11-07,Mumbai,Maharashtra,India,Silver,2022-04-15,Marketplace,2022-04-15,9999-12-31,1
2172,C0001922,Sourav,Kim,sourav.kim1922@mail.example.com,F,1979-10-23,Bengaluru,Karnataka,India,Silver,2023-06-09,Paid Social,2023-06-09,2023-12-04,0
2173,C0001922,Sourav,Kim,sourav.kim1922@mail.example.com,F,1979-10-23,Kolkata,West Bengal,India,Gold,2023-06-09,Paid Social,2023-12-05,9999-12-31,1
2174,C0001923,Omar,Wilson,omar.wilson1923@mail.example.com,M,1990-08-17,Hyderabad,Telangana,India,Bronze,2021-09-28,Organic Search,2021-09-28,9999-12-31,1
2175,C0001924,Priya,Nair,priya.nair1924@mail.example.com,Other,1976-12-09,Chennai,Tamil Nadu,India,Bronze,2023-08-03,Walk-in,2023-08-03,9999-12-31,1
2176,C0001925,Priya,Wilson,priya.wilson1925@mail.example.com,M,1971-12-08,Jaipur,Rajasthan,India,Silver,2021-07-22,Email,2021-07-22,2025-07-03,0
2177,C0001925,Priya,Wilson,priya.wilson1925@mail.example.com,M,1971-12-08,Chennai,Tamil Nadu,India,Gold,2021-07-22,Email,2025-07-04,9999-12-31,1
2178,C0001926,Oliver,Silva,oliver.silva1926@mail.example.com,M,1963-11-21,London,England,United Kingdom,Bronze,2022-07-29,Organic Search,2022-07-29,9999-12-31,1
2179,C0001927,Daniel,Patel,daniel.patel1927@mail.example.com,Other,2004-08-28,Guwahati,Assam,India,Bronze,2023-11-17,Referral,2023-11-17,9999-12-31,1
2180,C0001928,Layla,Chatterjee,layla.chatterjee1928@mail.example.com,F,1998-09-07,Kolkata,West Bengal,India,Silver,2024-11-29,Marketplace,2024-11-29,2026-04-15,0
2181,C0001928,Layla,Chatterjee,layla.chatterjee1928@mail.example.com,F,1998-09-07,Mumbai,Maharashtra,India,Gold,2024-11-29,Marketplace,2026-04-16,9999-12-31,1
2182,C0001929,Oliver,Patel,oliver.patel1929@mail.example.com,Other,1990-10-04,Singapore,Singapore,Singapore,Silver,2022-01-23,Paid Social,2022-01-23,9999-12-31,1
2183,C0001930,Kavya,Wong,kavya.wong1930@mail.example.com,M,2003-12-04,New York,New York,United States,Bronze,2021-04-28,Email,2021-04-28,9999-12-31,1
2184,C0001931,Oliver,Smith,oliver.smith1931@mail.example.com,M,1997-09-18,Bengaluru,Karnataka,India,Gold,2022-05-29,Paid Social,2022-05-29,9999-12-31,1
2185,C0001932,Oliver,Kim,oliver.kim1932@mail.example.com,F,1956-02-24,Pune,Maharashtra,India,Silver,2025-01-04,Marketplace,2025-01-04,9999-12-31,1
2186,C0001933,Daniel,Nair,daniel.nair1933@mail.example.com,F,1982-08-17,Mumbai,Maharashtra,India,Gold,2025-11-06,Walk-in,2025-11-06,9999-12-31,1
2187,C0001934,James,Clarke,james.clarke1934@mail.example.com,Other,1975-03-06,Bengaluru,Karnataka,India,Silver,2025-06-07,Marketplace,2025-06-07,9999-12-31,1
2188,C0001935,Hannah,Sharma,hannah.sharma1935@mail.example.com,M,1975-10-18,Bengaluru,Karnataka,India,Bronze,2023-09-18,Referral,2023-09-18,9999-12-31,1
2189,C0001936,Arjun,Ghosh,arjun.ghosh1936@mail.example.com,Other,1979-05-01,Delhi,Delhi,India,Bronze,2026-07-25,Paid Social,2026-07-25,9999-12-31,1
2190,C0001937,Aarav,Kapoor,aarav.kapoor1937@mail.example.com,M,2000-05-04,Kolkata,West Bengal,India,Silver,2021-10-24,Organic Search,2021-10-24,9999-12-31,1
2191,C0001938,Vikram,Brown,vikram.brown1938@mail.example.com,Other,1992-06-28,Kolkata,West Bengal,India,Bronze,2022-07-24,Organic Search,2022-07-24,9999-12-31,1
2192,C0001939,Ananya,Khan,ananya.khan1939@mail.example.com,F,1957-01-28,Singapore,Singapore,Singapore,Silver,2025-10-22,Organic Search,2025-10-22,9999-12-31,1
2193,C0001940,Rahul,Wilson,rahul.wilson1940@mail.example.com,M,1988-08-18,Ahmedabad,Gujarat,India,Gold,2023-01-12,Email,2023-01-12,9999-12-31,1
2194,C0001941,Michael,Singh,michael.singh1941@mail.example.com,F,1992-04-01,Pune,Maharashtra,India,Bronze,2022-08-02,Marketplace,2022-08-02,9999-12-31,1
2195,C0001942,Michael,Johnson,michael.johnson1942@mail.example.com,M,1986-05-06,Bengaluru,Karnataka,India,Silver,2021-05-28,Organic Search,2021-05-28,9999-12-31,1
2196,C0001943,Arjun,Nair,arjun.nair1943@mail.example.com,Other,1981-10-07,Mumbai,Maharashtra,India,Gold,2023-02-14,Marketplace,2023-02-14,2024-03-23,0
2197,C0001943,Arjun,Nair,arjun.nair1943@mail.example.com,Other,1981-10-07,Mumbai,Maharashtra,India,Platinum,2023-02-14,Marketplace,2024-03-24,9999-12-31,1
2198,C0001944,Emily,Clarke,emily.clarke1944@mail.example.com,F,1971-03-13,Mumbai,Maharashtra,India,Silver,2022-07-12,Email,2022-07-12,9999-12-31,1
2199,C0001945,James,Mehta,james.mehta1945@mail.example.com,F,1956-12-26,Delhi,Delhi,India,Bronze,2024-03-26,Marketplace,2024-03-26,9999-12-31,1
2200,C0001946,Ishita,Bose,ishita.bose1946@mail.example.com,F,1981-11-25,Austin,Texas,United States,Gold,2025-02-14,Referral,2025-02-14,9999-12-31,1
2201,C0001947,Emily,Silva,emily.silva1947@mail.example.com,F,1971-06-08,Mumbai,Maharashtra,India,Bronze,2024-05-29,Marketplace,2024-05-29,9999-12-31,1
2202,C0001948,Zara,Taylor,zara.taylor1948@mail.example.com,Other,1977-09-07,Singapore,Singapore,Singapore,Silver,2025-09-12,Referral,2025-09-12,9999-12-31,1
2203,C0001949,Mei,Ali,mei.ali1949@mail.example.com,M,1996-09-14,Mumbai,Maharashtra,India,Silver,2024-12-17,Email,2024-12-17,9999-12-31,1
2204,C0001950,Omar,Patel,omar.patel1950@mail.example.com,M,1964-01-28,Chennai,Tamil Nadu,India,Silver,2023-09-12,Email,2023-09-12,9999-12-31,1
2205,C0001951,Noah,Johnson,noah.johnson1951@mail.example.com,Other,1970-03-25,New York,New York,United States,Gold,2024-04-05,Email,2024-04-05,9999-12-31,1
2206,C0001952,Michael,Das,michael.das1952@mail.example.com,M,1993-12-11,Delhi,Delhi,India,Gold,2025-10-30,Organic Search,2025-10-30,2026-07-01,0
2207,C0001952,Michael,Das,michael.das1952@mail.example.com,M,1993-12-11,Delhi,Delhi,India,Platinum,2025-10-30,Organic Search,2026-07-02,9999-12-31,1
2208,C0001953,Priya,Mehta,priya.mehta1953@mail.example.com,F,1993-03-18,Singapore,Singapore,Singapore,Bronze,2021-05-11,Email,2021-05-11,9999-12-31,1
2209,C0001954,James,Gupta,james.gupta1954@mail.example.com,Other,1991-01-23,Delhi,Delhi,India,Bronze,2023-03-15,Paid Social,2023-03-15,9999-12-31,1
2210,C0001955,Daniel,Kapoor,daniel.kapoor1955@mail.example.com,F,1997-11-22,Delhi,Delhi,India,Bronze,2024-11-15,Walk-in,2024-11-15,2025-06-03,0
2211,C0001955,Daniel,Kapoor,daniel.kapoor1955@mail.example.com,F,1997-11-22,Singapore,Singapore,Singapore,Silver,2024-11-15,Walk-in,2025-06-04,9999-12-31,1
2212,C0001956,Priya,Walker,priya.walker1956@mail.example.com,F,1974-06-01,Mumbai,Maharashtra,India,Silver,2021-01-20,Walk-in,2021-01-20,9999-12-31,1
2213,C0001957,Zara,Chatterjee,zara.chatterjee1957@mail.example.com,Other,1993-05-25,Mumbai,Maharashtra,India,Silver,2026-03-16,Marketplace,2026-03-16,9999-12-31,1
2214,C0001958,Emily,Wilson,emily.wilson1958@mail.example.com,F,1967-02-26,Manchester,England,United Kingdom,Silver,2024-09-16,Organic Search,2024-09-16,2025-11-10,0
2215,C0001958,Emily,Wilson,emily.wilson1958@mail.example.com,F,1967-02-26,Manchester,England,United Kingdom,Gold,2024-09-16,Organic Search,2025-11-11,9999-12-31,1
2216,C0001959,Layla,Nair,layla.nair1959@mail.example.com,M,1984-05-05,Bengaluru,Karnataka,India,Silver,2023-01-27,Marketplace,2023-01-27,9999-12-31,1
2217,C0001960,Debjani,Iyer,debjani.iyer1960@mail.example.com,Other,1986-04-17,Ahmedabad,Gujarat,India,Bronze,2025-01-28,Marketplace,2025-01-28,9999-12-31,1
2218,C0001961,Rohan,Das,rohan.das1961@mail.example.com,Other,1957-10-27,Pune,Maharashtra,India,Gold,2025-11-02,Organic Search,2025-11-02,9999-12-31,1
2219,C0001962,Emily,Walker,emily.walker1962@mail.example.com,Other,1977-06-11,New York,New York,United States,Silver,2024-05-31,Paid Social,2024-05-31,9999-12-31,1
2220,C0001963,Carlos,Ghosh,carlos.ghosh1963@mail.example.com,M,1989-02-14,Mumbai,Maharashtra,India,Bronze,2023-02-03,Paid Social,2023-02-03,9999-12-31,1
2221,C0001964,Omar,Reddy,omar.reddy1964@mail.example.com,F,1985-06-14,Manchester,England,United Kingdom,Silver,2024-07-24,Marketplace,2024-07-24,9999-12-31,1
2222,C0001965,Ananya,Nair,ananya.nair1965@mail.example.com,M,1987-05-17,Jaipur,Rajasthan,India,Bronze,2021-04-28,Marketplace,2021-04-28,9999-12-31,1
2223,C0001966,Hannah,Nguyen,hannah.nguyen1966@mail.example.com,F,1960-10-27,Kolkata,West Bengal,India,Bronze,2023-08-17,Organic Search,2023-08-17,9999-12-31,1
2224,C0001967,Rohan,Ghosh,rohan.ghosh1967@mail.example.com,Other,1974-06-02,Jaipur,Rajasthan,India,Silver,2021-08-31,Marketplace,2021-08-31,9999-12-31,1
2225,C0001968,Noah,Khan,noah.khan1968@mail.example.com,F,1983-04-22,Mumbai,Maharashtra,India,Gold,2025-09-12,Paid Social,2025-09-12,9999-12-31,1
2226,C0001969,Carlos,Johnson,carlos.johnson1969@mail.example.com,Other,1974-09-12,New York,New York,United States,Gold,2021-06-07,Organic Search,2021-06-07,9999-12-31,1
2227,C0001970,Arjun,Mehta,arjun.mehta1970@mail.example.com,F,1980-05-12,Hyderabad,Telangana,India,Bronze,2023-09-20,Marketplace,2023-09-20,9999-12-31,1
2228,C0001971,Meera,Iyer,meera.iyer1971@mail.example.com,M,1985-06-25,Delhi,Delhi,India,Bronze,2022-06-27,Email,2022-06-27,9999-12-31,1
2229,C0001972,Ananya,Chen,ananya.chen1972@mail.example.com,Other,2002-05-21,Delhi,Delhi,India,Bronze,2021-04-10,Organic Search,2021-04-10,9999-12-31,1
2230,C0001973,Ishita,Singh,ishita.singh1973@mail.example.com,Other,1969-02-02,Bengaluru,Karnataka,India,Silver,2025-03-06,Paid Social,2025-03-06,9999-12-31,1
2231,C0001974,Ananya,Walker,ananya.walker1974@mail.example.com,Other,1956-07-05,Pune,Maharashtra,India,Silver,2024-08-06,Organic Search,2024-08-06,9999-12-31,1
2232,C0001975,Amit,Kim,amit.kim1975@mail.example.com,F,1959-08-07,Guwahati,Assam,India,Gold,2024-10-23,Walk-in,2024-10-23,9999-12-31,1
2233,C0001976,Hannah,Chatterjee,hannah.chatterjee1976@mail.example.com,F,1986-04-27,Jaipur,Rajasthan,India,Silver,2026-08-25,Paid Social,2026-08-25,9999-12-31,1
2234,C0001977,Daniel,Kim,daniel.kim1977@mail.example.com,F,1983-04-22,Kolkata,West Bengal,India,Bronze,2024-08-12,Email,2024-08-12,9999-12-31,1
2235,C0001978,Daniel,Johnson,daniel.johnson1978@mail.example.com,Other,1955-08-21,Pune,Maharashtra,India,Bronze,2026-06-20,Walk-in,2026-06-20,9999-12-31,1
2236,C0001979,Debjani,Ali,debjani.ali1979@mail.example.com,F,1972-06-02,Mumbai,Maharashtra,India,Bronze,2023-11-08,Paid Social,2023-11-08,2025-10-28,0
2237,C0001979,Debjani,Ali,debjani.ali1979@mail.example.com,F,1972-06-02,London,England,United Kingdom,Silver,2023-11-08,Paid Social,2025-10-29,9999-12-31,1
2238,C0001980,Emily,Taylor,emily.taylor1980@mail.example.com,F,2002-05-21,Hyderabad,Telangana,India,Bronze,2023-05-23,Organic Search,2023-05-23,9999-12-31,1
2239,C0001981,James,Garcia,james.garcia1981@mail.example.com,F,1996-01-09,Bengaluru,Karnataka,India,Bronze,2023-09-01,Marketplace,2023-09-01,9999-12-31,1
2240,C0001982,James,Walker,james.walker1982@mail.example.com,Other,1989-12-24,Delhi,Delhi,India,Bronze,2021-10-09,Email,2021-10-09,9999-12-31,1
2241,C0001983,Zara,Singh,zara.singh1983@mail.example.com,F,1983-03-03,London,England,United Kingdom,Bronze,2022-06-26,Referral,2022-06-26,9999-12-31,1
2242,C0001984,Priya,Iyer,priya.iyer1984@mail.example.com,Other,1964-01-04,Chennai,Tamil Nadu,India,Bronze,2022-10-17,Marketplace,2022-10-17,9999-12-31,1
2243,C0001985,Sneha,Banerjee,sneha.banerjee1985@mail.example.com,M,1998-12-03,Guwahati,Assam,India,Gold,2023-03-18,Marketplace,2023-03-18,9999-12-31,1
2244,C0001986,Michael,Ghosh,michael.ghosh1986@mail.example.com,F,1970-09-19,Mumbai,Maharashtra,India,Silver,2021-02-07,Marketplace,2021-02-07,9999-12-31,1
2245,C0001987,Meera,Wong,meera.wong1987@mail.example.com,Other,1984-12-17,Bengaluru,Karnataka,India,Silver,2021-02-21,Referral,2021-02-21,9999-12-31,1
2246,C0001988,Priya,Banerjee,priya.banerjee1988@mail.example.com,M,1960-05-23,Kolkata,West Bengal,India,Silver,2022-06-15,Organic Search,2022-06-15,9999-12-31,1
2247,C0001989,Kavya,Singh,kavya.singh1989@mail.example.com,Other,2005-01-26,Delhi,Delhi,India,Silver,2025-02-04,Walk-in,2025-02-04,9999-12-31,1
2248,C0001990,James,Sharma,james.sharma1990@mail.example.com,Other,2003-02-25,Chennai,Tamil Nadu,India,Silver,2021-11-28,Organic Search,2021-11-28,9999-12-31,1
2249,C0001991,Debjani,Das,debjani.das1991@mail.example.com,M,1993-08-05,Austin,Texas,United States,Silver,2025-09-18,Referral,2025-09-18,9999-12-31,1
2250,C0001992,Sneha,Rao,sneha.rao1992@mail.example.com,Other,1970-08-15,Bengaluru,Karnataka,India,Silver,2021-11-17,Organic Search,2021-11-17,9999-12-31,1
2251,C0001993,Kavya,Garcia,kavya.garcia1993@mail.example.com,Other,1970-10-12,Mumbai,Maharashtra,India,Bronze,2025-10-10,Paid Social,2025-10-10,9999-12-31,1
2252,C0001994,Noah,Garcia,noah.garcia1994@mail.example.com,F,1956-06-12,Bengaluru,Karnataka,India,Bronze,2023-06-16,Email,2023-06-16,9999-12-31,1
2253,C0001995,Oliver,Smith,oliver.smith1995@mail.example.com,Other,1965-12-05,Jaipur,Rajasthan,India,Bronze,2021-07-10,Marketplace,2021-07-10,9999-12-31,1
2254,C0001996,Amit,Chatterjee,amit.chatterjee1996@mail.example.com,F,1979-03-16,Delhi,Delhi,India,Bronze,2025-05-21,Marketplace,2025-05-21,2026-07-02,0
2255,C0001996,Amit,Chatterjee,amit.chatterjee1996@mail.example.com,F,1979-03-16,London,England,United Kingdom,Silver,2025-05-21,Marketplace,2026-07-03,9999-12-31,1
2256,C0001997,Ananya,Walker,ananya.walker1997@mail.example.com,Other,1978-03-10,Delhi,Delhi,India,Bronze,2022-02-23,Organic Search,2022-02-23,9999-12-31,1
2257,C0001998,Kavya,Gupta,kavya.gupta1998@mail.example.com,M,1971-08-01,New York,New York,United States,Gold,2025-08-30,Email,2025-08-30,9999-12-31,1
2258,C0001999,Amit,Brown,amit.brown1999@mail.example.com,F,1956-04-13,Chennai,Tamil Nadu,India,Silver,2026-06-02,Paid Social,2026-06-02,9999-12-31,1
2259,C0002000,Emily,Walker,emily.walker2000@mail.example.com,M,1980-12-08,Hyderabad,Telangana,India,Silver,2023-07-23,Organic Search,2023-07-23,9999-12-31,1
