return_key,sales_line_key,order_id,date_key,product_key,customer_key,store_key,quantity_returned,refund_amount,reason_code,item_condition,customer_comment
1,16,ORD-230101-000006,20230114,152,913,2,2,93.43,NOT_AS_DESCRIBED,New,Material feels cheaper than the description suggests.
2,21,ORD-230101-000009,20230130,249,793,12,1,11.64,CHANGED_MIND,Opened,
3,25,ORD-230101-000012,20230118,259,1583,2,1,29.93,WRONG_SIZE,Used,
4,28,ORD-230102-000014,20230129,28,2032,2,1,491.33,WRONG_SIZE,New,
5,57,ORD-230103-000027,20230126,156,1070,4,1,43.61,NOT_AS_DESCRIBED,Opened,Material feels cheaper than the description suggests.
6,62,ORD-230103-000030,20230125,249,364,14,2,23.29,CHANGED_MIND,Damaged,Bought a duplicate by mistake.
7,89,ORD-230104-000044,20230118,36,0,1,2,91.71,NOT_AS_DESCRIBED,Opened,
8,120,ORD-230105-000058,20230129,227,39,2,1,59.48,WRONG_SIZE,Opened,
9,155,ORD-230106-000069,20230204,211,2195,2,2,32.25,NOT_AS_DESCRIBED,Damaged,Colour looks different from the photos.
10,162,ORD-230106-000072,20230111,267,1307,12,1,35.39,DEFECTIVE,New,
11,165,ORD-230106-000074,20230126,247,0,2,3,442.37,WRONG_SIZE,Opened,Runs large compared to other brands.
12,176,ORD-230106-000080,20230107,211,0,2,1,16.12,CHANGED_MIND,Opened,
13,180,ORD-230106-000081,20230126,295,1583,1,1,1040.59,NOT_AS_DESCRIBED,New,Colour looks different from the photos.
14,182,ORD-230107-000083,20230113,237,1575,14,2,7.89,LATE_DELIVERY,New,Arrived after the event I needed it for.
15,206,ORD-230107-000095,20230123,283,0,2,1,13.54,CHANGED_MIND,New,Bought a duplicate by mistake.
16,216,ORD-230107-000098,20230119,36,0,12,1,53.95,DEFECTIVE,New,Arrived damaged in transit.
17,244,ORD-230109-000115,20230207,295,39,5,3,3672.66,WRONG_SIZE,Opened,
18,245,ORD-230109-000116,20230114,295,0,4,2,2448.44,WRONG_SIZE,Used,"Too small, ordering a larger size."
19,274,ORD-230109-000127,20230205,211,0,14,1,18.97,WRONG_SIZE,New,Fit was not what I expected from the size chart.
20,330,ORD-230111-000155,20230120,161,345,2,1,12.87,NOT_AS_DESCRIBED,New,Colour looks different from the photos.
21,333,ORD-230112-000156,20230205,36,0,1,2,107.9,DEFECTIVE,Damaged,Stitching came apart on first wash.
22,337,ORD-230112-000159,20230210,152,286,1,1,54.96,WRONG_SIZE,New,
23,360,ORD-230112-000169,20230120,247,2164,7,1,173.48,NOT_AS_DESCRIBED,Used,
24,363,ORD-230112-000169,20230201,36,2164,7,1,53.95,CHANGED_MIND,Opened,
25,367,ORD-230113-000172,20230119,218,1317,1,1,24.7,BETTER_PRICE,Opened,Found it cheaper elsewhere.
26,421,ORD-230114-000202,20230201,247,925,1,1,173.48,CHANGED_MIND,Opened,Bought a duplicate by mistake.
27,432,ORD-230114-000210,20230115,276,0,8,3,2620.05,DEFECTIVE,Opened,Item stopped working after two days.
28,481,ORD-230116-000231,20230124,172,0,2,1,1481.25,CHANGED_MIND,Damaged,
29,489,ORD-230116-000234,20230206,66,0,2,1,17.96,LATE_DELIVERY,New,
30,516,ORD-230117-000243,20230210,36,741,5,2,107.9,WRONG_SIZE,New,
31,564,ORD-230119-000264,20230126,45,0,2,2,49.9,NOT_AS_DESCRIBED,Opened,Missing accessories listed on the page.
32,574,ORD-230120-000269,20230211,55,516,2,1,64.09,DEFECTIVE,New,Screen had a visible crack on arrival.
33,584,ORD-230120-000271,20230209,133,1412,12,1,110.33,LATE_DELIVERY,New,Arrived after the event I needed it for.
34,600,ORD-230120-000275,20230129,36,682,1,2,107.9,DEFECTIVE,New,Item stopped working after two days.
35,601,ORD-230121-000276,20230129,152,737,9,1,54.96,NOT_AS_DESCRIBED,Used,
36,609,ORD-230121-000280,20230217,295,1901,2,1,1224.22,BETTER_PRICE,New,Found it cheaper elsewhere.
37,619,ORD-230121-000284,20230126,295,1412,4,1,1224.22,WRONG_SIZE,Damaged,Runs large compared to other brands.
38,630,ORD-230121-000287,20230208,195,516,2,1,23.84,DEFECTIVE,New,
39,661,ORD-230122-000300,20230129,295,0,2,2,2448.44,WRONG_SIZE,Opened,"Too small, ordering a larger size."
40,667,ORD-230122-000301,20230204,176,1789,14,1,393.76,WRONG_SIZE,Opened,"Too small, ordering a larger size."
41,672,ORD-230122-000303,20230201,96,1945,7,4,1186.56,NOT_AS_DESCRIBED,Opened,
42,680,ORD-230123-000307,20230129,36,1496,3,1,53.95,NOT_AS_DESCRIBED,Damaged,Colour looks different from the photos.
43,699,ORD-230123-000316,20230127,36,0,1,1,53.95,CHANGED_MIND,Opened,Decided on a different model.
44,703,ORD-230123-000319,20230124,45,501,2,3,74.85,WRONG_SIZE,Used,
45,737,ORD-230124-000331,20230130,249,39,12,1,10.96,WRONG_SIZE,New,
46,771,ORD-230126-000347,20230208,87,1835,12,1,792.61,CHANGED_MIND,New,No longer needed.
47,805,ORD-230127-000360,20230209,3,653,2,1,34.46,BETTER_PRICE,Opened,
48,813,ORD-230127-000363,20230218,155,39,1,1,16.74,BETTER_PRICE,New,Found it cheaper elsewhere.
49,817,ORD-230127-000364,20230214,116,1307,12,2,812.64,NOT_AS_DESCRIBED,Opened,Missing accessories listed on the page.
50,823,ORD-230128-000366,20230205,36,756,2,1,43.16,BETTER_PRICE,New,Found it cheaper elsewhere.
51,845,ORD-230128-000375,20230209,36,2043,2,1,43.16,CHANGED_MIND,Damaged,
52,859,ORD-230129-000387,20230219,45,1308,2,1,24.95,BETTER_PRICE,New,
53,897,ORD-230130-000407,20230203,156,748,13,3,153.93,CHANGED_MIND,Opened,Bought a duplicate by mistake.
54,918,ORD-230131-000414,20230209,146,0,12,2,20.96,CHANGED_MIND,New,No longer needed.
55,927,ORD-230131-000421,20230205,295,0,6,1,1224.22,WRONG_SIZE,Opened,
56,974,ORD-230202-000439,20230211,199,1771,2,2,155.12,CHANGED_MIND,New,
57,987,ORD-230203-000444,20230207,36,893,12,1,53.95,DEFECTIVE,Used,
58,995,ORD-230203-000449,20230224,295,0,2,1,1224.22,NOT_AS_DESCRIBED,New,Material feels cheaper than the description suggests.
59,998,ORD-230204-000451,20230304,295,700,1,1,1224.22,NOT_AS_DESCRIBED,Opened,
60,1030,ORD-230204-000464,20230226,36,2164,4,1,53.95,WRONG_SIZE,New,
61,1032,ORD-230204-000465,20230302,195,0,8,3,71.52,WRONG_SIZE,Opened,"Too small, ordering a larger size."
62,1042,ORD-230205-000469,20230228,295,507,9,1,1224.22,DEFECTIVE,Opened,Item stopped working after two days.
63,1081,ORD-230206-000486,20230305,66,1242,13,2,35.92,NOT_AS_DESCRIBED,Used,
64,1083,ORD-230206-000486,20230306,111,1242,13,2,150.16,NOT_AS_DESCRIBED,Used,Material feels cheaper than the description suggests.
65,1084,ORD-230206-000486,20230210,36,1242,13,1,53.95,DEFECTIVE,Opened,Item stopped working after two days.
66,1108,ORD-230207-000496,20230309,155,1285,1,1,20.93,NOT_AS_DESCRIBED,Opened,
67,1111,ORD-230207-000497,20230219,91,1789,8,1,32.65,NOT_AS_DESCRIBED,Opened,Colour looks different from the photos.
68,1124,ORD-230207-000500,20230228,79,1789,12,1,123.96,CHANGED_MIND,Opened,Decided on a different model.
69,1125,ORD-230207-000501,20230216,235,1789,2,1,544.98,WRONG_SIZE,Opened,
70,1141,ORD-230208-000510,20230226,189,0,1,1,121.03,CHANGED_MIND,Opened,
71,1147,ORD-230208-000511,20230211,247,0,2,1,173.48,NOT_AS_DESCRIBED,Opened,
72,1214,ORD-230211-000540,20230222,3,1308,12,2,68.92,CHANGED_MIND,Damaged,Bought a duplicate by mistake.
73,1217,ORD-230211-000542,20230216,66,1161,4,1,17.96,NOT_AS_DESCRIBED,New,Colour looks different from the photos.
74,1234,ORD-230211-000549,20230308,36,364,1,1,53.95,DEFECTIVE,Opened,Arrived damaged in transit.
75,1275,ORD-230213-000568,20230220,295,1557,2,1,1224.22,WRONG_SIZE,Opened,"Too small, ordering a larger size."
76,1411,ORD-230217-000618,20230310,295,20,1,1,1224.22,LATE_DELIVERY,Opened,Arrived after the event I needed it for.
77,1421,ORD-230217-000622,20230309,140,2228,1,2,119.86,NOT_AS_DESCRIBED,Opened,Colour looks different from the photos.
78,1429,ORD-230218-000624,20230314,62,1510,9,2,5.52,CHANGED_MIND,New,Bought a duplicate by mistake.
79,1431,ORD-230218-000624,20230318,219,1510,9,2,84.82,NOT_AS_DESCRIBED,Damaged,Colour looks different from the photos.
80,1442,ORD-230218-000628,20230313,282,0,6,2,783.96,WRONG_SIZE,New,
81,1451,ORD-230218-000634,20230317,140,734,9,1,59.93,NOT_AS_DESCRIBED,Damaged,Colour looks different from the photos.
82,1452,ORD-230218-000635,20230225,249,0,2,1,13.7,LATE_DELIVERY,New,Arrived after the event I needed it for.
83,1466,ORD-230219-000641,20230316,295,0,2,1,1224.22,WRONG_SIZE,Used,"Too small, ordering a larger size."
84,1474,ORD-230219-000643,20230226,105,1281,13,2,93.1,DEFECTIVE,Damaged,
85,1480,ORD-230219-000645,20230316,145,0,14,1,43.89,WRONG_SIZE,Used,Fit was not what I expected from the size chart.
86,1487,ORD-230219-000649,20230306,295,2193,8,1,1224.22,WRONG_SIZE,New,Runs large compared to other brands.
87,1495,ORD-230220-000656,20230319,295,796,1,1,1224.22,NOT_AS_DESCRIBED,Opened,Material feels cheaper than the description suggests.
88,1496,ORD-230220-000656,20230226,295,796,1,1,1224.22,WRONG_SIZE,Damaged,Fit was not what I expected from the size chart.
89,1512,ORD-230220-000665,20230314,116,1909,11,1,507.9,WRONG_SIZE,Opened,"Too small, ordering a larger size."
90,1558,ORD-230222-000684,20230306,36,1945,9,2,107.9,DEFECTIVE,Opened,
91,1578,ORD-230223-000689,20230308,259,918,12,1,35.21,CHANGED_MIND,Used,No longer needed.
92,1593,ORD-230223-000696,20230224,141,0,2,1,52.4,NOT_AS_DESCRIBED,New,Colour looks different from the photos.
93,1615,ORD-230224-000706,20230312,140,902,8,1,59.93,CHANGED_MIND,Opened,Decided on a different model.
94,1616,ORD-230224-000707,20230319,133,0,14,1,110.33,NOT_AS_DESCRIBED,Damaged,Missing accessories listed on the page.
95,1621,ORD-230224-000708,20230307,161,0,3,1,12.87,WRONG_SIZE,Opened,Fit was not what I expected from the size chart.
96,1629,ORD-230224-000712,20230304,283,2171,1,1,15.93,BETTER_PRICE,New,Found it cheaper elsewhere.
97,1640,ORD-230225-000716,20230327,20,1829,1,1,52.39,CHANGED_MIND,New,Bought a duplicate by mistake.
98,1686,ORD-230227-000738,20230327,55,0,2,1,64.09,CHANGED_MIND,Used,
99,1715,ORD-230227-000747,20230308,3,1609,2,1,34.46,CHANGED_MIND,Opened,Bought a duplicate by mistake.
100,1718,ORD-230227-000748,20230305,295,794,11,2,2448.44,NOT_AS_DESCRIBED,Opened,
101,1725,ORD-230228-000752,20230321,219,879,12,2,84.82,DEFECTIVE,Opened,
102,1746,ORD-230228-000757,20230323,211,0,2,1,18.97,LATE_DELIVERY,Used,
103,1777,ORD-230301-000768,20230325,295,1295,2,1,1224.22,WRONG_SIZE,New,Fit was not what I expected from the size chart.
104,1786,ORD-230301-000770,20230314,140,1926,2,2,119.86,WRONG_SIZE,Opened,Fit was not what I expected from the size chart.
105,1808,ORD-230302-000777,20230401,283,1641,14,2,31.86,LATE_DELIVERY,Opened,Arrived after the event I needed it for.
106,1811,ORD-230302-000779,20230328,100,1221,1,1,9.97,WRONG_SIZE,Opened,Runs large compared to other brands.
107,1828,ORD-230302-000784,20230320,195,1281,5,1,23.84,WRONG_SIZE,New,Fit was not what I expected from the size chart.
108,1842,ORD-230303-000789,20230325,155,2242,7,1,20.93,WRONG_SIZE,Used,"Too small, ordering a larger size."
109,1873,ORD-230304-000798,20230322,295,0,2,1,1224.22,NOT_AS_DESCRIBED,Damaged,
110,1875,ORD-230304-000799,20230329,176,0,8,1,393.76,NOT_AS_DESCRIBED,New,Colour looks different from the photos.
111,1897,ORD-230304-000809,20230324,36,1789,2,1,53.95,DEFECTIVE,Used,
112,1901,ORD-230305-000811,20230317,271,748,2,2,22.62,WRONG_SIZE,Opened,
113,1949,ORD-230306-000830,20230325,295,39,1,1,1224.22,WRONG_SIZE,New,
114,1956,ORD-230306-000833,20230325,3,476,2,1,34.46,DEFECTIVE,Used,Screen had a visible crack on arrival.
115,1965,ORD-230306-000837,20230314,237,0,2,1,4.64,DEFECTIVE,Used,Screen had a visible crack on arrival.
116,1990,ORD-230307-000846,20230311,63,0,13,1,33.66,LATE_DELIVERY,Damaged,Delivery took far longer than promised.
117,1991,ORD-230307-000847,20230323,116,1976,1,1,507.9,DEFECTIVE,Used,
118,2014,ORD-230307-000853,20230404,152,2171,1,1,54.96,DEFECTIVE,New,
119,2023,ORD-230307-000857,20230319,36,2248,14,1,53.95,DEFECTIVE,Used,Screen had a visible crack on arrival.
120,2033,ORD-230307-000862,20230317,91,0,2,1,32.65,CHANGED_MIND,Used,Bought a duplicate by mistake.
121,2056,ORD-230309-000871,20230310,295,1281,2,2,2448.44,LATE_DELIVERY,Opened,Delivery took far longer than promised.
122,2096,ORD-230310-000885,20230323,295,0,1,1,1224.22,NOT_AS_DESCRIBED,New,
123,2120,ORD-230311-000892,20230406,141,214,2,1,52.4,WRONG_SIZE,Opened,Runs large compared to other brands.
124,2123,ORD-230311-000894,20230316,295,1573,2,2,2448.44,CHANGED_MIND,New,
125,2149,ORD-230311-000902,20230316,36,372,1,2,107.9,DEFECTIVE,Used,
126,2154,ORD-230311-000904,20230401,146,552,4,2,20.96,DEFECTIVE,Used,Item stopped working after two days.
127,2160,ORD-230311-000906,20230331,243,1502,2,1,18.65,NOT_AS_DESCRIBED,Used,Missing accessories listed on the page.
128,2186,ORD-230312-000918,20230316,247,2164,3,1,173.48,WRONG_SIZE,Damaged,
129,2204,ORD-230312-000925,20230324,14,1801,2,1,57.53,WRONG_SIZE,Opened,Fit was not what I expected from the size chart.
130,2206,ORD-230313-000926,20230331,36,214,1,3,161.85,CHANGED_MIND,Damaged,No longer needed.
131,2212,ORD-230313-000927,20230402,91,414,11,2,65.3,WRONG_SIZE,Damaged,"Too small, ordering a larger size."
132,2213,ORD-230313-000927,20230411,90,414,11,1,506.87,DEFECTIVE,Damaged,Item stopped working after two days.
133,2217,ORD-230313-000929,20230322,295,471,2,2,2448.44,CHANGED_MIND,Opened,
134,2218,ORD-230313-000929,20230403,295,471,2,2,2448.44,CHANGED_MIND,Damaged,
135,2236,ORD-230313-000934,20230315,295,1281,1,1,1224.22,CHANGED_MIND,Damaged,
136,2250,ORD-230314-000938,20230412,278,1789,8,1,27.7,WRONG_SIZE,Opened,Fit was not what I expected from the size chart.
137,2253,ORD-230314-000939,20230402,5,1617,1,2,220.68,WRONG_SIZE,Opened,Fit was not what I expected from the size chart.
138,2258,ORD-230314-000942,20230404,36,921,2,1,53.95,NOT_AS_DESCRIBED,New,
139,2260,ORD-230314-000943,20230401,295,309,1,1,1224.22,NOT_AS_DESCRIBED,New,Missing accessories listed on the page.
140,2262,ORD-230314-000944,20230406,161,309,1,2,25.74,DEFECTIVE,Opened,Item stopped working after two days.
141,2272,ORD-230315-000949,20230414,295,2171,2,1,1224.22,CHANGED_MIND,Opened,
142,2274,ORD-230315-000951,20230316,295,1285,4,1,1224.22,NOT_AS_DESCRIBED,Opened,Material feels cheaper than the description suggests.
143,2279,ORD-230315-000953,20230413,9,0,2,1,34.69,NOT_AS_DESCRIBED,New,Colour looks different from the photos.
144,2289,ORD-230315-000957,20230401,185,1789,7,1,17.85,WRONG_SIZE,Opened,"Too small, ordering a larger size."
145,2309,ORD-230316-000968,20230323,239,0,2,1,2.85,NOT_AS_DESCRIBED,Damaged,
146,2321,ORD-230317-000975,20230319,157,1583,2,1,97.71,DEFECTIVE,Opened,Arrived damaged in transit.
147,2342,ORD-230318-000985,20230331,140,1138,2,2,119.86,DEFECTIVE,Damaged,Screen had a visible crack on arrival.
148,2368,ORD-230318-000995,20230401,247,0,8,1,173.48,DEFECTIVE,Damaged,
149,2379,ORD-230319-000997,20230328,14,913,2,2,115.06,NOT_AS_DESCRIBED,New,Colour looks different from the photos.
150,2387,ORD-230319-001001,20230407,36,0,2,1,53.95,CHANGED_MIND,Damaged,No longer needed.
151,2413,ORD-230319-001010,20230324,259,1561,9,1,28.17,DEFECTIVE,Used,Screen had a visible crack on arrival.
152,2439,ORD-230321-001022,20230418,295,786,2,1,1224.22,DEFECTIVE,Used,Item stopped working after two days.
153,2449,ORD-230321-001026,20230331,109,1314,1,1,26.82,CHANGED_MIND,Opened,
154,2462,ORD-230321-001033,20230411,36,952,8,2,107.9,NOT_AS_DESCRIBED,Used,
155,2469,ORD-230322-001037,20230329,295,138,1,3,3672.66,DEFECTIVE,New,Arrived damaged in transit.
156,2492,ORD-230323-001044,20230403,295,0,12,3,3672.66,CHANGED_MIND,Damaged,
157,2501,ORD-230323-001049,20230328,246,794,4,1,110.55,WRONG_SIZE,Used,Fit was not what I expected from the size chart.
158,2532,ORD-230324-001065,20230407,90,1308,2,1,506.87,CHANGED_MIND,Damaged,No longer needed.
159,2569,ORD-230325-001080,20230411,283,681,1,1,15.93,BETTER_PRICE,New,Found it cheaper elsewhere.
160,2578,ORD-230326-001084,20230403,154,0,2,1,1274.56,CHANGED_MIND,Used,Decided on a different model.
161,2614,ORD-230327-001103,20230408,277,1693,12,1,418.91,DEFECTIVE,New,
162,2632,ORD-230327-001109,20230424,145,1307,12,4,158.0,NOT_AS_DESCRIBED,Opened,Colour looks different from the photos.
163,2659,ORD-230329-001123,20230427,192,415,2,1,297.7,WRONG_SIZE,Used,Runs large compared to other brands.
164,2695,ORD-230330-001139,20230424,36,1629,2,1,53.95,NOT_AS_DESCRIBED,New,
165,2698,ORD-230330-001141,20230429,70,39,1,1,121.82,CHANGED_MIND,Damaged,Bought a duplicate by mistake.
166,2717,ORD-230331-001149,20230410,178,2065,4,2,83.12,CHANGED_MIND,Opened,Decided on a different model.
167,2723,ORD-230331-001152,20230411,295,1583,4,1,1224.22,LATE_DELIVERY,Damaged,Arrived after the event I needed it for.
168,2735,ORD-230331-001155,20230421,295,525,2,1,1224.22,CHANGED_MIND,New,
169,2755,ORD-230401-001164,20230403,24,1020,1,2,27.46,WRONG_SIZE,Damaged,"Too small, ordering a larger size."
170,2768,ORD-230401-001170,20230404,211,1780,1,1,18.97,LATE_DELIVERY,Used,Arrived after the event I needed it for.
171,2773,ORD-230402-001171,20230418,247,0,12,1,173.48,DEFECTIVE,Opened,Arrived damaged in transit.
172,2782,ORD-230402-001176,20230424,157,1771,7,1,97.71,CHANGED_MIND,Opened,No longer needed.
173,2866,ORD-230404-001207,20230429,36,1866,14,3,161.85,WRONG_SIZE,New,"Too small, ordering a larger size."
174,2888,ORD-230405-001217,20230411,295,1333,2,1,1224.22,LATE_DELIVERY,Used,Delivery took far longer than promised.
175,2891,ORD-230405-001218,20230408,211,2171,1,1,18.97,DEFECTIVE,New,
176,2931,ORD-230407-001235,20230414,295,2208,1,3,3672.66,DEFECTIVE,Opened,Item stopped working after two days.
177,2945,ORD-230407-001242,20230506,36,1098,5,2,107.9,NOT_AS_DESCRIBED,Opened,Material feels cheaper than the description suggests.
178,2955,ORD-230408-001247,20230423,116,2243,1,1,507.9,WRONG_SIZE,Damaged,
179,2959,ORD-230408-001248,20230414,247,1049,1,1,173.48,LATE_DELIVERY,New,
180,2962,ORD-230408-001248,20230415,295,1049,1,1,1224.22,BETTER_PRICE,Damaged,Found it cheaper elsewhere.
181,2982,ORD-230408-001258,20230413,238,223,2,1,24.16,LATE_DELIVERY,Damaged,Arrived after the event I needed it for.
182,2984,ORD-230408-001260,20230416,43,1134,1,1,18.54,CHANGED_MIND,Opened,No longer needed.
183,2986,ORD-230408-001262,20230421,295,39,8,1,1224.22,NOT_AS_DESCRIBED,Used,
184,2987,ORD-230408-001263,20230508,74,1308,1,2,18.96,CHANGED_MIND,Opened,No longer needed.
185,2994,ORD-230409-001266,20230507,145,1308,2,1,43.89,WRONG_SIZE,Damaged,
186,2996,ORD-230409-001267,20230420,295,0,4,1,1224.22,WRONG_SIZE,New,"Too small, ordering a larger size."
187,3016,ORD-230409-001276,20230422,116,812,12,3,1523.7,NOT_AS_DESCRIBED,Used,Material feels cheaper than the description suggests.
188,3039,ORD-230410-001286,20230430,36,1431,2,1,53.95,WRONG_SIZE,New,"Too small, ordering a larger size."
189,3041,ORD-230410-001287,20230412,249,0,4,1,13.7,DEFECTIVE,Used,Item stopped working after two days.
190,3049,ORD-230410-001295,20230417,295,516,1,1,1224.22,CHANGED_MIND,Damaged,Bought a duplicate by mistake.
191,3074,ORD-230412-001308,20230415,157,1849,2,1,97.71,CHANGED_MIND,Opened,
192,3076,ORD-230412-001309,20230419,50,1518,1,1,39.25,BETTER_PRICE,Damaged,
193,3079,ORD-230412-001311,20230425,79,1308,1,1,123.96,WRONG_SIZE,Damaged,Fit was not what I expected from the size chart.
194,3095,ORD-230412-001316,20230426,86,0,12,1,7.31,DEFECTIVE,Opened,Stitching came apart on first wash.
195,3110,ORD-230413-001323,20230418,157,479,2,1,97.71,NOT_AS_DESCRIBED,Used,Material feels cheaper than the description suggests.
196,3111,ORD-230413-001323,20230502,156,479,2,1,51.31,DEFECTIVE,New,
197,3120,ORD-230413-001330,20230418,295,507,7,1,1224.22,CHANGED_MIND,New,Bought a duplicate by mistake.
198,3133,ORD-230414-001336,20230501,36,1770,2,1,53.95,CHANGED_MIND,Damaged,Bought a duplicate by mistake.
199,3134,ORD-230414-001336,20230503,93,1770,2,1,37.71,WRONG_SIZE,New,
200,3185,ORD-230415-001359,20230423,211,1412,4,3,56.91,CHANGED_MIND,Opened,
201,3190,ORD-230415-001362,20230419,211,1140,4,1,18.97,CHANGED_MIND,Damaged,No longer needed.
202,3204,ORD-230416-001368,20230422,33,1204,4,1,24.18,LATE_DELIVERY,New,
203,3205,ORD-230416-001369,20230427,90,826,2,1,506.87,NOT_AS_DESCRIBED,New,
204,3208,ORD-230416-001371,20230418,188,1789,13,1,177.02,WRONG_SIZE,Opened,Runs large compared to other brands.
205,3211,ORD-230416-001373,20230423,3,1609,1,1,34.46,DEFECTIVE,Opened,
206,3229,ORD-230416-001380,20230506,36,1888,1,1,53.95,WRONG_SIZE,Damaged,
207,3245,ORD-230417-001386,20230502,36,261,14,1,53.95,NOT_AS_DESCRIBED,New,Missing accessories listed on the page.
208,3258,ORD-230417-001392,20230511,3,1829,1,1,34.46,BETTER_PRICE,Opened,Found it cheaper elsewhere.
209,3260,ORD-230417-001392,20230423,194,1829,1,2,36.76,CHANGED_MIND,New,
210,3279,ORD-230417-001399,20230426,295,0,4,1,1224.22,LATE_DELIVERY,Opened,
211,3291,ORD-230417-001405,20230509,209,1583,8,1,23.43,NOT_AS_DESCRIBED,New,
212,3314,ORD-230418-001416,20230503,188,1754,2,1,177.02,NOT_AS_DESCRIBED,Opened,Colour looks different from the photos.
213,3316,ORD-230418-001417,20230426,139,2171,1,1,11.2,DEFECTIVE,Opened,
214,3317,ORD-230418-001417,20230428,188,2171,1,1,177.02,DEFECTIVE,Used,Item stopped working after two days.
215,3322,ORD-230419-001419,20230514,253,1301,4,1,21.76,WRONG_SIZE,Damaged,
216,3339,ORD-230420-001427,20230502,211,1312,2,1,18.97,WRONG_SIZE,Opened,Runs large compared to other brands.
217,3340,ORD-230420-001428,20230505,211,0,13,1,18.97,BETTER_PRICE,Opened,Found it cheaper elsewhere.
218,3348,ORD-230420-001433,20230427,36,0,3,1,53.95,DEFECTIVE,Opened,Item stopped working after two days.
219,3353,ORD-230420-001435,20230519,150,0,2,1,7.23,CHANGED_MIND,New,
220,3354,ORD-230420-001436,20230429,36,2195,12,1,53.95,CHANGED_MIND,Opened,Decided on a different model.
221,3356,ORD-230420-001437,20230506,295,0,2,3,3672.66,LATE_DELIVERY,New,Arrived after the event I needed it for.
222,3371,ORD-230421-001441,20230510,247,1228,1,1,173.48,WRONG_SIZE,Damaged,
223,3374,ORD-230421-001443,20230424,36,1828,4,1,53.95,DEFECTIVE,Opened,Item stopped working after two days.
224,3393,ORD-230422-001453,20230506,249,418,2,1,13.7,CHANGED_MIND,Used,Bought a duplicate by mistake.
225,3394,ORD-230422-001453,20230509,114,418,2,1,12.45,NOT_AS_DESCRIBED,Damaged,Missing accessories listed on the page.
226,3408,ORD-230422-001458,20230512,298,1421,3,1,9.11,WRONG_SIZE,New,Runs large compared to other brands.
227,3409,ORD-230422-001458,20230510,295,1421,3,4,4896.88,CHANGED_MIND,Opened,No longer needed.
228,3448,ORD-230423-001477,20230518,299,0,2,1,13.8,WRONG_SIZE,Used,
229,3482,ORD-230425-001497,20230517,36,1308,4,4,215.8,BETTER_PRICE,New,Found it cheaper elsewhere.
230,3495,ORD-230425-001502,20230525,276,224,1,1,873.35,DEFECTIVE,New,
231,3498,ORD-230425-001504,20230521,155,2229,2,1,20.93,DEFECTIVE,New,Stitching came apart on first wash.
232,3500,ORD-230425-001506,20230430,295,1134,12,1,1224.22,CHANGED_MIND,New,Decided on a different model.
233,3536,ORD-230426-001520,20230505,295,471,1,1,1224.22,WRONG_SIZE,Damaged,Fit was not what I expected from the size chart.
234,3644,ORD-230430-001571,20230520,295,1865,5,1,1224.22,CHANGED_MIND,New,
235,3658,ORD-230430-001575,20230512,228,831,1,1,177.85,WRONG_SIZE,New,"Too small, ordering a larger size."
236,3668,ORD-230430-001577,20230509,249,2195,1,1,10.27,CHANGED_MIND,Used,
237,3685,ORD-230501-001589,20230518,296,1680,4,1,36.93,CHANGED_MIND,Used,
238,3690,ORD-230501-001591,20230507,190,1441,2,3,26.95,CHANGED_MIND,Used,
239,3707,ORD-230501-001596,20230515,203,1000,1,3,626.97,DEFECTIVE,Used,Screen had a visible crack on arrival.
240,3709,ORD-230502-001597,20230518,219,1314,5,1,42.41,CHANGED_MIND,Used,No longer needed.
241,3743,ORD-230502-001609,20230508,55,793,2,1,64.09,NOT_AS_DESCRIBED,Opened,
242,3781,ORD-230503-001624,20230524,295,0,4,2,2448.44,CHANGED_MIND,Opened,No longer needed.
243,3809,ORD-230504-001635,20230525,211,0,1,1,18.97,DEFECTIVE,Opened,Stitching came apart on first wash.
244,3828,ORD-230504-001643,20230521,152,44,2,1,41.22,WRONG_SIZE,Opened,Runs large compared to other brands.
245,3835,ORD-230504-001645,20230602,93,218,11,2,75.42,NOT_AS_DESCRIBED,Used,Material feels cheaper than the description suggests.
246,3839,ORD-230504-001646,20230525,211,546,2,2,37.94,LATE_DELIVERY,Opened,Delivery took far longer than promised.
247,3846,ORD-230505-001649,20230530,156,1845,1,3,115.45,CHANGED_MIND,Opened,
248,3862,ORD-230505-001654,20230519,295,839,12,1,1224.22,CHANGED_MIND,Used,
249,3878,ORD-230506-001660,20230601,140,991,1,1,59.93,NOT_AS_DESCRIBED,Opened,Missing accessories listed on the page.
250,3906,ORD-230506-001670,20230603,211,64,9,1,18.97,NOT_AS_DESCRIBED,New,Missing accessories listed on the page.
251,3954,ORD-230508-001688,20230516,227,2121,2,1,69.98,NOT_AS_DESCRIBED,Used,Missing accessories listed on the page.
252,3968,ORD-230508-001695,20230512,295,0,2,1,1224.22,WRONG_SIZE,Damaged,
253,3994,ORD-230509-001705,20230602,156,740,9,1,51.31,WRONG_SIZE,Opened,Fit was not what I expected from the size chart.
254,3995,ORD-230509-001706,20230528,236,670,11,2,69.98,CHANGED_MIND,Used,
255,3998,ORD-230509-001707,20230525,244,1503,14,1,8.2,WRONG_SIZE,Used,Runs large compared to other brands.
256,4021,ORD-230510-001718,20230511,155,2151,6,4,83.72,CHANGED_MIND,Used,Bought a duplicate by mistake.
257,4026,ORD-230510-001722,20230523,36,2150,1,1,53.95,WRONG_SIZE,Opened,
258,4042,ORD-230510-001728,20230602,157,1308,2,1,73.28,DEFECTIVE,Opened,
259,4064,ORD-230511-001734,20230607,155,1308,4,1,20.93,LATE_DELIVERY,New,
260,4084,ORD-230512-001743,20230610,233,145,12,1,834.79,WRONG_SIZE,New,Runs large compared to other brands.
261,4111,ORD-230512-001752,20230608,130,2193,1,1,63.01,NOT_AS_DESCRIBED,New,Material feels cheaper than the description suggests.
262,4121,ORD-230513-001758,20230517,146,1307,2,1,10.48,BETTER_PRICE,New,
263,4123,ORD-230513-001759,20230515,150,796,4,2,19.28,NOT_AS_DESCRIBED,Opened,Material feels cheaper than the description suggests.
264,4144,ORD-230514-001767,20230601,156,1778,4,1,51.31,CHANGED_MIND,Used,Bought a duplicate by mistake.
265,4168,ORD-230514-001779,20230520,116,1289,1,1,507.9,DEFECTIVE,Opened,
266,4183,ORD-230515-001782,20230531,199,748,1,1,77.56,WRONG_SIZE,Opened,Runs large compared to other brands.
267,4192,ORD-230515-001786,20230521,69,0,11,1,17.82,LATE_DELIVERY,Opened,
268,4196,ORD-230515-001788,20230522,249,2004,13,1,13.7,CHANGED_MIND,Opened,
269,4210,ORD-230516-001796,20230609,295,0,2,1,1224.22,NOT_AS_DESCRIBED,New,
270,4218,ORD-230516-001798,20230615,132,150,1,1,37.94,WRONG_SIZE,Opened,"Too small, ordering a larger size."
271,4226,ORD-230517-001804,20230522,178,1052,12,2,92.36,CHANGED_MIND,Opened,Decided on a different model.
272,4269,ORD-230519-001819,20230521,295,1281,12,1,1224.22,CHANGED_MIND,New,Bought a duplicate by mistake.
273,4278,ORD-230519-001825,20230523,68,0,2,1,279.23,WRONG_SIZE,Opened,
274,4287,ORD-230520-001828,20230605,249,489,10,1,13.7,WRONG_SIZE,Used,"Too small, ordering a larger size."
275,4307,ORD-230520-001838,20230618,36,0,3,1,53.95,WRONG_SIZE,Opened,Fit was not what I expected from the size chart.
276,4327,ORD-230521-001849,20230616,63,558,13,1,33.66,WRONG_SIZE,New,Runs large compared to other brands.
277,4329,ORD-230521-001849,20230602,295,558,13,1,1224.22,CHANGED_MIND,Opened,
278,4343,ORD-230521-001856,20230606,249,0,1,1,13.7,WRONG_SIZE,Opened,
279,4369,ORD-230522-001868,20230604,116,546,2,2,1015.8,CHANGED_MIND,Damaged,
280,4371,ORD-230522-001869,20230530,36,1301,2,1,53.95,DEFECTIVE,Opened,Screen had a visible crack on arrival.
281,4380,ORD-230522-001873,20230531,151,1223,2,1,437.54,DEFECTIVE,Used,Screen had a visible crack on arrival.
282,4396,ORD-230523-001880,20230621,152,0,2,1,54.96,CHANGED_MIND,Opened,
283,4398,ORD-230523-001881,20230619,116,0,1,2,1015.8,NOT_AS_DESCRIBED,New,Material feels cheaper than the description suggests.
284,4429,ORD-230523-001893,20230524,282,0,2,3,1175.94,CHANGED_MIND,Opened,
285,4435,ORD-230524-001896,20230529,63,925,3,1,33.66,WRONG_SIZE,Opened,
286,4465,ORD-230524-001906,20230530,116,1364,8,1,507.9,CHANGED_MIND,Damaged,Bought a duplicate by mistake.
287,4466,ORD-230524-001907,20230603,246,1140,1,1,110.55,NOT_AS_DESCRIBED,Damaged,Colour looks different from the photos.
288,4469,ORD-230524-001907,20230621,36,1140,1,1,53.95,WRONG_SIZE,Opened,Runs large compared to other brands.
289,4470,ORD-230524-001907,20230608,36,1140,1,1,53.95,DEFECTIVE,New,
290,4477,ORD-230525-001911,20230623,295,993,6,1,1224.22,DEFECTIVE,Damaged,
291,4538,ORD-230526-001936,20230615,36,507,1,2,107.9,WRONG_SIZE,New,
292,4565,ORD-230527-001949,20230612,15,861,4,1,128.25,NOT_AS_DESCRIBED,Opened,Colour looks different from the photos.
293,4570,ORD-230527-001952,20230618,90,0,2,1,506.87,LATE_DELIVERY,Used,Arrived after the event I needed it for.
294,4580,ORD-230527-001955,20230616,36,2193,1,1,53.95,LATE_DELIVERY,Opened,Arrived after the event I needed it for.
295,4583,ORD-230527-001955,20230610,283,2193,1,3,47.79,CHANGED_MIND,Opened,No longer needed.
296,4587,ORD-230527-001958,20230615,152,0,1,1,54.96,CHANGED_MIND,Opened,Bought a duplicate by mistake.
297,4618,ORD-230527-001970,20230625,50,826,14,1,39.25,CHANGED_MIND,Opened,Decided on a different model.
298,4647,ORD-230529-001983,20230615,295,2149,1,1,1224.22,WRONG_SIZE,Opened,"Too small, ordering a larger size."
299,4652,ORD-230529-001985,20230612,243,1807,12,1,18.65,CHANGED_MIND,Damaged,
300,4684,ORD-230530-002007,20230612,295,0,2,1,1224.22,CHANGED_MIND,Damaged,
301,4708,ORD-230531-002021,20230628,39,1789,2,3,1031.55,WRONG_SIZE,Opened,
302,4709,ORD-230531-002021,20230604,295,1789,2,1,1224.22,WRONG_SIZE,Opened,
303,4737,ORD-230602-002033,20230623,295,0,2,1,1224.22,DEFECTIVE,Damaged,Stitching came apart on first wash.
304,4766,ORD-230603-002048,20230608,140,1423,1,1,59.93,DEFECTIVE,Opened,Screen had a visible crack on arrival.
305,4824,ORD-230605-002074,20230630,55,1307,2,1,64.09,NOT_AS_DESCRIBED,Damaged,Missing accessories listed on the page.
306,4845,ORD-230605-002078,20230620,295,1139,1,1,1224.22,WRONG_SIZE,New,
307,4955,ORD-230610-002132,20230710,295,0,4,1,1224.22,WRONG_SIZE,Opened,Runs large compared to other brands.
308,4973,ORD-230610-002141,20230621,116,0,10,2,1015.8,LATE_DELIVERY,Opened,
309,4981,ORD-230610-002144,20230627,109,245,2,1,26.82,DEFECTIVE,Opened,
310,5010,ORD-230611-002158,20230624,152,737,6,1,54.96,CHANGED_MIND,Opened,Bought a duplicate by mistake.
311,5015,ORD-230611-002159,20230615,265,1334,6,1,453.02,WRONG_SIZE,Damaged,Fit was not what I expected from the size chart.
312,5016,ORD-230611-002159,20230627,255,1334,6,2,55.64,DEFECTIVE,Damaged,Stitching came apart on first wash.
313,5031,ORD-230612-002166,20230623,74,0,4,1,9.48,NOT_AS_DESCRIBED,Damaged,
314,5035,ORD-230612-002167,20230630,151,312,1,2,875.08,CHANGED_MIND,New,No longer needed.
315,5133,ORD-230615-002208,20230706,36,0,1,1,53.95,CHANGED_MIND,New,
316,5149,ORD-230616-002214,20230702,78,1492,1,1,426.83,DEFECTIVE,Opened,Arrived damaged in transit.
317,5214,ORD-230617-002242,20230621,105,1423,2,1,46.55,CHANGED_MIND,Opened,Decided on a different model.
318,5216,ORD-230617-002242,20230708,63,1423,2,1,33.66,WRONG_SIZE,New,
319,5217,ORD-230618-002243,20230626,295,2193,2,1,1224.22,DEFECTIVE,New,Stitching came apart on first wash.
320,5219,ORD-230618-002244,20230628,106,0,2,2,28.32,NOT_AS_DESCRIBED,Damaged,
321,5225,ORD-230618-002247,20230702,116,335,14,1,507.9,WRONG_SIZE,Opened,Runs large compared to other brands.
322,5228,ORD-230618-002248,20230705,36,1105,1,1,53.95,BETTER_PRICE,Used,Found it cheaper elsewhere.
323,5239,ORD-230618-002252,20230702,211,700,1,1,18.97,CHANGED_MIND,New,Bought a duplicate by mistake.
324,5251,ORD-230619-002259,20230716,63,507,9,1,33.66,DEFECTIVE,New,
325,5261,ORD-230620-002264,20230703,63,415,2,1,33.66,WRONG_SIZE,Opened,
326,5264,ORD-230620-002264,20230708,219,415,2,4,169.64,LATE_DELIVERY,Opened,Delivery took far longer than promised.
327,5276,ORD-230620-002270,20230704,36,0,11,2,107.9,DEFECTIVE,Opened,Screen had a visible crack on arrival.
328,5301,ORD-230622-002283,20230624,194,1945,4,1,18.38,CHANGED_MIND,Used,No longer needed.
329,5326,ORD-230623-002292,20230711,36,681,6,2,107.9,NOT_AS_DESCRIBED,Opened,Material feels cheaper than the description suggests.
330,5329,ORD-230623-002294,20230627,36,0,4,1,53.95,WRONG_SIZE,New,
331,5339,ORD-230623-002296,20230716,23,1789,12,2,137.18,NOT_AS_DESCRIBED,Opened,
332,5366,ORD-230624-002308,20230720,123,495,4,1,113.73,NOT_AS_DESCRIBED,Used,Missing accessories listed on the page.
333,5371,ORD-230624-002311,20230723,157,1641,7,2,195.42,DEFECTIVE,Damaged,Stitching came apart on first wash.
334,5432,ORD-230627-002342,20230720,156,0,11,2,102.62,WRONG_SIZE,Opened,
335,5459,ORD-230628-002353,20230703,55,178,1,1,64.09,NOT_AS_DESCRIBED,Damaged,
336,5469,ORD-230628-002356,20230719,140,489,1,4,239.72,WRONG_SIZE,New,
337,5474,ORD-230628-002357,20230718,120,0,4,1,14.2,NOT_AS_DESCRIBED,Opened,
338,5522,ORD-230630-002379,20230712,182,1142,12,1,103.93,NOT_AS_DESCRIBED,Used,Missing accessories listed on the page.
339,5525,ORD-230630-002382,20230725,247,847,2,1,173.48,CHANGED_MIND,New,Bought a duplicate by mistake.
340,5530,ORD-230630-002385,20230708,295,1428,2,1,1224.22,WRONG_SIZE,New,"Too small, ordering a larger size."
341,5554,ORD-230701-002397,20230706,125,0,14,1,20.81,CHANGED_MIND,Opened,Bought a duplicate by mistake.
342,5571,ORD-230701-002407,20230723,116,726,1,1,507.9,DEFECTIVE,Damaged,Stitching came apart on first wash.
343,5608,ORD-230703-002423,20230704,31,1734,2,1,1143.45,LATE_DELIVERY,Damaged,Delivery took far longer than promised.
344,5648,ORD-230705-002443,20230722,295,1207,8,1,1224.22,CHANGED_MIND,New,
345,5662,ORD-230705-002449,20230709,210,1317,1,2,352.2,LATE_DELIVERY,New,Delivery took far longer than promised.
346,5675,ORD-230706-002458,20230731,295,0,2,2,2448.44,NOT_AS_DESCRIBED,Damaged,Material feels cheaper than the description suggests.
347,5687,ORD-230707-002467,20230717,116,1821,1,1,507.9,LATE_DELIVERY,New,Delivery took far longer than promised.
348,5688,ORD-230707-002468,20230724,246,0,1,1,110.55,NOT_AS_DESCRIBED,Damaged,
349,5742,ORD-230708-002491,20230709,295,0,4,2,2448.44,NOT_AS_DESCRIBED,New,
350,5753,ORD-230708-002495,20230710,115,1307,1,1,8.26,WRONG_SIZE,New,Runs large compared to other brands.
351,5832,ORD-230711-002523,20230716,116,716,1,1,507.9,WRONG_SIZE,New,
352,5836,ORD-230711-002525,20230726,247,440,1,1,138.78,NOT_AS_DESCRIBED,Used,Missing accessories listed on the page.
353,5848,ORD-230711-002532,20230714,36,927,2,2,86.32,DEFECTIVE,Damaged,Item stopped working after two days.
354,5858,ORD-230712-002536,20230724,295,1282,12,1,1224.22,LATE_DELIVERY,Opened,
355,5867,ORD-230712-002540,20230804,140,1140,2,1,59.93,WRONG_SIZE,Damaged,Runs large compared to other brands.
356,5893,ORD-230713-002552,20230802,156,1968,4,2,102.62,DEFECTIVE,Used,Item stopped working after two days.
357,5896,ORD-230713-002552,20230804,163,1968,4,1,24.96,BETTER_PRICE,Opened,Found it cheaper elsewhere.
358,5897,ORD-230713-002552,20230721,300,1968,4,4,573.5,WRONG_SIZE,Damaged,
359,5914,ORD-230713-002559,20230730,295,0,2,1,1224.22,DEFECTIVE,Opened,
360,5925,ORD-230713-002565,20230803,145,1207,1,1,43.89,CHANGED_MIND,New,No longer needed.
361,5940,ORD-230714-002575,20230802,155,1761,2,1,15.7,DEFECTIVE,Opened,Item stopped working after two days.
362,5945,ORD-230714-002577,20230810,186,1888,7,2,55.0,WRONG_SIZE,Damaged,"Too small, ordering a larger size."
363,5953,ORD-230714-002579,20230721,36,283,1,1,43.16,CHANGED_MIND,Damaged,No longer needed.
364,5967,ORD-230714-002585,20230722,244,2164,7,1,8.2,NOT_AS_DESCRIBED,Used,Missing accessories listed on the page.
365,5975,ORD-230714-002587,20230809,148,939,1,1,9.3,NOT_AS_DESCRIBED,Used,Colour looks different from the photos.
366,5979,ORD-230714-002590,20230721,295,0,8,1,1224.22,CHANGED_MIND,Used,
367,5992,ORD-230715-002597,20230801,295,546,1,1,1224.22,CHANGED_MIND,Opened,No longer needed.
368,6086,ORD-230717-002637,20230727,152,1316,1,1,54.96,WRONG_SIZE,Opened,Fit was not what I expected from the size chart.
369,6089,ORD-230717-002639,20230802,276,1686,5,1,873.35,CHANGED_MIND,New,No longer needed.
370,6100,ORD-230717-002645,20230815,91,1412,2,2,65.3,CHANGED_MIND,Damaged,Bought a duplicate by mistake.
371,6113,ORD-230718-002651,20230729,63,1525,2,1,33.66,BETTER_PRICE,Opened,
372,6124,ORD-230718-002658,20230802,295,2193,12,1,1224.22,DEFECTIVE,New,
373,6133,ORD-230718-002661,20230809,188,1282,2,1,177.02,NOT_AS_DESCRIBED,Damaged,Missing accessories listed on the page.
374,6140,ORD-230719-002664,20230729,36,1920,1,1,53.95,WRONG_SIZE,Opened,Runs large compared to other brands.
375,6162,ORD-230719-002670,20230802,50,1510,11,2,78.5,CHANGED_MIND,Opened,Bought a duplicate by mistake.
376,6190,ORD-230720-002679,20230805,295,0,1,4,4896.88,LATE_DELIVERY,Opened,Delivery took far longer than promised.
377,6198,ORD-230721-002683,20230809,105,0,1,1,46.55,WRONG_SIZE,Used,Runs large compared to other brands.
378,6210,ORD-230721-002689,20230810,36,546,7,1,53.95,DEFECTIVE,New,Screen had a visible crack on arrival.
379,6226,ORD-230721-002696,20230817,36,0,1,1,53.95,CHANGED_MIND,Opened,
380,6268,ORD-230723-002709,20230803,269,1751,1,1,1309.68,LATE_DELIVERY,New,Delivery took far longer than promised.
381,6270,ORD-230723-002711,20230729,262,286,2,2,70.6,WRONG_SIZE,New,"Too small, ordering a larger size."
382,6308,ORD-230724-002728,20230725,14,64,8,1,57.53,CHANGED_MIND,New,No longer needed.
383,6312,ORD-230724-002731,20230818,295,0,9,1,1224.22,BETTER_PRICE,Used,
384,6328,ORD-230725-002737,20230806,295,2048,4,1,1224.22,DEFECTIVE,Damaged,Screen had a visible crack on arrival.
385,6331,ORD-230725-002739,20230728,23,2028,1,1,68.59,WRONG_SIZE,Damaged,
386,6341,ORD-230725-002743,20230817,269,372,13,2,2619.36,WRONG_SIZE,New,
387,6345,ORD-230725-002744,20230816,146,1000,1,2,20.96,DEFECTIVE,Opened,Screen had a visible crack on arrival.
388,6352,ORD-230726-002746,20230816,36,690,2,1,53.95,LATE_DELIVERY,New,
389,6362,ORD-230726-002750,20230823,249,23,2,1,13.7,CHANGED_MIND,Opened,Decided on a different model.
390,6363,ORD-230726-002751,20230824,182,1771,12,1,103.93,NOT_AS_DESCRIBED,Damaged,Missing accessories listed on the page.
391,6368,ORD-230726-002753,20230813,93,2256,2,1,37.71,WRONG_SIZE,Damaged,Fit was not what I expected from the size chart.
392,6372,ORD-230726-002755,20230812,267,1062,3,1,35.39,DEFECTIVE,Opened,Screen had a visible crack on arrival.
393,6373,ORD-230726-002755,20230822,36,1062,3,1,53.95,WRONG_SIZE,New,Runs large compared to other brands.
394,6379,ORD-230727-002758,20230813,63,400,7,1,33.66,DEFECTIVE,Used,
395,6389,ORD-230727-002764,20230805,45,643,2,1,24.95,CHANGED_MIND,Damaged,Decided on a different model.
396,6395,ORD-230728-002769,20230821,148,1138,11,1,9.3,DEFECTIVE,New,
397,6398,ORD-230728-002769,20230816,249,1138,11,1,13.7,DEFECTIVE,Opened,
398,6401,ORD-230728-002771,20230827,105,1987,9,1,46.55,DEFECTIVE,Opened,Stitching came apart on first wash.
399,6410,ORD-230728-002775,20230819,24,2044,1,1,10.3,WRONG_SIZE,New,Fit was not what I expected from the size chart.
400,6411,ORD-230728-002775,20230815,104,2044,1,2,76.6,CHANGED_MIND,Opened,No longer needed.
401,6424,ORD-230728-002779,20230731,155,745,1,1,15.7,DEFECTIVE,Opened,
402,6466,ORD-230729-002796,20230814,141,2007,2,1,52.4,WRONG_SIZE,Used,
403,6483,ORD-230730-002805,20230822,104,745,2,1,38.3,DEFECTIVE,Damaged,Stitching came apart on first wash.
404,6491,ORD-230730-002807,20230829,70,0,2,1,121.82,DEFECTIVE,Used,Item stopped working after two days.
405,6512,ORD-230730-002817,20230805,36,1282,12,1,53.95,WRONG_SIZE,New,
406,6537,ORD-230731-002827,20230819,211,1282,9,1,18.97,DEFECTIVE,New,Stitching came apart on first wash.
407,6546,ORD-230731-002829,20230829,115,0,2,2,16.52,DEFECTIVE,Damaged,Item stopped working after two days.
408,6554,ORD-230801-002833,20230829,207,0,9,3,277.95,WRONG_SIZE,Opened,
409,6575,ORD-230801-002839,20230808,247,0,1,1,173.48,CHANGED_MIND,New,
410,6621,ORD-230803-002859,20230815,36,1187,12,1,53.95,WRONG_SIZE,Opened,
411,6626,ORD-230803-002861,20230806,295,0,1,1,1224.22,DEFECTIVE,Opened,Screen had a visible crack on arrival.
412,6639,ORD-230803-002866,20230815,228,516,8,1,177.85,DEFECTIVE,Damaged,
413,6681,ORD-230805-002882,20230813,295,0,4,1,1224.22,DEFECTIVE,Damaged,
414,6699,ORD-230805-002892,20230824,104,737,2,1,38.3,NOT_AS_DESCRIBED,Opened,
415,6716,ORD-230806-002899,20230905,295,1022,1,1,1224.22,WRONG_SIZE,Used,Runs large compared to other brands.
416,6769,ORD-230806-002919,20230830,295,149,1,1,1224.22,LATE_DELIVERY,New,Arrived after the event I needed it for.
417,6795,ORD-230807-002927,20230818,36,0,2,1,53.95,LATE_DELIVERY,New,Delivery took far longer than promised.
418,6800,ORD-230807-002927,20230810,295,0,2,1,1224.22,WRONG_SIZE,New,Fit was not what I expected from the size chart.
419,6808,ORD-230807-002931,20230905,295,1486,2,4,4896.88,CHANGED_MIND,Opened,Decided on a different model.
420,6809,ORD-230807-002931,20230814,45,1486,2,1,24.95,WRONG_SIZE,Opened,Fit was not what I expected from the size chart.
421,6813,ORD-230807-002933,20230829,36,1040,1,1,53.95,CHANGED_MIND,New,No longer needed.
422,6833,ORD-230808-002942,20230825,269,497,1,1,1309.68,LATE_DELIVERY,Damaged,
423,6846,ORD-230808-002947,20230902,281,64,2,2,502.6,WRONG_SIZE,New,Fit was not what I expected from the size chart.
424,6847,ORD-230808-002947,20230903,168,64,2,1,12.13,WRONG_SIZE,New,
425,6888,ORD-230810-002965,20230817,257,1758,2,1,149.04,CHANGED_MIND,New,
426,6930,ORD-230812-002982,20230911,249,2252,2,1,13.7,CHANGED_MIND,New,Bought a duplicate by mistake.
427,6943,ORD-230812-002985,20230904,50,345,11,1,39.25,WRONG_SIZE,Used,Fit was not what I expected from the size chart.
428,6953,ORD-230812-002991,20230906,195,1022,11,1,20.26,DEFECTIVE,New,Screen had a visible crack on arrival.
429,6959,ORD-230812-002992,20230905,135,0,14,1,35.42,CHANGED_MIND,Used,
430,6977,ORD-230812-002998,20230828,140,1128,5,1,59.93,WRONG_SIZE,Damaged,"Too small, ordering a larger size."
431,6979,ORD-230812-002999,20230903,295,0,3,1,1040.59,DEFECTIVE,Damaged,Arrived damaged in transit.
432,6990,ORD-230813-003005,20230825,210,913,1,1,149.68,BETTER_PRICE,Opened,
433,7026,ORD-230814-003020,20230902,84,0,12,1,11.5,DEFECTIVE,Damaged,
434,7039,ORD-230814-003028,20230830,93,1689,4,1,32.05,WRONG_SIZE,Opened,"Too small, ordering a larger size."
435,7059,ORD-230815-003034,20230905,295,777,12,1,1224.22,WRONG_SIZE,Used,
436,7066,ORD-230816-003037,20230904,296,516,4,1,36.93,DEFECTIVE,Opened,Screen had a visible crack on arrival.
437,7077,ORD-230816-003041,20230827,211,39,8,2,37.94,WRONG_SIZE,New,Fit was not what I expected from the size chart.
438,7098,ORD-230816-003051,20230901,36,740,1,1,53.95,CHANGED_MIND,New,Bought a duplicate by mistake.
439,7159,ORD-230818-003079,20230912,295,420,12,1,1224.22,WRONG_SIZE,Used,
440,7171,ORD-230818-003083,20230822,140,1282,1,1,59.93,DEFECTIVE,Damaged,
441,7193,ORD-230819-003092,20230820,255,1546,7,3,83.46,NOT_AS_DESCRIBED,Damaged,
442,7196,ORD-230819-003092,20230908,116,1546,7,1,507.9,DEFECTIVE,Used,
443,7197,ORD-230819-003093,20230901,34,39,12,1,1.21,WRONG_SIZE,New,
444,7246,ORD-230821-003114,20230829,40,476,8,2,2202.04,CHANGED_MIND,New,No longer needed.
445,7263,ORD-230822-003122,20230823,123,0,1,1,113.73,WRONG_SIZE,Damaged,
446,7291,ORD-230822-003131,20230917,211,0,8,1,18.97,BETTER_PRICE,Damaged,Found it cheaper elsewhere.
447,7292,ORD-230822-003131,20230907,96,0,8,1,296.64,WRONG_SIZE,Used,Runs large compared to other brands.
448,7305,ORD-230822-003134,20230917,36,328,1,1,53.95,DEFECTIVE,Opened,Item stopped working after two days.
449,7348,ORD-230823-003151,20230920,161,0,1,4,51.48,WRONG_SIZE,Damaged,Runs large compared to other brands.
450,7353,ORD-230823-003153,20230827,36,393,12,4,215.8,LATE_DELIVERY,Damaged,Delivery took far longer than promised.
451,7355,ORD-230823-003154,20230908,238,703,1,2,48.32,WRONG_SIZE,Opened,Fit was not what I expected from the size chart.
452,7371,ORD-230824-003161,20230904,36,1346,2,2,107.9,NOT_AS_DESCRIBED,Opened,Colour looks different from the photos.
453,7375,ORD-230824-003163,20230920,185,2001,1,2,35.7,NOT_AS_DESCRIBED,Damaged,
454,7421,ORD-230826-003180,20230915,102,1643,1,1,380.17,CHANGED_MIND,New,
455,7435,ORD-230826-003185,20230915,249,507,2,1,13.7,CHANGED_MIND,New,Decided on a different model.
456,7442,ORD-230826-003188,20230829,36,1996,1,1,53.95,NOT_AS_DESCRIBED,New,
457,7478,ORD-230826-003198,20230913,283,1138,6,2,31.86,NOT_AS_DESCRIBED,Opened,Material feels cheaper than the description suggests.
458,7498,ORD-230827-003206,20230831,71,1187,5,1,13.19,WRONG_SIZE,New,Fit was not what I expected from the size chart.
459,7499,ORD-230827-003206,20230919,79,1187,5,1,123.96,WRONG_SIZE,Used,
460,7507,ORD-230827-003207,20230902,115,453,8,1,8.26,DEFECTIVE,Used,
461,7521,ORD-230827-003210,20230905,91,1540,2,1,32.65,WRONG_SIZE,Opened,Fit was not what I expected from the size chart.
462,7559,ORD-230828-003227,20230920,132,1307,2,1,37.94,WRONG_SIZE,Used,
463,7569,ORD-230828-003229,20230920,249,1789,2,1,13.7,DEFECTIVE,Opened,
464,7575,ORD-230828-003229,20230918,115,1789,2,1,8.26,DEFECTIVE,New,Screen had a visible crack on arrival.
465,7598,ORD-230829-003239,20230915,66,405,6,1,17.96,DEFECTIVE,Damaged,
466,7606,ORD-230830-003243,20230925,36,524,1,2,107.9,CHANGED_MIND,Opened,No longer needed.
467,7608,ORD-230830-003244,20230906,283,1204,1,2,31.86,WRONG_SIZE,Opened,
468,7620,ORD-230830-003249,20230919,14,0,14,1,57.53,NOT_AS_DESCRIBED,New,
469,7643,ORD-230831-003257,20230919,207,1540,1,1,92.65,WRONG_SIZE,Damaged,
470,7647,ORD-230831-003260,20230903,295,489,1,3,3672.66,BETTER_PRICE,Opened,Found it cheaper elsewhere.
471,7672,ORD-230901-003274,20230908,211,0,8,2,37.94,DEFECTIVE,New,
472,7695,ORD-230902-003283,20230914,36,1028,1,1,53.95,BETTER_PRICE,Opened,Found it cheaper elsewhere.
473,7740,ORD-230903-003305,20230907,14,76,1,1,57.53,NOT_AS_DESCRIBED,Opened,
474,7741,ORD-230903-003306,20231001,23,2243,12,1,68.59,CHANGED_MIND,New,Decided on a different model.
475,7773,ORD-230904-003319,20230912,295,0,2,1,1224.22,CHANGED_MIND,Damaged,No longer needed.
476,7783,ORD-230904-003324,20230915,295,0,1,2,2448.44,BETTER_PRICE,New,Found it cheaper elsewhere.
477,7784,ORD-230904-003324,20230924,295,0,1,1,1224.22,WRONG_SIZE,Used,"Too small, ordering a larger size."
478,7815,ORD-230905-003341,20230930,295,181,1,1,1224.22,NOT_AS_DESCRIBED,Opened,
479,7842,ORD-230906-003350,20230930,249,942,2,1,13.7,NOT_AS_DESCRIBED,Damaged,
480,7874,ORD-230907-003362,20230908,295,0,9,1,1224.22,DEFECTIVE,Opened,
481,7881,ORD-230907-003365,20231005,93,0,1,1,37.71,WRONG_SIZE,Damaged,"Too small, ordering a larger size."
482,7898,ORD-230908-003372,20230909,295,0,12,1,1224.22,DEFECTIVE,Used,
483,7911,ORD-230909-003377,20230916,36,396,4,1,53.95,WRONG_SIZE,Damaged,
484,7916,ORD-230909-003378,20231002,36,2175,2,1,53.95,WRONG_SIZE,Used,Fit was not what I expected from the size chart.
485,7926,ORD-230909-003383,20230922,295,1809,1,1,1224.22,BETTER_PRICE,New,Found it cheaper elsewhere.
486,7959,ORD-230910-003399,20230926,156,525,12,3,153.93,WRONG_SIZE,Opened,Runs large compared to other brands.
487,7964,ORD-230910-003400,20230924,295,0,4,1,1224.22,CHANGED_MIND,Used,Bought a duplicate by mistake.
488,7986,ORD-230911-003408,20230924,211,0,1,1,18.97,CHANGED_MIND,New,No longer needed.
489,7994,ORD-230911-003409,20230915,295,1187,2,1,1224.22,NOT_AS_DESCRIBED,Opened,Missing accessories listed on the page.
490,8002,ORD-230911-003413,20231001,36,0,2,1,53.95,LATE_DELIVERY,New,
491,8011,ORD-230912-003416,20230913,295,2077,1,2,2448.44,WRONG_SIZE,Used,Runs large compared to other brands.
492,8065,ORD-230913-003438,20231005,36,0,2,1,53.95,DEFECTIVE,Opened,
493,8119,ORD-230915-003457,20231015,211,1404,1,2,37.94,LATE_DELIVERY,Used,
494,8134,ORD-230916-003467,20231012,152,1404,6,1,54.96,WRONG_SIZE,New,Fit was not what I expected from the size chart.
495,8142,ORD-230916-003469,20230927,227,0,2,1,69.98,WRONG_SIZE,Opened,"Too small, ordering a larger size."
496,8166,ORD-230916-003482,20231014,3,1130,8,1,34.46,WRONG_SIZE,Opened,
497,8193,ORD-230917-003492,20231007,36,1362,2,1,53.95,DEFECTIVE,Opened,Item stopped working after two days.
498,8228,ORD-230918-003510,20231003,295,879,12,1,1224.22,WRONG_SIZE,New,"Too small, ordering a larger size."
499,8253,ORD-230919-003517,20230922,295,2047,1,3,3672.66,CHANGED_MIND,New,
500,8270,ORD-230920-003525,20231005,292,1789,1,1,23.13,WRONG_SIZE,Used,
501,8281,ORD-230920-003530,20231016,260,331,8,1,40.1,NOT_AS_DESCRIBED,Damaged,Colour looks different from the photos.
502,8309,ORD-230921-003547,20231015,259,255,2,1,35.21,DEFECTIVE,Damaged,
503,8322,ORD-230921-003549,20231001,295,367,3,1,1224.22,WRONG_SIZE,Opened,Fit was not what I expected from the size chart.
504,8329,ORD-230922-003550,20231018,3,0,1,1,34.46,DEFECTIVE,Damaged,Item stopped working after two days.
505,8352,ORD-230923-003563,20231002,146,1128,4,1,10.48,WRONG_SIZE,Opened,"Too small, ordering a larger size."
506,8366,ORD-230924-003570,20231021,116,1704,1,1,507.9,CHANGED_MIND,Opened,No longer needed.
507,8371,ORD-230924-003572,20231005,228,552,1,1,177.85,CHANGED_MIND,Damaged,Bought a duplicate by mistake.
508,8387,ORD-230925-003580,20230929,260,183,2,2,80.2,CHANGED_MIND,Opened,Bought a duplicate by mistake.
509,8408,ORD-230926-003590,20230927,260,0,1,1,40.1,WRONG_SIZE,New,
510,8412,ORD-230926-003593,20231010,260,0,6,2,80.2,CHANGED_MIND,Damaged,Bought a duplicate by mistake.
511,8494,ORD-230928-003625,20231001,3,0,10,1,34.46,CHANGED_MIND,Used,Bought a duplicate by mistake.
512,8496,ORD-230928-003626,20231026,295,43,2,1,1224.22,CHANGED_MIND,New,
513,8514,ORD-230929-003633,20231003,247,1844,11,2,346.96,DEFECTIVE,New,Arrived damaged in transit.
514,8534,ORD-230930-003643,20231008,66,2040,2,1,17.96,WRONG_SIZE,Opened,
515,8543,ORD-230930-003647,20231018,36,39,2,1,53.95,WRONG_SIZE,Opened,Runs large compared to other brands.
516,8577,ORD-231001-003664,20231005,227,1024,1,1,69.98,NOT_AS_DESCRIBED,Opened,
517,8581,ORD-231001-003665,20231031,283,1249,2,2,31.86,CHANGED_MIND,New,No longer needed.
518,8585,ORD-231001-003667,20231011,260,1500,8,1,40.1,WRONG_SIZE,Opened,
519,8606,ORD-231001-003676,20231016,68,1789,1,1,279.23,WRONG_SIZE,Opened,
520,8609,ORD-231001-003677,20231031,211,1618,2,2,37.94,NOT_AS_DESCRIBED,Opened,
521,8620,ORD-231002-003682,20231016,152,0,2,1,54.96,LATE_DELIVERY,New,Arrived after the event I needed it for.
522,8621,ORD-231002-003682,20231018,36,0,2,1,53.95,NOT_AS_DESCRIBED,New,Material feels cheaper than the description suggests.
523,8624,ORD-231002-003683,20231014,36,1583,2,2,107.9,WRONG_SIZE,Opened,Runs large compared to other brands.
524,8665,ORD-231003-003701,20231005,39,185,1,2,687.7,DEFECTIVE,Opened,Stitching came apart on first wash.
525,8690,ORD-231004-003715,20231101,298,668,2,2,24.3,WRONG_SIZE,New,Fit was not what I expected from the size chart.
526,8740,ORD-231005-003735,20231012,36,2144,4,1,53.95,DEFECTIVE,Damaged,Screen had a visible crack on arrival.
527,8760,ORD-231005-003741,20231012,36,2227,12,3,161.85,BETTER_PRICE,Used,Found it cheaper elsewhere.
528,8778,ORD-231006-003750,20231026,260,0,4,1,40.1,CHANGED_MIND,Opened,No longer needed.
529,8780,ORD-231006-003751,20231021,219,61,1,1,42.41,NOT_AS_DESCRIBED,New,
530,8784,ORD-231006-003754,20231029,36,865,3,1,53.95,BETTER_PRICE,Opened,Found it cheaper elsewhere.
531,8794,ORD-231006-003759,20231009,295,745,1,3,3672.66,DEFECTIVE,New,
532,8797,ORD-231006-003760,20231015,36,1912,2,3,161.85,CHANGED_MIND,Damaged,Bought a duplicate by mistake.
533,8810,ORD-231006-003764,20231101,295,1397,2,1,1224.22,NOT_AS_DESCRIBED,Used,
534,8830,ORD-231007-003772,20231010,150,796,4,1,9.64,WRONG_SIZE,Damaged,
535,8837,ORD-231007-003778,20231103,211,0,4,2,37.94,WRONG_SIZE,Opened,
536,8859,ORD-231007-003785,20231021,154,544,11,1,1274.56,WRONG_SIZE,Used,
537,8860,ORD-231007-003785,20231013,116,544,11,1,507.9,WRONG_SIZE,Opened,Runs large compared to other brands.
538,8869,ORD-231007-003790,20231019,36,1505,3,1,53.95,WRONG_SIZE,New,Fit was not what I expected from the size chart.
539,8881,ORD-231008-003797,20231011,211,309,1,1,18.97,DEFECTIVE,New,Arrived damaged in transit.
540,8907,ORD-231008-003807,20231028,157,0,2,1,97.71,WRONG_SIZE,Damaged,Runs large compared to other brands.
541,8956,ORD-231009-003824,20231106,116,0,1,1,507.9,CHANGED_MIND,Opened,Bought a duplicate by mistake.
542,8981,ORD-231009-003836,20231105,128,0,1,1,25.6,DEFECTIVE,Used,Arrived damaged in transit.
543,9007,ORD-231010-003846,20231026,295,2193,1,2,2007.72,DEFECTIVE,Used,Arrived damaged in transit.
544,9010,ORD-231010-003847,20231030,260,893,2,1,32.88,WRONG_SIZE,Opened,Fit was not what I expected from the size chart.
545,9020,ORD-231010-003852,20231016,295,1145,2,1,1003.86,LATE_DELIVERY,New,Delivery took far longer than promised.
546,9035,ORD-231010-003855,20231021,262,585,7,1,35.3,CHANGED_MIND,Used,Bought a duplicate by mistake.
547,9044,ORD-231011-003858,20231018,178,1811,2,1,37.87,WRONG_SIZE,Opened,Runs large compared to other brands.
548,9045,ORD-231011-003859,20231025,28,0,7,1,473.99,WRONG_SIZE,New,
549,9056,ORD-231011-003865,20231020,295,212,8,1,1003.86,CHANGED_MIND,New,Bought a duplicate by mistake.
550,9063,ORD-231011-003868,20231023,295,0,2,2,2448.44,WRONG_SIZE,Damaged,Fit was not what I expected from the size chart.
551,9067,ORD-231011-003870,20231019,36,993,3,1,53.95,WRONG_SIZE,New,"Too small, ordering a larger size."
552,9068,ORD-231011-003871,20231101,247,4,2,1,173.48,BETTER_PRICE,New,Found it cheaper elsewhere.
553,9094,ORD-231012-003881,20231017,45,870,4,1,24.95,WRONG_SIZE,New,
554,9106,ORD-231012-003884,20231021,140,1330,2,1,49.14,NOT_AS_DESCRIBED,Opened,Colour looks different from the photos.
555,9112,ORD-231012-003885,20231103,152,925,4,1,45.07,NOT_AS_DESCRIBED,New,Missing accessories listed on the page.
556,9129,ORD-231012-003892,20231109,227,1557,5,2,114.77,BETTER_PRICE,Used,Found it cheaper elsewhere.
557,9131,ORD-231013-003893,20231029,260,717,2,1,32.88,WRONG_SIZE,New,
558,9147,ORD-231013-003900,20231028,210,0,1,1,176.1,WRONG_SIZE,Used,
559,9191,ORD-231014-003920,20231027,34,700,8,1,0.99,DEFECTIVE,Opened,Stitching came apart on first wash.
560,9204,ORD-231014-003926,20231026,105,0,12,1,38.17,NOT_AS_DESCRIBED,Damaged,Material feels cheaper than the description suggests.
561,9215,ORD-231014-003933,20231112,249,1213,2,1,11.23,WRONG_SIZE,New,Fit was not what I expected from the size chart.
562,9222,ORD-231015-003935,20231027,188,0,1,1,177.02,CHANGED_MIND,Opened,Decided on a different model.
563,9247,ORD-231015-003946,20231016,218,927,11,1,20.26,NOT_AS_DESCRIBED,Damaged,Missing accessories listed on the page.
564,9276,ORD-231016-003957,20231030,185,716,1,1,14.64,NOT_AS_DESCRIBED,Opened,Missing accessories listed on the page.
565,9324,ORD-231017-003977,20231020,295,564,5,1,1224.22,WRONG_SIZE,New,
566,9404,ORD-231019-004013,20231024,211,1245,2,1,18.97,NOT_AS_DESCRIBED,Damaged,
567,9429,ORD-231020-004022,20231115,295,131,8,1,1224.22,CHANGED_MIND,Used,Bought a duplicate by mistake.
568,9430,ORD-231020-004022,20231106,30,131,8,3,12.64,NOT_AS_DESCRIBED,New,Colour looks different from the photos.
569,9469,ORD-231021-004037,20231025,155,0,2,1,17.16,WRONG_SIZE,Damaged,Fit was not what I expected from the size chart.
570,9477,ORD-231021-004040,20231031,250,142,2,1,1.83,LATE_DELIVERY,Used,
571,9481,ORD-231021-004042,20231028,96,354,2,1,243.24,DEFECTIVE,Damaged,
572,9483,ORD-231021-004043,20231115,247,42,12,1,142.25,LATE_DELIVERY,New,Arrived after the event I needed it for.
573,9491,ORD-231021-004046,20231027,227,700,2,1,57.38,DEFECTIVE,Damaged,Item stopped working after two days.
574,9510,ORD-231021-004053,20231104,156,101,1,4,205.24,NOT_AS_DESCRIBED,New,Missing accessories listed on the page.
575,9514,ORD-231022-004055,20231111,191,524,5,1,205.7,NOT_AS_DESCRIBED,Opened,Colour looks different from the photos.
576,9525,ORD-231022-004059,20231103,195,0,2,2,39.1,WRONG_SIZE,Used,Runs large compared to other brands.
577,9532,ORD-231022-004061,20231030,260,2252,3,1,40.1,WRONG_SIZE,Damaged,
578,9534,ORD-231022-004062,20231119,129,1028,6,3,20.91,WRONG_SIZE,New,
579,9552,ORD-231022-004067,20231024,156,328,1,1,51.31,WRONG_SIZE,Opened,Runs large compared to other brands.
580,9562,ORD-231022-004071,20231028,105,2001,4,1,38.17,CHANGED_MIND,Opened,Bought a duplicate by mistake.
581,9568,ORD-231022-004073,20231023,36,335,2,1,53.95,CHANGED_MIND,Opened,No longer needed.
582,9582,ORD-231023-004079,20231113,40,745,1,1,902.84,CHANGED_MIND,New,
583,9584,ORD-231023-004081,20231118,295,869,2,1,1003.86,NOT_AS_DESCRIBED,Opened,Missing accessories listed on the page.
584,9591,ORD-231023-004083,20231027,295,0,1,1,1003.86,LATE_DELIVERY,Opened,Arrived after the event I needed it for.
585,9592,ORD-231023-004083,20231118,295,0,1,1,1224.22,WRONG_SIZE,New,
586,9605,ORD-231023-004087,20231117,295,1012,8,2,2448.44,NOT_AS_DESCRIBED,Opened,
587,9622,ORD-231023-004092,20231027,295,1242,8,1,1003.86,NOT_AS_DESCRIBED,New,Colour looks different from the photos.
588,9628,ORD-231024-004096,20231027,36,1317,8,2,88.48,BETTER_PRICE,Used,Found it cheaper elsewhere.
589,9658,ORD-231024-004105,20231108,105,1730,4,1,38.17,WRONG_SIZE,Used,
590,9678,ORD-231025-004114,20231109,260,1972,8,1,40.1,NOT_AS_DESCRIBED,Damaged,
591,9682,ORD-231025-004115,20231123,211,2147,12,1,15.56,LATE_DELIVERY,Opened,Delivery took far longer than promised.
592,9686,ORD-231025-004117,20231108,3,1943,1,1,28.26,WRONG_SIZE,New,
593,9712,ORD-231026-004130,20231106,260,748,1,3,98.65,CHANGED_MIND,Used,
594,9715,ORD-231026-004132,20231106,121,1138,8,1,14.3,LATE_DELIVERY,Opened,Arrived after the event I needed it for.
595,9725,ORD-231026-004136,20231121,249,1344,5,1,11.23,WRONG_SIZE,New,
596,9773,ORD-231027-004158,20231107,157,667,1,1,97.71,WRONG_SIZE,Opened,
597,9780,ORD-231027-004160,20231028,295,544,11,1,1224.22,DEFECTIVE,Opened,
598,9797,ORD-231028-004167,20231103,130,2253,7,1,51.67,DEFECTIVE,Opened,Stitching came apart on first wash.
599,9819,ORD-231028-004179,20231113,134,1423,1,1,94.95,NOT_AS_DESCRIBED,Opened,
600,9820,ORD-231028-004179,20231114,36,1423,1,1,53.95,LATE_DELIVERY,New,Delivery took far longer than promised.
601,9833,ORD-231028-004186,20231118,211,0,1,1,15.56,DEFECTIVE,New,
602,9881,ORD-231029-004205,20231102,156,1806,9,1,42.07,WRONG_SIZE,Opened,Fit was not what I expected from the size chart.
603,9901,ORD-231030-004216,20231125,182,0,1,1,103.93,NOT_AS_DESCRIBED,Opened,Material feels cheaper than the description suggests.
604,9913,ORD-231030-004223,20231108,295,0,1,2,2448.44,DEFECTIVE,Opened,Arrived damaged in transit.
605,9917,ORD-231030-004224,20231112,227,1255,1,2,139.96,BETTER_PRICE,Damaged,
606,9927,ORD-231031-004226,20231115,156,1855,13,1,42.08,BETTER_PRICE,Damaged,Found it cheaper elsewhere.
607,9945,ORD-231031-004234,20231123,36,1187,2,1,53.95,WRONG_SIZE,Opened,Fit was not what I expected from the size chart.
608,9949,ORD-231031-004234,20231127,300,1187,2,4,716.88,LATE_DELIVERY,New,Arrived after the event I needed it for.
609,9959,ORD-231031-004237,20231128,295,1940,1,1,1003.86,CHANGED_MIND,New,Decided on a different model.
610,9962,ORD-231031-004239,20231103,260,1140,6,1,32.88,CHANGED_MIND,Damaged,
611,9995,ORD-231101-004256,20231111,295,0,2,1,1003.86,DEFECTIVE,New,Item stopped working after two days.
612,9999,ORD-231101-004257,20231114,249,1715,8,1,11.23,NOT_AS_DESCRIBED,Damaged,Missing accessories listed on the page.
613,10008,ORD-231101-004262,20231129,195,474,4,1,19.55,WRONG_SIZE,Opened,Runs large compared to other brands.
614,10014,ORD-231101-004265,20231127,114,0,1,1,10.21,CHANGED_MIND,Opened,Bought a duplicate by mistake.
615,10090,ORD-231103-004292,20231118,139,1307,1,1,11.2,LATE_DELIVERY,Opened,
616,10105,ORD-231103-004300,20231106,247,836,14,1,173.48,NOT_AS_DESCRIBED,New,Material feels cheaper than the description suggests.
617,10108,ORD-231103-004302,20231108,294,1318,2,1,203.44,CHANGED_MIND,Opened,
618,10132,ORD-231104-004310,20231121,40,0,1,1,902.84,WRONG_SIZE,Opened,Runs large compared to other brands.
619,10151,ORD-231104-004318,20231128,211,2149,2,1,15.56,CHANGED_MIND,Damaged,No longer needed.
620,10155,ORD-231104-004319,20231123,5,0,8,1,90.48,DEFECTIVE,Opened,Screen had a visible crack on arrival.
621,10160,ORD-231104-004320,20231111,115,1308,12,1,6.77,NOT_AS_DESCRIBED,Opened,Missing accessories listed on the page.
622,10175,ORD-231104-004326,20231120,295,1108,2,1,1003.86,DEFECTIVE,Opened,Item stopped working after two days.
623,10193,ORD-231105-004333,20231202,90,700,4,1,415.63,CHANGED_MIND,Damaged,
624,10199,ORD-231105-004333,20231130,155,700,4,2,41.86,DEFECTIVE,Damaged,Arrived damaged in transit.
625,10210,ORD-231105-004336,20231116,167,476,1,1,58.47,WRONG_SIZE,Used,"Too small, ordering a larger size."
626,10245,ORD-231105-004352,20231119,20,0,4,2,104.78,CHANGED_MIND,Used,Bought a duplicate by mistake.
627,10257,ORD-231105-004357,20231118,79,540,1,1,123.96,NOT_AS_DESCRIBED,Damaged,
628,10275,ORD-231106-004363,20231116,79,2085,2,1,123.96,CHANGED_MIND,Damaged,Bought a duplicate by mistake.
629,10286,ORD-231106-004365,20231201,36,1308,2,1,53.95,CHANGED_MIND,New,
630,10322,ORD-231107-004383,20231127,295,2184,10,1,1224.22,WRONG_SIZE,Used,Fit was not what I expected from the size chart.
631,10337,ORD-231107-004392,20231126,216,1618,8,1,97.0,NOT_AS_DESCRIBED,New,Colour looks different from the photos.
632,10354,ORD-231107-004401,20231130,33,603,6,1,24.18,DEFECTIVE,Opened,
633,10360,ORD-231107-004403,20231129,93,2049,2,1,37.71,NOT_AS_DESCRIBED,Opened,Material feels cheaper than the description suggests.
634,10361,ORD-231107-004403,20231128,295,2049,2,1,1224.22,WRONG_SIZE,Opened,
635,10381,ORD-231108-004414,20231123,116,2062,1,1,507.9,WRONG_SIZE,New,Fit was not what I expected from the size chart.
636,10386,ORD-231108-004416,20231116,249,1955,1,1,13.7,WRONG_SIZE,Damaged,Runs large compared to other brands.
637,10388,ORD-231108-004417,20231122,278,2023,2,1,27.7,WRONG_SIZE,Used,Fit was not what I expected from the size chart.
638,10408,ORD-231109-004426,20231116,135,1789,1,2,83.34,WRONG_SIZE,Opened,
639,10427,ORD-231109-004438,20231113,295,2164,2,1,1224.22,DEFECTIVE,Opened,Item stopped working after two days.
640,10438,ORD-231109-004442,20231110,140,1372,2,2,119.86,WRONG_SIZE,New,"Too small, ordering a larger size."
641,10466,ORD-231110-004457,20231114,283,474,1,1,15.93,WRONG_SIZE,Damaged,"Too small, ordering a larger size."
642,10483,ORD-231111-004467,20231123,14,328,8,1,57.53,DEFECTIVE,Used,Stitching came apart on first wash.
643,10501,ORD-231111-004476,20231123,247,1497,2,2,346.96,NOT_AS_DESCRIBED,Opened,Colour looks different from the photos.
644,10510,ORD-231111-004481,20231112,295,1213,2,1,1224.22,CHANGED_MIND,Damaged,
645,10512,ORD-231111-004481,20231126,237,1213,2,1,4.64,BETTER_PRICE,New,Found it cheaper elsewhere.
646,10522,ORD-231111-004484,20231114,93,395,11,1,37.71,WRONG_SIZE,Opened,"Too small, ordering a larger size."
647,10534,ORD-231112-004492,20231205,300,1500,8,1,179.22,DEFECTIVE,Damaged,Item stopped working after two days.
648,10565,ORD-231112-004503,20231201,36,0,8,1,53.95,DEFECTIVE,New,Arrived damaged in transit.
649,10591,ORD-231113-004518,20231125,3,485,2,1,34.46,CHANGED_MIND,Opened,Decided on a different model.
650,10596,ORD-231113-004521,20231119,295,0,12,1,1224.22,CHANGED_MIND,Opened,Decided on a different model.
651,10628,ORD-231114-004538,20231205,219,220,3,1,42.41,WRONG_SIZE,Damaged,
652,10632,ORD-231114-004541,20231211,63,1423,9,1,33.66,WRONG_SIZE,New,Fit was not what I expected from the size chart.
653,10638,ORD-231114-004545,20231117,116,405,2,1,507.9,WRONG_SIZE,New,Fit was not what I expected from the size chart.
654,10673,ORD-231115-004556,20231120,170,901,2,1,10.09,DEFECTIVE,New,Item stopped working after two days.
655,10687,ORD-231115-004561,20231209,211,1842,2,3,56.91,WRONG_SIZE,New,"Too small, ordering a larger size."
656,10691,ORD-231115-004562,20231128,63,1317,2,1,33.66,NOT_AS_DESCRIBED,Opened,
657,10713,ORD-231115-004567,20231212,247,723,8,1,173.48,CHANGED_MIND,New,Bought a duplicate by mistake.
658,10730,ORD-231115-004573,20231207,36,0,1,1,53.95,WRONG_SIZE,Opened,Fit was not what I expected from the size chart.
659,10751,ORD-231116-004585,20231212,143,392,12,1,140.03,NOT_AS_DESCRIBED,Opened,
660,10774,ORD-231116-004596,20231121,24,1223,2,1,13.73,CHANGED_MIND,Opened,No longer needed.
661,10787,ORD-231116-004603,20231117,140,1655,4,1,59.93,WRONG_SIZE,Damaged,Runs large compared to other brands.
662,10797,ORD-231117-004610,20231130,247,0,9,2,346.96,DEFECTIVE,Opened,Screen had a visible crack on arrival.
663,10805,ORD-231117-004614,20231128,295,2222,11,1,1224.22,NOT_AS_DESCRIBED,Opened,
664,10821,ORD-231117-004622,20231212,122,1068,2,1,9.08,NOT_AS_DESCRIBED,New,Missing accessories listed on the page.
665,10858,ORD-231118-004637,20231126,63,144,2,1,33.66,DEFECTIVE,New,Stitching came apart on first wash.
666,10873,ORD-231118-004647,20231121,295,405,4,1,1224.22,DEFECTIVE,Opened,Stitching came apart on first wash.
667,10896,ORD-231119-004660,20231215,249,107,1,1,13.7,BETTER_PRICE,New,
668,10901,ORD-231119-004661,20231122,36,1933,8,1,53.95,LATE_DELIVERY,Opened,
669,10909,ORD-231119-004666,20231130,145,761,2,1,43.89,WRONG_SIZE,Used,"Too small, ordering a larger size."
670,10933,ORD-231119-004674,20231210,247,723,1,1,173.48,WRONG_SIZE,Opened,
671,10945,ORD-231119-004680,20231126,276,952,8,1,873.35,CHANGED_MIND,New,Decided on a different model.
672,10952,ORD-231120-004684,20231206,155,1842,2,1,20.93,CHANGED_MIND,Used,
673,10965,ORD-231120-004685,20231127,295,0,2,1,1224.22,WRONG_SIZE,Damaged,Fit was not what I expected from the size chart.
674,10993,ORD-231120-004697,20231204,116,2041,13,1,507.9,CHANGED_MIND,Used,No longer needed.
675,10994,ORD-231120-004697,20231126,63,2041,13,1,33.66,DEFECTIVE,New,
676,11013,ORD-231121-004705,20231216,3,1615,12,2,68.92,BETTER_PRICE,Damaged,
677,11023,ORD-231121-004708,20231122,295,748,12,1,1224.22,WRONG_SIZE,Opened,Runs large compared to other brands.
678,11026,ORD-231121-004710,20231205,36,2164,2,1,53.95,CHANGED_MIND,New,
679,11068,ORD-231122-004732,20231202,260,0,1,1,40.1,WRONG_SIZE,Damaged,"Too small, ordering a larger size."
680,11084,ORD-231122-004737,20231128,276,318,1,1,873.35,CHANGED_MIND,Damaged,
681,11119,ORD-231123-004752,20231125,157,109,1,1,97.71,CHANGED_MIND,New,No longer needed.
682,11129,ORD-231123-004757,20231212,155,485,14,1,20.93,CHANGED_MIND,Damaged,Decided on a different model.
683,11130,ORD-231123-004757,20231203,93,485,14,1,37.71,DEFECTIVE,Opened,
684,11141,ORD-231123-004762,20231206,190,0,2,1,11.98,WRONG_SIZE,New,"Too small, ordering a larger size."
685,11148,ORD-231124-004764,20231212,36,0,2,1,53.95,NOT_AS_DESCRIBED,Damaged,
686,11153,ORD-231124-004765,20231217,295,0,2,2,1713.91,LATE_DELIVERY,Used,
687,11160,ORD-231124-004767,20231210,36,1516,1,1,53.95,CHANGED_MIND,Damaged,No longer needed.
688,11196,ORD-231124-004780,20231202,105,1140,1,1,46.55,NOT_AS_DESCRIBED,Opened,
689,11229,ORD-231124-004800,20231209,146,827,2,1,10.48,NOT_AS_DESCRIBED,Opened,
690,11252,ORD-231124-004807,20231207,140,0,4,1,59.93,WRONG_SIZE,Used,
691,11266,ORD-231124-004813,20231128,265,1162,2,1,453.02,NOT_AS_DESCRIBED,New,
692,11285,ORD-231125-004820,20231201,115,944,2,1,8.26,NOT_AS_DESCRIBED,New,Colour looks different from the photos.
693,11297,ORD-231125-004827,20231222,295,796,8,1,1224.22,NOT_AS_DESCRIBED,Used,
694,11303,ORD-231125-004830,20231212,211,1701,8,1,18.97,LATE_DELIVERY,New,Arrived after the event I needed it for.
695,11315,ORD-231125-004835,20231127,211,868,2,3,56.91,WRONG_SIZE,New,Fit was not what I expected from the size chart.
696,11318,ORD-231125-004837,20231209,96,0,1,1,296.64,CHANGED_MIND,Opened,
697,11328,ORD-231125-004840,20231128,295,0,4,1,856.95,WRONG_SIZE,Used,
698,11343,ORD-231125-004845,20231223,247,0,4,1,173.48,CHANGED_MIND,Opened,Decided on a different model.
699,11377,ORD-231126-004862,20231215,295,0,9,1,1224.22,WRONG_SIZE,Used,Fit was not what I expected from the size chart.
700,11380,ORD-231126-004863,20231216,37,1308,4,1,1.83,CHANGED_MIND,Damaged,Bought a duplicate by mistake.
701,11385,ORD-231126-004865,20231215,295,0,8,1,1224.22,WRONG_SIZE,Damaged,Fit was not what I expected from the size chart.
702,11389,ORD-231126-004866,20231204,295,700,11,1,856.95,CHANGED_MIND,Damaged,
703,11392,ORD-231126-004867,20231210,211,495,1,1,18.97,LATE_DELIVERY,Opened,Arrived after the event I needed it for.
704,11398,ORD-231126-004869,20231127,295,1339,1,1,1224.22,DEFECTIVE,Opened,
705,11408,ORD-231127-004872,20231221,87,1812,14,1,554.83,WRONG_SIZE,Damaged,
706,11413,ORD-231127-004875,20231213,36,1276,2,1,53.95,WRONG_SIZE,Opened,
707,11420,ORD-231127-004878,20231130,93,485,1,3,113.13,WRONG_SIZE,Opened,
708,11427,ORD-231127-004880,20231226,295,1282,2,1,856.95,CHANGED_MIND,Used,Bought a duplicate by mistake.
709,11438,ORD-231128-004885,20231222,245,0,1,1,10.63,NOT_AS_DESCRIBED,Damaged,Material feels cheaper than the description suggests.
710,11447,ORD-231128-004891,20231212,184,39,2,1,44.18,DEFECTIVE,Used,
711,11455,ORD-231128-004892,20231227,45,516,1,1,24.95,CHANGED_MIND,Damaged,No longer needed.
712,11468,ORD-231128-004897,20231220,247,1583,2,2,346.96,NOT_AS_DESCRIBED,Opened,Missing accessories listed on the page.
713,11494,ORD-231129-004907,20231214,170,1428,4,1,10.09,WRONG_SIZE,Opened,"Too small, ordering a larger size."
714,11508,ORD-231129-004911,20231213,79,682,1,1,123.96,DEFECTIVE,Damaged,
715,11524,ORD-231129-004915,20231216,295,0,9,1,856.95,NOT_AS_DESCRIBED,Opened,
716,11538,ORD-231129-004923,20231216,247,839,1,1,173.48,CHANGED_MIND,New,Decided on a different model.
717,11555,ORD-231130-004930,20231229,36,1855,7,1,53.95,WRONG_SIZE,Damaged,Fit was not what I expected from the size chart.
718,11564,ORD-231130-004933,20231215,295,261,2,1,856.95,DEFECTIVE,New,
719,11608,ORD-231201-004949,20231212,295,1922,2,1,1224.22,NOT_AS_DESCRIBED,Used,Missing accessories listed on the page.
720,11612,ORD-231201-004951,20231209,152,1855,9,1,54.96,DEFECTIVE,Damaged,Item stopped working after two days.
721,11621,ORD-231201-004955,20231217,247,1866,2,3,520.44,NOT_AS_DESCRIBED,Used,
722,11645,ORD-231202-004968,20231215,260,1609,2,1,40.1,WRONG_SIZE,Opened,Fit was not what I expected from the size chart.
723,11653,ORD-231202-004970,20231210,295,967,2,1,1224.22,NOT_AS_DESCRIBED,Opened,Material feels cheaper than the description suggests.
724,11677,ORD-231202-004976,20231211,50,372,2,1,39.25,BETTER_PRICE,Damaged,Found it cheaper elsewhere.
725,11703,ORD-231202-004987,20231218,96,1332,1,1,296.64,CHANGED_MIND,Opened,
726,11734,ORD-231203-005003,20231206,36,2196,1,1,53.95,DEFECTIVE,New,Item stopped working after two days.
727,11782,ORD-231204-005021,20240101,55,2063,1,1,64.09,WRONG_SIZE,Opened,Fit was not what I expected from the size chart.
728,11805,ORD-231204-005031,20231218,260,0,4,1,40.1,CHANGED_MIND,New,Decided on a different model.
729,11809,ORD-231204-005033,20231220,295,0,1,1,1224.22,CHANGED_MIND,Opened,Bought a duplicate by mistake.
730,11818,ORD-231204-005037,20231212,36,890,1,1,53.95,DEFECTIVE,Opened,Screen had a visible crack on arrival.
731,11819,ORD-231204-005037,20231221,3,890,1,1,34.46,WRONG_SIZE,Opened,Fit was not what I expected from the size chart.
732,11836,ORD-231204-005047,20231217,141,1789,4,1,52.4,CHANGED_MIND,Used,Decided on a different model.
733,11842,ORD-231205-005050,20231207,260,1061,2,1,40.1,CHANGED_MIND,Opened,Bought a duplicate by mistake.
734,11847,ORD-231205-005051,20231209,155,0,12,1,20.93,NOT_AS_DESCRIBED,Used,Colour looks different from the photos.
735,11875,ORD-231205-005065,20231206,295,341,1,1,1224.22,CHANGED_MIND,Opened,Decided on a different model.
736,11878,ORD-231205-005067,20231208,90,0,2,1,506.87,LATE_DELIVERY,New,
737,11901,ORD-231206-005077,20231225,145,1789,8,2,87.78,DEFECTIVE,New,
738,11932,ORD-231206-005091,20231219,226,437,6,1,12.98,WRONG_SIZE,Damaged,Fit was not what I expected from the size chart.
739,11944,ORD-231206-005098,20231217,295,0,2,1,1224.22,DEFECTIVE,New,
740,11965,ORD-231207-005105,20231212,36,170,2,1,53.95,NOT_AS_DESCRIBED,Damaged,Missing accessories listed on the page.
741,11987,ORD-231207-005115,20231212,35,0,8,1,3.94,CHANGED_MIND,Used,
742,12002,ORD-231207-005123,20231216,14,0,2,1,57.53,WRONG_SIZE,Opened,Fit was not what I expected from the size chart.
743,12020,ORD-231208-005134,20240103,295,1198,2,1,1224.22,DEFECTIVE,Opened,Item stopped working after two days.
744,12028,ORD-231208-005138,20231223,247,4,4,2,346.96,NOT_AS_DESCRIBED,Opened,
745,12041,ORD-231208-005143,20231220,102,1937,12,1,380.17,WRONG_SIZE,Damaged,
746,12045,ORD-231208-005145,20231210,24,1773,1,1,13.73,DEFECTIVE,Opened,
747,12052,ORD-231208-005147,20231209,295,1423,9,1,1224.22,WRONG_SIZE,Opened,"Too small, ordering a larger size."
748,12074,ORD-231209-005159,20231210,295,0,12,1,1224.22,BETTER_PRICE,New,Found it cheaper elsewhere.
749,12086,ORD-231209-005163,20231213,260,1482,1,2,80.2,WRONG_SIZE,New,Fit was not what I expected from the size chart.
750,12088,ORD-231209-005164,20231214,211,4,1,1,18.97,NOT_AS_DESCRIBED,Opened,Material feels cheaper than the description suggests.
751,12090,ORD-231209-005165,20240108,139,748,2,1,11.2,WRONG_SIZE,New,Runs large compared to other brands.
752,12098,ORD-231209-005168,20231222,259,993,4,1,35.21,DEFECTIVE,Opened,Screen had a visible crack on arrival.
753,12105,ORD-231209-005169,20240108,128,1248,1,2,51.2,CHANGED_MIND,New,
754,12115,ORD-231209-005176,20240108,36,586,1,1,53.95,DEFECTIVE,Opened,
755,12140,ORD-231210-005188,20231216,211,1221,1,1,18.97,NOT_AS_DESCRIBED,Opened,
756,12144,ORD-231210-005190,20231228,156,1317,1,2,102.62,WRONG_SIZE,Damaged,Fit was not what I expected from the size chart.
757,12182,ORD-231210-005201,20231224,145,4,3,1,43.89,NOT_AS_DESCRIBED,New,Missing accessories listed on the page.
758,12210,ORD-231210-005216,20231226,260,707,4,1,40.1,CHANGED_MIND,New,
759,12233,ORD-231211-005226,20240101,3,586,4,2,68.92,WRONG_SIZE,Opened,
760,12235,ORD-231211-005227,20240110,152,139,2,1,54.96,WRONG_SIZE,New,"Too small, ordering a larger size."
761,12282,ORD-231212-005248,20231220,295,1807,3,1,1224.22,WRONG_SIZE,Opened,"Too small, ordering a larger size."
762,12298,ORD-231213-005252,20240108,79,0,2,1,123.96,WRONG_SIZE,New,
763,12360,ORD-231213-005278,20231216,135,2164,1,1,41.67,CHANGED_MIND,New,Bought a duplicate by mistake.
764,12361,ORD-231213-005278,20240106,227,2164,1,1,69.98,WRONG_SIZE,Opened,
765,12362,ORD-231213-005278,20231220,36,2164,1,1,53.95,BETTER_PRICE,New,Found it cheaper elsewhere.
766,12392,ORD-231214-005292,20231222,172,1308,12,1,1481.25,CHANGED_MIND,Damaged,Decided on a different model.
767,12411,ORD-231214-005303,20231218,50,0,2,1,39.25,WRONG_SIZE,Opened,
768,12422,ORD-231214-005308,20231228,67,1347,1,1,3.98,WRONG_SIZE,Opened,
769,12426,ORD-231215-005310,20231222,295,2171,4,2,2448.44,WRONG_SIZE,New,"Too small, ordering a larger size."
770,12427,ORD-231215-005310,20240103,129,2171,4,2,17.0,CHANGED_MIND,Used,Decided on a different model.
771,12428,ORD-231215-005310,20240110,134,2171,4,1,94.95,NOT_AS_DESCRIBED,Opened,
772,12431,ORD-231215-005311,20231230,265,496,1,2,906.04,CHANGED_MIND,New,No longer needed.
773,12440,ORD-231215-005315,20240111,162,1276,12,1,4.67,WRONG_SIZE,New,"Too small, ordering a larger size."
774,12451,ORD-231215-005318,20231227,295,0,8,1,1224.22,NOT_AS_DESCRIBED,Opened,Material feels cheaper than the description suggests.
775,12452,ORD-231215-005318,20240110,90,0,8,1,506.87,DEFECTIVE,New,
776,12470,ORD-231215-005324,20240101,116,1187,1,1,507.9,WRONG_SIZE,New,
777,12473,ORD-231215-005327,20231229,33,1789,2,1,24.18,NOT_AS_DESCRIBED,New,Missing accessories listed on the page.
778,12476,ORD-231215-005329,20231231,35,2119,8,1,3.94,CHANGED_MIND,Opened,No longer needed.
779,12484,ORD-231216-005334,20231228,69,1344,6,3,53.46,DEFECTIVE,Damaged,
780,12502,ORD-231216-005342,20240114,36,1151,4,2,107.9,CHANGED_MIND,Damaged,
781,12530,ORD-231216-005357,20240102,195,670,12,1,23.84,WRONG_SIZE,Opened,
782,12537,ORD-231216-005360,20240105,296,1317,11,1,36.93,CHANGED_MIND,Damaged,
783,12538,ORD-231216-005360,20231222,93,1317,11,1,37.71,CHANGED_MIND,Used,No longer needed.
784,12541,ORD-231216-005360,20231224,45,1317,11,1,24.95,WRONG_SIZE,Opened,Runs large compared to other brands.
785,12554,ORD-231216-005364,20231226,95,486,2,1,3.07,WRONG_SIZE,Opened,Fit was not what I expected from the size chart.
786,12568,ORD-231217-005370,20240116,295,1020,9,1,1224.22,WRONG_SIZE,Opened,"Too small, ordering a larger size."
787,12603,ORD-231218-005387,20240103,295,2078,2,1,1224.22,DEFECTIVE,Used,Item stopped working after two days.
788,12631,ORD-231218-005397,20231225,247,376,1,1,173.48,WRONG_SIZE,Opened,"Too small, ordering a larger size."
789,12632,ORD-231218-005397,20240117,146,376,1,2,20.96,WRONG_SIZE,Opened,Fit was not what I expected from the size chart.
790,12633,ORD-231218-005397,20240113,123,376,1,1,113.73,DEFECTIVE,Used,Stitching came apart on first wash.
791,12648,ORD-231218-005402,20240106,260,0,8,1,40.1,DEFECTIVE,Used,
792,12653,ORD-231219-005406,20240114,116,0,2,4,2031.6,NOT_AS_DESCRIBED,Damaged,
793,12654,ORD-231219-005407,20240104,36,1308,2,1,53.95,CHANGED_MIND,New,
794,12667,ORD-231219-005411,20231227,45,859,1,1,24.95,CHANGED_MIND,Damaged,
795,12682,ORD-231219-005415,20231225,260,1316,1,1,40.1,WRONG_SIZE,New,Runs large compared to other brands.
796,12716,ORD-231220-005428,20240101,295,2179,10,1,918.16,NOT_AS_DESCRIBED,Opened,Missing accessories listed on the page.
797,12722,ORD-231220-005432,20240116,178,1821,2,1,46.18,LATE_DELIVERY,Used,Arrived after the event I needed it for.
798,12731,ORD-231220-005436,20231221,260,2048,2,2,60.15,WRONG_SIZE,Damaged,"Too small, ordering a larger size."
799,12748,ORD-231220-005441,20240110,36,785,7,1,40.46,NOT_AS_DESCRIBED,New,Material feels cheaper than the description suggests.
800,12762,ORD-231221-005449,20231226,260,1943,2,1,30.07,WRONG_SIZE,Used,"Too small, ordering a larger size."
801,12771,ORD-231221-005454,20231229,295,1308,1,1,918.16,BETTER_PRICE,Opened,Found it cheaper elsewhere.
802,12793,ORD-231221-005466,20240108,140,0,12,1,44.95,LATE_DELIVERY,Opened,Delivery took far longer than promised.
803,12794,ORD-231221-005466,20231230,249,0,12,1,13.7,WRONG_SIZE,Opened,
804,12805,ORD-231222-005471,20231229,116,870,1,2,761.85,DEFECTIVE,New,Screen had a visible crack on arrival.
805,12829,ORD-231222-005483,20231227,295,2193,2,1,918.16,NOT_AS_DESCRIBED,Opened,Material feels cheaper than the description suggests.
806,12834,ORD-231222-005483,20240119,260,2193,2,1,40.1,NOT_AS_DESCRIBED,New,
807,12844,ORD-231222-005487,20240120,101,1590,1,1,9.3,LATE_DELIVERY,Opened,
808,12856,ORD-231223-005493,20240108,116,507,1,1,507.9,CHANGED_MIND,Opened,Bought a duplicate by mistake.
809,12873,ORD-231223-005498,20240113,36,208,9,1,53.95,CHANGED_MIND,Opened,Bought a duplicate by mistake.
810,12887,ORD-231223-005505,20231229,134,496,6,1,71.21,NOT_AS_DESCRIBED,Opened,Colour looks different from the photos.
811,12893,ORD-231223-005507,20240108,36,1223,7,1,53.95,NOT_AS_DESCRIBED,Used,
812,12923,ORD-231224-005519,20240120,36,0,4,1,40.46,NOT_AS_DESCRIBED,Opened,
813,12936,ORD-231224-005522,20240121,213,39,1,3,50.49,CHANGED_MIND,Used,No longer needed.
814,12966,ORD-231224-005533,20240121,36,39,4,1,40.46,BETTER_PRICE,New,Found it cheaper elsewhere.
815,12983,ORD-231225-005542,20240107,237,744,14,3,13.92,CHANGED_MIND,New,Bought a duplicate by mistake.
816,13002,ORD-231226-005553,20240115,116,1390,2,1,380.92,CHANGED_MIND,Opened,No longer needed.
817,13015,ORD-231226-005560,20240120,140,723,5,1,44.95,NOT_AS_DESCRIBED,New,Material feels cheaper than the description suggests.
818,13058,ORD-231226-005572,20240102,3,372,2,1,25.85,LATE_DELIVERY,New,Delivery took far longer than promised.
819,13065,ORD-231226-005574,20240104,212,748,1,1,352.98,NOT_AS_DESCRIBED,Used,Colour looks different from the photos.
820,13074,ORD-231227-005579,20240116,79,718,2,1,123.96,LATE_DELIVERY,Opened,Arrived after the event I needed it for.
821,13099,ORD-231227-005591,20240123,112,2067,4,1,2.05,CHANGED_MIND,Opened,Bought a duplicate by mistake.
822,13105,ORD-231227-005594,20240123,260,0,4,1,30.07,CHANGED_MIND,Damaged,Decided on a different model.
823,13113,ORD-231228-005598,20240103,96,393,1,1,296.64,WRONG_SIZE,New,
824,13122,ORD-231228-005603,20240127,260,1280,4,1,40.1,WRONG_SIZE,Damaged,"Too small, ordering a larger size."
825,13195,ORD-231229-005634,20240111,93,1976,2,1,28.28,WRONG_SIZE,Opened,Fit was not what I expected from the size chart.
826,13196,ORD-231229-005634,20240108,268,1976,2,1,13.75,DEFECTIVE,New,Item stopped working after two days.
827,13208,ORD-231229-005638,20240121,66,1503,2,3,53.88,CHANGED_MIND,New,No longer needed.
828,13269,ORD-231230-005667,20240110,167,844,1,1,58.47,LATE_DELIVERY,Damaged,Arrived after the event I needed it for.
829,13271,ORD-231230-005667,20240117,116,844,1,1,380.92,DEFECTIVE,New,Screen had a visible crack on arrival.
830,13278,ORD-231230-005669,20240109,3,247,2,1,34.46,WRONG_SIZE,New,Fit was not what I expected from the size chart.
831,13324,ORD-231231-005686,20240112,141,1574,1,2,78.6,WRONG_SIZE,Opened,Fit was not what I expected from the size chart.
832,13331,ORD-231231-005689,20240126,36,2193,4,1,40.46,DEFECTIVE,Opened,Arrived damaged in transit.
833,13346,ORD-231231-005697,20240114,36,0,1,1,53.95,CHANGED_MIND,Damaged,
834,13356,ORD-240101-005702,20240129,229,9,1,1,8.49,LATE_DELIVERY,Opened,
835,13369,ORD-240102-005707,20240120,268,79,14,2,37.78,DEFECTIVE,Damaged,Item stopped working after two days.
836,13378,ORD-240102-005708,20240130,258,1286,4,2,145.13,CHANGED_MIND,Opened,Decided on a different model.
837,13409,ORD-240103-005724,20240201,249,0,2,1,11.99,WRONG_SIZE,New,
838,13443,ORD-240103-005738,20240119,188,0,2,1,182.33,LATE_DELIVERY,Opened,
839,13444,ORD-240103-005738,20240114,36,0,2,1,55.57,DEFECTIVE,Used,Item stopped working after two days.
840,13451,ORD-240104-005742,20240121,295,0,10,1,1071.81,NOT_AS_DESCRIBED,Opened,
841,13517,ORD-240106-005777,20240201,284,335,2,1,55.97,WRONG_SIZE,Damaged,Runs large compared to other brands.
842,13535,ORD-240107-005783,20240131,247,84,12,1,151.88,CHANGED_MIND,New,No longer needed.
843,13537,ORD-240107-005784,20240120,36,1451,12,2,111.14,CHANGED_MIND,Damaged,No longer needed.
844,13540,ORD-240107-005785,20240127,36,0,2,1,55.57,CHANGED_MIND,New,
845,13541,ORD-240107-005786,20240129,211,1801,9,2,33.22,DEFECTIVE,New,
846,13557,ORD-240107-005791,20240203,36,0,2,1,55.57,WRONG_SIZE,New,
847,13558,ORD-240107-005791,20240204,211,0,2,1,19.54,CHANGED_MIND,Used,No longer needed.
848,13563,ORD-240107-005792,20240131,3,1282,2,1,30.17,WRONG_SIZE,New,Runs large compared to other brands.
849,13565,ORD-240107-005792,20240123,226,1282,2,1,11.37,CHANGED_MIND,Opened,No longer needed.
850,13587,ORD-240108-005802,20240112,36,1441,5,1,55.57,WRONG_SIZE,Damaged,Fit was not what I expected from the size chart.
851,13630,ORD-240109-005820,20240128,185,0,2,1,18.39,DEFECTIVE,Opened,
852,13672,ORD-240110-005834,20240206,93,370,10,1,38.84,WRONG_SIZE,New,
853,13678,ORD-240110-005838,20240125,3,1307,2,1,35.49,CHANGED_MIND,New,No longer needed.
854,13695,ORD-240110-005848,20240129,295,603,1,1,1260.95,CHANGED_MIND,Used,No longer needed.
855,13716,ORD-240111-005855,20240125,36,39,8,1,55.57,DEFECTIVE,New,
856,13723,ORD-240111-005859,20240120,295,39,1,1,1260.95,WRONG_SIZE,Opened,
857,13725,ORD-240111-005859,20240204,63,39,1,2,69.34,DEFECTIVE,Used,Screen had a visible crack on arrival.
858,13731,ORD-240111-005860,20240205,140,319,2,1,61.73,BETTER_PRICE,New,Found it cheaper elsewhere.
859,13751,ORD-240112-005872,20240121,267,1308,2,1,36.45,WRONG_SIZE,New,Fit was not what I expected from the size chart.
860,13767,ORD-240113-005879,20240131,300,188,12,4,738.4,WRONG_SIZE,New,
861,13789,ORD-240113-005886,20240118,66,0,1,4,74.0,CHANGED_MIND,Damaged,Decided on a different model.
862,13805,ORD-240113-005892,20240121,260,1583,4,1,41.3,WRONG_SIZE,Used,
863,13830,ORD-240114-005902,20240124,248,496,2,1,23.28,DEFECTIVE,Opened,Screen had a visible crack on arrival.
864,13871,ORD-240115-005919,20240128,155,1789,9,2,43.12,LATE_DELIVERY,New,Arrived after the event I needed it for.
865,13880,ORD-240115-005924,20240122,211,2164,8,1,19.54,NOT_AS_DESCRIBED,Used,
866,13882,ORD-240115-005925,20240131,161,2063,5,2,26.52,WRONG_SIZE,New,
867,13930,ORD-240116-005946,20240201,295,1404,1,4,5043.8,WRONG_SIZE,New,
868,13938,ORD-240116-005947,20240128,36,1312,1,1,55.57,DEFECTIVE,Opened,Stitching came apart on first wash.
869,13957,ORD-240117-005957,20240123,213,1252,2,1,23.11,DEFECTIVE,New,Arrived damaged in transit.
870,13961,ORD-240117-005958,20240127,295,268,10,2,2521.9,CHANGED_MIND,Used,Decided on a different model.
871,13965,ORD-240118-005961,20240214,267,136,1,1,36.45,CHANGED_MIND,New,
872,13970,ORD-240118-005962,20240126,274,1344,8,4,17.64,NOT_AS_DESCRIBED,Used,
873,13989,ORD-240118-005967,20240206,50,1828,5,1,40.43,CHANGED_MIND,Opened,
874,14027,ORD-240120-005984,20240131,105,0,1,2,95.9,BETTER_PRICE,Used,Found it cheaper elsewhere.
875,14035,ORD-240120-005988,20240202,295,0,2,1,1260.95,WRONG_SIZE,New,Fit was not what I expected from the size chart.
876,14080,ORD-240121-006007,20240205,295,2063,8,1,1260.95,NOT_AS_DESCRIBED,Damaged,Material feels cheaper than the description suggests.
877,14138,ORD-240121-006030,20240202,198,49,2,2,153.72,BETTER_PRICE,Damaged,Found it cheaper elsewhere.
878,14142,ORD-240121-006031,20240211,116,984,4,1,523.14,WRONG_SIZE,New,
879,14181,ORD-240123-006047,20240203,211,0,2,1,19.54,CHANGED_MIND,Used,
880,14192,ORD-240123-006053,20240211,50,0,2,1,40.43,WRONG_SIZE,New,
881,14262,ORD-240126-006085,20240202,2,2094,4,1,6.98,WRONG_SIZE,New,
882,14266,ORD-240126-006086,20240206,121,129,2,1,14.73,LATE_DELIVERY,Used,
883,14307,ORD-240127-006098,20240215,295,1866,4,1,1260.95,WRONG_SIZE,Used,"Too small, ordering a larger size."
884,14317,ORD-240127-006102,20240203,36,0,2,1,44.46,CHANGED_MIND,Used,No longer needed.
885,14334,ORD-240127-006110,20240205,36,1790,2,1,44.46,NOT_AS_DESCRIBED,New,Colour looks different from the photos.
886,14339,ORD-240128-006113,20240220,295,1963,8,1,1008.76,WRONG_SIZE,New,
887,14340,ORD-240128-006114,20240220,295,1996,4,2,2017.52,CHANGED_MIND,New,Bought a duplicate by mistake.
888,14348,ORD-240128-006120,20240215,295,1889,4,2,2017.52,CHANGED_MIND,Damaged,
889,14356,ORD-240128-006124,20240207,292,1049,6,1,23.82,WRONG_SIZE,Opened,Fit was not what I expected from the size chart.
890,14361,ORD-240128-006128,20240217,295,1282,6,3,3026.28,DEFECTIVE,Damaged,Item stopped working after two days.
891,14364,ORD-240128-006129,20240207,36,1675,4,1,44.46,CHANGED_MIND,Damaged,
892,14367,ORD-240128-006129,20240215,295,1675,4,4,4035.04,BETTER_PRICE,Used,Found it cheaper elsewhere.
893,14368,ORD-240128-006130,20240209,155,0,13,1,17.25,CHANGED_MIND,Damaged,
894,14372,ORD-240128-006132,20240129,36,387,2,1,44.46,DEFECTIVE,Opened,Arrived damaged in transit.
895,14392,ORD-240129-006138,20240211,119,0,1,1,80.04,DEFECTIVE,New,Arrived damaged in transit.
896,14404,ORD-240129-006142,20240206,129,2110,2,1,8.76,CHANGED_MIND,Damaged,Decided on a different model.
897,14427,ORD-240130-006152,20240213,295,453,13,1,1260.95,WRONG_SIZE,Opened,Runs large compared to other brands.
898,14432,ORD-240130-006153,20240201,186,1308,12,1,28.33,CHANGED_MIND,Damaged,No longer needed.
899,14446,ORD-240131-006162,20240211,295,990,13,2,2521.9,NOT_AS_DESCRIBED,Damaged,Colour looks different from the photos.
900,14454,ORD-240131-006166,20240219,295,796,4,1,1260.95,NOT_AS_DESCRIBED,Used,Missing accessories listed on the page.
901,14467,ORD-240131-006174,20240207,155,1025,1,1,21.56,LATE_DELIVERY,New,
902,14469,ORD-240131-006174,20240225,33,1025,1,1,24.91,WRONG_SIZE,New,Runs large compared to other brands.
903,14492,ORD-240201-006185,20240202,116,2063,4,1,523.14,NOT_AS_DESCRIBED,New,Colour looks different from the photos.
904,14521,ORD-240202-006199,20240229,36,726,1,1,41.68,CHANGED_MIND,New,No longer needed.
905,14553,ORD-240203-006214,20240302,186,2069,1,2,56.66,CHANGED_MIND,Damaged,
906,14556,ORD-240203-006215,20240216,15,931,1,1,99.07,DEFECTIVE,New,Item stopped working after two days.
907,14571,ORD-240204-006221,20240227,295,1285,8,2,2521.9,WRONG_SIZE,Damaged,Runs large compared to other brands.
908,14582,ORD-240204-006227,20240229,198,1282,8,1,76.86,CHANGED_MIND,Damaged,
909,14588,ORD-240204-006229,20240217,247,1364,2,1,134.01,WRONG_SIZE,Opened,
910,14593,ORD-240204-006231,20240215,278,0,1,1,28.53,WRONG_SIZE,New,Runs large compared to other brands.
911,14598,ORD-240204-006232,20240207,295,278,4,1,1260.95,LATE_DELIVERY,New,Arrived after the event I needed it for.
912,14603,ORD-240205-006234,20240213,295,1754,12,1,1260.95,LATE_DELIVERY,Used,Arrived after the event I needed it for.
913,14640,ORD-240205-006247,20240306,36,306,2,1,41.68,NOT_AS_DESCRIBED,Opened,
914,14641,ORD-240206-006248,20240213,69,1526,2,1,18.35,WRONG_SIZE,Used,"Too small, ordering a larger size."
915,14642,ORD-240206-006248,20240221,3,1526,2,4,141.96,WRONG_SIZE,Used,"Too small, ordering a larger size."
916,14645,ORD-240206-006248,20240304,247,1526,2,3,402.03,CHANGED_MIND,Opened,No longer needed.
917,14665,ORD-240206-006257,20240224,260,0,2,1,41.3,CHANGED_MIND,Used,
918,14666,ORD-240206-006258,20240221,140,1888,1,1,61.73,DEFECTIVE,Opened,Stitching came apart on first wash.
919,14677,ORD-240207-006263,20240307,36,0,2,1,55.57,LATE_DELIVERY,Damaged,Arrived after the event I needed it for.
920,14740,ORD-240208-006284,20240211,247,1252,1,1,178.68,CHANGED_MIND,Damaged,
921,14744,ORD-240209-006288,20240218,63,0,2,1,34.67,NOT_AS_DESCRIBED,New,
922,14746,ORD-240209-006290,20240228,260,1715,2,1,41.3,WRONG_SIZE,New,"Too small, ordering a larger size."
923,14790,ORD-240210-006312,20240211,211,1191,1,1,14.65,CHANGED_MIND,Used,Decided on a different model.
924,14805,ORD-240211-006322,20240223,36,220,1,1,55.57,CHANGED_MIND,New,Decided on a different model.
925,14835,ORD-240212-006337,20240312,170,505,13,1,10.39,CHANGED_MIND,Opened,
926,14847,ORD-240212-006341,20240304,155,1021,1,1,21.56,LATE_DELIVERY,Damaged,Delivery took far longer than promised.
927,14854,ORD-240212-006344,20240312,79,387,2,2,255.36,WRONG_SIZE,New,
928,14896,ORD-240214-006363,20240309,166,1362,13,1,3.85,DEFECTIVE,New,
929,14902,ORD-240215-006367,20240221,105,1566,9,1,47.95,DEFECTIVE,Used,
930,14916,ORD-240215-006373,20240306,91,1404,13,1,33.63,WRONG_SIZE,Damaged,Runs large compared to other brands.
931,14923,ORD-240215-006374,20240302,14,2083,1,1,59.26,CHANGED_MIND,Opened,
932,14934,ORD-240216-006378,20240301,13,42,1,1,153.63,WRONG_SIZE,New,Runs large compared to other brands.
933,14945,ORD-240216-006381,20240306,283,1998,1,1,16.41,DEFECTIVE,New,
934,14949,ORD-240216-006384,20240308,295,868,8,1,1260.95,DEFECTIVE,Damaged,Arrived damaged in transit.
935,14955,ORD-240216-006385,20240222,191,526,10,1,211.87,CHANGED_MIND,Used,
936,14980,ORD-240217-006396,20240304,295,1350,1,1,1260.95,DEFECTIVE,Opened,Item stopped working after two days.
937,14988,ORD-240217-006401,20240304,283,1282,13,2,32.82,WRONG_SIZE,Damaged,
938,15086,ORD-240220-006447,20240302,295,1307,13,1,1260.95,LATE_DELIVERY,Damaged,
939,15141,ORD-240221-006468,20240308,247,544,2,1,178.68,CHANGED_MIND,New,
940,15173,ORD-240222-006481,20240312,295,0,2,1,1260.95,CHANGED_MIND,New,Decided on a different model.
941,15176,ORD-240222-006482,20240224,281,1308,6,1,258.84,NOT_AS_DESCRIBED,Used,Colour looks different from the photos.
942,15179,ORD-240222-006483,20240320,43,225,5,3,57.3,CHANGED_MIND,Damaged,
943,15206,ORD-240223-006492,20240302,260,486,7,3,123.9,NOT_AS_DESCRIBED,Opened,Missing accessories listed on the page.
944,15219,ORD-240224-006497,20240313,90,493,10,3,1566.24,WRONG_SIZE,Damaged,"Too small, ordering a larger size."
945,15223,ORD-240224-006498,20240308,194,0,1,1,18.93,WRONG_SIZE,New,
946,15248,ORD-240224-006510,20240305,36,1405,5,2,111.14,DEFECTIVE,Opened,
947,15298,ORD-240226-006531,20240327,50,0,8,1,40.43,WRONG_SIZE,New,"Too small, ordering a larger size."
948,15312,ORD-240226-006536,20240324,109,295,1,1,27.62,WRONG_SIZE,Opened,
949,15319,ORD-240227-006538,20240315,36,2250,2,1,55.57,CHANGED_MIND,New,
950,15345,ORD-240228-006545,20240307,277,1789,12,1,431.48,CHANGED_MIND,Damaged,Bought a duplicate by mistake.
951,15392,ORD-240229-006568,20240311,134,2195,2,1,97.8,LATE_DELIVERY,Used,Arrived after the event I needed it for.
952,15429,ORD-240302-006589,20240310,145,723,8,1,45.21,CHANGED_MIND,Damaged,Decided on a different model.
953,15439,ORD-240303-006592,20240330,36,0,2,2,111.14,NOT_AS_DESCRIBED,Opened,
954,15446,ORD-240303-006595,20240314,31,1901,4,1,1177.75,WRONG_SIZE,New,Runs large compared to other brands.
955,15454,ORD-240303-006599,20240312,36,0,4,1,55.57,WRONG_SIZE,Used,"Too small, ordering a larger size."
956,15456,ORD-240303-006600,20240315,198,1730,2,1,76.86,CHANGED_MIND,New,No longer needed.
957,15517,ORD-240305-006624,20240316,63,1715,3,1,34.67,WRONG_SIZE,New,Runs large compared to other brands.
958,15518,ORD-240305-006624,20240327,105,1715,3,1,47.95,CHANGED_MIND,New,Bought a duplicate by mistake.
959,15538,ORD-240305-006629,20240311,96,383,4,1,305.54,WRONG_SIZE,New,"Too small, ordering a larger size."
960,15558,ORD-240306-006638,20240401,191,2151,5,1,211.87,CHANGED_MIND,Damaged,
961,15563,ORD-240306-006640,20240330,116,0,2,1,523.14,CHANGED_MIND,New,Decided on a different model.
962,15569,ORD-240306-006641,20240405,105,1307,6,1,47.95,WRONG_SIZE,Opened,
963,15587,ORD-240306-006646,20240318,260,107,12,3,123.9,WRONG_SIZE,New,Fit was not what I expected from the size chart.
964,15589,ORD-240306-006647,20240324,260,2063,2,1,41.3,DEFECTIVE,New,Screen had a visible crack on arrival.
965,15618,ORD-240307-006658,20240317,211,1679,2,1,19.54,NOT_AS_DESCRIBED,Opened,
966,15621,ORD-240307-006659,20240323,295,309,4,1,1260.95,NOT_AS_DESCRIBED,Opened,Missing accessories listed on the page.
967,15631,ORD-240307-006661,20240313,249,1642,1,1,14.11,CHANGED_MIND,Used,No longer needed.
968,15695,ORD-240309-006698,20240330,300,1647,1,1,184.6,NOT_AS_DESCRIBED,Opened,
969,15722,ORD-240309-006709,20240401,140,1843,1,1,61.73,DEFECTIVE,Opened,Screen had a visible crack on arrival.
970,15734,ORD-240310-006713,20240325,295,2069,2,3,3404.56,NOT_AS_DESCRIBED,Opened,
971,15759,ORD-240310-006723,20240320,49,865,3,1,6.22,WRONG_SIZE,Opened,"Too small, ordering a larger size."
972,15821,ORD-240312-006751,20240320,41,913,12,1,847.87,CHANGED_MIND,Damaged,
973,15822,ORD-240312-006752,20240314,295,1447,2,1,1260.95,DEFECTIVE,Damaged,
974,15827,ORD-240312-006753,20240319,199,1836,2,1,79.89,NOT_AS_DESCRIBED,Damaged,
975,15848,ORD-240313-006766,20240327,69,1715,10,1,18.35,WRONG_SIZE,Opened,Fit was not what I expected from the size chart.
976,15852,ORD-240313-006769,20240402,271,1652,12,1,11.65,DEFECTIVE,Damaged,
977,15870,ORD-240314-006773,20240319,36,1123,4,1,55.57,CHANGED_MIND,Used,Bought a duplicate by mistake.
978,15885,ORD-240315-006785,20240322,90,1694,2,2,1044.16,WRONG_SIZE,Damaged,
979,15886,ORD-240315-006786,20240329,93,2184,2,4,155.36,LATE_DELIVERY,Opened,
980,15888,ORD-240315-006786,20240406,295,2184,2,2,2521.9,CHANGED_MIND,Used,Decided on a different model.
981,15925,ORD-240316-006801,20240323,295,1280,13,1,1260.95,WRONG_SIZE,Opened,
982,15927,ORD-240316-006802,20240404,226,295,2,1,13.37,WRONG_SIZE,New,
983,15933,ORD-240316-006803,20240406,34,2150,5,1,1.25,LATE_DELIVERY,Opened,Arrived after the event I needed it for.
984,15947,ORD-240316-006810,20240330,211,582,1,1,19.54,CHANGED_MIND,Damaged,
985,15950,ORD-240316-006810,20240324,36,582,1,1,55.57,NOT_AS_DESCRIBED,Opened,Material feels cheaper than the description suggests.
986,15971,ORD-240317-006820,20240402,295,1482,2,1,1260.95,CHANGED_MIND,New,
987,15987,ORD-240317-006830,20240401,116,0,1,1,523.14,NOT_AS_DESCRIBED,Opened,Missing accessories listed on the page.
988,15989,ORD-240318-006831,20240407,80,463,1,1,7.22,CHANGED_MIND,Used,No longer needed.
989,16034,ORD-240319-006852,20240415,159,1778,6,1,92.4,DEFECTIVE,Opened,Arrived damaged in transit.
990,16047,ORD-240319-006856,20240405,295,1789,1,2,2521.9,NOT_AS_DESCRIBED,Used,Missing accessories listed on the page.
991,16053,ORD-240320-006860,20240328,247,1561,2,1,178.68,DEFECTIVE,Used,Stitching came apart on first wash.
992,16082,ORD-240320-006872,20240411,295,0,8,1,1260.95,CHANGED_MIND,Opened,Bought a duplicate by mistake.
993,16103,ORD-240322-006882,20240401,295,915,2,2,2521.9,NOT_AS_DESCRIBED,Damaged,
994,16114,ORD-240322-006887,20240410,116,2176,1,1,523.14,CHANGED_MIND,Opened,
995,16119,ORD-240322-006889,20240416,93,524,1,1,38.84,NOT_AS_DESCRIBED,New,Material feels cheaper than the description suggests.
996,16128,ORD-240323-006890,20240324,247,1229,1,1,178.68,BETTER_PRICE,Used,Found it cheaper elsewhere.
997,16135,ORD-240323-006895,20240403,66,2121,2,1,18.5,WRONG_SIZE,Opened,Fit was not what I expected from the size chart.
998,16136,ORD-240323-006896,20240406,36,1365,1,3,166.71,WRONG_SIZE,New,Runs large compared to other brands.
999,16181,ORD-240324-006911,20240414,93,1204,12,1,38.84,DEFECTIVE,New,
1000,16216,ORD-240325-006925,20240402,152,511,1,1,56.61,WRONG_SIZE,Opened,Fit was not what I expected from the size chart.
1001,16218,ORD-240325-006926,20240402,260,1763,1,1,41.3,LATE_DELIVERY,Opened,Arrived after the event I needed it for.
1002,16237,ORD-240325-006934,20240417,123,236,1,1,117.14,WRONG_SIZE,Damaged,Fit was not what I expected from the size chart.
1003,16244,ORD-240326-006937,20240421,106,1644,9,1,14.58,DEFECTIVE,New,Screen had a visible crack on arrival.
1004,16267,ORD-240326-006947,20240330,3,0,2,1,35.49,DEFECTIVE,Used,
1005,16355,ORD-240330-006989,20240417,102,1789,14,1,391.58,WRONG_SIZE,Opened,
1006,16377,ORD-240330-006995,20240426,211,997,1,2,39.08,LATE_DELIVERY,Opened,Delivery took far longer than promised.
1007,16386,ORD-240330-006999,20240410,50,476,8,3,121.29,WRONG_SIZE,Damaged,Runs large compared to other brands.
1008,16401,ORD-240331-007004,20240427,247,0,4,1,178.68,DEFECTIVE,Used,Item stopped working after two days.
1009,16422,ORD-240401-007013,20240427,157,46,2,2,201.28,DEFECTIVE,New,Screen had a visible crack on arrival.
1010,16428,ORD-240401-007014,20240420,281,2171,2,1,258.84,CHANGED_MIND,Used,Decided on a different model.
1011,16479,ORD-240402-007030,20240422,211,925,1,1,19.54,LATE_DELIVERY,Opened,Delivery took far longer than promised.
1012,16481,ORD-240402-007031,20240404,295,0,1,1,1260.95,CHANGED_MIND,Opened,No longer needed.
1013,16520,ORD-240403-007046,20240422,36,39,6,1,55.57,BETTER_PRICE,Used,
1014,16526,ORD-240403-007048,20240501,295,503,11,2,2521.9,DEFECTIVE,Opened,Stitching came apart on first wash.
1015,16528,ORD-240403-007049,20240420,295,2171,12,1,1260.95,DEFECTIVE,Opened,
1016,16533,ORD-240404-007050,20240502,36,891,13,1,55.57,DEFECTIVE,Opened,
1017,16546,ORD-240404-007052,20240407,249,748,7,1,14.11,CHANGED_MIND,New,No longer needed.
1018,16576,ORD-240404-007067,20240420,135,1706,1,1,42.92,NOT_AS_DESCRIBED,New,Missing accessories listed on the page.
1019,16595,ORD-240405-007078,20240412,178,1785,12,1,47.57,WRONG_SIZE,Opened,Runs large compared to other brands.
1020,16597,ORD-240405-007078,20240504,295,1785,12,1,1260.95,DEFECTIVE,New,
1021,16627,ORD-240406-007093,20240505,36,2041,1,1,55.57,WRONG_SIZE,Opened,"Too small, ordering a larger size."
1022,16658,ORD-240406-007105,20240415,239,1926,4,1,2.94,BETTER_PRICE,New,Found it cheaper elsewhere.
1023,16660,ORD-240406-007105,20240416,295,1926,4,1,1260.95,DEFECTIVE,Damaged,Screen had a visible crack on arrival.
1024,16702,ORD-240407-007121,20240419,295,1391,12,1,1260.95,DEFECTIVE,Used,Arrived damaged in transit.
1025,16718,ORD-240407-007129,20240507,295,64,11,1,1260.95,NOT_AS_DESCRIBED,New,
1026,16766,ORD-240408-007145,20240414,276,437,1,1,899.55,WRONG_SIZE,Used,Runs large compared to other brands.
1027,16796,ORD-240409-007156,20240426,211,1662,2,1,19.54,NOT_AS_DESCRIBED,New,
1028,16820,ORD-240409-007162,20240425,5,1056,1,1,113.65,WRONG_SIZE,Opened,Runs large compared to other brands.
1029,16835,ORD-240410-007172,20240422,299,0,1,1,14.21,CHANGED_MIND,Opened,No longer needed.
1030,16839,ORD-240410-007174,20240420,295,1686,8,1,1260.95,CHANGED_MIND,Damaged,Bought a duplicate by mistake.
1031,16841,ORD-240410-007175,20240420,36,1380,2,4,222.28,CHANGED_MIND,New,Decided on a different model.
1032,16844,ORD-240411-007177,20240428,159,471,1,1,92.4,NOT_AS_DESCRIBED,Opened,
1033,16861,ORD-240411-007184,20240420,84,2147,4,1,13.94,WRONG_SIZE,Opened,
1034,16872,ORD-240411-007189,20240501,120,177,2,2,29.26,DEFECTIVE,New,Screen had a visible crack on arrival.
1035,16879,ORD-240412-007193,20240428,295,2156,13,1,1260.95,BETTER_PRICE,Opened,Found it cheaper elsewhere.
1036,16889,ORD-240412-007199,20240423,33,1644,11,1,24.91,CHANGED_MIND,Used,
1037,16891,ORD-240412-007199,20240427,36,1644,11,1,55.57,NOT_AS_DESCRIBED,Opened,
1038,16913,ORD-240413-007207,20240510,211,2184,1,1,19.54,DEFECTIVE,Used,Arrived damaged in transit.
1039,16919,ORD-240413-007211,20240419,295,2147,7,1,1260.95,DEFECTIVE,New,
1040,16944,ORD-240414-007225,20240429,149,2093,2,2,26.76,WRONG_SIZE,Damaged,"Too small, ordering a larger size."
1041,16998,ORD-240415-007248,20240514,247,865,5,2,357.36,DEFECTIVE,New,Screen had a visible crack on arrival.
1042,17001,ORD-240415-007250,20240417,3,2054,3,1,35.49,WRONG_SIZE,New,Fit was not what I expected from the size chart.
1043,17007,ORD-240415-007251,20240428,170,0,9,1,10.39,CHANGED_MIND,Damaged,No longer needed.
1044,17016,ORD-240415-007252,20240508,227,2239,8,1,72.08,CHANGED_MIND,New,
1045,17067,ORD-240416-007272,20240426,187,0,1,1,6.87,CHANGED_MIND,Opened,
1046,17082,ORD-240417-007277,20240504,218,0,8,1,25.44,CHANGED_MIND,Damaged,Decided on a different model.
1047,17129,ORD-240419-007298,20240504,219,1285,1,3,131.04,CHANGED_MIND,Opened,
1048,17145,ORD-240420-007308,20240508,155,1004,2,1,21.56,CHANGED_MIND,Used,Bought a duplicate by mistake.
1049,17166,ORD-240420-007319,20240427,63,2108,9,1,26.0,WRONG_SIZE,New,Runs large compared to other brands.
1050,17170,ORD-240420-007321,20240422,93,1599,1,1,38.84,NOT_AS_DESCRIBED,New,
1051,17234,ORD-240423-007352,20240511,295,0,1,1,1260.95,CHANGED_MIND,Opened,Decided on a different model.
1052,17258,ORD-240423-007361,20240502,140,526,13,1,61.73,CHANGED_MIND,New,
1053,17305,ORD-240425-007384,20240505,211,440,2,1,19.54,WRONG_SIZE,Damaged,Runs large compared to other brands.
1054,17307,ORD-240425-007384,20240513,227,440,2,1,54.06,DEFECTIVE,Used,
1055,17316,ORD-240425-007388,20240502,175,1828,13,1,189.59,DEFECTIVE,Damaged,Arrived damaged in transit.
1056,17337,ORD-240426-007402,20240516,140,527,2,1,61.73,BETTER_PRICE,New,Found it cheaper elsewhere.
1057,17348,ORD-240426-007408,20240515,36,93,2,1,55.57,NOT_AS_DESCRIBED,New,Material feels cheaper than the description suggests.
1058,17404,ORD-240428-007430,20240523,295,908,1,2,2521.9,WRONG_SIZE,Used,
1059,17410,ORD-240428-007433,20240501,295,929,2,1,1260.95,WRONG_SIZE,Opened,Fit was not what I expected from the size chart.
1060,17436,ORD-240429-007446,20240505,148,1267,11,1,7.18,BETTER_PRICE,Damaged,
1061,17437,ORD-240429-007446,20240501,35,1267,11,2,8.12,NOT_AS_DESCRIBED,New,
1062,17445,ORD-240429-007450,20240501,209,707,2,1,24.13,NOT_AS_DESCRIBED,Opened,Missing accessories listed on the page.
1063,17446,ORD-240429-007450,20240513,91,707,2,2,67.26,BETTER_PRICE,Opened,Found it cheaper elsewhere.
1064,17456,ORD-240430-007453,20240522,36,1139,2,1,55.57,DEFECTIVE,Opened,Arrived damaged in transit.
1065,17458,ORD-240430-007454,20240513,295,1127,2,1,1260.95,CHANGED_MIND,New,No longer needed.
1066,17465,ORD-240430-007457,20240520,260,1843,2,1,30.97,WRONG_SIZE,New,Fit was not what I expected from the size chart.
1067,17480,ORD-240430-007461,20240526,249,1585,2,1,10.58,WRONG_SIZE,Opened,Fit was not what I expected from the size chart.
1068,17508,ORD-240430-007472,20240514,295,2193,1,1,1260.95,DEFECTIVE,Opened,Stitching came apart on first wash.
1069,17512,ORD-240430-007472,20240509,91,2193,1,1,25.22,WRONG_SIZE,Opened,Runs large compared to other brands.
1070,17513,ORD-240430-007472,20240526,295,2193,1,3,3782.85,WRONG_SIZE,Damaged,
1071,17532,ORD-240501-007479,20240525,185,748,8,2,36.78,CHANGED_MIND,Opened,Bought a duplicate by mistake.
1072,17538,ORD-240501-007481,20240502,295,890,2,1,1260.95,WRONG_SIZE,Used,
1073,17547,ORD-240501-007482,20240519,249,0,1,2,28.22,WRONG_SIZE,Used,
1074,17560,ORD-240502-007489,20240513,237,1777,9,2,9.56,NOT_AS_DESCRIBED,Used,Missing accessories listed on the page.
1075,17578,ORD-240502-007498,20240504,102,2179,2,1,391.58,NOT_AS_DESCRIBED,Used,Missing accessories listed on the page.
1076,17583,ORD-240502-007499,20240521,260,482,12,2,82.6,DEFECTIVE,Opened,Screen had a visible crack on arrival.
1077,17637,ORD-240504-007522,20240511,36,1032,4,1,55.57,BETTER_PRICE,Used,
1078,17643,ORD-240504-007525,20240530,66,958,9,2,37.0,NOT_AS_DESCRIBED,Damaged,Material feels cheaper than the description suggests.
1079,17658,ORD-240505-007538,20240522,35,1216,13,1,4.06,CHANGED_MIND,Used,
1080,17662,ORD-240505-007540,20240512,146,1780,1,1,10.79,NOT_AS_DESCRIBED,Opened,
1081,17665,ORD-240505-007540,20240603,295,1780,1,1,1260.95,BETTER_PRICE,Opened,Found it cheaper elsewhere.
1082,17693,ORD-240505-007549,20240518,140,1728,1,1,61.73,NOT_AS_DESCRIBED,Opened,Material feels cheaper than the description suggests.
1083,17767,ORD-240508-007586,20240605,295,0,2,1,1260.95,LATE_DELIVERY,Damaged,Delivery took far longer than promised.
1084,17791,ORD-240508-007593,20240529,156,1092,8,2,105.7,DEFECTIVE,New,Item stopped working after two days.
1085,17800,ORD-240509-007600,20240518,28,328,2,1,595.38,DEFECTIVE,Used,Screen had a visible crack on arrival.
1086,17812,ORD-240509-007604,20240524,36,1282,2,1,55.57,WRONG_SIZE,Used,Runs large compared to other brands.
1087,17817,ORD-240509-007606,20240604,36,505,12,1,55.57,CHANGED_MIND,New,No longer needed.
1088,17839,ORD-240510-007618,20240514,247,1173,4,3,536.04,CHANGED_MIND,New,Bought a duplicate by mistake.
1089,17874,ORD-240511-007632,20240527,87,0,2,1,816.39,CHANGED_MIND,Opened,
1090,17880,ORD-240511-007635,20240529,260,1789,12,1,41.3,NOT_AS_DESCRIBED,Damaged,Missing accessories listed on the page.
1091,17894,ORD-240511-007638,20240518,191,777,2,1,211.87,BETTER_PRICE,New,Found it cheaper elsewhere.
1092,17901,ORD-240511-007640,20240518,295,331,2,1,1260.95,BETTER_PRICE,Used,Found it cheaper elsewhere.
1093,17913,ORD-240511-007644,20240516,210,1789,1,1,181.38,WRONG_SIZE,Opened,
1094,17914,ORD-240511-007644,20240606,226,1789,1,1,13.37,NOT_AS_DESCRIBED,New,
1095,17915,ORD-240511-007645,20240610,265,0,4,1,466.61,NOT_AS_DESCRIBED,Opened,Missing accessories listed on the page.
1096,17926,ORD-240511-007649,20240603,295,1276,1,1,1260.95,CHANGED_MIND,New,
1097,17927,ORD-240511-007649,20240513,31,1276,1,1,1177.75,LATE_DELIVERY,Opened,Arrived after the event I needed it for.
1098,17935,ORD-240512-007654,20240610,247,694,1,1,178.68,CHANGED_MIND,New,
1099,17937,ORD-240512-007654,20240525,69,694,1,1,18.35,CHANGED_MIND,Damaged,
1100,17938,ORD-240512-007655,20240530,283,748,13,1,16.41,WRONG_SIZE,Used,
1101,17953,ORD-240512-007663,20240607,295,0,1,2,2521.9,CHANGED_MIND,Opened,
1102,17968,ORD-240512-007668,20240522,295,1282,4,1,1260.95,WRONG_SIZE,Opened,
1103,17990,ORD-240513-007678,20240603,262,335,12,1,36.36,LATE_DELIVERY,Opened,Delivery took far longer than promised.
1104,18021,ORD-240514-007696,20240519,36,1030,1,1,55.57,BETTER_PRICE,Opened,Found it cheaper elsewhere.
1105,18041,ORD-240515-007705,20240522,211,0,1,1,19.54,DEFECTIVE,Damaged,Stitching came apart on first wash.
1106,18043,ORD-240515-007706,20240525,145,507,1,1,45.21,CHANGED_MIND,Opened,Bought a duplicate by mistake.
1107,18066,ORD-240516-007715,20240517,63,700,1,1,34.67,WRONG_SIZE,New,
1108,18169,ORD-240519-007761,20240607,91,345,1,1,33.63,CHANGED_MIND,Damaged,Decided on a different model.
1109,18185,ORD-240519-007766,20240608,35,1578,3,1,4.06,CHANGED_MIND,Opened,
1110,18263,ORD-240522-007806,20240608,130,0,4,1,64.9,LATE_DELIVERY,Opened,
1111,18287,ORD-240522-007818,20240529,295,39,14,1,1260.95,DEFECTIVE,Damaged,Arrived damaged in transit.
1112,18288,ORD-240523-007819,20240531,36,2144,10,1,55.57,BETTER_PRICE,Used,Found it cheaper elsewhere.
1113,18302,ORD-240523-007827,20240604,36,1789,1,1,55.57,WRONG_SIZE,New,"Too small, ordering a larger size."
1114,18337,ORD-240524-007843,20240617,140,516,1,1,61.73,NOT_AS_DESCRIBED,Opened,Missing accessories listed on the page.
1115,18348,ORD-240525-007850,20240620,141,1282,2,1,53.97,CHANGED_MIND,New,Bought a duplicate by mistake.
1116,18384,ORD-240525-007863,20240531,140,920,1,2,123.46,NOT_AS_DESCRIBED,Damaged,Material feels cheaper than the description suggests.
1117,18412,ORD-240526-007874,20240603,140,749,1,2,123.46,WRONG_SIZE,Damaged,"Too small, ordering a larger size."
1118,18417,ORD-240526-007878,20240625,211,2007,13,2,39.08,NOT_AS_DESCRIBED,Damaged,Colour looks different from the photos.
1119,18498,ORD-240528-007914,20240606,115,1364,14,1,8.51,CHANGED_MIND,Opened,Bought a duplicate by mistake.
1120,18530,ORD-240529-007922,20240531,36,0,1,1,55.57,LATE_DELIVERY,Opened,Arrived after the event I needed it for.
1121,18540,ORD-240529-007929,20240611,63,1844,12,1,34.67,WRONG_SIZE,Opened,
1122,18544,ORD-240529-007930,20240612,141,261,1,1,53.97,WRONG_SIZE,Damaged,
1123,18555,ORD-240530-007937,20240624,295,1575,1,1,1260.95,DEFECTIVE,New,
1124,18579,ORD-240531-007947,20240622,135,485,1,1,42.92,WRONG_SIZE,Damaged,
1125,18613,ORD-240601-007961,20240629,45,668,2,1,25.7,CHANGED_MIND,New,No longer needed.
1126,18618,ORD-240601-007963,20240610,245,0,2,1,10.95,NOT_AS_DESCRIBED,Opened,
1127,18625,ORD-240602-007965,20240628,31,295,12,4,4711.0,WRONG_SIZE,New,
1128,18643,ORD-240602-007974,20240626,295,927,8,1,1260.95,DEFECTIVE,New,Stitching came apart on first wash.
1129,18645,ORD-240602-007975,20240607,295,0,13,2,2521.9,WRONG_SIZE,New,Runs large compared to other brands.
1130,18676,ORD-240603-007992,20240613,36,1855,8,1,55.57,CHANGED_MIND,Opened,
1131,18685,ORD-240604-007995,20240612,36,1282,2,1,55.57,NOT_AS_DESCRIBED,Damaged,
1132,18688,ORD-240604-007996,20240615,295,2197,12,1,1260.95,DEFECTIVE,Used,Screen had a visible crack on arrival.
1133,18689,ORD-240604-007996,20240701,84,2197,12,3,41.82,DEFECTIVE,Damaged,
1134,18703,ORD-240604-008002,20240613,13,1789,2,1,153.63,NOT_AS_DESCRIBED,New,Missing accessories listed on the page.
1135,18721,ORD-240604-008006,20240609,66,1282,2,2,37.0,DEFECTIVE,Used,Screen had a visible crack on arrival.
1136,18727,ORD-240604-008007,20240630,260,0,8,3,123.9,DEFECTIVE,New,Stitching came apart on first wash.
1137,18784,ORD-240606-008031,20240630,295,526,2,2,2521.9,WRONG_SIZE,Damaged,
1138,18827,ORD-240607-008048,20240612,260,1140,14,3,123.9,DEFECTIVE,Opened,
1139,18829,ORD-240607-008048,20240622,293,1140,14,1,3.8,WRONG_SIZE,Opened,
1140,18838,ORD-240607-008052,20240608,295,310,1,1,1260.95,DEFECTIVE,New,Stitching came apart on first wash.
1141,18849,ORD-240608-008057,20240617,105,552,14,1,47.95,BETTER_PRICE,Used,Found it cheaper elsewhere.
1142,18858,ORD-240608-008060,20240630,219,1187,3,1,43.68,NOT_AS_DESCRIBED,Used,Missing accessories listed on the page.
1143,18864,ORD-240608-008062,20240628,36,2063,1,1,55.57,WRONG_SIZE,New,
1144,18923,ORD-240609-008087,20240624,295,2179,8,1,1260.95,CHANGED_MIND,New,No longer needed.
1145,18930,ORD-240610-008089,20240630,43,2179,2,1,19.1,DEFECTIVE,New,Stitching came apart on first wash.
1146,18951,ORD-240611-008101,20240629,211,0,2,1,19.54,DEFECTIVE,Damaged,Screen had a visible crack on arrival.
1147,18955,ORD-240611-008103,20240619,75,2090,1,1,9.9,CHANGED_MIND,Opened,
1148,18957,ORD-240611-008104,20240626,211,1789,1,1,19.54,BETTER_PRICE,Damaged,
1149,18973,ORD-240611-008111,20240703,259,2152,1,1,36.27,WRONG_SIZE,New,
1150,18989,ORD-240611-008118,20240628,63,725,13,2,69.34,DEFECTIVE,Damaged,Screen had a visible crack on arrival.
1151,19021,ORD-240612-008131,20240711,295,954,3,1,1260.95,WRONG_SIZE,Damaged,
1152,19049,ORD-240613-008143,20240617,295,913,6,1,1260.95,CHANGED_MIND,Damaged,
1153,19060,ORD-240613-008147,20240704,93,748,2,1,38.84,WRONG_SIZE,Opened,
1154,19065,ORD-240614-008151,20240713,295,99,1,4,5043.8,NOT_AS_DESCRIBED,Damaged,
1155,19072,ORD-240614-008154,20240701,105,2171,12,1,47.95,LATE_DELIVERY,Opened,
1156,19074,ORD-240614-008154,20240709,66,2171,12,2,37.0,CHANGED_MIND,New,Bought a duplicate by mistake.
1157,19080,ORD-240614-008158,20240621,109,0,2,1,27.62,DEFECTIVE,Opened,Screen had a visible crack on arrival.
1158,19097,ORD-240615-008165,20240627,129,0,2,1,8.76,DEFECTIVE,Used,
1159,19138,ORD-240616-008180,20240715,295,949,1,1,1260.95,CHANGED_MIND,Opened,Decided on a different model.
1160,19149,ORD-240616-008186,20240629,295,2193,2,3,3782.85,NOT_AS_DESCRIBED,New,Material feels cheaper than the description suggests.
1161,19165,ORD-240616-008195,20240622,260,1789,1,2,82.6,DEFECTIVE,Damaged,Arrived damaged in transit.
1162,19172,ORD-240616-008196,20240626,36,1992,2,1,55.57,NOT_AS_DESCRIBED,Damaged,Missing accessories listed on the page.
1163,19187,ORD-240617-008203,20240707,75,2063,8,1,9.9,WRONG_SIZE,Damaged,
1164,19202,ORD-240617-008209,20240628,152,1811,1,1,56.61,NOT_AS_DESCRIBED,Opened,
1165,19203,ORD-240617-008209,20240706,140,1811,1,2,123.46,NOT_AS_DESCRIBED,New,Missing accessories listed on the page.
1166,19206,ORD-240617-008209,20240623,227,1811,1,1,72.08,LATE_DELIVERY,Opened,Delivery took far longer than promised.
1167,19214,ORD-240617-008213,20240629,40,1588,4,1,1134.05,NOT_AS_DESCRIBED,New,
1168,19219,ORD-240617-008214,20240628,149,2165,10,1,13.38,WRONG_SIZE,New,Fit was not what I expected from the size chart.
1169,19240,ORD-240619-008229,20240712,36,0,8,1,55.57,CHANGED_MIND,Opened,
1170,19256,ORD-240619-008234,20240709,226,1409,4,1,13.37,WRONG_SIZE,Damaged,"Too small, ordering a larger size."
1171,19274,ORD-240620-008242,20240701,267,0,1,1,36.45,DEFECTIVE,Opened,Item stopped working after two days.
1172,19282,ORD-240620-008246,20240711,260,1218,3,1,41.3,WRONG_SIZE,Opened,
1173,19290,ORD-240620-008250,20240715,41,1760,2,2,1695.74,BETTER_PRICE,Damaged,Found it cheaper elsewhere.
1174,19313,ORD-240621-008260,20240713,295,1655,1,1,1260.95,DEFECTIVE,New,Arrived damaged in transit.
1175,19315,ORD-240621-008261,20240623,295,0,4,1,1260.95,NOT_AS_DESCRIBED,Opened,Material feels cheaper than the description suggests.
1176,19317,ORD-240621-008262,20240707,148,1942,8,1,9.58,DEFECTIVE,New,
1177,19338,ORD-240622-008272,20240628,116,748,1,1,523.14,LATE_DELIVERY,Opened,Arrived after the event I needed it for.
1178,19340,ORD-240622-008274,20240623,155,131,12,1,21.56,BETTER_PRICE,Damaged,Found it cheaper elsewhere.
1179,19354,ORD-240622-008278,20240716,210,1507,2,1,181.38,DEFECTIVE,New,Item stopped working after two days.
1180,19366,ORD-240622-008282,20240710,211,1443,2,1,19.54,DEFECTIVE,Opened,
1181,19383,ORD-240623-008288,20240707,66,299,12,1,18.5,DEFECTIVE,New,
1182,19386,ORD-240623-008290,20240704,155,1412,1,1,21.56,WRONG_SIZE,New,"Too small, ordering a larger size."
1183,19397,ORD-240623-008296,20240706,246,1249,12,2,227.74,NOT_AS_DESCRIBED,New,
1184,19398,ORD-240623-008297,20240703,36,654,8,1,55.57,DEFECTIVE,Used,
1185,19418,ORD-240624-008310,20240710,188,496,4,1,182.33,DEFECTIVE,New,
1186,19426,ORD-240624-008316,20240711,74,1583,2,4,39.04,WRONG_SIZE,Used,"Too small, ordering a larger size."
1187,19445,ORD-240625-008325,20240719,233,1901,14,1,859.83,NOT_AS_DESCRIBED,Opened,Colour looks different from the photos.
1188,19453,ORD-240625-008329,20240714,36,1942,1,1,55.57,DEFECTIVE,New,Arrived damaged in transit.
1189,19473,ORD-240626-008338,20240716,249,1353,2,1,14.11,WRONG_SIZE,Used,Runs large compared to other brands.
1190,19484,ORD-240626-008344,20240627,96,930,2,1,305.54,WRONG_SIZE,Opened,
1191,19493,ORD-240627-008349,20240718,211,2036,1,1,19.54,DEFECTIVE,Opened,Item stopped working after two days.
1192,19506,ORD-240627-008354,20240715,247,879,1,1,178.68,DEFECTIVE,Damaged,Arrived damaged in transit.
1193,19512,ORD-240627-008356,20240702,3,1395,1,3,106.47,DEFECTIVE,New,Stitching came apart on first wash.
1194,19523,ORD-240628-008360,20240707,260,2101,1,1,41.3,WRONG_SIZE,Used,Fit was not what I expected from the size chart.
1195,19532,ORD-240628-008364,20240720,152,1652,1,2,113.22,WRONG_SIZE,Used,Runs large compared to other brands.
1196,19533,ORD-240628-008365,20240728,295,957,6,1,1260.95,NOT_AS_DESCRIBED,Opened,Material feels cheaper than the description suggests.
1197,19583,ORD-240629-008379,20240718,260,1344,13,2,82.6,NOT_AS_DESCRIBED,New,Colour looks different from the photos.
1198,19588,ORD-240629-008381,20240718,295,233,2,3,3782.85,CHANGED_MIND,Opened,Bought a duplicate by mistake.
1199,19600,ORD-240629-008388,20240723,90,739,2,1,522.08,DEFECTIVE,Opened,Item stopped working after two days.
1200,19608,ORD-240629-008390,20240727,194,414,1,1,18.93,CHANGED_MIND,Opened,Decided on a different model.
1201,19640,ORD-240630-008403,20240714,236,131,1,2,72.08,CHANGED_MIND,Opened,
1202,19647,ORD-240630-008407,20240705,172,1252,1,1,1525.69,CHANGED_MIND,Opened,Bought a duplicate by mistake.
1203,19660,ORD-240630-008412,20240716,66,1282,2,1,18.5,DEFECTIVE,New,Item stopped working after two days.
1204,19696,ORD-240701-008428,20240705,295,1282,7,1,1260.95,WRONG_SIZE,Used,
1205,19711,ORD-240701-008434,20240709,211,1138,12,2,39.08,WRONG_SIZE,Opened,Fit was not what I expected from the size chart.
1206,19728,ORD-240702-008440,20240725,148,0,3,1,9.58,CHANGED_MIND,Opened,Decided on a different model.
1207,19746,ORD-240703-008451,20240722,295,852,2,1,1260.95,NOT_AS_DESCRIBED,Opened,Missing accessories listed on the page.
1208,19751,ORD-240703-008453,20240712,247,1187,2,1,142.94,CHANGED_MIND,New,No longer needed.
1209,19804,ORD-240705-008479,20240725,295,1730,2,1,1260.95,DEFECTIVE,New,
1210,19814,ORD-240705-008483,20240707,111,1404,2,3,231.99,CHANGED_MIND,Damaged,
1211,19815,ORD-240705-008484,20240729,166,495,7,1,3.85,WRONG_SIZE,Damaged,
1212,19818,ORD-240705-008485,20240719,141,0,4,1,53.97,WRONG_SIZE,Damaged,
1213,19832,ORD-240706-008492,20240728,228,1252,2,4,732.76,LATE_DELIVERY,Opened,Delivery took far longer than promised.
1214,19856,ORD-240706-008504,20240802,295,2063,2,1,1260.95,NOT_AS_DESCRIBED,New,
1215,19857,ORD-240706-008504,20240721,295,2063,2,2,2521.9,DEFECTIVE,Damaged,Item stopped working after two days.
1216,19862,ORD-240706-008507,20240707,295,419,1,1,1260.95,NOT_AS_DESCRIBED,Opened,
1217,19897,ORD-240707-008524,20240723,140,113,2,1,61.73,CHANGED_MIND,New,Decided on a different model.
1218,19907,ORD-240707-008529,20240712,295,2256,3,1,1260.95,CHANGED_MIND,New,No longer needed.
1219,19915,ORD-240707-008532,20240721,295,1937,8,1,1260.95,DEFECTIVE,Opened,
1220,19922,ORD-240708-008536,20240805,93,1021,1,1,38.84,WRONG_SIZE,Opened,
1221,19931,ORD-240708-008541,20240722,211,1865,6,2,31.26,CHANGED_MIND,Opened,Decided on a different model.
1222,19945,ORD-240709-008547,20240808,249,0,5,1,14.11,LATE_DELIVERY,Damaged,
1223,19951,ORD-240709-008551,20240716,105,309,1,1,47.95,DEFECTIVE,New,Stitching came apart on first wash.
1224,19990,ORD-240711-008569,20240729,249,1036,12,1,14.11,CHANGED_MIND,Opened,No longer needed.
1225,20016,ORD-240712-008583,20240806,93,1216,1,1,38.84,WRONG_SIZE,Opened,
1226,20055,ORD-240713-008603,20240719,36,1789,4,1,44.46,DEFECTIVE,New,
1227,20059,ORD-240713-008604,20240726,295,745,1,2,2521.9,DEFECTIVE,Damaged,Arrived damaged in transit.
1228,20133,ORD-240714-008639,20240722,295,1373,8,1,1260.95,DEFECTIVE,New,
1229,20141,ORD-240714-008641,20240810,295,1843,12,1,1260.95,DEFECTIVE,Used,
1230,20152,ORD-240715-008646,20240717,145,1555,4,1,45.21,LATE_DELIVERY,Opened,Delivery took far longer than promised.
1231,20158,ORD-240715-008650,20240730,140,2068,9,1,61.73,DEFECTIVE,Used,
1232,20187,ORD-240716-008660,20240724,36,475,12,1,55.57,CHANGED_MIND,Opened,
1233,20203,ORD-240717-008668,20240727,211,1789,5,1,19.54,WRONG_SIZE,Opened,
1234,20214,ORD-240717-008673,20240815,275,1308,2,1,68.1,WRONG_SIZE,Used,
1235,20241,ORD-240718-008688,20240814,33,700,8,1,24.91,NOT_AS_DESCRIBED,New,Material feels cheaper than the description suggests.
1236,20249,ORD-240718-008691,20240722,295,1308,13,1,1260.95,NOT_AS_DESCRIBED,Used,Colour looks different from the photos.
1237,20274,ORD-240719-008702,20240723,116,939,9,2,1046.28,NOT_AS_DESCRIBED,Opened,
1238,20311,ORD-240720-008722,20240806,24,1561,2,1,14.14,DEFECTIVE,Opened,
1239,20381,ORD-240721-008749,20240818,295,0,8,1,1260.95,DEFECTIVE,New,
1240,20388,ORD-240721-008751,20240724,116,2007,1,1,523.14,NOT_AS_DESCRIBED,Opened,
1241,20394,ORD-240722-008755,20240813,116,0,5,1,523.14,WRONG_SIZE,Opened,"Too small, ordering a larger size."
1242,20416,ORD-240722-008764,20240801,260,1742,2,3,123.9,NOT_AS_DESCRIBED,Damaged,Material feels cheaper than the description suggests.
1243,20422,ORD-240722-008767,20240806,140,1176,14,1,61.73,NOT_AS_DESCRIBED,New,Colour looks different from the photos.
1244,20458,ORD-240724-008786,20240728,295,415,12,1,1260.95,BETTER_PRICE,New,
1245,20463,ORD-240724-008789,20240806,295,735,1,1,1260.95,CHANGED_MIND,Used,
1246,20490,ORD-240725-008801,20240727,152,1735,6,1,56.61,CHANGED_MIND,New,
1247,20504,ORD-240725-008806,20240802,63,1069,2,1,34.67,LATE_DELIVERY,Used,Delivery took far longer than promised.
1248,20527,ORD-240726-008822,20240825,91,1492,1,1,33.63,CHANGED_MIND,Damaged,Bought a duplicate by mistake.
1249,20534,ORD-240726-008827,20240803,185,861,8,1,18.39,CHANGED_MIND,Opened,
1250,20543,ORD-240727-008831,20240810,66,1110,1,3,55.5,DEFECTIVE,New,Stitching came apart on first wash.
1251,20546,ORD-240727-008832,20240804,63,861,14,1,34.67,BETTER_PRICE,Opened,Found it cheaper elsewhere.
1252,20559,ORD-240727-008840,20240807,189,723,6,1,124.66,CHANGED_MIND,New,
1253,20566,ORD-240727-008843,20240808,295,1940,7,1,1260.95,WRONG_SIZE,Opened,Fit was not what I expected from the size chart.
1254,20568,ORD-240727-008843,20240803,116,1940,7,1,523.14,DEFECTIVE,New,
1255,20581,ORD-240728-008850,20240804,66,1140,9,1,18.5,NOT_AS_DESCRIBED,Opened,Material feels cheaper than the description suggests.
1256,20602,ORD-240729-008860,20240818,155,143,12,1,21.56,CHANGED_MIND,Opened,Decided on a different model.
1257,20637,ORD-240730-008881,20240829,75,64,13,1,9.9,CHANGED_MIND,Damaged,Decided on a different model.
1258,20643,ORD-240730-008882,20240821,123,0,2,1,117.14,WRONG_SIZE,Damaged,Fit was not what I expected from the size chart.
1259,20659,ORD-240731-008891,20240816,295,0,1,1,1260.95,NOT_AS_DESCRIBED,New,
1260,20668,ORD-240731-008894,20240825,36,389,1,1,55.57,DEFECTIVE,Opened,Screen had a visible crack on arrival.
1261,20688,ORD-240731-008903,20240821,295,0,3,1,1260.95,NOT_AS_DESCRIBED,Used,Material feels cheaper than the description suggests.
1262,20721,ORD-240801-008919,20240830,211,1630,2,1,19.54,DEFECTIVE,New,Arrived damaged in transit.
1263,20726,ORD-240801-008920,20240827,211,39,6,3,58.62,NOT_AS_DESCRIBED,Opened,Missing accessories listed on the page.
1264,20730,ORD-240801-008921,20240831,93,403,2,1,38.84,CHANGED_MIND,Damaged,
1265,20760,ORD-240802-008934,20240806,260,598,4,2,82.6,CHANGED_MIND,Damaged,Decided on a different model.
1266,20766,ORD-240802-008938,20240901,299,2219,2,1,14.21,LATE_DELIVERY,Opened,
1267,20785,ORD-240803-008949,20240812,157,0,2,1,100.64,DEFECTIVE,Damaged,Screen had a visible crack on arrival.
1268,20794,ORD-240803-008952,20240902,292,1894,2,1,23.82,WRONG_SIZE,Opened,Runs large compared to other brands.
1269,20797,ORD-240803-008952,20240807,295,1894,2,2,2521.9,NOT_AS_DESCRIBED,Opened,Material feels cheaper than the description suggests.
1270,20800,ORD-240803-008954,20240816,140,131,1,1,61.73,LATE_DELIVERY,Damaged,
1271,20801,ORD-240803-008955,20240808,20,1328,2,1,53.96,DEFECTIVE,Damaged,
1272,20802,ORD-240803-008955,20240822,270,1328,2,3,498.18,WRONG_SIZE,Used,
1273,20805,ORD-240803-008956,20240828,36,0,1,2,111.14,DEFECTIVE,New,Item stopped working after two days.
1274,20816,ORD-240803-008961,20240807,219,2179,2,1,43.68,NOT_AS_DESCRIBED,New,Missing accessories listed on the page.
1275,20819,ORD-240803-008962,20240829,295,745,12,2,2521.9,WRONG_SIZE,Opened,Runs large compared to other brands.
1276,20827,ORD-240804-008967,20240812,295,2150,1,1,1260.95,CHANGED_MIND,New,Decided on a different model.
1277,20853,ORD-240804-008977,20240805,294,1301,1,1,255.54,NOT_AS_DESCRIBED,Damaged,
1278,20881,ORD-240805-008993,20240811,211,474,2,1,19.54,WRONG_SIZE,New,"Too small, ordering a larger size."
1279,20899,ORD-240805-008998,20240828,28,0,8,1,595.38,NOT_AS_DESCRIBED,Opened,Material feels cheaper than the description suggests.
1280,20900,ORD-240805-008998,20240809,116,0,8,1,523.14,WRONG_SIZE,New,"Too small, ordering a larger size."
1281,20908,ORD-240805-009000,20240831,145,1558,2,3,135.63,WRONG_SIZE,Opened,
1282,20915,ORD-240805-009003,20240819,295,0,1,1,1260.95,CHANGED_MIND,New,Decided on a different model.
1283,20945,ORD-240806-009015,20240814,195,2063,2,1,24.56,CHANGED_MIND,Opened,
1284,20955,ORD-240806-009018,20240821,295,528,11,1,1260.95,CHANGED_MIND,Opened,
1285,20964,ORD-240807-009024,20240816,36,0,8,1,55.57,WRONG_SIZE,Damaged,
1286,20994,ORD-240808-009039,20240902,75,1486,1,1,9.9,WRONG_SIZE,Opened,
1287,20996,ORD-240808-009041,20240817,295,2231,4,2,2521.9,DEFECTIVE,New,Screen had a visible crack on arrival.
1288,21005,ORD-240808-009045,20240906,211,1216,4,1,19.54,DEFECTIVE,Opened,Screen had a visible crack on arrival.
1289,21017,ORD-240808-009053,20240907,260,1789,3,1,41.3,NOT_AS_DESCRIBED,Opened,
1290,21056,ORD-240810-009068,20240825,36,748,4,4,222.28,WRONG_SIZE,Damaged,"Too small, ordering a larger size."
1291,21086,ORD-240810-009085,20240909,140,1280,1,1,52.47,WRONG_SIZE,Opened,Runs large compared to other brands.
1292,21101,ORD-240810-009089,20240816,295,2149,2,1,1071.81,NOT_AS_DESCRIBED,Used,Colour looks different from the photos.
1293,21105,ORD-240811-009092,20240815,63,1666,5,1,29.47,WRONG_SIZE,Opened,Fit was not what I expected from the size chart.
1294,21111,ORD-240811-009094,20240814,295,105,1,1,1071.81,CHANGED_MIND,Opened,
1295,21144,ORD-240812-009106,20240813,295,1686,1,1,1260.95,WRONG_SIZE,New,
1296,21151,ORD-240812-009111,20240910,3,1348,1,1,35.49,CHANGED_MIND,Opened,Bought a duplicate by mistake.
1297,21190,ORD-240813-009128,20240911,270,1494,1,1,166.06,DEFECTIVE,Opened,Item stopped working after two days.
1298,21197,ORD-240813-009129,20240830,295,0,4,3,3215.42,WRONG_SIZE,Damaged,Fit was not what I expected from the size chart.
1299,21214,ORD-240813-009134,20240815,66,764,2,2,37.0,WRONG_SIZE,New,
1300,21267,ORD-240815-009155,20240909,75,330,1,1,8.41,NOT_AS_DESCRIBED,Opened,Missing accessories listed on the page.
1301,21274,ORD-240815-009159,20240914,211,740,12,1,16.61,WRONG_SIZE,Damaged,Runs large compared to other brands.
1302,21284,ORD-240815-009163,20240830,36,1486,10,1,55.57,CHANGED_MIND,New,Decided on a different model.
1303,21292,ORD-240816-009167,20240905,211,1007,4,1,19.54,DEFECTIVE,Opened,Stitching came apart on first wash.
1304,21312,ORD-240816-009172,20240913,140,0,2,1,61.73,BETTER_PRICE,Opened,
1305,21314,ORD-240816-009174,20240821,3,392,6,2,70.98,WRONG_SIZE,Opened,
1306,21320,ORD-240817-009176,20240827,140,1821,2,3,185.19,CHANGED_MIND,Opened,
1307,21335,ORD-240817-009182,20240915,249,334,7,2,28.22,WRONG_SIZE,New,"Too small, ordering a larger size."
1308,21337,ORD-240817-009184,20240906,277,1821,1,2,862.96,WRONG_SIZE,New,
1309,21364,ORD-240817-009194,20240906,295,1207,1,1,1260.95,DEFECTIVE,New,Stitching came apart on first wash.
1310,21377,ORD-240818-009201,20240822,260,1812,2,1,41.3,NOT_AS_DESCRIBED,Used,
1311,21385,ORD-240818-009205,20240910,119,925,2,2,160.08,BETTER_PRICE,Opened,
1312,21404,ORD-240818-009214,20240819,249,1918,1,1,14.11,CHANGED_MIND,Damaged,
1313,21406,ORD-240818-009215,20240910,211,363,1,1,19.54,CHANGED_MIND,New,Bought a duplicate by mistake.
1314,21409,ORD-240818-009215,20240904,36,363,1,1,55.57,WRONG_SIZE,New,
1315,21435,ORD-240819-009224,20240915,295,1306,4,1,1260.95,NOT_AS_DESCRIBED,Damaged,
1316,21463,ORD-240820-009234,20240910,34,0,1,2,2.5,NOT_AS_DESCRIBED,Opened,Colour looks different from the photos.
1317,21464,ORD-240820-009235,20240910,36,479,1,1,55.57,DEFECTIVE,Used,Stitching came apart on first wash.
1318,21469,ORD-240820-009236,20240823,295,1108,4,1,1260.95,WRONG_SIZE,Opened,Fit was not what I expected from the size chart.
1319,21496,ORD-240821-009251,20240830,148,1416,2,1,9.58,WRONG_SIZE,Damaged,Fit was not what I expected from the size chart.
1320,21499,ORD-240821-009252,20240825,36,591,1,2,111.14,WRONG_SIZE,Used,
1321,21520,ORD-240822-009262,20240905,36,208,1,2,111.14,CHANGED_MIND,New,
1322,21551,ORD-240823-009278,20240908,278,21,11,1,28.53,NOT_AS_DESCRIBED,Damaged,Missing accessories listed on the page.
1323,21559,ORD-240823-009281,20240828,295,1308,4,1,1260.95,DEFECTIVE,New,Arrived damaged in transit.
1324,21573,ORD-240824-009289,20240912,155,1765,2,1,21.56,NOT_AS_DESCRIBED,Opened,
1325,21607,ORD-240824-009300,20240918,247,345,12,1,178.68,NOT_AS_DESCRIBED,New,
1326,21619,ORD-240824-009303,20240916,295,0,4,1,1260.95,WRONG_SIZE,Opened,Fit was not what I expected from the size chart.
1327,21642,ORD-240825-009317,20240904,211,1364,1,1,19.54,NOT_AS_DESCRIBED,New,
1328,21657,ORD-240825-009324,20240921,148,1706,1,3,28.74,WRONG_SIZE,Used,Runs large compared to other brands.
1329,21693,ORD-240826-009339,20240907,152,372,1,1,56.61,CHANGED_MIND,Used,
1330,21694,ORD-240826-009339,20240903,278,372,1,1,28.53,WRONG_SIZE,New,"Too small, ordering a larger size."
1331,21705,ORD-240826-009345,20240923,260,1565,1,1,41.3,WRONG_SIZE,New,Runs large compared to other brands.
1332,21709,ORD-240827-009347,20240829,247,899,8,2,357.36,WRONG_SIZE,New,Fit was not what I expected from the size chart.
1333,21716,ORD-240827-009351,20240910,295,2193,1,1,1260.95,CHANGED_MIND,Damaged,
1334,21718,ORD-240827-009352,20240914,79,1922,2,1,127.68,NOT_AS_DESCRIBED,Opened,Material feels cheaper than the description suggests.
1335,21724,ORD-240827-009354,20240829,35,1428,1,1,3.57,DEFECTIVE,Opened,Stitching came apart on first wash.
1336,21727,ORD-240827-009354,20240828,213,1428,1,4,81.35,CHANGED_MIND,Opened,
1337,21739,ORD-240827-009357,20240922,3,793,1,3,106.47,CHANGED_MIND,Opened,
1338,21748,ORD-240827-009363,20240922,295,0,6,1,1260.95,NOT_AS_DESCRIBED,Opened,Material feels cheaper than the description suggests.
1339,21749,ORD-240827-009363,20240922,213,0,6,1,23.11,NOT_AS_DESCRIBED,Damaged,Material feels cheaper than the description suggests.
1340,21757,ORD-240828-009367,20240905,152,0,1,1,56.61,LATE_DELIVERY,Opened,Delivery took far longer than promised.
1341,21776,ORD-240828-009376,20240911,295,2147,1,1,1260.95,DEFECTIVE,Damaged,Item stopped working after two days.
1342,21790,ORD-240829-009385,20240914,36,2193,1,1,55.57,NOT_AS_DESCRIBED,Damaged,
1343,21819,ORD-240829-009392,20240910,93,232,2,1,38.84,LATE_DELIVERY,Used,Arrived after the event I needed it for.
1344,21824,ORD-240829-009394,20240907,36,418,14,3,166.71,WRONG_SIZE,Damaged,Fit was not what I expected from the size chart.
1345,21857,ORD-240830-009409,20240911,36,0,2,1,55.57,DEFECTIVE,Opened,
1346,21868,ORD-240831-009415,20240906,119,1123,2,2,160.08,BETTER_PRICE,Damaged,Found it cheaper elsewhere.
1347,21869,ORD-240831-009416,20240928,211,0,8,1,19.54,DEFECTIVE,Opened,Stitching came apart on first wash.
1348,21895,ORD-240831-009424,20240902,295,1618,2,1,1260.95,WRONG_SIZE,New,Runs large compared to other brands.
1349,21896,ORD-240831-009425,20240914,78,1713,1,1,439.63,NOT_AS_DESCRIBED,Opened,Colour looks different from the photos.
1350,21942,ORD-240901-009440,20240921,152,1942,10,2,113.22,CHANGED_MIND,New,
1351,21972,ORD-240901-009447,20240902,116,1942,1,1,523.14,WRONG_SIZE,Opened,
1352,22033,ORD-240904-009475,20240928,295,2164,2,2,2521.9,WRONG_SIZE,New,Runs large compared to other brands.
1353,22046,ORD-240904-009481,20240928,148,1001,10,2,19.16,WRONG_SIZE,Damaged,Fit was not what I expected from the size chart.
1354,22048,ORD-240904-009483,20240905,271,808,2,1,11.65,LATE_DELIVERY,New,
1355,22065,ORD-240905-009495,20240928,36,1542,1,3,166.71,LATE_DELIVERY,New,Arrived after the event I needed it for.
1356,22068,ORD-240905-009497,20240912,260,748,2,1,41.3,NOT_AS_DESCRIBED,Opened,
1357,22072,ORD-240905-009498,20240910,295,1207,8,1,1260.95,DEFECTIVE,Damaged,
1358,22077,ORD-240905-009500,20241005,185,1193,8,4,73.56,BETTER_PRICE,New,
1359,22081,ORD-240905-009501,20240926,63,0,3,1,34.67,BETTER_PRICE,New,Found it cheaper elsewhere.
1360,22082,ORD-240905-009501,20240928,36,0,3,1,55.57,LATE_DELIVERY,New,Delivery took far longer than promised.
1361,22085,ORD-240905-009502,20241003,255,377,5,1,28.65,CHANGED_MIND,Opened,Bought a duplicate by mistake.
1362,22086,ORD-240905-009502,20240925,135,377,5,1,42.92,BETTER_PRICE,Damaged,Found it cheaper elsewhere.
1363,22089,ORD-240905-009504,20240920,93,261,2,1,38.84,WRONG_SIZE,New,"Too small, ordering a larger size."
1364,22128,ORD-240906-009518,20240916,24,2184,2,1,14.14,WRONG_SIZE,Opened,"Too small, ordering a larger size."
1365,22146,ORD-240907-009528,20240909,295,1135,8,1,1260.95,CHANGED_MIND,Opened,Bought a duplicate by mistake.
1366,22157,ORD-240907-009531,20240919,281,1308,1,1,258.84,BETTER_PRICE,Used,Found it cheaper elsewhere.
1367,22167,ORD-240907-009535,20240923,185,1187,1,2,36.78,DEFECTIVE,New,Stitching came apart on first wash.
1368,22174,ORD-240907-009536,20240929,116,1942,1,1,523.14,NOT_AS_DESCRIBED,New,Missing accessories listed on the page.
1369,22178,ORD-240907-009537,20240908,188,640,12,1,182.33,LATE_DELIVERY,Opened,
1370,22192,ORD-240908-009545,20240913,260,938,8,1,41.3,WRONG_SIZE,Opened,Runs large compared to other brands.
1371,22225,ORD-240908-009558,20241006,149,1583,11,1,13.38,WRONG_SIZE,New,Fit was not what I expected from the size chart.
1372,22226,ORD-240908-009558,20240920,156,1583,11,2,105.7,NOT_AS_DESCRIBED,New,
1373,22249,ORD-240909-009565,20241002,36,804,2,2,111.14,DEFECTIVE,New,Arrived damaged in transit.
1374,22273,ORD-240909-009575,20241006,105,751,1,2,95.9,WRONG_SIZE,New,
1375,22290,ORD-240910-009580,20240927,260,177,2,1,41.3,WRONG_SIZE,New,
1376,22315,ORD-240910-009587,20241008,36,794,1,1,55.57,CHANGED_MIND,Opened,No longer needed.
1377,22348,ORD-240912-009610,20241011,36,1282,1,1,55.57,DEFECTIVE,New,
1378,22352,ORD-240912-009612,20241005,70,346,9,1,125.47,NOT_AS_DESCRIBED,Damaged,
1379,22370,ORD-240912-009620,20240930,36,1835,1,1,55.57,WRONG_SIZE,Damaged,
1380,22376,ORD-240912-009622,20241009,174,748,1,1,9.16,WRONG_SIZE,Opened,"Too small, ordering a larger size."
1381,22408,ORD-240913-009633,20240925,33,1307,13,1,24.91,DEFECTIVE,Damaged,Item stopped working after two days.
1382,22430,ORD-240914-009640,20240918,155,1830,1,1,21.56,DEFECTIVE,New,Stitching came apart on first wash.
1383,22431,ORD-240914-009640,20241008,247,1830,1,1,178.68,WRONG_SIZE,Used,
1384,22455,ORD-240914-009648,20240915,14,14,1,2,118.52,CHANGED_MIND,Opened,
1385,22481,ORD-240915-009664,20241014,295,1666,5,1,1260.95,DEFECTIVE,New,Stitching came apart on first wash.
1386,22484,ORD-240915-009665,20241006,105,811,12,1,47.95,CHANGED_MIND,Damaged,
1387,22497,ORD-240915-009672,20241014,295,1282,6,1,1260.95,BETTER_PRICE,Damaged,Found it cheaper elsewhere.
1388,22499,ORD-240915-009672,20240917,34,1282,6,1,1.25,DEFECTIVE,New,Item stopped working after two days.
1389,22531,ORD-240916-009684,20241005,211,568,13,3,58.62,WRONG_SIZE,Opened,"Too small, ordering a larger size."
1390,22537,ORD-240916-009688,20241005,211,0,12,1,19.54,NOT_AS_DESCRIBED,Opened,
1391,22539,ORD-240916-009688,20240923,157,0,12,1,100.64,WRONG_SIZE,Damaged,Runs large compared to other brands.
1392,22560,ORD-240917-009698,20240925,220,319,1,1,3.91,DEFECTIVE,Used,Stitching came apart on first wash.
1393,22567,ORD-240917-009701,20241005,295,1322,1,1,1260.95,NOT_AS_DESCRIBED,Opened,
1394,22596,ORD-240918-009719,20241008,3,1656,1,1,35.49,BETTER_PRICE,Opened,
1395,22605,ORD-240918-009722,20240929,36,941,1,3,166.71,CHANGED_MIND,Damaged,
1396,22609,ORD-240919-009724,20240922,152,176,2,1,56.61,WRONG_SIZE,Opened,"Too small, ordering a larger size."
1397,22611,ORD-240919-009725,20240923,69,1620,1,1,18.35,NOT_AS_DESCRIBED,Opened,Missing accessories listed on the page.
1398,22622,ORD-240919-009731,20240925,121,1036,13,1,14.73,DEFECTIVE,New,Arrived damaged in transit.
1399,22649,ORD-240920-009738,20241016,36,447,2,1,55.57,NOT_AS_DESCRIBED,Damaged,
1400,22667,ORD-240921-009748,20240922,36,1573,2,1,55.57,CHANGED_MIND,Damaged,
1401,22745,ORD-240923-009786,20241003,114,1459,2,3,38.46,CHANGED_MIND,New,
1402,22793,ORD-240924-009805,20241008,150,41,5,1,9.93,DEFECTIVE,New,Arrived damaged in transit.
1403,22818,ORD-240925-009812,20241005,186,519,2,2,56.66,WRONG_SIZE,New,
1404,22831,ORD-240925-009817,20240929,174,1662,1,1,9.16,DEFECTIVE,Damaged,
1405,22839,ORD-240926-009821,20241025,295,501,2,1,1260.95,WRONG_SIZE,Opened,
1406,22845,ORD-240926-009824,20241004,211,925,1,1,19.54,WRONG_SIZE,Used,
1407,22852,ORD-240926-009825,20241012,169,2117,2,1,13.38,CHANGED_MIND,Damaged,Bought a duplicate by mistake.
1408,22863,ORD-240926-009828,20240928,247,879,14,1,178.68,BETTER_PRICE,Opened,Found it cheaper elsewhere.
1409,22868,ORD-240926-009829,20240930,295,0,3,1,1260.95,DEFECTIVE,New,
1410,22870,ORD-240926-009830,20241016,90,144,2,1,522.08,NOT_AS_DESCRIBED,Opened,
1411,22902,ORD-240928-009844,20241024,140,1235,8,1,61.73,LATE_DELIVERY,Damaged,Delivery took far longer than promised.
1412,22907,ORD-240928-009845,20241018,247,1248,2,3,536.04,DEFECTIVE,Used,
1413,22917,ORD-240928-009849,20241025,170,1260,2,1,10.39,CHANGED_MIND,Opened,No longer needed.
1414,22923,ORD-240928-009853,20241011,211,519,1,4,78.16,NOT_AS_DESCRIBED,Opened,Missing accessories listed on the page.
1415,22931,ORD-240928-009857,20241010,155,1252,12,1,21.56,WRONG_SIZE,Used,
1416,22959,ORD-240929-009869,20241028,295,130,1,1,1260.95,DEFECTIVE,Opened,
1417,22970,ORD-240929-009872,20241002,36,1282,13,1,55.57,CHANGED_MIND,Damaged,Decided on a different model.
1418,22971,ORD-240929-009873,20241007,105,95,7,1,47.95,CHANGED_MIND,New,
1419,22988,ORD-240929-009878,20241029,75,748,1,2,19.8,WRONG_SIZE,Opened,
1420,22992,ORD-240929-009879,20241005,226,208,1,2,26.74,CHANGED_MIND,Opened,Bought a duplicate by mistake.
1421,23022,ORD-240930-009896,20241025,247,259,2,2,357.36,NOT_AS_DESCRIBED,New,
1422,23045,ORD-240930-009909,20241009,209,1308,2,1,24.13,DEFECTIVE,New,Arrived damaged in transit.
1423,23053,ORD-241001-009914,20241021,36,1496,13,2,111.14,CHANGED_MIND,New,No longer needed.
1424,23091,ORD-241001-009933,20241027,45,620,2,1,25.7,CHANGED_MIND,New,No longer needed.
1425,23105,ORD-241002-009939,20241027,295,292,5,1,1260.95,WRONG_SIZE,Opened,
1426,23113,ORD-241002-009942,20241018,51,796,10,2,59.36,CHANGED_MIND,Damaged,Decided on a different model.
1427,23119,ORD-241002-009946,20241008,249,633,10,1,14.11,NOT_AS_DESCRIBED,Opened,
1428,23168,ORD-241004-009964,20241006,295,1843,4,2,2521.9,BETTER_PRICE,Opened,
1429,23173,ORD-241004-009966,20241014,213,1252,2,1,23.11,DEFECTIVE,Used,Stitching came apart on first wash.
1430,23183,ORD-241004-009973,20241024,36,1216,2,1,55.57,WRONG_SIZE,Opened,
1431,23190,ORD-241004-009974,20241010,91,1346,8,2,67.26,CHANGED_MIND,New,Decided on a different model.
1432,23210,ORD-241005-009984,20241101,36,1187,1,1,55.57,WRONG_SIZE,Used,Runs large compared to other brands.
1433,23215,ORD-241005-009985,20241018,91,826,9,3,100.89,NOT_AS_DESCRIBED,Damaged,Colour looks different from the photos.
1434,23243,ORD-241005-009994,20241013,238,411,8,2,49.76,DEFECTIVE,Opened,
1435,23280,ORD-241005-010010,20241025,246,1858,12,2,227.74,WRONG_SIZE,Opened,Runs large compared to other brands.
1436,23287,ORD-241005-010012,20241014,69,1373,1,1,18.35,WRONG_SIZE,Opened,Runs large compared to other brands.
1437,23294,ORD-241006-010014,20241025,260,1866,1,1,41.3,DEFECTIVE,Opened,
1438,23302,ORD-241006-010016,20241022,36,1338,8,1,55.57,DEFECTIVE,New,Arrived damaged in transit.
1439,23310,ORD-241006-010019,20241009,36,300,7,1,55.57,WRONG_SIZE,Opened,Fit was not what I expected from the size chart.
1440,23317,ORD-241006-010020,20241018,66,1675,2,2,37.0,CHANGED_MIND,Damaged,
1441,23332,ORD-241006-010026,20241016,211,2117,1,1,19.54,CHANGED_MIND,New,
1442,23383,ORD-241008-010051,20241105,238,400,1,1,24.88,CHANGED_MIND,New,Decided on a different model.
1443,23397,ORD-241008-010059,20241106,194,1404,1,1,18.93,CHANGED_MIND,Opened,
1444,23403,ORD-241008-010063,20241019,36,1088,2,2,111.14,CHANGED_MIND,Opened,Decided on a different model.
1445,23461,ORD-241010-010087,20241027,247,1011,8,1,178.68,DEFECTIVE,New,
1446,23467,ORD-241010-010089,20241026,109,1346,8,3,67.95,NOT_AS_DESCRIBED,Used,Missing accessories listed on the page.
1447,23469,ORD-241010-010090,20241013,295,0,12,2,2521.9,NOT_AS_DESCRIBED,New,
1448,23512,ORD-241011-010110,20241015,260,1267,8,1,33.87,DEFECTIVE,Used,Stitching came apart on first wash.
1449,23531,ORD-241011-010115,20241029,36,600,1,1,45.57,WRONG_SIZE,Opened,
1450,23533,ORD-241011-010116,20241014,79,559,11,2,255.36,CHANGED_MIND,New,Decided on a different model.
1451,23536,ORD-241011-010117,20241106,90,1561,2,2,856.21,DEFECTIVE,New,
1452,23543,ORD-241011-010122,20241023,247,703,2,1,146.52,LATE_DELIVERY,Damaged,Delivery took far longer than promised.
1453,23556,ORD-241012-010129,20241024,63,0,2,1,28.43,CHANGED_MIND,Opened,No longer needed.
1454,23566,ORD-241012-010133,20241017,198,1282,2,1,76.86,NOT_AS_DESCRIBED,New,Material feels cheaper than the description suggests.
1455,23567,ORD-241012-010133,20241020,295,1282,2,2,2067.96,WRONG_SIZE,New,
1456,23583,ORD-241012-010139,20241017,55,1662,1,2,108.26,DEFECTIVE,New,Arrived damaged in transit.
1457,23597,ORD-241013-010149,20241015,66,2078,2,1,18.5,WRONG_SIZE,Used,Runs large compared to other brands.
1458,23606,ORD-241013-010150,20241026,97,95,8,1,8.87,DEFECTIVE,New,Item stopped working after two days.
1459,23631,ORD-241013-010164,20241106,259,1317,1,1,36.27,WRONG_SIZE,New,Fit was not what I expected from the size chart.
1460,23645,ORD-241013-010169,20241102,69,2250,2,2,30.09,CHANGED_MIND,Used,
1461,23667,ORD-241014-010180,20241101,36,335,12,2,91.13,DEFECTIVE,Opened,Item stopped working after two days.
1462,23671,ORD-241014-010181,20241019,36,1187,1,2,111.14,WRONG_SIZE,Opened,
1463,23672,ORD-241014-010181,20241109,36,1187,1,2,91.13,NOT_AS_DESCRIBED,New,
1464,23685,ORD-241014-010189,20241019,123,745,2,1,96.05,WRONG_SIZE,Opened,Fit was not what I expected from the size chart.
1465,23691,ORD-241014-010194,20241110,36,1723,2,2,111.14,WRONG_SIZE,Opened,
1466,23696,ORD-241014-010196,20241103,157,0,1,1,82.52,DEFECTIVE,Opened,Screen had a visible crack on arrival.
1467,23707,ORD-241014-010201,20241109,93,1308,6,1,31.85,DEFECTIVE,Opened,
1468,23712,ORD-241014-010202,20241107,132,0,4,1,32.05,NOT_AS_DESCRIBED,Used,Missing accessories listed on the page.
1469,23728,ORD-241015-010211,20241024,295,1842,5,1,1033.98,DEFECTIVE,Opened,Item stopped working after two days.
1470,23733,ORD-241015-010212,20241104,36,0,14,1,45.57,CHANGED_MIND,New,Decided on a different model.
1471,23777,ORD-241015-010228,20241028,178,346,8,1,47.57,DEFECTIVE,New,Arrived damaged in transit.
1472,23780,ORD-241015-010230,20241019,257,1583,1,1,180.6,DEFECTIVE,New,
1473,23791,ORD-241016-010236,20241022,36,1608,1,2,91.13,CHANGED_MIND,New,
1474,23814,ORD-241016-010243,20241111,295,0,10,1,1033.98,LATE_DELIVERY,Damaged,
1475,23831,ORD-241016-010252,20241113,93,151,8,1,31.85,WRONG_SIZE,New,Runs large compared to other brands.
1476,23886,ORD-241017-010276,20241101,244,0,14,1,6.93,NOT_AS_DESCRIBED,Damaged,
1477,23918,ORD-241018-010291,20241105,168,225,4,1,10.24,NOT_AS_DESCRIBED,Used,Colour looks different from the photos.
1478,23920,ORD-241018-010292,20241107,211,1285,2,1,19.54,WRONG_SIZE,Opened,"Too small, ordering a larger size."
1479,23944,ORD-241019-010307,20241023,36,427,13,1,45.57,LATE_DELIVERY,Damaged,Arrived after the event I needed it for.
1480,23945,ORD-241019-010307,20241101,247,427,13,1,178.68,WRONG_SIZE,Damaged,
1481,23960,ORD-241019-010313,20241101,93,496,2,1,31.85,LATE_DELIVERY,Opened,Delivery took far longer than promised.
1482,23964,ORD-241019-010316,20241022,3,105,2,1,29.1,LATE_DELIVERY,New,
1483,23972,ORD-241019-010321,20241114,295,184,4,1,1260.95,WRONG_SIZE,New,"Too small, ordering a larger size."
1484,23980,ORD-241019-010324,20241114,36,1307,2,1,45.57,DEFECTIVE,Used,Item stopped working after two days.
1485,23984,ORD-241019-010327,20241108,295,1003,1,1,1260.95,LATE_DELIVERY,Opened,
1486,23996,ORD-241020-010332,20241105,108,1145,1,1,19.98,CHANGED_MIND,Opened,
1487,24008,ORD-241020-010338,20241111,258,968,4,1,85.37,LATE_DELIVERY,Opened,Arrived after the event I needed it for.
1488,24016,ORD-241020-010341,20241026,4,2179,6,2,118.13,WRONG_SIZE,Opened,
1489,24073,ORD-241021-010366,20241030,202,2171,1,1,17.36,WRONG_SIZE,Damaged,Fit was not what I expected from the size chart.
1490,24079,ORD-241021-010367,20241025,260,155,2,2,67.73,WRONG_SIZE,New,Runs large compared to other brands.
1491,24096,ORD-241022-010375,20241105,226,0,12,1,10.96,BETTER_PRICE,Damaged,Found it cheaper elsewhere.
1492,24117,ORD-241022-010382,20241028,159,1004,1,1,75.77,CHANGED_MIND,Opened,No longer needed.
1493,24135,ORD-241022-010388,20241116,295,1282,4,1,1033.98,CHANGED_MIND,New,Decided on a different model.
1494,24154,ORD-241023-010396,20241028,36,0,9,1,55.57,CHANGED_MIND,Used,
1495,24156,ORD-241023-010397,20241029,260,1175,2,1,33.87,BETTER_PRICE,Damaged,
1496,24162,ORD-241023-010399,20241104,90,1771,2,1,428.11,NOT_AS_DESCRIBED,New,Material feels cheaper than the description suggests.
1497,24177,ORD-241023-010406,20241119,36,0,11,1,45.57,WRONG_SIZE,Damaged,
1498,24185,ORD-241023-010410,20241102,145,1620,2,1,45.21,WRONG_SIZE,Opened,Runs large compared to other brands.
1499,24204,ORD-241024-010414,20241031,105,2193,2,1,39.32,DEFECTIVE,Used,Screen had a visible crack on arrival.
1500,24205,ORD-241024-010414,20241029,51,2193,2,2,48.68,NOT_AS_DESCRIBED,Damaged,
1501,24222,ORD-241024-010420,20241118,260,1985,1,1,33.87,NOT_AS_DESCRIBED,Damaged,Missing accessories listed on the page.
1502,24225,ORD-241024-010421,20241107,75,101,1,1,8.12,CHANGED_MIND,New,
1503,24238,ORD-241024-010425,20241101,96,208,8,1,305.54,DEFECTIVE,New,Screen had a visible crack on arrival.
1504,24250,ORD-241025-010432,20241031,283,1610,10,2,26.91,NOT_AS_DESCRIBED,New,
1505,24268,ORD-241025-010443,20241026,146,594,12,2,21.58,CHANGED_MIND,Opened,No longer needed.
1506,24325,ORD-241026-010462,20241123,69,189,3,2,30.09,WRONG_SIZE,New,
1507,24349,ORD-241026-010474,20241110,195,143,4,4,98.24,BETTER_PRICE,Damaged,Found it cheaper elsewhere.
1508,24351,ORD-241026-010474,20241109,109,143,4,1,22.65,WRONG_SIZE,Opened,
1509,24361,ORD-241026-010480,20241111,90,1608,11,1,428.11,NOT_AS_DESCRIBED,New,Colour looks different from the photos.
1510,24385,ORD-241027-010486,20241103,260,730,7,1,33.87,CHANGED_MIND,Used,Decided on a different model.
1511,24404,ORD-241027-010494,20241117,295,0,8,2,2067.96,CHANGED_MIND,Damaged,No longer needed.
1512,24406,ORD-241027-010494,20241111,260,0,8,1,41.3,CHANGED_MIND,Damaged,Bought a duplicate by mistake.
1513,24410,ORD-241027-010496,20241120,75,95,1,1,8.12,DEFECTIVE,Opened,Screen had a visible crack on arrival.
1514,24422,ORD-241028-010500,20241126,66,0,2,1,18.5,WRONG_SIZE,Used,Fit was not what I expected from the size chart.
1515,24425,ORD-241028-010501,20241126,295,834,2,1,1260.95,NOT_AS_DESCRIBED,Opened,Material feels cheaper than the description suggests.
1516,24481,ORD-241029-010531,20241031,140,335,9,4,246.92,WRONG_SIZE,Opened,Fit was not what I expected from the size chart.
1517,24490,ORD-241030-010534,20241129,116,1945,4,1,428.97,DEFECTIVE,New,Screen had a visible crack on arrival.
1518,24491,ORD-241030-010534,20241120,90,1945,4,1,428.11,WRONG_SIZE,New,Fit was not what I expected from the size chart.
1519,24497,ORD-241030-010536,20241127,267,86,2,1,36.45,DEFECTIVE,New,
1520,24502,ORD-241030-010538,20241105,140,1800,14,1,50.62,CHANGED_MIND,Opened,
1521,24508,ORD-241030-010542,20241111,268,1533,11,1,18.89,CHANGED_MIND,Used,No longer needed.
1522,24535,ORD-241031-010552,20241112,36,526,1,1,55.57,DEFECTIVE,New,
1523,24549,ORD-241031-010560,20241119,114,1583,1,1,12.82,NOT_AS_DESCRIBED,Opened,
1524,24551,ORD-241031-010562,20241125,202,1011,1,1,14.24,BETTER_PRICE,Damaged,Found it cheaper elsewhere.
1525,24564,ORD-241031-010568,20241122,295,76,1,1,1033.98,BETTER_PRICE,Used,Found it cheaper elsewhere.
1526,24571,ORD-241101-010569,20241129,4,835,5,1,59.06,CHANGED_MIND,Used,Bought a duplicate by mistake.
1527,24581,ORD-241101-010571,20241114,140,1573,8,2,101.24,NOT_AS_DESCRIBED,New,
1528,24585,ORD-241101-010572,20241120,93,1308,1,1,31.85,LATE_DELIVERY,New,
1529,24607,ORD-241101-010579,20241123,36,925,4,1,45.57,WRONG_SIZE,Used,
1530,24611,ORD-241101-010580,20241126,295,1739,11,1,1033.98,CHANGED_MIND,New,
1531,24643,ORD-241102-010590,20241108,169,272,2,3,32.91,CHANGED_MIND,Used,Bought a duplicate by mistake.
1532,24667,ORD-241102-010603,20241126,289,2078,2,1,2.03,CHANGED_MIND,Used,
1533,24675,ORD-241102-010606,20241123,150,483,2,1,8.14,WRONG_SIZE,New,Fit was not what I expected from the size chart.
1534,24687,ORD-241102-010611,20241201,295,0,10,1,1260.95,DEFECTIVE,New,Stitching came apart on first wash.
1535,24704,ORD-241103-010622,20241114,270,0,12,1,136.17,DEFECTIVE,Damaged,Stitching came apart on first wash.
1536,24813,ORD-241104-010672,20241202,182,795,2,1,87.78,DEFECTIVE,Damaged,Stitching came apart on first wash.
1537,24817,ORD-241104-010672,20241117,79,795,2,1,104.7,DEFECTIVE,Used,
1538,24831,ORD-241104-010681,20241126,241,0,2,2,48.51,DEFECTIVE,Opened,
1539,24867,ORD-241105-010693,20241123,31,370,2,1,965.75,DEFECTIVE,Opened,Screen had a visible crack on arrival.
1540,24887,ORD-241105-010700,20241120,129,1403,8,1,7.18,CHANGED_MIND,Damaged,No longer needed.
1541,24897,ORD-241105-010704,20241205,247,372,9,1,146.52,CHANGED_MIND,Damaged,
1542,24911,ORD-241106-010712,20241203,295,0,12,1,1260.95,CHANGED_MIND,Opened,Decided on a different model.
1543,24915,ORD-241106-010712,20241125,50,0,12,1,40.43,LATE_DELIVERY,Damaged,
1544,24922,ORD-241106-010717,20241109,36,1088,4,1,55.57,WRONG_SIZE,New,
1545,24939,ORD-241106-010724,20241117,295,859,1,1,1260.95,DEFECTIVE,New,Item stopped working after two days.
1546,24943,ORD-241106-010726,20241129,257,0,1,1,180.6,DEFECTIVE,Opened,
1547,24961,ORD-241106-010732,20241119,300,2164,12,1,184.6,NOT_AS_DESCRIBED,Opened,Missing accessories listed on the page.
1548,24975,ORD-241107-010739,20241125,36,1352,2,1,55.57,DEFECTIVE,New,
1549,24979,ORD-241107-010739,20241126,211,1352,2,1,19.54,CHANGED_MIND,Used,Bought a duplicate by mistake.
1550,25024,ORD-241107-010756,20241113,36,0,5,1,55.57,WRONG_SIZE,Opened,Fit was not what I expected from the size chart.
1551,25030,ORD-241107-010757,20241204,295,299,5,1,1260.95,NOT_AS_DESCRIBED,Damaged,Material feels cheaper than the description suggests.
1552,25101,ORD-241108-010780,20241124,105,474,2,1,47.95,WRONG_SIZE,Used,
1553,25116,ORD-241108-010786,20241207,157,87,2,1,100.64,WRONG_SIZE,Opened,Runs large compared to other brands.
1554,25122,ORD-241108-010787,20241118,105,1596,4,1,47.95,DEFECTIVE,Damaged,Screen had a visible crack on arrival.
1555,25141,ORD-241109-010793,20241120,79,2119,10,1,127.68,WRONG_SIZE,Opened,Fit was not what I expected from the size chart.
1556,25148,ORD-241109-010796,20241125,260,39,8,2,82.6,WRONG_SIZE,Used,"Too small, ordering a larger size."
1557,25173,ORD-241109-010807,20241206,295,1509,8,1,1260.95,WRONG_SIZE,New,Runs large compared to other brands.
1558,25181,ORD-241109-010810,20241113,260,1412,2,1,41.3,WRONG_SIZE,Opened,
1559,25267,ORD-241110-010848,20241118,295,1431,8,1,1260.95,NOT_AS_DESCRIBED,New,
1560,25285,ORD-241110-010855,20241118,96,341,2,2,611.08,WRONG_SIZE,Damaged,Fit was not what I expected from the size chart.
1561,25286,ORD-241110-010855,20241115,152,341,2,3,169.83,NOT_AS_DESCRIBED,Damaged,Material feels cheaper than the description suggests.
1562,25297,ORD-241110-010860,20241128,296,1103,12,1,38.04,DEFECTIVE,Opened,Screen had a visible crack on arrival.
1563,25311,ORD-241111-010867,20241130,241,1282,5,1,29.58,DEFECTIVE,New,Screen had a visible crack on arrival.
1564,25321,ORD-241111-010872,20241118,260,1285,4,2,82.6,CHANGED_MIND,Used,Bought a duplicate by mistake.
1565,25331,ORD-241111-010875,20241117,295,1346,2,1,1260.95,CHANGED_MIND,Used,Bought a duplicate by mistake.
1566,25351,ORD-241112-010888,20241118,295,0,2,1,1260.95,WRONG_SIZE,Opened,
1567,25403,ORD-241112-010908,20241127,295,868,2,1,1260.95,CHANGED_MIND,Damaged,
1568,25424,ORD-241113-010915,20241211,260,0,9,2,82.6,CHANGED_MIND,Opened,No longer needed.
1569,25430,ORD-241113-010917,20241114,97,907,4,2,21.64,NOT_AS_DESCRIBED,New,
1570,25456,ORD-241113-010929,20241123,295,476,9,1,1260.95,DEFECTIVE,Used,Screen had a visible crack on arrival.
1571,25471,ORD-241114-010939,20241121,295,745,4,1,1260.95,NOT_AS_DESCRIBED,Opened,
1572,25495,ORD-241114-010953,20241122,211,1187,6,1,19.54,WRONG_SIZE,Damaged,Fit was not what I expected from the size chart.
1573,25497,ORD-241114-010954,20241118,44,0,2,1,64.22,LATE_DELIVERY,New,Arrived after the event I needed it for.
1574,25529,ORD-241115-010970,20241208,157,1317,2,4,402.56,WRONG_SIZE,Damaged,
1575,25546,ORD-241115-010975,20241124,155,1789,2,1,21.56,DEFECTIVE,New,Stitching came apart on first wash.
1576,25565,ORD-241115-010982,20241121,36,1789,2,1,55.57,DEFECTIVE,Damaged,Screen had a visible crack on arrival.
1577,25579,ORD-241116-010987,20241210,295,0,1,1,1260.95,CHANGED_MIND,Damaged,
1578,25590,ORD-241116-010992,20241207,211,1847,4,1,19.54,WRONG_SIZE,Opened,"Too small, ordering a larger size."
1579,25594,ORD-241116-010993,20241123,148,1041,10,1,9.58,LATE_DELIVERY,Damaged,Delivery took far longer than promised.
1580,25596,ORD-241116-010994,20241118,102,189,8,1,391.58,CHANGED_MIND,Opened,
1581,25600,ORD-241116-010995,20241214,174,1317,10,1,9.16,NOT_AS_DESCRIBED,Damaged,
1582,25607,ORD-241116-010996,20241129,260,1307,2,1,41.3,CHANGED_MIND,New,Decided on a different model.
1583,25612,ORD-241116-010997,20241209,188,859,2,1,182.33,NOT_AS_DESCRIBED,Damaged,
1584,25623,ORD-241116-011001,20241128,36,444,4,2,111.14,LATE_DELIVERY,New,Delivery took far longer than promised.
1585,25631,ORD-241116-011004,20241130,216,387,2,1,99.91,DEFECTIVE,Damaged,
1586,25644,ORD-241116-011010,20241202,36,0,2,1,55.57,NOT_AS_DESCRIBED,Opened,
1587,25676,ORD-241117-011025,20241126,36,1187,2,2,111.14,CHANGED_MIND,Used,No longer needed.
1588,25677,ORD-241117-011026,20241125,198,522,1,1,76.86,WRONG_SIZE,New,
1589,25702,ORD-241117-011034,20241216,63,1483,4,1,34.67,LATE_DELIVERY,Used,
1590,25704,ORD-241117-011035,20241126,161,1282,1,2,26.52,WRONG_SIZE,Damaged,
1591,25710,ORD-241117-011037,20241208,211,2149,1,1,19.54,BETTER_PRICE,Opened,
1592,25711,ORD-241117-011037,20241216,262,2149,1,1,36.36,DEFECTIVE,Opened,
1593,25766,ORD-241118-011062,20241128,36,1898,2,1,55.57,CHANGED_MIND,Opened,Decided on a different model.
1594,25793,ORD-241119-011076,20241204,75,1207,2,1,9.9,CHANGED_MIND,Opened,
1595,25815,ORD-241119-011086,20241126,283,612,14,1,16.41,DEFECTIVE,Opened,
1596,25819,ORD-241119-011087,20241120,254,0,8,1,319.72,DEFECTIVE,Opened,
1597,25821,ORD-241119-011088,20241126,185,1282,1,1,18.39,DEFECTIVE,Opened,
1598,25841,ORD-241120-011096,20241203,226,1934,12,2,26.74,CHANGED_MIND,Damaged,
1599,25842,ORD-241120-011097,20241208,97,328,2,1,10.82,NOT_AS_DESCRIBED,New,Missing accessories listed on the page.
1600,25856,ORD-241120-011101,20241129,295,393,2,1,1260.95,WRONG_SIZE,Damaged,"Too small, ordering a larger size."
1601,25860,ORD-241120-011103,20241128,249,737,8,1,14.11,CHANGED_MIND,New,No longer needed.
1602,25862,ORD-241120-011104,20241127,31,615,4,1,1177.75,CHANGED_MIND,New,
1603,25873,ORD-241120-011112,20241204,283,804,14,2,32.82,NOT_AS_DESCRIBED,Opened,Material feels cheaper than the description suggests.
1604,25876,ORD-241120-011113,20241122,50,1789,1,1,40.43,DEFECTIVE,Opened,
1605,25901,ORD-241121-011122,20241205,36,1317,2,1,55.57,CHANGED_MIND,Opened,Bought a duplicate by mistake.
1606,25913,ORD-241121-011125,20241213,295,0,6,1,1260.95,DEFECTIVE,Opened,Arrived damaged in transit.
1607,25934,ORD-241121-011132,20241204,40,2164,14,3,3402.15,CHANGED_MIND,Damaged,
1608,25944,ORD-241121-011137,20241123,255,1789,4,1,28.65,BETTER_PRICE,Opened,
1609,25946,ORD-241121-011138,20241203,174,1431,2,1,9.16,NOT_AS_DESCRIBED,New,Missing accessories listed on the page.
1610,25952,ORD-241122-011141,20241214,67,881,2,1,4.1,BETTER_PRICE,Used,Found it cheaper elsewhere.
1611,25959,ORD-241122-011144,20241206,260,1295,1,1,41.3,NOT_AS_DESCRIBED,Damaged,Colour looks different from the photos.
1612,25986,ORD-241122-011152,20241211,295,95,1,1,1260.95,DEFECTIVE,Opened,
1613,25988,ORD-241122-011153,20241213,155,0,4,1,21.56,CHANGED_MIND,Opened,
1614,26001,ORD-241122-011161,20241203,36,1919,1,1,55.57,NOT_AS_DESCRIBED,New,
1615,26009,ORD-241122-011165,20241215,150,1352,14,1,9.93,DEFECTIVE,New,Item stopped working after two days.
1616,26029,ORD-241123-011176,20241124,152,713,12,1,56.61,DEFECTIVE,New,
1617,26031,ORD-241123-011177,20241222,295,2118,3,2,2521.9,NOT_AS_DESCRIBED,Opened,Missing accessories listed on the page.
1618,26056,ORD-241123-011184,20241211,116,1963,12,1,523.14,NOT_AS_DESCRIBED,Opened,
1619,26103,ORD-241124-011204,20241211,295,1134,1,1,1260.95,WRONG_SIZE,Damaged,Runs large compared to other brands.
1620,26105,ORD-241124-011205,20241221,202,0,1,1,17.36,LATE_DELIVERY,Opened,
1621,26115,ORD-241124-011211,20241218,36,604,8,1,55.57,DEFECTIVE,New,Arrived damaged in transit.
1622,26125,ORD-241124-011215,20241220,143,1789,2,2,288.46,BETTER_PRICE,Used,Found it cheaper elsewhere.
1623,26132,ORD-241124-011218,20241224,36,1282,2,1,55.57,DEFECTIVE,Damaged,
1624,26134,ORD-241124-011218,20241201,257,1282,2,1,180.6,WRONG_SIZE,Damaged,Runs large compared to other brands.
1625,26138,ORD-241124-011220,20241207,146,893,4,1,10.79,NOT_AS_DESCRIBED,Used,
1626,26148,ORD-241124-011224,20241127,149,1001,2,4,53.52,WRONG_SIZE,New,"Too small, ordering a larger size."
1627,26192,ORD-241124-011240,20241214,130,0,2,1,64.9,WRONG_SIZE,Opened,"Too small, ordering a larger size."
1628,26194,ORD-241125-011242,20241214,1,526,14,1,11.67,WRONG_SIZE,New,Runs large compared to other brands.
1629,26229,ORD-241125-011256,20241212,36,1282,9,1,55.57,CHANGED_MIND,New,Bought a duplicate by mistake.
1630,26234,ORD-241125-011256,20241209,227,1282,9,1,72.08,WRONG_SIZE,Damaged,
1631,26246,ORD-241125-011263,20241128,295,437,14,1,882.66,DEFECTIVE,Used,Arrived damaged in transit.
1632,26247,ORD-241125-011263,20241130,155,437,14,1,21.56,NOT_AS_DESCRIBED,Opened,Material feels cheaper than the description suggests.
1633,26248,ORD-241125-011263,20241202,92,437,14,2,8.6,CHANGED_MIND,Opened,Bought a duplicate by mistake.
1634,26258,ORD-241126-011268,20241207,295,944,6,1,882.66,CHANGED_MIND,New,
1635,26260,ORD-241126-011268,20241219,295,944,6,1,1260.95,LATE_DELIVERY,Opened,
1636,26264,ORD-241126-011270,20241217,36,1583,2,1,55.57,NOT_AS_DESCRIBED,New,Colour looks different from the photos.
1637,26279,ORD-241126-011275,20241226,36,1967,4,1,55.57,DEFECTIVE,New,Arrived damaged in transit.
1638,26344,ORD-241127-011309,20241130,295,1498,2,1,1260.95,DEFECTIVE,Opened,Stitching came apart on first wash.
1639,26356,ORD-241127-011311,20241205,3,1629,1,1,35.49,NOT_AS_DESCRIBED,Opened,
1640,26375,ORD-241128-011319,20241214,295,1609,2,1,882.66,CHANGED_MIND,New,
1641,26378,ORD-241128-011321,20241209,50,131,1,2,80.86,DEFECTIVE,Opened,
1642,26432,ORD-241129-011343,20241201,36,1328,1,1,55.57,WRONG_SIZE,Opened,
1643,26447,ORD-241129-011350,20241207,51,1642,1,2,59.36,DEFECTIVE,New,Screen had a visible crack on arrival.
1644,26477,ORD-241129-011360,20241205,247,1686,2,1,178.68,CHANGED_MIND,Damaged,Bought a duplicate by mistake.
1645,26479,ORD-241129-011362,20241216,219,1344,4,1,43.68,WRONG_SIZE,Opened,Fit was not what I expected from the size chart.
1646,26482,ORD-241129-011362,20241216,116,1344,4,3,1569.42,CHANGED_MIND,Opened,Decided on a different model.
1647,26494,ORD-241129-011366,20241205,295,437,4,1,882.66,BETTER_PRICE,Opened,Found it cheaper elsewhere.
1648,26507,ORD-241129-011373,20241206,295,105,1,1,882.66,CHANGED_MIND,New,Decided on a different model.
1649,26543,ORD-241130-011394,20241210,135,526,1,2,85.84,LATE_DELIVERY,New,Arrived after the event I needed it for.
1650,26556,ORD-241130-011399,20241209,295,39,13,1,882.66,WRONG_SIZE,Opened,Runs large compared to other brands.
1651,26559,ORD-241130-011400,20241204,283,219,5,1,16.41,CHANGED_MIND,Opened,Bought a duplicate by mistake.
1652,26573,ORD-241130-011409,20241219,79,1644,4,2,255.36,CHANGED_MIND,New,Decided on a different model.
1653,26578,ORD-241130-011410,20241206,247,335,4,1,178.68,DEFECTIVE,Damaged,
1654,26598,ORD-241130-011417,20241207,3,2179,1,1,35.49,DEFECTIVE,Opened,
1655,26605,ORD-241201-011420,20241223,79,1120,2,2,255.36,DEFECTIVE,Used,
1656,26616,ORD-241201-011427,20241218,156,0,1,1,52.85,NOT_AS_DESCRIBED,Opened,
1657,26631,ORD-241201-011432,20241211,36,913,4,3,166.71,CHANGED_MIND,Opened,
1658,26663,ORD-241201-011450,20241210,36,893,9,1,55.57,CHANGED_MIND,Opened,
1659,26699,ORD-241202-011469,20241206,295,1711,2,1,1260.95,CHANGED_MIND,Opened,No longer needed.
1660,26716,ORD-241202-011476,20241225,104,1282,1,1,39.45,WRONG_SIZE,Damaged,Fit was not what I expected from the size chart.
1661,26729,ORD-241203-011482,20241204,36,1213,12,1,55.57,LATE_DELIVERY,Opened,Delivery took far longer than promised.
1662,26748,ORD-241203-011490,20241225,93,1056,14,1,38.84,WRONG_SIZE,New,"Too small, ordering a larger size."
1663,26759,ORD-241203-011495,20241213,36,700,1,1,55.57,DEFECTIVE,Opened,Item stopped working after two days.
1664,26777,ORD-241203-011503,20241228,76,427,4,1,3.2,DEFECTIVE,New,
1665,26789,ORD-241204-011506,20241223,75,155,1,1,9.9,WRONG_SIZE,Used,"Too small, ordering a larger size."
1666,26812,ORD-241204-011515,20241213,63,546,1,1,34.67,WRONG_SIZE,Opened,Fit was not what I expected from the size chart.
1667,26815,ORD-241204-011516,20250102,90,0,2,4,2088.32,CHANGED_MIND,New,Bought a duplicate by mistake.
1668,26858,ORD-241205-011539,20241211,295,233,2,1,1260.95,WRONG_SIZE,Opened,
1669,26883,ORD-241206-011554,20250105,295,925,1,1,1260.95,WRONG_SIZE,Opened,Runs large compared to other brands.
1670,26902,ORD-241206-011561,20241227,295,1806,7,1,1260.95,WRONG_SIZE,New,Fit was not what I expected from the size chart.
1671,26927,ORD-241207-011577,20241212,93,610,1,1,38.84,LATE_DELIVERY,New,
1672,26929,ORD-241207-011579,20241209,295,903,8,1,1260.95,LATE_DELIVERY,Opened,
1673,26933,ORD-241207-011582,20241211,87,2133,1,1,816.39,DEFECTIVE,Opened,
1674,26949,ORD-241207-011589,20241211,155,437,14,1,21.56,NOT_AS_DESCRIBED,New,Missing accessories listed on the page.
1675,26961,ORD-241207-011593,20241222,116,409,2,2,1046.28,NOT_AS_DESCRIBED,Opened,Colour looks different from the photos.
1676,26967,ORD-241207-011596,20250106,129,1686,1,4,35.04,CHANGED_MIND,Used,
1677,26969,ORD-241207-011597,20241224,156,345,2,1,52.85,CHANGED_MIND,New,
1678,26970,ORD-241207-011598,20241227,36,811,12,1,55.57,WRONG_SIZE,New,
1679,26973,ORD-241207-011599,20250104,45,1937,1,1,25.7,DEFECTIVE,New,Item stopped working after two days.
1680,26982,ORD-241207-011604,20241218,96,1123,4,3,916.62,CHANGED_MIND,New,No longer needed.
1681,26998,ORD-241207-011610,20250102,295,2063,8,2,2521.9,DEFECTIVE,Opened,
1682,27035,ORD-241208-011623,20241214,198,1937,1,2,153.72,CHANGED_MIND,New,No longer needed.
1683,27057,ORD-241208-011637,20250101,152,441,2,1,56.61,DEFECTIVE,Opened,Screen had a visible crack on arrival.
1684,27092,ORD-241208-011652,20241218,149,1293,1,2,26.76,LATE_DELIVERY,New,Arrived after the event I needed it for.
1685,27096,ORD-241208-011653,20241228,63,801,1,4,138.68,LATE_DELIVERY,Used,Delivery took far longer than promised.
1686,27098,ORD-241208-011655,20241212,63,1697,3,1,34.67,DEFECTIVE,Opened,Item stopped working after two days.
1687,27099,ORD-241208-011656,20241228,36,0,2,2,111.14,DEFECTIVE,New,
1688,27131,ORD-241209-011674,20241211,247,295,13,1,178.68,CHANGED_MIND,Opened,
1689,27158,ORD-241210-011684,20250102,36,0,10,1,55.57,BETTER_PRICE,Opened,Found it cheaper elsewhere.
1690,27168,ORD-241210-011689,20250105,187,1523,8,1,6.87,DEFECTIVE,Used,Screen had a visible crack on arrival.
1691,27183,ORD-241210-011696,20241226,145,347,2,1,45.21,DEFECTIVE,New,
1692,27211,ORD-241211-011711,20241226,211,903,2,1,19.54,CHANGED_MIND,Damaged,Bought a duplicate by mistake.
1693,27216,ORD-241211-011712,20250102,36,1688,2,1,55.57,NOT_AS_DESCRIBED,Used,Colour looks different from the photos.
1694,27251,ORD-241211-011723,20241228,247,2150,8,1,178.68,DEFECTIVE,New,
1695,27287,ORD-241212-011743,20241227,226,1686,1,1,13.37,DEFECTIVE,Opened,
1696,27302,ORD-241213-011749,20241225,152,0,2,2,113.22,WRONG_SIZE,New,"Too small, ordering a larger size."
1697,27326,ORD-241213-011763,20250108,140,1801,1,1,61.73,NOT_AS_DESCRIBED,Used,Colour looks different from the photos.
1698,27330,ORD-241213-011766,20250107,247,0,1,1,178.68,CHANGED_MIND,Damaged,
1699,27344,ORD-241214-011770,20241224,195,879,12,1,24.56,NOT_AS_DESCRIBED,Opened,Material feels cheaper than the description suggests.
1700,27347,ORD-241214-011772,20250105,63,427,14,2,69.34,WRONG_SIZE,Opened,
1701,27349,ORD-241214-011772,20241229,299,427,14,2,28.42,DEFECTIVE,New,Screen had a visible crack on arrival.
1702,27377,ORD-241214-011786,20241229,211,39,13,1,19.54,NOT_AS_DESCRIBED,New,
1703,27390,ORD-241214-011790,20241230,155,4,14,1,21.56,CHANGED_MIND,Opened,
1704,27398,ORD-241214-011793,20241225,260,1866,2,1,41.3,LATE_DELIVERY,Damaged,
1705,27407,ORD-241214-011797,20250104,132,139,2,1,39.08,CHANGED_MIND,Used,Decided on a different model.
1706,27428,ORD-241215-011807,20241219,168,1084,7,1,12.49,WRONG_SIZE,New,"Too small, ordering a larger size."
1707,27455,ORD-241215-011816,20250111,232,495,1,1,28.46,CHANGED_MIND,Opened,
1708,27457,ORD-241215-011818,20241222,295,1228,3,1,1260.95,CHANGED_MIND,New,
1709,27471,ORD-241215-011822,20250103,295,0,4,1,1260.95,WRONG_SIZE,Opened,Runs large compared to other brands.
1710,27494,ORD-241215-011830,20250114,283,1459,1,1,16.41,WRONG_SIZE,Damaged,"Too small, ordering a larger size."
1711,27512,ORD-241216-011838,20241219,177,877,5,2,6.78,BETTER_PRICE,New,Found it cheaper elsewhere.
1712,27519,ORD-241216-011843,20250114,295,1282,1,1,1260.95,WRONG_SIZE,Used,Runs large compared to other brands.
1713,27530,ORD-241216-011849,20250112,295,694,8,2,2521.9,DEFECTIVE,New,Item stopped working after two days.
1714,27534,ORD-241216-011852,20250110,102,0,3,1,391.58,CHANGED_MIND,Opened,No longer needed.
1715,27561,ORD-241217-011864,20241231,295,1256,2,1,1260.95,NOT_AS_DESCRIBED,Damaged,
1716,27579,ORD-241217-011870,20250107,260,1404,1,3,123.9,WRONG_SIZE,Used,Fit was not what I expected from the size chart.
1717,27592,ORD-241217-011876,20241229,295,50,8,1,1260.95,NOT_AS_DESCRIBED,Opened,
1718,27605,ORD-241218-011883,20241220,212,1404,4,1,484.76,DEFECTIVE,Opened,
1719,27613,ORD-241218-011888,20241228,212,887,12,1,484.76,DEFECTIVE,New,Stitching came apart on first wash.
1720,27614,ORD-241218-011888,20241231,295,887,12,1,1260.95,WRONG_SIZE,Used,
1721,27633,ORD-241218-011897,20241221,260,0,8,1,41.3,WRONG_SIZE,Opened,"Too small, ordering a larger size."
1722,27660,ORD-241219-011907,20241224,152,407,4,1,56.61,DEFECTIVE,Opened,Item stopped working after two days.
1723,27687,ORD-241219-011917,20250111,277,256,13,2,862.96,CHANGED_MIND,Opened,Bought a duplicate by mistake.
1724,27766,ORD-241220-011951,20250116,295,504,4,1,945.71,NOT_AS_DESCRIBED,Damaged,Colour looks different from the photos.
1725,27791,ORD-241220-011963,20250105,295,1308,13,1,1260.95,WRONG_SIZE,New,"Too small, ordering a larger size."
1726,27815,ORD-241221-011973,20250111,295,737,2,2,1891.42,BETTER_PRICE,Opened,Found it cheaper elsewhere.
1727,27823,ORD-241221-011976,20250115,36,2102,6,2,83.35,DEFECTIVE,Opened,Stitching came apart on first wash.
1728,27859,ORD-241221-011995,20250101,116,479,1,1,392.36,CHANGED_MIND,Damaged,No longer needed.
1729,27906,ORD-241221-012012,20250116,36,95,2,2,83.35,BETTER_PRICE,Damaged,Found it cheaper elsewhere.
1730,27932,ORD-241222-012024,20250103,70,1097,8,1,94.1,CHANGED_MIND,New,
1731,27975,ORD-241222-012038,20250116,247,1143,7,1,134.01,CHANGED_MIND,New,Bought a duplicate by mistake.
1732,27980,ORD-241222-012041,20250116,132,1620,1,1,29.31,BETTER_PRICE,Damaged,
1733,27981,ORD-241222-012041,20250119,211,1620,1,4,58.62,CHANGED_MIND,Used,No longer needed.
1734,27989,ORD-241222-012046,20250117,69,1963,8,1,18.35,WRONG_SIZE,Opened,"Too small, ordering a larger size."
1735,27997,ORD-241222-012048,20241228,97,149,2,1,10.82,WRONG_SIZE,New,
1736,28003,ORD-241223-012050,20250114,295,331,1,2,1891.42,NOT_AS_DESCRIBED,Opened,Missing accessories listed on the page.
1737,28007,ORD-241223-012051,20250109,140,758,8,1,46.3,LATE_DELIVERY,Damaged,Delivery took far longer than promised.
1738,28014,ORD-241223-012054,20250109,260,1086,4,1,30.97,WRONG_SIZE,New,"Too small, ordering a larger size."
1739,28021,ORD-241223-012057,20241226,36,890,8,1,55.57,CHANGED_MIND,New,
1740,28030,ORD-241223-012061,20250113,79,868,1,1,95.76,WRONG_SIZE,Opened,
1741,28034,ORD-241223-012061,20250105,228,868,1,1,183.19,DEFECTIVE,Used,Screen had a visible crack on arrival.
1742,28044,ORD-241223-012064,20241229,45,167,2,1,19.27,CHANGED_MIND,Damaged,Decided on a different model.
1743,28093,ORD-241224-012083,20250109,93,1370,1,1,29.13,NOT_AS_DESCRIBED,Opened,Colour looks different from the photos.
1744,28112,ORD-241224-012091,20241225,66,609,2,2,27.75,CHANGED_MIND,Used,No longer needed.
1745,28155,ORD-241224-012105,20250115,295,2121,6,1,945.71,NOT_AS_DESCRIBED,Damaged,
1746,28162,ORD-241224-012109,20250119,154,2137,2,1,984.6,LATE_DELIVERY,Opened,Arrived after the event I needed it for.
1747,28178,ORD-241225-012116,20241226,102,1502,14,3,1174.74,WRONG_SIZE,Used,Runs large compared to other brands.
1748,28205,ORD-241225-012132,20250113,295,2193,1,1,945.71,CHANGED_MIND,New,Bought a duplicate by mistake.
1749,28221,ORD-241226-012139,20250113,159,463,4,1,92.4,DEFECTIVE,Damaged,
1750,28257,ORD-241226-012151,20250119,66,488,12,1,18.5,WRONG_SIZE,Opened,"Too small, ordering a larger size."
1751,28264,ORD-241226-012153,20241231,211,0,14,2,29.31,CHANGED_MIND,Opened,
1752,28278,ORD-241226-012157,20250105,155,960,12,1,16.17,DEFECTIVE,Used,Arrived damaged in transit.
1753,28303,ORD-241227-012168,20250109,140,1187,4,1,46.3,CHANGED_MIND,Opened,
1754,28321,ORD-241227-012173,20250111,63,2164,2,2,69.34,WRONG_SIZE,Used,
1755,28331,ORD-241227-012176,20250101,140,1795,2,1,61.73,CHANGED_MIND,Opened,
1756,28333,ORD-241227-012177,20250111,105,2179,11,1,47.95,WRONG_SIZE,Opened,"Too small, ordering a larger size."
1757,28351,ORD-241227-012184,20250104,150,620,8,1,9.93,WRONG_SIZE,Opened,
1758,28365,ORD-241227-012191,20250106,223,2162,2,2,69.03,BETTER_PRICE,Used,Found it cheaper elsewhere.
1759,28392,ORD-241228-012209,20250101,174,0,2,1,9.16,DEFECTIVE,Opened,
1760,28396,ORD-241228-012212,20250103,69,1922,13,1,13.76,WRONG_SIZE,Damaged,Runs large compared to other brands.
1761,28436,ORD-241229-012237,20250101,284,1677,12,1,65.85,DEFECTIVE,Damaged,
1762,28442,ORD-241229-012240,20250125,9,0,2,1,26.8,LATE_DELIVERY,Opened,Arrived after the event I needed it for.
1763,28503,ORD-241230-012267,20250128,3,335,4,3,79.85,WRONG_SIZE,Damaged,
1764,28506,ORD-241230-012269,20250123,115,322,10,1,6.38,NOT_AS_DESCRIBED,Damaged,Colour looks different from the photos.
1765,28528,ORD-241231-012281,20250120,36,335,3,2,111.14,CHANGED_MIND,Used,
1766,28547,ORD-241231-012288,20250104,75,1444,4,1,7.43,WRONG_SIZE,New,
1767,28563,ORD-241231-012295,20250124,295,0,2,1,945.71,BETTER_PRICE,New,Found it cheaper elsewhere.
1768,28587,ORD-241231-012304,20250112,66,2109,4,1,18.5,NOT_AS_DESCRIBED,New,
1769,28590,ORD-241231-012305,20250112,295,1161,2,1,945.71,CHANGED_MIND,Opened,Bought a duplicate by mistake.
1770,28593,ORD-241231-012306,20250118,152,1761,2,3,127.37,NOT_AS_DESCRIBED,Opened,Missing accessories listed on the page.
1771,28594,ORD-241231-012306,20250115,249,1761,2,1,14.11,CHANGED_MIND,Opened,
1772,28626,ORD-250101-012321,20250127,295,1949,12,1,1103.02,NOT_AS_DESCRIBED,Damaged,
1773,28642,ORD-250102-012331,20250114,59,93,1,1,11.04,LATE_DELIVERY,New,Arrived after the event I needed it for.
1774,28656,ORD-250102-012338,20250112,260,2179,12,1,36.13,CHANGED_MIND,Used,No longer needed.
1775,28657,ORD-250102-012338,20250103,36,2179,12,1,48.61,CHANGED_MIND,Opened,No longer needed.
1776,28698,ORD-250103-012356,20250130,40,2210,2,2,2334.16,NOT_AS_DESCRIBED,Damaged,
1777,28724,ORD-250104-012367,20250124,295,1301,5,3,3309.06,LATE_DELIVERY,Damaged,Arrived after the event I needed it for.
1778,28727,ORD-250104-012369,20250124,36,1733,2,2,114.38,CHANGED_MIND,New,No longer needed.
1779,28729,ORD-250104-012369,20250118,249,1733,2,2,24.68,NOT_AS_DESCRIBED,New,Colour looks different from the photos.
1780,28731,ORD-250104-012369,20250116,295,1733,2,1,1103.02,NOT_AS_DESCRIBED,Damaged,Material feels cheaper than the description suggests.
1781,28735,ORD-250104-012371,20250127,36,0,1,1,48.61,CHANGED_MIND,Opened,
1782,28737,ORD-250104-012372,20250112,93,2078,12,1,33.97,WRONG_SIZE,Opened,"Too small, ordering a larger size."
1783,28754,ORD-250105-012379,20250125,20,1730,8,1,55.53,WRONG_SIZE,Opened,"Too small, ordering a larger size."
1784,28759,ORD-250105-012380,20250118,63,0,1,4,121.31,DEFECTIVE,Opened,Stitching came apart on first wash.
1785,28760,ORD-250105-012381,20250125,178,274,1,1,41.61,NOT_AS_DESCRIBED,Damaged,
1786,28763,ORD-250105-012383,20250123,137,2078,2,2,486.93,LATE_DELIVERY,Opened,Delivery took far longer than promised.
1787,28777,ORD-250105-012391,20250128,140,0,12,1,63.53,CHANGED_MIND,Used,
1788,28781,ORD-250105-012392,20250109,75,493,2,1,8.66,NOT_AS_DESCRIBED,Opened,Material feels cheaper than the description suggests.
1789,28791,ORD-250105-012396,20250115,96,2179,2,1,267.27,WRONG_SIZE,Used,
1790,28792,ORD-250105-012396,20250115,87,2179,2,1,714.14,NOT_AS_DESCRIBED,Opened,Colour looks different from the photos.
1791,28799,ORD-250106-012399,20250203,227,24,2,1,74.18,BETTER_PRICE,Opened,Found it cheaper elsewhere.
1792,28837,ORD-250106-012412,20250204,295,1909,1,1,1103.02,WRONG_SIZE,New,Fit was not what I expected from the size chart.
1793,28854,ORD-250107-012419,20250121,295,1090,1,1,1103.02,LATE_DELIVERY,Used,Arrived after the event I needed it for.
1794,28856,ORD-250107-012420,20250111,155,1296,1,1,22.19,DEFECTIVE,Damaged,
1795,28879,ORD-250108-012427,20250203,141,2001,2,2,111.08,CHANGED_MIND,Opened,No longer needed.
1796,28882,ORD-250108-012429,20250122,260,2203,6,1,42.51,WRONG_SIZE,Opened,Runs large compared to other brands.
1797,28898,ORD-250109-012439,20250119,295,1943,2,1,1297.67,CHANGED_MIND,New,No longer needed.
1798,28899,ORD-250109-012439,20250128,129,1943,2,1,9.01,WRONG_SIZE,New,Runs large compared to other brands.
1799,28911,ORD-250109-012441,20250115,226,1789,2,1,13.76,WRONG_SIZE,New,
1800,28924,ORD-250109-012447,20250201,102,596,8,1,402.98,DEFECTIVE,Opened,Screen had a visible crack on arrival.
1801,28963,ORD-250111-012466,20250113,140,126,1,1,63.53,CHANGED_MIND,Damaged,Bought a duplicate by mistake.
1802,28974,ORD-250111-012470,20250113,36,1624,6,2,114.38,WRONG_SIZE,New,
1803,28993,ORD-250111-012478,20250113,178,1030,2,1,48.95,CHANGED_MIND,Opened,Decided on a different model.
1804,28998,ORD-250111-012481,20250115,105,241,2,1,49.34,NOT_AS_DESCRIBED,New,
1805,29014,ORD-250112-012488,20250201,60,0,1,2,117.2,WRONG_SIZE,Used,Fit was not what I expected from the size chart.
1806,29032,ORD-250112-012496,20250116,36,1656,1,2,114.38,NOT_AS_DESCRIBED,Damaged,
1807,29038,ORD-250112-012499,20250211,116,839,1,1,538.37,NOT_AS_DESCRIBED,Damaged,Material feels cheaper than the description suggests.
1808,29043,ORD-250112-012499,20250118,295,839,1,1,1297.67,DEFECTIVE,Damaged,Item stopped working after two days.
1809,29079,ORD-250114-012519,20250123,36,1801,2,2,114.38,WRONG_SIZE,Damaged,
1810,29116,ORD-250115-012538,20250131,140,1316,12,1,63.53,CHANGED_MIND,Opened,Bought a duplicate by mistake.
1811,29146,ORD-250115-012546,20250204,36,2216,2,1,57.19,WRONG_SIZE,Used,Fit was not what I expected from the size chart.
1812,29164,ORD-250116-012551,20250205,155,922,2,1,22.19,WRONG_SIZE,Opened,Runs large compared to other brands.
1813,29186,ORD-250116-012559,20250204,275,50,1,1,70.09,WRONG_SIZE,Opened,
1814,29198,ORD-250117-012567,20250203,247,1778,4,1,183.89,CHANGED_MIND,Used,Decided on a different model.
1815,29240,ORD-250118-012585,20250127,54,2198,1,3,163.11,WRONG_SIZE,New,Runs large compared to other brands.
1816,29254,ORD-250118-012593,20250121,28,1353,2,1,612.72,WRONG_SIZE,Opened,"Too small, ordering a larger size."
1817,29275,ORD-250119-012602,20250209,175,1204,2,1,195.11,NOT_AS_DESCRIBED,New,Colour looks different from the photos.
1818,29282,ORD-250119-012607,20250215,130,2063,4,1,66.79,CHANGED_MIND,Used,Bought a duplicate by mistake.
1819,29287,ORD-250119-012609,20250120,247,1644,1,1,183.89,CHANGED_MIND,New,No longer needed.
1820,29365,ORD-250122-012648,20250124,90,2017,8,1,537.28,BETTER_PRICE,Damaged,Found it cheaper elsewhere.
1821,29374,ORD-250123-012652,20250205,246,942,12,1,117.18,CHANGED_MIND,Opened,Bought a duplicate by mistake.
1822,29382,ORD-250123-012655,20250126,159,1963,7,1,95.09,DEFECTIVE,Damaged,Arrived damaged in transit.
1823,29397,ORD-250123-012663,20250219,247,2063,1,2,367.78,BETTER_PRICE,Opened,
1824,29402,ORD-250123-012665,20250126,295,1856,8,1,1297.67,CHANGED_MIND,New,
1825,29419,ORD-250124-012673,20250208,278,635,1,1,29.36,WRONG_SIZE,New,Fit was not what I expected from the size chart.
1826,29430,ORD-250124-012678,20250210,185,1140,8,1,15.14,DEFECTIVE,Opened,Screen had a visible crack on arrival.
1827,29434,ORD-250124-012679,20250215,295,0,1,1,1038.14,LATE_DELIVERY,Used,Arrived after the event I needed it for.
1828,29437,ORD-250124-012679,20250214,93,0,1,1,31.98,LATE_DELIVERY,Used,Delivery took far longer than promised.
1829,29438,ORD-250124-012679,20250206,295,0,1,1,1297.67,NOT_AS_DESCRIBED,Opened,Missing accessories listed on the page.
1830,29448,ORD-250124-012682,20250216,139,293,7,1,9.5,BETTER_PRICE,Opened,Found it cheaper elsewhere.
1831,29464,ORD-250124-012689,20250212,91,0,1,2,69.22,LATE_DELIVERY,Opened,
1832,29472,ORD-250125-012693,20250129,116,1922,12,1,538.37,DEFECTIVE,Opened,Item stopped working after two days.
1833,29475,ORD-250125-012695,20250206,3,1086,1,1,29.22,CHANGED_MIND,Damaged,Bought a duplicate by mistake.
1834,29484,ORD-250125-012697,20250224,295,0,1,1,1297.67,CHANGED_MIND,New,No longer needed.
1835,29506,ORD-250125-012707,20250207,36,126,4,1,45.75,LATE_DELIVERY,Damaged,
1836,29520,ORD-250126-012711,20250215,43,700,2,1,15.72,NOT_AS_DESCRIBED,Damaged,
1837,29534,ORD-250126-012718,20250214,155,1456,1,1,17.75,NOT_AS_DESCRIBED,Used,Colour looks different from the photos.
1838,29541,ORD-250126-012721,20250220,247,925,8,1,183.89,NOT_AS_DESCRIBED,Opened,
1839,29544,ORD-250126-012721,20250214,154,925,8,1,1080.82,WRONG_SIZE,Used,Fit was not what I expected from the size chart.
1840,29551,ORD-250127-012727,20250205,140,1308,4,1,50.82,DEFECTIVE,Damaged,Item stopped working after two days.
1841,29552,ORD-250127-012728,20250211,152,1187,4,2,93.22,NOT_AS_DESCRIBED,Opened,
1842,29569,ORD-250127-012735,20250131,295,1949,8,1,1038.14,CHANGED_MIND,Damaged,Decided on a different model.
1843,29585,ORD-250128-012743,20250226,211,958,1,1,16.09,CHANGED_MIND,Used,Decided on a different model.
1844,29624,ORD-250129-012761,20250209,295,0,4,1,1297.67,BETTER_PRICE,Used,Found it cheaper elsewhere.
1845,29646,ORD-250129-012769,20250221,265,945,2,1,480.2,NOT_AS_DESCRIBED,Damaged,
1846,29662,ORD-250130-012779,20250224,140,1404,4,3,190.59,DEFECTIVE,Opened,
1847,29668,ORD-250130-012782,20250217,36,0,1,1,57.19,CHANGED_MIND,Opened,
1848,29703,ORD-250130-012797,20250207,249,851,1,3,43.56,BETTER_PRICE,Opened,Found it cheaper elsewhere.
1849,29709,ORD-250130-012799,20250202,262,1023,10,1,37.42,WRONG_SIZE,New,Runs large compared to other brands.
1850,29724,ORD-250131-012806,20250204,20,0,8,1,55.53,WRONG_SIZE,Used,"Too small, ordering a larger size."
1851,29742,ORD-250201-012817,20250213,36,214,3,1,57.19,DEFECTIVE,Opened,Arrived damaged in transit.
1852,29749,ORD-250201-012819,20250225,36,1686,2,2,114.38,CHANGED_MIND,Damaged,Bought a duplicate by mistake.
1853,29767,ORD-250201-012825,20250223,211,868,1,1,20.11,DEFECTIVE,Used,Screen had a visible crack on arrival.
1854,29791,ORD-250202-012833,20250222,296,748,12,1,39.15,CHANGED_MIND,New,Bought a duplicate by mistake.
1855,29856,ORD-250204-012864,20250209,140,214,1,1,63.53,DEFECTIVE,Opened,Stitching came apart on first wash.
1856,29862,ORD-250204-012864,20250302,36,214,1,1,57.19,NOT_AS_DESCRIBED,Damaged,Missing accessories listed on the page.
1857,29886,ORD-250205-012881,20250208,154,449,4,1,1351.03,WRONG_SIZE,Opened,"Too small, ordering a larger size."
1858,29888,ORD-250205-012883,20250218,75,0,4,1,10.19,WRONG_SIZE,Opened,Fit was not what I expected from the size chart.
1859,29945,ORD-250206-012906,20250226,36,305,12,1,57.19,WRONG_SIZE,Opened,"Too small, ordering a larger size."
1860,29947,ORD-250206-012907,20250216,212,700,6,1,498.88,BETTER_PRICE,Opened,Found it cheaper elsewhere.
1861,29958,ORD-250207-012913,20250208,80,1735,2,1,7.43,NOT_AS_DESCRIBED,New,Colour looks different from the photos.
1862,29965,ORD-250207-012916,20250214,211,811,2,1,20.11,BETTER_PRICE,New,Found it cheaper elsewhere.
1863,29994,ORD-250208-012928,20250303,221,1795,1,3,29.61,LATE_DELIVERY,Damaged,
1864,30003,ORD-250208-012931,20250219,195,0,1,1,25.27,DEFECTIVE,New,
1865,30011,ORD-250208-012934,20250223,260,177,3,1,42.51,WRONG_SIZE,New,"Too small, ordering a larger size."
1866,30025,ORD-250209-012940,20250213,232,1789,1,1,29.29,CHANGED_MIND,Opened,Bought a duplicate by mistake.
1867,30030,ORD-250209-012940,20250217,249,1789,1,2,29.04,DEFECTIVE,Damaged,Arrived damaged in transit.
1868,30038,ORD-250209-012942,20250213,153,2110,2,2,4.54,CHANGED_MIND,Opened,Decided on a different model.
1869,30073,ORD-250210-012958,20250227,211,299,1,1,20.11,DEFECTIVE,Used,Arrived damaged in transit.
1870,30087,ORD-250210-012965,20250306,227,1130,10,2,148.36,WRONG_SIZE,New,
1871,30096,ORD-250210-012966,20250223,22,1479,14,1,52.16,WRONG_SIZE,Damaged,"Too small, ordering a larger size."
1872,30108,ORD-250211-012971,20250228,247,0,2,1,183.89,DEFECTIVE,Opened,Item stopped working after two days.
1873,30159,ORD-250212-012989,20250314,295,1139,1,3,3893.01,CHANGED_MIND,Damaged,Decided on a different model.
1874,30164,ORD-250212-012990,20250304,211,1317,1,2,40.22,WRONG_SIZE,Opened,
1875,30186,ORD-250213-012996,20250301,116,604,12,1,538.37,DEFECTIVE,Opened,Stitching came apart on first wash.
1876,30191,ORD-250213-012996,20250302,125,604,12,1,22.06,CHANGED_MIND,Damaged,Decided on a different model.
1877,30237,ORD-250214-013022,20250218,260,122,4,1,42.51,WRONG_SIZE,Used,
1878,30247,ORD-250215-013025,20250303,138,339,10,1,2.14,CHANGED_MIND,New,Bought a duplicate by mistake.
1879,30248,ORD-250215-013026,20250312,211,137,9,2,40.22,NOT_AS_DESCRIBED,New,Material feels cheaper than the description suggests.
1880,30299,ORD-250216-013043,20250220,5,1983,4,1,116.96,LATE_DELIVERY,Opened,Arrived after the event I needed it for.
1881,30318,ORD-250216-013051,20250218,36,1965,1,1,57.19,DEFECTIVE,Opened,
1882,30334,ORD-250216-013057,20250302,184,2193,2,1,46.83,DEFECTIVE,New,Item stopped working after two days.
1883,30350,ORD-250217-013064,20250307,116,150,1,1,538.37,LATE_DELIVERY,Used,
1884,30353,ORD-250217-013065,20250319,247,1785,14,3,551.67,CHANGED_MIND,Opened,No longer needed.
1885,30354,ORD-250217-013065,20250307,36,1785,14,1,57.19,CHANGED_MIND,New,
1886,30371,ORD-250217-013071,20250311,36,800,1,2,114.38,DEFECTIVE,New,Stitching came apart on first wash.
1887,30384,ORD-250217-013077,20250219,93,131,1,1,39.97,BETTER_PRICE,Damaged,Found it cheaper elsewhere.
1888,30389,ORD-250218-013080,20250223,260,131,1,1,42.51,WRONG_SIZE,Opened,
1889,30394,ORD-250218-013082,20250312,209,700,4,1,24.84,WRONG_SIZE,Opened,Fit was not what I expected from the size chart.
1890,30405,ORD-250218-013087,20250318,295,1971,4,2,2595.34,CHANGED_MIND,Damaged,Bought a duplicate by mistake.
1891,30439,ORD-250219-013100,20250321,50,0,8,4,166.44,LATE_DELIVERY,Used,Delivery took far longer than promised.
1892,30444,ORD-250219-013102,20250315,295,1255,11,3,3893.01,WRONG_SIZE,New,
1893,30450,ORD-250219-013106,20250313,295,1187,2,2,2595.34,NOT_AS_DESCRIBED,Opened,Material feels cheaper than the description suggests.
1894,30501,ORD-250222-013133,20250302,36,0,12,2,102.94,WRONG_SIZE,New,
1895,30531,ORD-250222-013146,20250228,247,0,2,2,367.78,DEFECTIVE,New,Stitching came apart on first wash.
1896,30569,ORD-250223-013165,20250305,295,0,12,1,1297.67,DEFECTIVE,Used,
1897,30604,ORD-250224-013179,20250318,31,925,5,2,2424.12,NOT_AS_DESCRIBED,Damaged,
1898,30628,ORD-250225-013187,20250317,239,39,2,1,3.02,DEFECTIVE,Opened,Arrived damaged in transit.
1899,30629,ORD-250225-013187,20250304,211,39,2,1,20.11,DEFECTIVE,Used,Screen had a visible crack on arrival.
1900,30633,ORD-250225-013187,20250317,66,39,2,2,38.08,NOT_AS_DESCRIBED,New,Missing accessories listed on the page.
1901,30681,ORD-250227-013213,20250318,185,0,2,1,18.92,NOT_AS_DESCRIBED,Damaged,
1902,30690,ORD-250228-013217,20250318,295,1151,2,1,1297.67,CHANGED_MIND,Damaged,Decided on a different model.
1903,30691,ORD-250228-013217,20250321,281,1151,2,1,266.38,WRONG_SIZE,New,"Too small, ordering a larger size."
1904,30699,ORD-250228-013219,20250307,260,0,2,1,42.51,CHANGED_MIND,Damaged,
1905,30704,ORD-250228-013223,20250329,189,1404,1,1,128.29,DEFECTIVE,New,
1906,30745,ORD-250301-013242,20250326,295,2216,6,1,1297.67,DEFECTIVE,Opened,Stitching came apart on first wash.
1907,30746,ORD-250301-013242,20250308,295,2216,6,1,1297.67,LATE_DELIVERY,New,
1908,30794,ORD-250302-013262,20250312,246,1682,1,1,117.18,WRONG_SIZE,Opened,Fit was not what I expected from the size chart.
1909,30819,ORD-250303-013274,20250306,284,1187,14,1,67.77,CHANGED_MIND,Damaged,
1910,30844,ORD-250304-013283,20250324,116,2241,1,1,538.37,DEFECTIVE,New,Arrived damaged in transit.
1911,30872,ORD-250305-013291,20250317,36,1308,4,1,57.19,CHANGED_MIND,Opened,No longer needed.
1912,30910,ORD-250306-013307,20250308,63,808,9,2,71.36,CHANGED_MIND,Opened,
1913,30929,ORD-250306-013313,20250322,275,1187,1,1,70.09,WRONG_SIZE,New,
1914,30949,ORD-250307-013323,20250327,221,488,1,1,9.87,WRONG_SIZE,Opened,Fit was not what I expected from the size chart.
1915,30963,ORD-250307-013331,20250308,154,1280,5,1,1351.03,CHANGED_MIND,Used,Decided on a different model.
1916,30978,ORD-250308-013338,20250406,260,2150,13,1,42.51,WRONG_SIZE,Damaged,"Too small, ordering a larger size."
1917,30982,ORD-250308-013340,20250319,36,1609,1,2,114.38,DEFECTIVE,Opened,
1918,31009,ORD-250308-013347,20250324,300,1138,14,3,569.91,CHANGED_MIND,Opened,Bought a duplicate by mistake.
1919,31016,ORD-250308-013349,20250320,36,1282,5,1,57.19,DEFECTIVE,Opened,
1920,31017,ORD-250308-013350,20250401,295,771,2,1,1297.67,CHANGED_MIND,Damaged,Decided on a different model.
1921,31045,ORD-250309-013358,20250319,211,1609,1,1,20.11,WRONG_SIZE,Damaged,
1922,31097,ORD-250310-013381,20250328,116,263,1,1,538.37,WRONG_SIZE,Opened,"Too small, ordering a larger size."
1923,31099,ORD-250310-013382,20250322,209,95,2,1,24.84,WRONG_SIZE,New,"Too small, ordering a larger size."
1924,31105,ORD-250310-013383,20250315,295,745,4,1,1297.67,NOT_AS_DESCRIBED,New,
1925,31110,ORD-250310-013385,20250401,211,0,4,1,20.11,DEFECTIVE,Opened,Screen had a visible crack on arrival.
1926,31143,ORD-250312-013398,20250327,211,615,11,1,20.11,LATE_DELIVERY,New,Delivery took far longer than promised.
1927,31149,ORD-250312-013401,20250315,36,1138,2,1,57.19,WRONG_SIZE,Opened,
1928,31162,ORD-250312-013407,20250322,235,0,7,1,577.68,NOT_AS_DESCRIBED,Opened,
1929,31169,ORD-250312-013411,20250322,36,1340,1,1,57.19,LATE_DELIVERY,New,Delivery took far longer than promised.
1930,31219,ORD-250314-013434,20250323,93,631,8,1,39.97,NOT_AS_DESCRIBED,Used,Colour looks different from the photos.
1931,31232,ORD-250315-013440,20250328,50,101,4,1,41.61,DEFECTIVE,Used,Item stopped working after two days.
1932,31256,ORD-250315-013449,20250408,295,954,2,3,3893.01,CHANGED_MIND,New,
1933,31257,ORD-250315-013449,20250410,202,954,2,1,17.86,WRONG_SIZE,Damaged,Runs large compared to other brands.
1934,31267,ORD-250315-013452,20250331,295,131,1,1,1297.67,BETTER_PRICE,Used,Found it cheaper elsewhere.
1935,31275,ORD-250316-013455,20250402,211,263,1,1,20.11,CHANGED_MIND,Used,
1936,31293,ORD-250316-013463,20250329,295,0,1,1,1297.67,CHANGED_MIND,Opened,Decided on a different model.
1937,31302,ORD-250316-013466,20250402,116,0,1,1,538.37,CHANGED_MIND,New,No longer needed.
1938,31317,ORD-250317-013471,20250414,295,1069,4,1,1297.67,WRONG_SIZE,Opened,Fit was not what I expected from the size chart.
1939,31332,ORD-250317-013477,20250404,188,998,1,2,375.28,WRONG_SIZE,Used,"Too small, ordering a larger size."
1940,31338,ORD-250317-013479,20250318,295,1812,3,1,1297.67,DEFECTIVE,Opened,
1941,31359,ORD-250319-013491,20250408,295,1187,11,1,1297.67,DEFECTIVE,Opened,Item stopped working after two days.
1942,31379,ORD-250319-013498,20250417,36,1416,1,1,57.19,CHANGED_MIND,Damaged,Bought a duplicate by mistake.
1943,31380,ORD-250319-013498,20250407,295,1416,1,1,1297.67,NOT_AS_DESCRIBED,New,Material feels cheaper than the description suggests.
1944,31438,ORD-250321-013524,20250417,260,0,2,1,42.51,DEFECTIVE,Used,Screen had a visible crack on arrival.
1945,31447,ORD-250321-013529,20250410,241,39,1,1,30.44,CHANGED_MIND,New,
1946,31459,ORD-250321-013534,20250405,247,844,9,1,183.89,WRONG_SIZE,Damaged,"Too small, ordering a larger size."
1947,31478,ORD-250322-013544,20250411,49,481,4,2,12.8,NOT_AS_DESCRIBED,Damaged,
1948,31479,ORD-250322-013544,20250415,295,481,4,1,1297.67,CHANGED_MIND,Opened,Bought a duplicate by mistake.
1949,31489,ORD-250322-013551,20250329,268,899,5,1,19.44,NOT_AS_DESCRIBED,Damaged,Colour looks different from the photos.
1950,31496,ORD-250322-013556,20250402,296,1301,2,1,39.15,CHANGED_MIND,New,Decided on a different model.
1951,31538,ORD-250323-013574,20250330,295,366,5,1,1297.67,NOT_AS_DESCRIBED,Opened,
1952,31551,ORD-250324-013581,20250402,36,34,8,1,57.19,DEFECTIVE,Opened,Stitching came apart on first wash.
1953,31553,ORD-250324-013583,20250417,186,387,1,1,29.15,WRONG_SIZE,Damaged,Fit was not what I expected from the size chart.
1954,31579,ORD-250325-013596,20250417,295,507,1,1,1297.67,WRONG_SIZE,Opened,"Too small, ordering a larger size."
1955,31585,ORD-250325-013601,20250401,211,10,8,2,40.22,NOT_AS_DESCRIBED,Used,
1956,31587,ORD-250325-013602,20250416,295,2146,2,2,2595.34,DEFECTIVE,Used,Stitching came apart on first wash.
1957,31592,ORD-250326-013605,20250403,260,1141,1,1,42.51,NOT_AS_DESCRIBED,New,
1958,31620,ORD-250326-013617,20250425,260,2185,2,2,85.02,WRONG_SIZE,New,
1959,31622,ORD-250326-013617,20250425,40,2185,2,1,1167.08,WRONG_SIZE,Used,Runs large compared to other brands.
1960,31633,ORD-250327-013622,20250404,118,1191,2,1,56.11,NOT_AS_DESCRIBED,Used,
1961,31639,ORD-250327-013624,20250415,116,375,1,4,2153.48,DEFECTIVE,Opened,Arrived damaged in transit.
1962,31669,ORD-250328-013635,20250415,295,0,2,3,3893.01,DEFECTIVE,Opened,Arrived damaged in transit.
1963,31670,ORD-250328-013635,20250416,185,0,2,1,18.92,CHANGED_MIND,New,Decided on a different model.
1964,31681,ORD-250328-013639,20250407,295,1090,11,1,1297.67,DEFECTIVE,Opened,Item stopped working after two days.
1965,31685,ORD-250328-013641,20250331,36,1282,1,1,57.19,WRONG_SIZE,Damaged,"Too small, ordering a larger size."
1966,31726,ORD-250329-013658,20250426,23,2252,2,2,145.42,BETTER_PRICE,Used,
1967,31736,ORD-250329-013660,20250419,295,1659,12,1,1297.67,CHANGED_MIND,Used,Decided on a different model.
1968,31751,ORD-250330-013669,20250408,202,1431,4,1,17.86,DEFECTIVE,Opened,
1969,31752,ORD-250330-013669,20250424,177,1431,4,1,3.49,CHANGED_MIND,Damaged,
1970,31762,ORD-250330-013674,20250415,44,1942,3,1,66.09,WRONG_SIZE,Opened,Runs large compared to other brands.
1971,31792,ORD-250331-013687,20250415,295,1404,2,1,1297.67,NOT_AS_DESCRIBED,New,
1972,31794,ORD-250331-013687,20250412,183,1404,2,1,30.46,DEFECTIVE,Opened,Arrived damaged in transit.
1973,31810,ORD-250401-013695,20250419,202,1423,7,1,17.86,LATE_DELIVERY,Damaged,Delivery took far longer than promised.
1974,31813,ORD-250401-013698,20250405,14,1526,12,1,60.98,CHANGED_MIND,New,
1975,31848,ORD-250402-013715,20250419,155,0,1,1,22.19,CHANGED_MIND,Opened,
1976,31896,ORD-250403-013737,20250410,249,155,2,1,14.52,CHANGED_MIND,Opened,
1977,31904,ORD-250404-013740,20250406,141,1372,1,1,55.54,WRONG_SIZE,Opened,Fit was not what I expected from the size chart.
1978,31916,ORD-250404-013746,20250426,145,2110,2,1,46.52,DEFECTIVE,New,Stitching came apart on first wash.
1979,31952,ORD-250405-013762,20250503,295,273,10,1,1297.67,DEFECTIVE,Opened,Screen had a visible crack on arrival.
1980,31972,ORD-250405-013766,20250421,155,1561,2,1,22.19,WRONG_SIZE,Opened,Runs large compared to other brands.
1981,31976,ORD-250405-013769,20250421,2,2243,1,2,17.96,CHANGED_MIND,Opened,
1982,31992,ORD-250405-013780,20250504,36,659,12,1,57.19,DEFECTIVE,Opened,
1983,31997,ORD-250405-013784,20250419,45,511,7,1,26.45,LATE_DELIVERY,Damaged,Delivery took far longer than promised.
1984,32002,ORD-250406-013785,20250503,67,335,4,1,4.22,CHANGED_MIND,New,Bought a duplicate by mistake.
1985,32003,ORD-250406-013786,20250424,140,879,2,3,190.59,LATE_DELIVERY,Used,Delivery took far longer than promised.
1986,32034,ORD-250406-013800,20250409,260,1642,8,4,170.04,CHANGED_MIND,Used,No longer needed.
1987,32040,ORD-250406-013802,20250427,259,55,6,1,37.32,WRONG_SIZE,New,Fit was not what I expected from the size chart.
1988,32060,ORD-250407-013810,20250408,97,2179,14,1,11.13,WRONG_SIZE,Damaged,
1989,32065,ORD-250407-013811,20250417,96,1255,1,1,314.44,BETTER_PRICE,New,Found it cheaper elsewhere.
1990,32092,ORD-250407-013821,20250415,90,86,4,1,537.28,CHANGED_MIND,Opened,No longer needed.
1991,32093,ORD-250407-013821,20250416,90,86,4,1,537.28,WRONG_SIZE,Opened,
1992,32095,ORD-250407-013822,20250504,295,1138,2,1,1297.67,CHANGED_MIND,Opened,
1993,32120,ORD-250408-013833,20250412,155,795,2,1,22.19,WRONG_SIZE,New,"Too small, ordering a larger size."
1994,32138,ORD-250409-013841,20250504,51,379,2,1,30.55,DEFECTIVE,Used,
1995,32153,ORD-250409-013847,20250509,188,330,1,1,187.64,CHANGED_MIND,Opened,
1996,32180,ORD-250410-013858,20250413,12,1375,1,2,27.56,NOT_AS_DESCRIBED,Opened,Missing accessories listed on the page.
1997,32187,ORD-250410-013862,20250429,155,470,13,1,22.19,WRONG_SIZE,Opened,"Too small, ordering a larger size."
1998,32205,ORD-250410-013872,20250412,295,1079,1,1,1297.67,WRONG_SIZE,Used,Fit was not what I expected from the size chart.
1999,32206,ORD-250410-013872,20250508,90,1079,1,1,537.28,CHANGED_MIND,New,Bought a duplicate by mistake.
2000,32226,ORD-250411-013879,20250416,36,1942,9,1,57.19,CHANGED_MIND,Used,Decided on a different model.
2001,32230,ORD-250411-013881,20250508,66,1595,2,1,19.04,BETTER_PRICE,New,
2002,32253,ORD-250411-013890,20250501,260,2110,6,1,42.51,WRONG_SIZE,Opened,Runs large compared to other brands.
2003,32282,ORD-250412-013899,20250426,168,4,4,1,12.86,CHANGED_MIND,New,No longer needed.
2004,32293,ORD-250412-013904,20250430,295,1187,2,1,1297.67,DEFECTIVE,Opened,
2005,32301,ORD-250412-013906,20250511,123,232,7,1,120.55,CHANGED_MIND,Used,No longer needed.
2006,32303,ORD-250412-013907,20250424,295,1362,8,1,1297.67,DEFECTIVE,Used,
2007,32316,ORD-250413-013910,20250427,295,2047,11,1,1297.67,WRONG_SIZE,Opened,Fit was not what I expected from the size chart.
2008,32318,ORD-250413-013911,20250425,178,432,1,1,48.95,CHANGED_MIND,New,
2009,32325,ORD-250413-013912,20250505,50,667,10,1,41.61,CHANGED_MIND,Damaged,
2010,32328,ORD-250413-013914,20250416,295,0,14,1,1297.67,CHANGED_MIND,Opened,Bought a duplicate by mistake.
2011,32335,ORD-250413-013916,20250506,221,38,2,1,9.87,NOT_AS_DESCRIBED,New,Missing accessories listed on the page.
2012,32359,ORD-250413-013925,20250512,232,1283,2,1,29.29,DEFECTIVE,Opened,Item stopped working after two days.
2013,32370,ORD-250414-013931,20250501,36,1898,11,1,57.19,WRONG_SIZE,Damaged,
2014,32375,ORD-250414-013934,20250501,116,0,12,1,538.37,WRONG_SIZE,Opened,"Too small, ordering a larger size."
2015,32385,ORD-250414-013939,20250508,36,2063,1,1,57.19,CHANGED_MIND,New,No longer needed.
2016,32397,ORD-250414-013944,20250513,139,961,2,1,11.87,DEFECTIVE,New,
2017,32430,ORD-250415-013959,20250508,223,427,1,2,94.72,CHANGED_MIND,Damaged,
2018,32445,ORD-250416-013967,20250425,66,1707,1,3,57.12,DEFECTIVE,New,Item stopped working after two days.
2019,32448,ORD-250416-013969,20250421,93,1844,1,1,39.97,WRONG_SIZE,Opened,
2020,32476,ORD-250417-013982,20250430,247,510,1,1,183.89,WRONG_SIZE,Opened,
2021,32477,ORD-250417-013982,20250516,246,510,1,2,234.36,NOT_AS_DESCRIBED,Damaged,Material feels cheaper than the description suggests.
2022,32481,ORD-250417-013985,20250503,295,1943,2,2,2595.34,NOT_AS_DESCRIBED,Opened,
2023,32500,ORD-250418-013995,20250516,36,1976,1,1,57.19,NOT_AS_DESCRIBED,Opened,Material feels cheaper than the description suggests.
2024,32508,ORD-250418-013999,20250428,49,740,1,1,6.4,CHANGED_MIND,New,Bought a duplicate by mistake.
2025,32515,ORD-250418-014000,20250513,202,5,2,1,17.86,WRONG_SIZE,Opened,Runs large compared to other brands.
2026,32525,ORD-250418-014005,20250428,295,1942,13,1,1297.67,DEFECTIVE,New,
2027,32540,ORD-250419-014013,20250426,135,0,2,1,44.17,NOT_AS_DESCRIBED,New,Material feels cheaper than the description suggests.
2028,32553,ORD-250419-014022,20250505,96,495,2,1,314.44,CHANGED_MIND,Opened,
2029,32557,ORD-250419-014025,20250514,295,1564,1,2,2595.34,NOT_AS_DESCRIBED,Used,Missing accessories listed on the page.
2030,32558,ORD-250419-014026,20250505,120,663,2,1,15.05,CHANGED_MIND,New,
2031,32586,ORD-250420-014041,20250501,275,0,4,2,140.18,WRONG_SIZE,Opened,
2032,32598,ORD-250420-014047,20250517,295,1193,1,4,5190.68,WRONG_SIZE,Opened,
2033,32687,ORD-250422-014078,20250427,120,0,10,2,30.1,DEFECTIVE,Damaged,Stitching came apart on first wash.
2034,32695,ORD-250423-014082,20250511,105,333,2,1,49.34,DEFECTIVE,New,Stitching came apart on first wash.
2035,32698,ORD-250423-014084,20250516,36,1187,14,2,114.38,WRONG_SIZE,New,
2036,32708,ORD-250423-014088,20250523,15,1422,5,1,135.95,WRONG_SIZE,New,Runs large compared to other brands.
2037,32713,ORD-250423-014090,20250508,155,1797,1,1,22.19,CHANGED_MIND,Opened,No longer needed.
2038,32722,ORD-250423-014094,20250516,260,2244,2,1,42.51,WRONG_SIZE,Opened,
2039,32735,ORD-250424-014099,20250516,150,0,12,1,7.66,CHANGED_MIND,Used,
2040,32741,ORD-250424-014102,20250511,63,4,1,1,35.68,NOT_AS_DESCRIBED,Opened,
2041,32742,ORD-250424-014103,20250502,295,0,6,1,1297.67,WRONG_SIZE,Used,Fit was not what I expected from the size chart.
2042,32744,ORD-250424-014104,20250427,295,2201,9,2,2595.34,NOT_AS_DESCRIBED,Opened,
2043,32774,ORD-250425-014119,20250513,50,1012,2,2,62.41,WRONG_SIZE,Used,"Too small, ordering a larger size."
2044,32777,ORD-250425-014121,20250522,157,720,4,1,77.68,DEFECTIVE,Opened,
2045,32821,ORD-250426-014138,20250523,106,659,1,1,15.01,CHANGED_MIND,Damaged,
2046,32891,ORD-250427-014161,20250522,211,1308,11,3,60.33,NOT_AS_DESCRIBED,Used,
2047,32895,ORD-250427-014165,20250508,295,1734,2,1,1297.67,NOT_AS_DESCRIBED,New,Missing accessories listed on the page.
2048,32969,ORD-250429-014199,20250520,95,1575,1,1,3.25,CHANGED_MIND,New,No longer needed.
2049,32984,ORD-250429-014207,20250518,36,2098,1,1,57.19,WRONG_SIZE,Opened,"Too small, ordering a larger size."
2050,33005,ORD-250429-014215,20250505,178,0,4,1,36.71,CHANGED_MIND,New,No longer needed.
2051,33030,ORD-250430-014225,20250527,295,1187,1,1,1297.67,WRONG_SIZE,Opened,"Too small, ordering a larger size."
2052,33036,ORD-250430-014226,20250511,35,2178,11,4,16.72,DEFECTIVE,Damaged,Arrived damaged in transit.
2053,33080,ORD-250501-014245,20250503,23,2078,12,1,72.71,CHANGED_MIND,New,Decided on a different model.
2054,33103,ORD-250501-014253,20250529,278,681,1,1,29.36,WRONG_SIZE,Used,Fit was not what I expected from the size chart.
2055,33112,ORD-250501-014255,20250512,36,1282,2,1,57.19,CHANGED_MIND,New,
2056,33140,ORD-250502-014268,20250601,36,1187,1,1,57.19,DEFECTIVE,Damaged,Item stopped working after two days.
2057,33154,ORD-250502-014276,20250507,156,305,1,2,81.58,NOT_AS_DESCRIBED,Opened,
2058,33169,ORD-250503-014282,20250512,236,1893,1,1,37.09,CHANGED_MIND,Opened,
2059,33187,ORD-250503-014290,20250505,140,793,1,2,127.06,DEFECTIVE,New,Item stopped working after two days.
2060,33189,ORD-250503-014291,20250521,141,1308,2,2,83.31,BETTER_PRICE,Opened,
2061,33191,ORD-250503-014293,20250511,267,0,9,1,37.51,CHANGED_MIND,Opened,No longer needed.
2062,33216,ORD-250504-014310,20250512,135,184,2,1,44.17,CHANGED_MIND,Damaged,
2063,33248,ORD-250505-014325,20250528,211,1342,12,2,40.22,WRONG_SIZE,Used,
2064,33250,ORD-250505-014327,20250508,186,879,1,3,65.59,DEFECTIVE,Used,Stitching came apart on first wash.
2065,33257,ORD-250505-014331,20250519,36,1260,2,1,57.19,DEFECTIVE,New,
2066,33297,ORD-250506-014349,20250529,219,2007,2,1,44.95,NOT_AS_DESCRIBED,New,
2067,33300,ORD-250506-014351,20250518,36,0,1,1,57.19,DEFECTIVE,New,Screen had a visible crack on arrival.
2068,33311,ORD-250506-014356,20250520,36,359,2,1,57.19,WRONG_SIZE,Damaged,
2069,33312,ORD-250506-014356,20250529,99,359,2,1,38.26,NOT_AS_DESCRIBED,Opened,Material feels cheaper than the description suggests.
2070,33336,ORD-250507-014364,20250527,3,1942,2,1,27.4,WRONG_SIZE,Opened,
2071,33346,ORD-250507-014366,20250516,249,192,12,1,10.89,WRONG_SIZE,Opened,
2072,33347,ORD-250507-014366,20250512,36,192,12,1,57.19,NOT_AS_DESCRIBED,Opened,
2073,33363,ORD-250507-014373,20250515,140,1479,1,2,127.06,NOT_AS_DESCRIBED,Opened,
2074,33380,ORD-250508-014381,20250519,265,668,2,3,1440.6,WRONG_SIZE,New,Fit was not what I expected from the size chart.
2075,33403,ORD-250508-014391,20250518,152,1704,1,1,58.26,NOT_AS_DESCRIBED,Damaged,Colour looks different from the photos.
2076,33407,ORD-250508-014393,20250530,295,1789,14,1,1297.67,CHANGED_MIND,New,Bought a duplicate by mistake.
2077,33435,ORD-250509-014406,20250522,137,278,1,1,286.43,WRONG_SIZE,New,
2078,33439,ORD-250509-014408,20250603,45,4,1,1,26.45,CHANGED_MIND,Damaged,
2079,33454,ORD-250509-014413,20250607,155,1423,1,1,22.19,NOT_AS_DESCRIBED,Opened,
2080,33472,ORD-250510-014421,20250515,295,1161,2,1,1297.67,CHANGED_MIND,Damaged,No longer needed.
2081,33475,ORD-250510-014424,20250512,36,1817,8,1,57.19,LATE_DELIVERY,New,
2082,33500,ORD-250511-014434,20250602,295,292,2,1,1297.67,NOT_AS_DESCRIBED,Damaged,Colour looks different from the photos.
2083,33506,ORD-250511-014438,20250517,119,437,11,1,82.37,WRONG_SIZE,Opened,
2084,33556,ORD-250512-014459,20250513,3,766,6,1,36.53,CHANGED_MIND,Opened,No longer needed.
2085,33571,ORD-250512-014466,20250517,105,540,4,1,49.34,CHANGED_MIND,Damaged,
2086,33663,ORD-250515-014508,20250526,36,1739,13,1,57.19,NOT_AS_DESCRIBED,Damaged,Material feels cheaper than the description suggests.
2087,33666,ORD-250515-014509,20250602,182,957,4,1,110.17,CHANGED_MIND,Opened,
2088,33700,ORD-250515-014521,20250516,66,139,1,4,76.16,CHANGED_MIND,Opened,Decided on a different model.
2089,33702,ORD-250515-014522,20250521,295,1789,1,2,2595.34,NOT_AS_DESCRIBED,New,Material feels cheaper than the description suggests.
2090,33721,ORD-250517-014532,20250529,166,990,4,1,3.96,LATE_DELIVERY,Opened,Arrived after the event I needed it for.
2091,33735,ORD-250517-014535,20250606,295,331,13,1,1297.67,DEFECTIVE,New,
2092,33744,ORD-250517-014537,20250601,260,1706,1,1,42.51,CHANGED_MIND,Opened,Decided on a different model.
2093,33788,ORD-250518-014555,20250524,45,1051,10,1,26.45,WRONG_SIZE,New,Runs large compared to other brands.
2094,33805,ORD-250518-014563,20250608,295,230,7,1,1297.67,DEFECTIVE,Opened,
2095,33819,ORD-250518-014567,20250523,247,2164,1,1,183.89,WRONG_SIZE,New,Runs large compared to other brands.
2096,33827,ORD-250519-014572,20250605,295,0,1,2,2595.34,NOT_AS_DESCRIBED,New,Missing accessories listed on the page.
2097,33834,ORD-250519-014577,20250526,211,1963,9,1,20.11,NOT_AS_DESCRIBED,Opened,
2098,33841,ORD-250519-014581,20250528,75,1228,8,1,10.19,LATE_DELIVERY,Damaged,Arrived after the event I needed it for.
2099,33858,ORD-250519-014588,20250523,36,0,12,1,57.19,WRONG_SIZE,Opened,
2100,33862,ORD-250519-014590,20250601,116,0,2,1,538.37,CHANGED_MIND,Damaged,Bought a duplicate by mistake.
2101,33898,ORD-250521-014604,20250616,116,1004,6,1,538.37,CHANGED_MIND,Opened,Decided on a different model.
2102,33918,ORD-250521-014610,20250602,149,1317,12,1,13.77,DEFECTIVE,New,
2103,33962,ORD-250522-014626,20250614,189,0,2,2,256.58,DEFECTIVE,Damaged,Screen had a visible crack on arrival.
2104,33974,ORD-250522-014631,20250526,249,1697,4,2,29.04,NOT_AS_DESCRIBED,Opened,
2105,33980,ORD-250522-014635,20250614,260,655,2,3,127.53,WRONG_SIZE,Damaged,Fit was not what I expected from the size chart.
2106,33991,ORD-250523-014639,20250615,97,0,1,1,11.13,WRONG_SIZE,Damaged,
2107,34008,ORD-250523-014645,20250608,202,155,1,3,53.58,CHANGED_MIND,Opened,No longer needed.
2108,34012,ORD-250523-014649,20250604,177,1680,2,1,3.49,WRONG_SIZE,New,
2109,34016,ORD-250524-014651,20250530,63,685,2,1,35.68,DEFECTIVE,Opened,Arrived damaged in transit.
2110,34019,ORD-250524-014652,20250528,123,734,1,3,361.65,LATE_DELIVERY,Opened,Delivery took far longer than promised.
2111,34020,ORD-250524-014653,20250525,260,2077,10,3,127.53,DEFECTIVE,Damaged,Stitching came apart on first wash.
2112,34026,ORD-250524-014657,20250527,36,1898,10,3,171.57,DEFECTIVE,Opened,
2113,34032,ORD-250524-014659,20250529,155,0,1,1,22.19,CHANGED_MIND,Opened,
2114,34043,ORD-250524-014662,20250527,66,1519,1,1,19.04,DEFECTIVE,Used,Stitching came apart on first wash.
2115,34057,ORD-250524-014665,20250525,45,925,2,1,26.45,CHANGED_MIND,Opened,No longer needed.
2116,34060,ORD-250525-014666,20250531,116,31,2,1,538.37,DEFECTIVE,Opened,
2117,34063,ORD-250525-014667,20250618,138,471,1,1,2.14,CHANGED_MIND,Damaged,
2118,34073,ORD-250525-014673,20250613,66,786,1,1,19.04,CHANGED_MIND,Damaged,
2119,34096,ORD-250525-014681,20250610,36,412,1,1,57.19,DEFECTIVE,New,Stitching came apart on first wash.
2120,34106,ORD-250525-014684,20250620,36,1519,2,2,114.38,CHANGED_MIND,New,
2121,34110,ORD-250525-014686,20250612,137,997,7,3,859.29,NOT_AS_DESCRIBED,Used,Colour looks different from the photos.
2122,34128,ORD-250526-014698,20250624,289,1252,14,1,2.55,LATE_DELIVERY,Damaged,Delivery took far longer than promised.
2123,34140,ORD-250526-014704,20250621,36,1308,11,1,57.19,BETTER_PRICE,Used,Found it cheaper elsewhere.
2124,34153,ORD-250527-014708,20250617,227,762,1,1,74.18,CHANGED_MIND,New,No longer needed.
2125,34229,ORD-250528-014739,20250606,4,1344,2,3,222.39,CHANGED_MIND,Damaged,Bought a duplicate by mistake.
2126,34266,ORD-250530-014756,20250602,277,149,5,1,444.04,CHANGED_MIND,Opened,
2127,34297,ORD-250530-014771,20250605,50,1459,11,1,41.61,WRONG_SIZE,New,Runs large compared to other brands.
2128,34298,ORD-250531-014772,20250603,23,500,2,2,145.42,WRONG_SIZE,New,Fit was not what I expected from the size chart.
2129,34349,ORD-250601-014794,20250619,108,543,12,1,20.56,CHANGED_MIND,Opened,
2130,34355,ORD-250601-014799,20250621,295,646,1,1,1297.67,BETTER_PRICE,Used,Found it cheaper elsewhere.
2131,34357,ORD-250601-014800,20250609,3,1470,12,1,36.53,WRONG_SIZE,Used,"Too small, ordering a larger size."
2132,34378,ORD-250601-014811,20250615,300,0,4,1,189.97,WRONG_SIZE,Used,
2133,34387,ORD-250601-014813,20250618,295,894,8,1,1297.67,LATE_DELIVERY,New,Delivery took far longer than promised.
2134,34393,ORD-250601-014815,20250615,116,0,10,1,538.37,WRONG_SIZE,Opened,Runs large compared to other brands.
2135,34440,ORD-250603-014839,20250612,295,866,2,1,1297.67,CHANGED_MIND,Used,No longer needed.
2136,34445,ORD-250603-014842,20250605,63,1282,2,1,35.68,CHANGED_MIND,Damaged,
2137,34446,ORD-250603-014842,20250619,295,1282,2,1,1297.67,NOT_AS_DESCRIBED,Damaged,
2138,34455,ORD-250603-014845,20250619,36,1773,4,1,57.19,CHANGED_MIND,Damaged,Bought a duplicate by mistake.
2139,34460,ORD-250603-014849,20250625,157,868,5,1,103.57,CHANGED_MIND,Opened,
2140,34473,ORD-250604-014852,20250616,214,0,7,1,289.41,WRONG_SIZE,Damaged,"Too small, ordering a larger size."
2141,34528,ORD-250605-014872,20250623,295,1570,1,1,1297.67,DEFECTIVE,Used,
2142,34591,ORD-250606-014896,20250627,1,1969,9,1,12.01,CHANGED_MIND,Damaged,
2143,34596,ORD-250606-014897,20250609,295,252,4,2,2595.34,DEFECTIVE,Damaged,
2144,34602,ORD-250607-014900,20250624,295,1450,1,3,3893.01,DEFECTIVE,Damaged,
2145,34629,ORD-250607-014910,20250702,36,1468,2,1,57.19,NOT_AS_DESCRIBED,Opened,
2146,34703,ORD-250609-014945,20250628,211,2004,3,1,20.11,CHANGED_MIND,Opened,Decided on a different model.
2147,34724,ORD-250610-014955,20250620,174,1662,1,1,9.42,WRONG_SIZE,Used,
2148,34737,ORD-250610-014958,20250616,260,273,8,2,85.02,WRONG_SIZE,Opened,
2149,34753,ORD-250610-014965,20250614,295,393,2,1,1297.67,BETTER_PRICE,Damaged,Found it cheaper elsewhere.
2150,34754,ORD-250610-014966,20250622,36,1301,2,1,57.19,NOT_AS_DESCRIBED,New,Material feels cheaper than the description suggests.
2151,34772,ORD-250611-014974,20250703,54,1564,2,1,54.37,LATE_DELIVERY,Opened,
2152,34790,ORD-250611-014982,20250704,227,0,14,1,74.18,CHANGED_MIND,Opened,Decided on a different model.
2153,34813,ORD-250612-014989,20250628,140,913,2,1,63.53,CHANGED_MIND,New,Bought a duplicate by mistake.
2154,34842,ORD-250612-015002,20250710,247,2044,1,1,183.89,DEFECTIVE,Opened,
2155,34858,ORD-250613-015009,20250622,211,1819,2,2,40.22,NOT_AS_DESCRIBED,Damaged,
2156,34895,ORD-250613-015029,20250625,150,2084,12,1,10.22,WRONG_SIZE,Opened,
2157,34897,ORD-250613-015030,20250615,96,815,2,1,314.44,CHANGED_MIND,Used,Bought a duplicate by mistake.
2158,34899,ORD-250614-015031,20250704,178,1540,4,1,48.95,WRONG_SIZE,Used,
2159,34913,ORD-250614-015036,20250705,295,1561,2,2,2595.34,DEFECTIVE,Opened,
2160,34914,ORD-250614-015036,20250702,198,1561,2,1,79.1,WRONG_SIZE,New,"Too small, ordering a larger size."
2161,34938,ORD-250614-015042,20250617,211,786,7,1,20.11,CHANGED_MIND,New,
2162,34943,ORD-250614-015045,20250714,295,528,8,1,1297.67,CHANGED_MIND,Opened,
2163,34955,ORD-250615-015051,20250621,260,139,2,1,42.51,WRONG_SIZE,Used,Fit was not what I expected from the size chart.
2164,34963,ORD-250615-015056,20250713,202,318,1,1,17.86,WRONG_SIZE,Opened,"Too small, ordering a larger size."
2165,34976,ORD-250615-015062,20250701,36,969,11,1,57.19,DEFECTIVE,New,
2166,35005,ORD-250616-015075,20250711,249,0,1,2,29.04,CHANGED_MIND,New,
2167,35059,ORD-250617-015093,20250619,295,615,1,1,1297.67,NOT_AS_DESCRIBED,Damaged,Colour looks different from the photos.
2168,35076,ORD-250617-015099,20250709,295,1621,1,1,1297.67,LATE_DELIVERY,Damaged,
2169,35082,ORD-250617-015102,20250711,163,111,2,1,26.46,DEFECTIVE,Opened,Arrived damaged in transit.
2170,35108,ORD-250618-015113,20250712,295,0,1,2,2595.34,DEFECTIVE,Damaged,Stitching came apart on first wash.
2171,35144,ORD-250619-015125,20250704,97,1311,2,1,11.13,NOT_AS_DESCRIBED,New,Missing accessories listed on the page.
2172,35173,ORD-250619-015136,20250712,295,914,2,1,1297.67,CHANGED_MIND,Opened,Decided on a different model.
2173,35176,ORD-250619-015136,20250711,211,914,2,1,20.11,WRONG_SIZE,Damaged,Runs large compared to other brands.
2174,35196,ORD-250620-015144,20250624,296,914,2,1,39.15,WRONG_SIZE,New,
2175,35216,ORD-250620-015148,20250624,295,1789,1,1,1297.67,DEFECTIVE,Damaged,Item stopped working after two days.
2176,35228,ORD-250620-015151,20250718,216,1352,6,1,102.82,DEFECTIVE,New,Stitching came apart on first wash.
2177,35247,ORD-250621-015161,20250708,59,2063,1,1,12.99,NOT_AS_DESCRIBED,New,Colour looks different from the photos.
2178,35253,ORD-250621-015164,20250701,295,1074,1,1,1297.67,DEFECTIVE,New,
2179,35275,ORD-250622-015177,20250701,145,1156,2,1,46.52,DEFECTIVE,Opened,Item stopped working after two days.
2180,35303,ORD-250622-015191,20250629,147,1684,1,1,22.78,WRONG_SIZE,Opened,Runs large compared to other brands.
2181,35308,ORD-250622-015193,20250623,137,745,12,1,286.43,NOT_AS_DESCRIBED,Opened,Missing accessories listed on the page.
2182,35327,ORD-250623-015200,20250704,116,1983,2,1,538.37,DEFECTIVE,Damaged,
2183,35334,ORD-250623-015205,20250628,152,1662,1,2,116.52,DEFECTIVE,Opened,
2184,35336,ORD-250623-015207,20250708,43,738,6,1,19.65,LATE_DELIVERY,Opened,Arrived after the event I needed it for.
2185,35361,ORD-250624-015218,20250712,36,0,2,1,57.19,DEFECTIVE,New,
2186,35368,ORD-250624-015223,20250718,260,2063,11,2,85.02,WRONG_SIZE,New,
2187,35387,ORD-250625-015232,20250627,260,928,4,1,42.51,WRONG_SIZE,Opened,Fit was not what I expected from the size chart.
2188,35393,ORD-250625-015235,20250725,102,418,1,1,402.98,LATE_DELIVERY,New,
2189,35418,ORD-250625-015242,20250717,260,258,4,4,170.04,CHANGED_MIND,Used,Decided on a different model.
2190,35428,ORD-250625-015246,20250722,211,1084,12,1,20.11,WRONG_SIZE,Used,
2191,35433,ORD-250625-015247,20250717,172,0,2,1,1570.13,WRONG_SIZE,Used,"Too small, ordering a larger size."
2192,35436,ORD-250625-015248,20250705,295,748,2,2,2595.34,WRONG_SIZE,New,
2193,35451,ORD-250626-015255,20250717,96,1421,2,4,1257.76,LATE_DELIVERY,Used,Delivery took far longer than promised.
2194,35472,ORD-250627-015263,20250724,178,507,4,4,195.8,CHANGED_MIND,Opened,
2195,35481,ORD-250627-015267,20250701,295,1824,2,2,2595.34,NOT_AS_DESCRIBED,Opened,Material feels cheaper than the description suggests.
2196,35488,ORD-250627-015272,20250717,93,844,5,1,39.97,CHANGED_MIND,Opened,Bought a duplicate by mistake.
2197,35500,ORD-250627-015276,20250702,79,821,2,4,525.6,CHANGED_MIND,New,
2198,35509,ORD-250628-015282,20250709,18,0,1,3,6.42,BETTER_PRICE,Opened,Found it cheaper elsewhere.
2199,35511,ORD-250628-015283,20250718,184,0,8,1,46.83,WRONG_SIZE,Opened,Runs large compared to other brands.
2200,35515,ORD-250628-015285,20250630,210,2121,2,1,186.67,DEFECTIVE,Used,Stitching came apart on first wash.
2201,35519,ORD-250628-015287,20250714,36,1249,1,1,57.19,DEFECTIVE,Opened,
2202,35525,ORD-250628-015290,20250728,260,1844,1,3,127.53,DEFECTIVE,Opened,Item stopped working after two days.
2203,35527,ORD-250628-015292,20250701,216,1251,2,1,102.82,BETTER_PRICE,New,Found it cheaper elsewhere.
2204,35540,ORD-250628-015298,20250717,63,117,6,1,35.68,WRONG_SIZE,Damaged,
2205,35543,ORD-250629-015300,20250721,87,447,8,1,840.17,WRONG_SIZE,Damaged,"Too small, ordering a larger size."
2206,35554,ORD-250629-015307,20250718,295,2252,1,2,2595.34,WRONG_SIZE,Opened,
2207,35564,ORD-250629-015308,20250717,36,1730,1,2,114.38,DEFECTIVE,New,
2208,35601,ORD-250629-015323,20250718,211,2076,4,1,20.11,DEFECTIVE,Opened,Arrived damaged in transit.
2209,35634,ORD-250630-015337,20250713,156,1500,11,1,54.39,BETTER_PRICE,New,Found it cheaper elsewhere.
2210,35653,ORD-250701-015346,20250722,295,1977,5,1,1297.67,WRONG_SIZE,New,Fit was not what I expected from the size chart.
2211,35703,ORD-250702-015368,20250716,36,526,1,1,45.75,WRONG_SIZE,New,
2212,35728,ORD-250703-015380,20250710,79,77,10,1,131.4,WRONG_SIZE,New,"Too small, ordering a larger size."
2213,35731,ORD-250703-015380,20250726,249,77,10,2,29.04,CHANGED_MIND,Opened,Decided on a different model.
2214,35744,ORD-250703-015385,20250708,246,1123,2,1,117.18,WRONG_SIZE,Used,
2215,35761,ORD-250703-015392,20250716,36,1187,2,2,91.5,CHANGED_MIND,Opened,
2216,35783,ORD-250703-015398,20250706,224,261,1,2,225.64,LATE_DELIVERY,Used,Delivery took far longer than promised.
2217,35817,ORD-250704-015414,20250711,202,2078,2,1,17.86,LATE_DELIVERY,Used,Delivery took far longer than promised.
2218,35827,ORD-250705-015417,20250714,226,519,2,1,13.76,WRONG_SIZE,Used,
2219,35862,ORD-250705-015432,20250722,9,219,1,1,36.77,WRONG_SIZE,Opened,
2220,35863,ORD-250705-015432,20250725,40,219,1,1,1167.08,NOT_AS_DESCRIBED,New,Missing accessories listed on the page.
2221,35870,ORD-250706-015437,20250805,295,2177,4,1,1297.67,DEFECTIVE,New,Stitching came apart on first wash.
2222,35891,ORD-250706-015443,20250714,295,1801,4,1,1297.67,WRONG_SIZE,Used,
2223,35923,ORD-250707-015454,20250709,295,1977,2,1,1297.67,DEFECTIVE,Used,Screen had a visible crack on arrival.
2224,35927,ORD-250707-015456,20250802,183,0,4,1,30.46,NOT_AS_DESCRIBED,New,Material feels cheaper than the description suggests.
2225,35935,ORD-250707-015459,20250724,36,1730,2,1,45.75,LATE_DELIVERY,Opened,Arrived after the event I needed it for.
2226,35942,ORD-250707-015460,20250730,186,888,5,1,29.15,BETTER_PRICE,Damaged,Found it cheaper elsewhere.
2227,35977,ORD-250708-015476,20250717,36,1335,1,1,57.19,LATE_DELIVERY,Damaged,Delivery took far longer than promised.
2228,36029,ORD-250710-015502,20250801,260,575,1,1,42.51,NOT_AS_DESCRIBED,New,Missing accessories listed on the page.
2229,36039,ORD-250710-015507,20250808,157,997,4,2,207.14,WRONG_SIZE,Damaged,Fit was not what I expected from the size chart.
2230,36042,ORD-250711-015510,20250722,97,0,1,1,11.13,WRONG_SIZE,Damaged,Fit was not what I expected from the size chart.
2231,36065,ORD-250711-015520,20250718,20,2179,1,1,55.53,WRONG_SIZE,New,
2232,36068,ORD-250711-015522,20250725,149,198,2,1,13.77,DEFECTIVE,New,
2233,36100,ORD-250712-015542,20250725,150,1372,1,1,10.22,CHANGED_MIND,Opened,
2234,36106,ORD-250712-015543,20250808,36,900,1,1,45.75,WRONG_SIZE,Opened,
2235,36117,ORD-250712-015547,20250717,265,555,8,2,960.4,WRONG_SIZE,Damaged,
2236,36122,ORD-250712-015549,20250726,145,2110,2,1,46.52,CHANGED_MIND,New,Decided on a different model.
2237,36138,ORD-250713-015556,20250729,247,1551,2,2,367.78,DEFECTIVE,Used,
2238,36145,ORD-250713-015559,20250811,166,1187,6,2,7.92,CHANGED_MIND,Used,
2239,36171,ORD-250713-015568,20250730,116,1369,1,1,430.7,DEFECTIVE,Damaged,Stitching came apart on first wash.
2240,36189,ORD-250714-015574,20250722,36,263,1,1,45.75,WRONG_SIZE,Opened,Runs large compared to other brands.
2241,36193,ORD-250714-015576,20250802,36,890,4,1,57.19,WRONG_SIZE,Opened,
2242,36201,ORD-250714-015578,20250717,260,555,1,1,42.51,DEFECTIVE,Used,Stitching came apart on first wash.
2243,36212,ORD-250714-015582,20250720,89,586,1,2,39.8,WRONG_SIZE,Opened,
2244,36234,ORD-250714-015590,20250716,66,482,2,1,19.04,DEFECTIVE,New,
2245,36236,ORD-250714-015591,20250813,295,1821,1,2,2595.34,CHANGED_MIND,Opened,
2246,36240,ORD-250714-015592,20250726,66,1784,1,2,38.08,BETTER_PRICE,Used,Found it cheaper elsewhere.
2247,36258,ORD-250715-015599,20250809,211,887,2,1,16.09,WRONG_SIZE,Opened,"Too small, ordering a larger size."
2248,36266,ORD-250715-015602,20250729,174,884,1,1,9.42,DEFECTIVE,Damaged,Item stopped working after two days.
2249,36269,ORD-250715-015603,20250802,195,95,14,1,25.27,NOT_AS_DESCRIBED,New,Missing accessories listed on the page.
2250,36272,ORD-250715-015605,20250802,79,387,2,2,210.24,LATE_DELIVERY,Damaged,Delivery took far longer than promised.
2251,36278,ORD-250715-015609,20250727,295,1765,4,1,1297.67,LATE_DELIVERY,Damaged,Delivery took far longer than promised.
2252,36293,ORD-250716-015618,20250719,295,1444,11,3,3893.01,DEFECTIVE,New,Arrived damaged in transit.
2253,36305,ORD-250716-015622,20250806,159,0,8,1,95.09,DEFECTIVE,Used,Screen had a visible crack on arrival.
2254,36309,ORD-250717-015623,20250804,69,249,1,1,18.89,CHANGED_MIND,New,
2255,36311,ORD-250717-015624,20250801,36,0,8,1,57.19,CHANGED_MIND,Opened,Bought a duplicate by mistake.
2256,36342,ORD-250717-015637,20250807,249,609,4,1,14.52,CHANGED_MIND,Damaged,
2257,36407,ORD-250718-015663,20250817,227,1308,5,1,74.18,DEFECTIVE,Opened,Arrived damaged in transit.
2258,36414,ORD-250719-015668,20250811,199,64,8,1,82.21,DEFECTIVE,New,
2259,36417,ORD-250719-015669,20250814,295,1271,1,3,3893.01,WRONG_SIZE,Opened,"Too small, ordering a larger size."
2260,36466,ORD-250720-015691,20250817,86,2146,12,3,23.25,CHANGED_MIND,Opened,Bought a duplicate by mistake.
2261,36479,ORD-250720-015694,20250730,54,507,2,1,54.37,LATE_DELIVERY,Used,
2262,36481,ORD-250720-015694,20250817,295,507,2,1,1297.67,WRONG_SIZE,Opened,Runs large compared to other brands.
2263,36568,ORD-250723-015735,20250727,128,0,2,1,27.14,CHANGED_MIND,Opened,Bought a duplicate by mistake.
2264,36575,ORD-250723-015740,20250813,115,1590,2,1,8.76,LATE_DELIVERY,New,Delivery took far longer than promised.
2265,36586,ORD-250724-015746,20250816,139,263,8,2,23.74,DEFECTIVE,Opened,Stitching came apart on first wash.
2266,36595,ORD-250724-015751,20250808,137,1136,2,1,286.43,WRONG_SIZE,Damaged,Runs large compared to other brands.
2267,36600,ORD-250724-015753,20250729,152,963,3,1,58.26,WRONG_SIZE,New,"Too small, ordering a larger size."
2268,36612,ORD-250724-015755,20250803,140,887,14,2,127.06,DEFECTIVE,New,Stitching came apart on first wash.
2269,36616,ORD-250724-015756,20250807,36,486,5,1,57.19,NOT_AS_DESCRIBED,New,
2270,36640,ORD-250725-015765,20250727,249,1282,1,1,14.52,WRONG_SIZE,Opened,Fit was not what I expected from the size chart.
2271,36644,ORD-250725-015766,20250810,141,427,4,3,166.62,WRONG_SIZE,Used,
2272,36661,ORD-250725-015773,20250813,59,1138,1,2,25.98,WRONG_SIZE,New,
2273,36664,ORD-250725-015774,20250817,74,0,13,3,30.15,WRONG_SIZE,Opened,Fit was not what I expected from the size chart.
2274,36673,ORD-250725-015775,20250819,115,496,2,1,8.76,WRONG_SIZE,Damaged,
2275,36679,ORD-250726-015778,20250822,36,45,2,1,57.19,BETTER_PRICE,Used,Found it cheaper elsewhere.
2276,36693,ORD-250726-015782,20250814,97,550,1,2,22.26,WRONG_SIZE,Damaged,Fit was not what I expected from the size chart.
2277,36696,ORD-250726-015782,20250809,3,550,1,3,109.59,NOT_AS_DESCRIBED,Damaged,Colour looks different from the photos.
2278,36698,ORD-250726-015782,20250825,121,550,1,1,15.16,NOT_AS_DESCRIBED,New,Material feels cheaper than the description suggests.
2279,36728,ORD-250726-015794,20250804,79,1005,2,1,131.4,WRONG_SIZE,Used,"Too small, ordering a larger size."
2280,36740,ORD-250727-015801,20250811,105,0,3,1,49.34,WRONG_SIZE,Damaged,"Too small, ordering a larger size."
2281,36743,ORD-250727-015802,20250819,295,760,2,2,2595.34,WRONG_SIZE,Opened,"Too small, ordering a larger size."
2282,36747,ORD-250727-015805,20250822,90,1851,2,3,1611.84,NOT_AS_DESCRIBED,New,Missing accessories listed on the page.
2283,36779,ORD-250727-015822,20250810,227,815,2,2,148.36,CHANGED_MIND,Opened,Bought a duplicate by mistake.
2284,36822,ORD-250728-015840,20250811,260,366,1,1,42.51,CHANGED_MIND,Damaged,
2285,36848,ORD-250729-015851,20250819,36,1770,1,1,57.19,CHANGED_MIND,New,Bought a duplicate by mistake.
2286,36850,ORD-250729-015851,20250823,36,1770,1,1,57.19,NOT_AS_DESCRIBED,Opened,
2287,36961,ORD-250801-015899,20250814,60,253,1,1,58.6,CHANGED_MIND,Damaged,Decided on a different model.
2288,36998,ORD-250801-015916,20250817,260,485,1,1,42.51,WRONG_SIZE,Opened,"Too small, ordering a larger size."
2289,37005,ORD-250802-015918,20250803,90,165,2,4,2149.12,WRONG_SIZE,Opened,
2290,37017,ORD-250802-015923,20250819,138,1346,4,1,2.14,DEFECTIVE,Opened,Item stopped working after two days.
2291,37021,ORD-250802-015924,20250804,211,0,2,1,20.11,CHANGED_MIND,New,
2292,37059,ORD-250802-015942,20250901,287,392,2,1,76.14,DEFECTIVE,New,
2293,37099,ORD-250803-015960,20250825,36,1418,2,1,57.19,NOT_AS_DESCRIBED,New,
2294,37135,ORD-250803-015978,20250902,178,952,4,1,48.95,DEFECTIVE,New,Arrived damaged in transit.
2295,37156,ORD-250804-015988,20250816,14,400,3,1,60.98,BETTER_PRICE,Damaged,
2296,37157,ORD-250804-015988,20250819,247,400,3,1,183.89,CHANGED_MIND,Opened,Bought a duplicate by mistake.
2297,37165,ORD-250804-015990,20250813,69,104,2,1,18.89,WRONG_SIZE,New,Runs large compared to other brands.
2298,37173,ORD-250804-015994,20250825,238,489,6,1,25.61,WRONG_SIZE,New,Runs large compared to other brands.
2299,37174,ORD-250804-015995,20250816,260,0,4,3,127.53,WRONG_SIZE,Damaged,Fit was not what I expected from the size chart.
2300,37192,ORD-250805-016006,20250810,75,0,2,1,10.19,WRONG_SIZE,Opened,
2301,37245,ORD-250807-016031,20250826,68,0,2,1,295.98,NOT_AS_DESCRIBED,Damaged,Missing accessories listed on the page.
2302,37267,ORD-250808-016042,20250823,295,437,7,1,1297.67,LATE_DELIVERY,Opened,
2303,37308,ORD-250809-016059,20250820,97,2143,13,2,22.26,WRONG_SIZE,New,Fit was not what I expected from the size chart.
2304,37309,ORD-250809-016059,20250830,152,2143,13,1,58.26,CHANGED_MIND,Opened,Bought a duplicate by mistake.
2305,37322,ORD-250809-016062,20250815,36,1115,7,1,57.19,NOT_AS_DESCRIBED,New,
2306,37326,ORD-250809-016064,20250830,139,2148,2,1,11.87,DEFECTIVE,Damaged,
2307,37377,ORD-250810-016086,20250828,116,0,1,1,457.61,DEFECTIVE,New,Item stopped working after two days.
2308,37382,ORD-250810-016086,20250903,57,0,1,3,1676.43,DEFECTIVE,Damaged,Item stopped working after two days.
2309,37448,ORD-250812-016123,20250824,247,0,14,1,183.89,CHANGED_MIND,Opened,
2310,37454,ORD-250812-016127,20250820,202,926,2,1,15.18,DEFECTIVE,New,
2311,37481,ORD-250812-016137,20250902,185,0,1,1,16.08,LATE_DELIVERY,Opened,
2312,37492,ORD-250812-016142,20250821,152,892,1,2,99.04,WRONG_SIZE,Used,"Too small, ordering a larger size."
2313,37511,ORD-250813-016148,20250831,260,1282,1,2,85.02,LATE_DELIVERY,Opened,Delivery took far longer than promised.
2314,37514,ORD-250813-016148,20250904,40,1282,1,1,992.02,CHANGED_MIND,Used,Decided on a different model.
2315,37533,ORD-250813-016155,20250912,63,485,7,1,30.33,NOT_AS_DESCRIBED,Used,Missing accessories listed on the page.
2316,37539,ORD-250813-016157,20250911,270,2077,4,1,145.26,DEFECTIVE,Opened,Arrived damaged in transit.
2317,37544,ORD-250813-016161,20250905,226,1681,13,2,23.39,NOT_AS_DESCRIBED,Opened,Colour looks different from the photos.
2318,37548,ORD-250813-016162,20250904,36,1255,8,1,57.19,CHANGED_MIND,Damaged,No longer needed.
2319,37562,ORD-250814-016169,20250828,295,1865,1,1,1103.02,DEFECTIVE,Opened,Item stopped working after two days.
2320,37588,ORD-250814-016180,20250831,36,1410,2,2,97.22,NOT_AS_DESCRIBED,New,Missing accessories listed on the page.
2321,37606,ORD-250814-016183,20250815,36,2063,2,4,194.45,CHANGED_MIND,New,
2322,37628,ORD-250815-016191,20250830,42,635,1,1,95.5,CHANGED_MIND,New,Decided on a different model.
2323,37654,ORD-250816-016203,20250906,247,2012,4,2,367.78,WRONG_SIZE,Damaged,"Too small, ordering a larger size."
2324,37669,ORD-250816-016210,20250905,138,398,12,1,2.14,DEFECTIVE,New,
2325,37686,ORD-250816-016216,20250903,169,1461,2,1,13.77,WRONG_SIZE,Used,Fit was not what I expected from the size chart.
2326,37701,ORD-250816-016226,20250823,244,2045,2,1,8.69,NOT_AS_DESCRIBED,New,Colour looks different from the photos.
2327,37723,ORD-250817-016234,20250910,31,39,4,1,1212.06,CHANGED_MIND,New,Decided on a different model.
2328,37740,ORD-250817-016240,20250829,295,198,1,1,1297.67,CHANGED_MIND,New,
2329,37760,ORD-250818-016248,20250903,115,263,10,3,26.28,NOT_AS_DESCRIBED,Opened,Missing accessories listed on the page.
2330,37791,ORD-250818-016262,20250916,260,210,1,1,42.51,BETTER_PRICE,New,Found it cheaper elsewhere.
2331,37805,ORD-250819-016266,20250902,247,2069,1,1,183.89,NOT_AS_DESCRIBED,Opened,
2332,37806,ORD-250819-016266,20250915,260,2069,1,1,42.51,WRONG_SIZE,Opened,Fit was not what I expected from the size chart.
2333,37812,ORD-250819-016268,20250828,247,1546,2,1,183.89,CHANGED_MIND,Used,
2334,37815,ORD-250819-016269,20250906,116,1056,1,1,538.37,CHANGED_MIND,Opened,Bought a duplicate by mistake.
2335,37816,ORD-250819-016270,20250821,152,2145,2,2,116.52,DEFECTIVE,Damaged,Item stopped working after two days.
2336,37818,ORD-250819-016270,20250823,249,2145,2,1,14.52,NOT_AS_DESCRIBED,New,Material feels cheaper than the description suggests.
2337,37827,ORD-250819-016277,20250912,174,556,5,1,9.42,CHANGED_MIND,Used,
2338,37861,ORD-250820-016288,20250904,105,39,13,1,49.34,WRONG_SIZE,Damaged,Runs large compared to other brands.
2339,37868,ORD-250820-016290,20250824,145,2149,1,1,46.52,WRONG_SIZE,New,
2340,37871,ORD-250820-016292,20250914,226,0,14,1,13.76,WRONG_SIZE,New,
2341,37875,ORD-250820-016294,20250909,280,0,2,1,21.25,CHANGED_MIND,New,
2342,37895,ORD-250820-016300,20250905,211,1922,2,2,40.22,LATE_DELIVERY,Damaged,Arrived after the event I needed it for.
2343,37915,ORD-250821-016307,20250823,49,104,2,1,6.4,CHANGED_MIND,Used,
2344,37916,ORD-250821-016307,20250916,125,104,2,2,44.12,NOT_AS_DESCRIBED,Opened,Missing accessories listed on the page.
2345,37941,ORD-250822-016317,20250829,246,1827,2,1,117.18,DEFECTIVE,Used,Item stopped working after two days.
2346,37978,ORD-250823-016333,20250827,249,907,2,1,14.52,NOT_AS_DESCRIBED,Used,Missing accessories listed on the page.
2347,38006,ORD-250823-016341,20250829,105,2078,1,1,49.34,CHANGED_MIND,New,Bought a duplicate by mistake.
2348,38017,ORD-250823-016349,20250918,36,1127,2,2,114.38,LATE_DELIVERY,Opened,Arrived after the event I needed it for.
2349,38022,ORD-250823-016351,20250906,116,0,2,1,538.37,DEFECTIVE,Damaged,
2350,38028,ORD-250824-016354,20250905,211,335,8,1,20.11,LATE_DELIVERY,Opened,
2351,38034,ORD-250824-016356,20250903,182,1353,4,1,110.17,NOT_AS_DESCRIBED,Opened,Colour looks different from the photos.
2352,38038,ORD-250824-016359,20250913,116,0,6,3,1615.11,BETTER_PRICE,New,
2353,38071,ORD-250825-016373,20250903,36,167,2,1,50.33,NOT_AS_DESCRIBED,Opened,Missing accessories listed on the page.
2354,38077,ORD-250825-016375,20250905,188,913,2,2,330.25,CHANGED_MIND,Opened,Bought a duplicate by mistake.
2355,38080,ORD-250825-016376,20250910,247,136,4,2,323.65,LATE_DELIVERY,Damaged,Arrived after the event I needed it for.
2356,38085,ORD-250825-016377,20250922,295,307,11,2,2595.34,DEFECTIVE,Used,
2357,38151,ORD-250827-016410,20250924,9,210,6,1,32.36,NOT_AS_DESCRIBED,Damaged,
2358,38174,ORD-250827-016419,20250829,260,1160,2,1,37.41,WRONG_SIZE,Damaged,"Too small, ordering a larger size."
2359,38217,ORD-250828-016440,20250830,50,1485,1,1,36.62,CHANGED_MIND,Damaged,No longer needed.
2360,38235,ORD-250828-016447,20250906,146,0,2,4,39.11,DEFECTIVE,New,
2361,38243,ORD-250828-016448,20250927,265,39,14,1,422.58,DEFECTIVE,Opened,Screen had a visible crack on arrival.
2362,38276,ORD-250829-016462,20250921,295,1380,3,1,1297.67,NOT_AS_DESCRIBED,Damaged,
2363,38286,ORD-250829-016467,20250911,42,748,1,3,337.05,DEFECTIVE,Used,
2364,38301,ORD-250829-016473,20250919,299,1920,1,4,58.52,WRONG_SIZE,Used,
2365,38335,ORD-250830-016485,20250921,295,1342,13,2,2595.34,NOT_AS_DESCRIBED,New,Material feels cheaper than the description suggests.
2366,38336,ORD-250830-016486,20250911,57,2193,4,1,491.75,CHANGED_MIND,New,
2367,38364,ORD-250830-016499,20250919,116,4,11,1,473.77,CHANGED_MIND,Opened,No longer needed.
2368,38367,ORD-250830-016500,20250904,66,1300,4,1,16.76,DEFECTIVE,New,Screen had a visible crack on arrival.
2369,38380,ORD-250831-016507,20250905,140,942,10,1,55.91,BETTER_PRICE,Damaged,
2370,38381,ORD-250831-016507,20250928,211,942,10,1,17.7,DEFECTIVE,New,Stitching came apart on first wash.
2371,38414,ORD-250831-016523,20250920,97,0,3,3,29.38,WRONG_SIZE,New,Fit was not what I expected from the size chart.
2372,38415,ORD-250831-016524,20250914,156,1430,1,1,47.86,CHANGED_MIND,Opened,Decided on a different model.
2373,38424,ORD-250831-016525,20250915,36,1667,1,1,50.33,WRONG_SIZE,Opened,
2374,38446,ORD-250901-016533,20250923,36,0,1,3,171.57,WRONG_SIZE,Opened,
2375,38477,ORD-250901-016549,20250918,155,1347,2,1,19.53,DEFECTIVE,Opened,Screen had a visible crack on arrival.
2376,38482,ORD-250901-016549,20250912,260,1347,2,2,85.02,CHANGED_MIND,Opened,
2377,38483,ORD-250902-016550,20250908,295,1585,4,2,2283.9,NOT_AS_DESCRIBED,Opened,
2378,38487,ORD-250902-016551,20250911,36,246,2,3,150.98,CHANGED_MIND,New,
2379,38501,ORD-250902-016557,20250912,91,1563,8,2,60.91,WRONG_SIZE,Opened,Runs large compared to other brands.
2380,38506,ORD-250902-016559,20250905,260,1321,1,3,112.23,DEFECTIVE,Damaged,Arrived damaged in transit.
2381,38512,ORD-250902-016561,20250928,36,913,12,3,150.98,NOT_AS_DESCRIBED,Used,
2382,38515,ORD-250902-016562,20250927,36,1142,8,1,57.19,WRONG_SIZE,New,Fit was not what I expected from the size chart.
2383,38521,ORD-250902-016563,20250924,36,1300,2,1,50.33,NOT_AS_DESCRIBED,New,
2384,38536,ORD-250903-016570,20250909,152,334,4,1,51.27,WRONG_SIZE,Damaged,Fit was not what I expected from the size chart.
2385,38542,ORD-250903-016574,20251001,135,313,2,1,38.87,WRONG_SIZE,Opened,
2386,38566,ORD-250903-016586,20250913,116,1753,8,1,473.77,CHANGED_MIND,New,Decided on a different model.
2387,38581,ORD-250904-016594,20250923,295,2164,1,1,1297.67,DEFECTIVE,Opened,
2388,38627,ORD-250904-016606,20251002,36,1706,12,1,50.33,NOT_AS_DESCRIBED,Opened,Missing accessories listed on the page.
2389,38655,ORD-250905-016617,20250919,295,1095,8,2,2595.34,NOT_AS_DESCRIBED,Opened,
2390,38673,ORD-250906-016626,20250919,154,0,1,1,1351.03,WRONG_SIZE,Damaged,Runs large compared to other brands.
2391,38678,ORD-250906-016630,20250928,89,1977,2,1,19.9,WRONG_SIZE,Damaged,"Too small, ordering a larger size."
2392,38718,ORD-250907-016647,20250916,295,2193,1,1,1297.67,DEFECTIVE,Damaged,Item stopped working after two days.
2393,38724,ORD-250907-016649,20250930,249,143,2,1,14.52,CHANGED_MIND,Damaged,Bought a duplicate by mistake.
2394,38762,ORD-250908-016667,20250919,246,1365,14,1,117.18,NOT_AS_DESCRIBED,Damaged,Missing accessories listed on the page.
2395,38793,ORD-250908-016680,20250913,155,1732,4,1,22.19,CHANGED_MIND,New,
2396,38808,ORD-250909-016687,20250928,140,1651,6,1,63.53,LATE_DELIVERY,Damaged,Delivery took far longer than promised.
2397,38824,ORD-250909-016692,20250917,295,1949,12,2,2595.34,DEFECTIVE,Damaged,Item stopped working after two days.
2398,38837,ORD-250909-016697,20250927,295,1564,8,1,1297.67,WRONG_SIZE,Opened,
2399,38838,ORD-250909-016697,20250920,295,1564,8,1,1297.67,DEFECTIVE,Damaged,
2400,38866,ORD-250910-016712,20250925,174,680,4,1,9.42,DEFECTIVE,Opened,Item stopped working after two days.
2401,38874,ORD-250910-016714,20250923,233,0,2,1,884.88,DEFECTIVE,Opened,
2402,38878,ORD-250910-016716,20250925,249,2193,1,2,29.04,LATE_DELIVERY,Damaged,Arrived after the event I needed it for.
2403,38901,ORD-250911-016723,20250922,295,762,4,1,1297.67,DEFECTIVE,Opened,
2404,38927,ORD-250912-016736,20250922,192,0,2,1,315.56,NOT_AS_DESCRIBED,New,Colour looks different from the photos.
2405,38953,ORD-250912-016749,20251010,139,1754,2,1,11.87,WRONG_SIZE,Damaged,Fit was not what I expected from the size chart.
2406,38961,ORD-250912-016753,20251006,156,0,7,1,54.39,LATE_DELIVERY,Opened,Arrived after the event I needed it for.
2407,38979,ORD-250913-016758,20251007,13,168,1,3,474.33,WRONG_SIZE,New,Runs large compared to other brands.
2408,38997,ORD-250913-016765,20250929,295,2171,2,1,1297.67,NOT_AS_DESCRIBED,Used,Material feels cheaper than the description suggests.
2409,39004,ORD-250913-016770,20251004,74,1737,2,2,20.1,CHANGED_MIND,Opened,
2410,39006,ORD-250913-016771,20251005,36,1617,2,1,57.19,WRONG_SIZE,Used,"Too small, ordering a larger size."
2411,39016,ORD-250913-016774,20250929,211,5,2,1,20.11,WRONG_SIZE,Opened,"Too small, ordering a larger size."
2412,39032,ORD-250914-016781,20250929,295,1750,4,2,2595.34,DEFECTIVE,New,
2413,39043,ORD-250914-016784,20251006,145,400,1,1,46.52,NOT_AS_DESCRIBED,Opened,Missing accessories listed on the page.
2414,39044,ORD-250914-016785,20250926,3,0,4,1,36.53,WRONG_SIZE,New,
2415,39060,ORD-250914-016790,20250916,8,1199,1,1,277.79,CHANGED_MIND,Opened,Decided on a different model.
2416,39097,ORD-250914-016804,20250924,295,1975,7,1,1297.67,DEFECTIVE,New,
2417,39108,ORD-250915-016809,20251005,268,1742,9,1,17.11,NOT_AS_DESCRIBED,Used,
2418,39153,ORD-250916-016831,20251009,244,4,13,1,8.69,DEFECTIVE,Opened,Screen had a visible crack on arrival.
2419,39161,ORD-250916-016838,20250929,295,792,1,1,1297.67,CHANGED_MIND,New,Decided on a different model.
2420,39200,ORD-250917-016852,20250923,146,263,8,1,11.11,LATE_DELIVERY,Opened,Delivery took far longer than promised.
2421,39220,ORD-250917-016860,20250925,105,582,1,1,49.34,NOT_AS_DESCRIBED,Opened,
2422,39227,ORD-250918-016863,20250925,247,1282,2,2,367.78,DEFECTIVE,New,Arrived damaged in transit.
2423,39246,ORD-250919-016872,20250929,293,53,2,1,3.91,LATE_DELIVERY,New,Arrived after the event I needed it for.
2424,39251,ORD-250919-016873,20251001,36,639,12,2,114.38,CHANGED_MIND,Used,
2425,39254,ORD-250919-016874,20251004,109,42,14,1,28.43,CHANGED_MIND,Used,Decided on a different model.
2426,39258,ORD-250919-016875,20250929,119,0,2,1,82.37,CHANGED_MIND,Used,
2427,39285,ORD-250919-016884,20250925,295,886,9,2,2595.34,NOT_AS_DESCRIBED,Used,Material feels cheaper than the description suggests.
2428,39322,ORD-250920-016897,20250923,66,54,1,2,38.08,WRONG_SIZE,New,
2429,39325,ORD-250920-016899,20251014,116,1317,5,3,1615.11,DEFECTIVE,Opened,Item stopped working after two days.
2430,39333,ORD-250920-016902,20251002,239,725,2,3,9.06,CHANGED_MIND,Opened,
2431,39335,ORD-250920-016903,20251002,192,1307,2,1,315.56,LATE_DELIVERY,New,
2432,39348,ORD-250920-016909,20251002,247,938,1,1,183.89,DEFECTIVE,New,Screen had a visible crack on arrival.
2433,39350,ORD-250920-016909,20251008,135,938,1,1,44.17,LATE_DELIVERY,Used,Delivery took far longer than promised.
2434,39398,ORD-250921-016929,20251014,191,0,1,1,218.04,CHANGED_MIND,Used,
2435,39418,ORD-250921-016938,20250925,141,2164,14,1,55.54,CHANGED_MIND,Opened,Bought a duplicate by mistake.
2436,39419,ORD-250921-016938,20251010,48,2164,14,2,232.82,CHANGED_MIND,Used,Decided on a different model.
2437,39421,ORD-250921-016940,20251007,259,2109,1,1,37.32,WRONG_SIZE,Opened,"Too small, ordering a larger size."
2438,39479,ORD-250923-016964,20251011,13,24,4,2,316.22,DEFECTIVE,Opened,
2439,39481,ORD-250923-016964,20250930,211,24,4,1,20.11,CHANGED_MIND,New,No longer needed.
2440,39495,ORD-250923-016967,20250930,105,2193,2,1,49.34,DEFECTIVE,New,Arrived damaged in transit.
2441,39499,ORD-250923-016969,20251002,295,1431,8,1,1297.67,WRONG_SIZE,New,
2442,39532,ORD-250924-016984,20251009,105,955,1,2,98.68,DEFECTIVE,Damaged,Stitching came apart on first wash.
2443,39539,ORD-250924-016986,20251020,295,370,1,1,1297.67,BETTER_PRICE,New,Found it cheaper elsewhere.
2444,39549,ORD-250924-016988,20251006,135,376,11,1,44.17,CHANGED_MIND,Opened,
2445,39550,ORD-250925-016989,20250928,74,407,6,3,30.15,WRONG_SIZE,Used,
2446,39566,ORD-250925-016993,20251008,185,1283,12,2,37.84,WRONG_SIZE,Opened,
2447,39575,ORD-250925-016997,20250929,227,263,1,1,74.18,DEFECTIVE,New,
2448,39585,ORD-250925-017000,20251020,79,49,2,3,394.2,NOT_AS_DESCRIBED,Opened,Missing accessories listed on the page.
2449,39592,ORD-250925-017003,20250927,36,1282,2,1,57.19,WRONG_SIZE,New,"Too small, ordering a larger size."
2450,39599,ORD-250925-017008,20251019,295,959,13,1,1297.67,DEFECTIVE,Damaged,
2451,39635,ORD-250926-017022,20251013,292,879,2,1,24.52,DEFECTIVE,New,Screen had a visible crack on arrival.
2452,39639,ORD-250926-017022,20251021,295,879,2,1,1297.67,WRONG_SIZE,Opened,"Too small, ordering a larger size."
2453,39642,ORD-250926-017023,20251015,211,178,14,1,20.11,WRONG_SIZE,New,Runs large compared to other brands.
2454,39643,ORD-250926-017024,20251007,36,1999,2,1,57.19,NOT_AS_DESCRIBED,Opened,Material feels cheaper than the description suggests.
2455,39658,ORD-250927-017030,20251017,159,0,2,1,95.09,CHANGED_MIND,New,
2456,39686,ORD-250927-017039,20251006,36,282,1,1,57.19,BETTER_PRICE,Opened,
2457,39714,ORD-250927-017046,20251012,275,0,2,1,70.09,NOT_AS_DESCRIBED,Used,Missing accessories listed on the page.
2458,39727,ORD-250927-017051,20251014,267,186,5,1,37.51,NOT_AS_DESCRIBED,Used,Material feels cheaper than the description suggests.
2459,39734,ORD-250928-017052,20251027,208,671,6,1,169.5,CHANGED_MIND,New,
2460,39781,ORD-250929-017076,20251002,108,1379,2,1,20.56,DEFECTIVE,New,
2461,39784,ORD-250929-017078,20251024,299,1949,2,1,14.63,DEFECTIVE,Damaged,Item stopped working after two days.
2462,39785,ORD-250929-017078,20251013,254,1949,2,2,658.06,NOT_AS_DESCRIBED,New,
2463,39788,ORD-250929-017080,20251029,63,77,1,1,35.68,DEFECTIVE,Opened,
2464,39846,ORD-250930-017103,20251019,87,1282,1,1,840.17,NOT_AS_DESCRIBED,Damaged,Colour looks different from the photos.
2465,39853,ORD-250930-017105,20251016,36,1564,13,1,57.19,LATE_DELIVERY,Used,Arrived after the event I needed it for.
2466,39871,ORD-250930-017114,20251026,265,39,1,3,1440.6,WRONG_SIZE,Used,
2467,39881,ORD-251001-017117,20251024,116,1789,2,1,538.37,NOT_AS_DESCRIBED,Damaged,
2468,39886,ORD-251001-017118,20251031,96,868,12,1,314.44,DEFECTIVE,Opened,Arrived damaged in transit.
2469,39888,ORD-251001-017118,20251021,155,868,12,1,22.19,WRONG_SIZE,Used,Runs large compared to other brands.
2470,39910,ORD-251001-017129,20251002,295,0,8,1,1297.67,WRONG_SIZE,Damaged,Runs large compared to other brands.
2471,39919,ORD-251001-017132,20251011,211,1282,1,1,20.11,DEFECTIVE,Damaged,Stitching came apart on first wash.
2472,39947,ORD-251002-017146,20251009,60,1990,1,1,58.6,NOT_AS_DESCRIBED,Damaged,
2473,39955,ORD-251002-017149,20251006,36,4,3,3,171.57,CHANGED_MIND,New,
2474,39957,ORD-251002-017151,20251027,36,2193,1,3,171.57,WRONG_SIZE,Damaged,
2475,39960,ORD-251002-017153,20251021,127,602,2,2,23.3,NOT_AS_DESCRIBED,Used,Missing accessories listed on the page.
2476,39977,ORD-251003-017160,20251030,174,1675,7,2,16.01,CHANGED_MIND,New,Bought a duplicate by mistake.
2477,39992,ORD-251003-017165,20251009,45,2148,1,1,26.45,DEFECTIVE,Damaged,Arrived damaged in transit.
2478,40002,ORD-251003-017171,20251019,168,0,2,2,21.86,DEFECTIVE,Opened,
2479,40006,ORD-251003-017173,20251006,67,113,1,1,4.22,CHANGED_MIND,Opened,No longer needed.
2480,40007,ORD-251003-017173,20251012,295,113,1,1,1297.67,NOT_AS_DESCRIBED,New,
2481,40020,ORD-251003-017181,20251030,260,454,14,1,42.51,DEFECTIVE,Opened,
2482,40043,ORD-251004-017187,20251018,219,748,2,1,44.95,NOT_AS_DESCRIBED,Used,
2483,40045,ORD-251004-017189,20251024,295,403,9,2,2595.34,BETTER_PRICE,Opened,Found it cheaper elsewhere.
2484,40062,ORD-251004-017197,20251016,184,179,2,1,39.81,BETTER_PRICE,Used,
2485,40082,ORD-251004-017206,20251009,38,1439,1,2,211.75,LATE_DELIVERY,Damaged,
2486,40084,ORD-251004-017206,20251024,211,1439,1,1,20.11,DEFECTIVE,New,
2487,40103,ORD-251005-017213,20251023,295,129,2,1,1297.67,WRONG_SIZE,Damaged,"Too small, ordering a larger size."
2488,40111,ORD-251005-017216,20251029,195,1307,1,1,25.27,CHANGED_MIND,Used,Decided on a different model.
2489,40118,ORD-251005-017218,20251016,260,1789,10,1,36.13,LATE_DELIVERY,New,Delivery took far longer than promised.
2490,40124,ORD-251005-017220,20251024,219,1813,2,1,44.95,CHANGED_MIND,New,Bought a duplicate by mistake.
2491,40125,ORD-251005-017221,20251007,295,63,7,1,1297.67,DEFECTIVE,Damaged,Arrived damaged in transit.
2492,40162,ORD-251006-017235,20251010,1,39,1,1,10.21,WRONG_SIZE,Used,Runs large compared to other brands.
2493,40180,ORD-251006-017242,20251015,295,916,2,1,1297.67,WRONG_SIZE,Opened,Fit was not what I expected from the size chart.
2494,40185,ORD-251006-017244,20251010,48,0,11,1,98.95,DEFECTIVE,Damaged,
2495,40205,ORD-251007-017254,20251104,283,2136,2,2,28.71,DEFECTIVE,Opened,Stitching came apart on first wash.
2496,40233,ORD-251007-017267,20251029,116,741,5,1,538.37,WRONG_SIZE,Damaged,Runs large compared to other brands.
2497,40241,ORD-251008-017272,20251030,105,0,8,1,49.34,NOT_AS_DESCRIBED,Opened,Colour looks different from the photos.
2498,40248,ORD-251008-017274,20251025,295,1031,1,1,1297.67,CHANGED_MIND,New,No longer needed.
2499,40280,ORD-251008-017288,20251105,3,1298,5,1,31.05,DEFECTIVE,Used,Stitching came apart on first wash.
2500,40282,ORD-251008-017288,20251029,3,1298,5,1,31.05,DEFECTIVE,New,Stitching came apart on first wash.
2501,40300,ORD-251009-017298,20251021,211,1781,10,1,20.11,WRONG_SIZE,Damaged,Runs large compared to other brands.
2502,40326,ORD-251009-017309,20251023,295,1399,11,2,2595.34,CHANGED_MIND,New,
2503,40330,ORD-251010-017311,20251021,75,1854,8,1,10.19,BETTER_PRICE,New,Found it cheaper elsewhere.
2504,40340,ORD-251010-017314,20251017,295,0,7,1,1064.09,WRONG_SIZE,Opened,
2505,40355,ORD-251010-017322,20251020,235,94,2,1,473.7,WRONG_SIZE,Damaged,"Too small, ordering a larger size."
2506,40371,ORD-251010-017328,20251023,128,919,2,1,22.25,CHANGED_MIND,New,Decided on a different model.
2507,40382,ORD-251010-017335,20251017,139,1567,2,1,11.87,WRONG_SIZE,New,
2508,40430,ORD-251011-017356,20251104,79,0,1,2,215.5,WRONG_SIZE,Used,
2509,40447,ORD-251011-017361,20251109,137,1975,12,1,286.43,CHANGED_MIND,Opened,Bought a duplicate by mistake.
2510,40455,ORD-251011-017364,20251014,199,1430,2,1,67.41,WRONG_SIZE,Damaged,
2511,40467,ORD-251011-017368,20251017,295,1368,1,1,1064.09,NOT_AS_DESCRIBED,Opened,
2512,40471,ORD-251011-017369,20251107,211,2179,1,1,16.49,WRONG_SIZE,New,"Too small, ordering a larger size."
2513,40476,ORD-251011-017370,20251012,48,915,12,1,95.46,WRONG_SIZE,Damaged,Fit was not what I expected from the size chart.
2514,40512,ORD-251012-017387,20251014,295,1755,14,1,1064.09,CHANGED_MIND,Damaged,
2515,40516,ORD-251012-017390,20251027,33,1307,1,1,21.02,CHANGED_MIND,Damaged,
2516,40517,ORD-251012-017391,20251026,260,528,2,1,34.86,WRONG_SIZE,Opened,
2517,40537,ORD-251012-017399,20251021,295,741,2,1,1064.09,BETTER_PRICE,Used,
2518,40541,ORD-251012-017399,20251021,249,741,2,1,11.91,WRONG_SIZE,New,"Too small, ordering a larger size."
2519,40555,ORD-251013-017408,20251026,295,86,1,1,1064.09,NOT_AS_DESCRIBED,Damaged,Missing accessories listed on the page.
2520,40566,ORD-251013-017410,20251028,295,0,2,1,1297.67,CHANGED_MIND,Opened,
2521,40584,ORD-251013-017421,20251028,140,1455,12,1,52.09,NOT_AS_DESCRIBED,Opened,
2522,40616,ORD-251014-017436,20251024,140,499,2,1,52.09,WRONG_SIZE,New,Fit was not what I expected from the size chart.
2523,40619,ORD-251014-017436,20251021,249,499,2,1,11.91,CHANGED_MIND,Used,
2524,40656,ORD-251015-017457,20251106,262,1943,1,4,122.74,WRONG_SIZE,Used,
2525,40664,ORD-251015-017459,20251113,247,1117,1,1,183.89,DEFECTIVE,Opened,Item stopped working after two days.
2526,40676,ORD-251015-017464,20251104,140,487,1,2,127.06,NOT_AS_DESCRIBED,Opened,Colour looks different from the photos.
2527,40690,ORD-251016-017471,20251111,66,652,6,1,15.61,CHANGED_MIND,Opened,Decided on a different model.
2528,40711,ORD-251017-017484,20251104,211,2063,2,4,65.96,DEFECTIVE,Opened,Arrived damaged in transit.
2529,40727,ORD-251017-017488,20251115,295,0,1,1,1064.09,DEFECTIVE,Used,Screen had a visible crack on arrival.
2530,40750,ORD-251017-017496,20251102,295,517,5,1,1064.09,DEFECTIVE,Opened,Stitching came apart on first wash.
2531,40827,ORD-251018-017531,20251026,249,615,4,1,14.52,DEFECTIVE,New,Screen had a visible crack on arrival.
2532,40830,ORD-251019-017533,20251031,295,853,4,1,1297.67,NOT_AS_DESCRIBED,Damaged,
2533,40879,ORD-251019-017550,20251024,295,2008,13,1,1064.09,WRONG_SIZE,Used,
2534,40887,ORD-251019-017553,20251030,295,1133,1,3,3893.01,CHANGED_MIND,Opened,
2535,40897,ORD-251019-017557,20251114,202,274,14,2,29.29,DEFECTIVE,Opened,Item stopped working after two days.
2536,40948,ORD-251020-017577,20251023,198,735,8,1,64.86,DEFECTIVE,Opened,Screen had a visible crack on arrival.
2537,40969,ORD-251021-017585,20251108,295,400,2,1,1064.09,CHANGED_MIND,New,
2538,40971,ORD-251021-017586,20251117,5,1352,1,1,95.91,WRONG_SIZE,Used,
2539,40972,ORD-251021-017586,20251115,36,1352,1,1,46.9,LATE_DELIVERY,Opened,Delivery took far longer than promised.
2540,40983,ORD-251021-017589,20251022,36,2204,2,1,46.9,BETTER_PRICE,New,
2541,40991,ORD-251021-017592,20251106,4,2088,2,1,60.79,CHANGED_MIND,Opened,Bought a duplicate by mistake.
2542,40993,ORD-251021-017592,20251025,210,2088,2,2,306.14,DEFECTIVE,Used,
2543,41000,ORD-251021-017596,20251031,97,2203,3,1,9.13,NOT_AS_DESCRIBED,Used,
2544,41075,ORD-251023-017630,20251027,90,0,1,1,440.57,NOT_AS_DESCRIBED,New,Material feels cheaper than the description suggests.
2545,41087,ORD-251023-017637,20251118,75,2250,1,1,8.36,WRONG_SIZE,Opened,Fit was not what I expected from the size chart.
2546,41091,ORD-251023-017638,20251112,93,1092,12,1,32.78,BETTER_PRICE,Opened,
2547,41100,ORD-251023-017640,20251105,116,1898,4,1,538.37,DEFECTIVE,Opened,
2548,41104,ORD-251023-017641,20251111,36,1583,4,1,57.19,CHANGED_MIND,Opened,Decided on a different model.
2549,41114,ORD-251023-017647,20251026,89,1004,2,1,19.9,DEFECTIVE,Opened,
2550,41121,ORD-251023-017652,20251114,295,1037,8,1,1064.09,LATE_DELIVERY,New,
2551,41146,ORD-251024-017663,20251120,211,1968,1,1,16.49,CHANGED_MIND,Used,Bought a duplicate by mistake.
2552,41166,ORD-251024-017668,20251028,35,0,1,1,3.43,WRONG_SIZE,Opened,Runs large compared to other brands.
2553,41192,ORD-251025-017678,20251104,244,0,2,1,8.69,NOT_AS_DESCRIBED,Opened,Missing accessories listed on the page.
2554,41205,ORD-251025-017685,20251119,256,540,1,1,32.55,DEFECTIVE,Opened,Item stopped working after two days.
2555,41224,ORD-251025-017692,20251119,89,741,12,1,19.9,CHANGED_MIND,New,Decided on a different model.
2556,41230,ORD-251025-017694,20251109,36,2063,3,1,46.9,WRONG_SIZE,New,Runs large compared to other brands.
2557,41240,ORD-251025-017700,20251031,227,589,1,1,60.83,WRONG_SIZE,Opened,Fit was not what I expected from the size chart.
2558,41281,ORD-251026-017722,20251118,40,1819,2,1,957.01,WRONG_SIZE,New,Runs large compared to other brands.
2559,41327,ORD-251027-017742,20251126,249,1789,1,2,23.81,WRONG_SIZE,Used,Runs large compared to other brands.
2560,41349,ORD-251027-017750,20251119,211,31,2,1,16.49,WRONG_SIZE,Used,Runs large compared to other brands.
2561,41386,ORD-251027-017762,20251106,75,219,1,2,20.38,WRONG_SIZE,Opened,"Too small, ordering a larger size."
2562,41391,ORD-251028-017766,20251102,79,1422,2,1,131.4,LATE_DELIVERY,New,Delivery took far longer than promised.
2563,41468,ORD-251029-017799,20251106,36,0,2,1,46.9,BETTER_PRICE,Damaged,Found it cheaper elsewhere.
2564,41474,ORD-251029-017802,20251121,295,150,2,1,1297.67,DEFECTIVE,Opened,Item stopped working after two days.
2565,41494,ORD-251030-017811,20251128,295,745,1,1,1064.09,CHANGED_MIND,New,Decided on a different model.
2566,41495,ORD-251030-017811,20251118,89,745,1,1,19.9,DEFECTIVE,New,Stitching came apart on first wash.
2567,41496,ORD-251030-017811,20251127,36,745,1,1,46.9,WRONG_SIZE,New,Runs large compared to other brands.
2568,41498,ORD-251030-017812,20251109,260,2216,1,1,42.51,WRONG_SIZE,Opened,Runs large compared to other brands.
2569,41514,ORD-251030-017818,20251104,140,501,2,1,63.53,CHANGED_MIND,Used,Decided on a different model.
2570,41516,ORD-251030-017818,20251102,33,501,2,1,25.63,CHANGED_MIND,New,
2571,41532,ORD-251030-017826,20251111,129,152,1,3,27.03,CHANGED_MIND,Opened,Decided on a different model.
2572,41544,ORD-251031-017829,20251123,139,1872,7,4,38.93,NOT_AS_DESCRIBED,New,
2573,41590,ORD-251031-017848,20251104,295,1965,8,1,1064.09,CHANGED_MIND,Opened,
2574,41591,ORD-251031-017849,20251113,295,2193,11,1,1064.09,NOT_AS_DESCRIBED,New,Material feels cheaper than the description suggests.
2575,41623,ORD-251101-017862,20251201,36,1011,1,1,46.9,BETTER_PRICE,Damaged,Found it cheaper elsewhere.
2576,41629,ORD-251101-017866,20251105,221,507,11,1,9.87,CHANGED_MIND,Damaged,
2577,41648,ORD-251101-017872,20251114,295,335,12,1,1297.67,NOT_AS_DESCRIBED,Used,Colour looks different from the photos.
2578,41677,ORD-251102-017884,20251127,3,673,2,2,59.91,WRONG_SIZE,Opened,
2579,41708,ORD-251102-017901,20251106,63,4,8,1,35.68,BETTER_PRICE,Used,
2580,41716,ORD-251102-017904,20251110,260,306,1,1,34.86,DEFECTIVE,Opened,Item stopped working after two days.
2581,41739,ORD-251102-017916,20251105,295,737,12,3,3192.27,NOT_AS_DESCRIBED,New,
2582,41746,ORD-251102-017918,20251110,165,0,6,1,387.04,DEFECTIVE,Damaged,Arrived damaged in transit.
2583,41747,ORD-251102-017918,20251110,247,0,6,1,183.89,DEFECTIVE,Opened,Arrived damaged in transit.
2584,41748,ORD-251102-017918,20251111,247,0,6,1,150.79,CHANGED_MIND,Used,Bought a duplicate by mistake.
2585,41750,ORD-251103-017920,20251130,150,1480,2,1,10.22,WRONG_SIZE,Used,"Too small, ordering a larger size."
2586,41759,ORD-251103-017925,20251201,36,85,5,2,93.79,NOT_AS_DESCRIBED,Opened,Colour looks different from the photos.
2587,41782,ORD-251103-017932,20251116,292,526,2,1,20.11,NOT_AS_DESCRIBED,Used,Missing accessories listed on the page.
2588,41783,ORD-251103-017932,20251122,297,526,2,1,47.37,DEFECTIVE,Opened,
2589,41816,ORD-251104-017945,20251106,169,111,4,1,11.29,WRONG_SIZE,Used,
2590,41824,ORD-251104-017949,20251201,128,795,2,1,22.25,WRONG_SIZE,Damaged,
2591,41825,ORD-251104-017949,20251119,145,795,2,1,38.15,NOT_AS_DESCRIBED,Opened,Material feels cheaper than the description suggests.
2592,41831,ORD-251104-017951,20251110,92,11,3,3,10.87,WRONG_SIZE,New,"Too small, ordering a larger size."
2593,41848,ORD-251104-017960,20251201,260,109,2,1,34.86,LATE_DELIVERY,Used,
2594,41858,ORD-251104-017965,20251117,93,906,12,1,32.78,CHANGED_MIND,Damaged,
2595,41896,ORD-251105-017978,20251122,249,1187,13,1,11.91,BETTER_PRICE,Opened,Found it cheaper elsewhere.
2596,41897,ORD-251105-017978,20251117,247,1187,13,1,183.89,CHANGED_MIND,Damaged,Bought a duplicate by mistake.
2597,41928,ORD-251106-017992,20251113,260,793,8,1,42.51,WRONG_SIZE,Opened,"Too small, ordering a larger size."
2598,41938,ORD-251106-017997,20251117,296,1770,11,2,78.3,WRONG_SIZE,Opened,Fit was not what I expected from the size chart.
2599,41965,ORD-251107-018013,20251111,36,1666,3,1,57.19,DEFECTIVE,Damaged,Screen had a visible crack on arrival.
2600,42014,ORD-251108-018041,20251116,295,1789,2,4,5190.68,NOT_AS_DESCRIBED,Damaged,Material feels cheaper than the description suggests.
2601,42090,ORD-251109-018083,20251129,296,926,1,1,39.15,LATE_DELIVERY,Used,
2602,42130,ORD-251109-018102,20251203,116,868,1,1,538.37,LATE_DELIVERY,Opened,Delivery took far longer than promised.
2603,42134,ORD-251109-018103,20251130,140,769,1,1,63.53,WRONG_SIZE,Used,"Too small, ordering a larger size."
2604,42155,ORD-251109-018107,20251116,260,741,1,2,85.02,LATE_DELIVERY,Opened,
2605,42172,ORD-251110-018114,20251208,6,1558,4,2,5.52,DEFECTIVE,Damaged,
2606,42175,ORD-251110-018116,20251125,159,1490,12,3,285.27,WRONG_SIZE,Opened,Runs large compared to other brands.
2607,42186,ORD-251110-018119,20251128,36,524,2,1,57.19,NOT_AS_DESCRIBED,Opened,Missing accessories listed on the page.
2608,42199,ORD-251110-018122,20251123,178,1681,8,1,48.95,LATE_DELIVERY,Damaged,
2609,42202,ORD-251110-018124,20251127,249,0,8,1,14.52,CHANGED_MIND,New,Decided on a different model.
2610,42252,ORD-251111-018148,20251112,215,374,4,1,201.72,CHANGED_MIND,Damaged,Bought a duplicate by mistake.
2611,42291,ORD-251112-018165,20251130,247,1706,2,1,183.89,CHANGED_MIND,New,No longer needed.
2612,42295,ORD-251112-018166,20251203,137,0,13,1,286.43,CHANGED_MIND,New,
2613,42378,ORD-251113-018203,20251210,57,1155,2,1,558.81,DEFECTIVE,New,Stitching came apart on first wash.
2614,42409,ORD-251114-018215,20251207,260,1430,1,4,170.04,WRONG_SIZE,Opened,
2615,42421,ORD-251114-018223,20251207,97,42,1,1,11.13,WRONG_SIZE,Damaged,Runs large compared to other brands.
2616,42425,ORD-251114-018225,20251130,295,1323,2,3,3893.01,DEFECTIVE,Damaged,
2617,42433,ORD-251114-018229,20251128,152,1712,1,1,58.26,WRONG_SIZE,Opened,"Too small, ordering a larger size."
2618,42440,ORD-251114-018231,20251129,155,825,2,1,22.19,WRONG_SIZE,Used,Fit was not what I expected from the size chart.
2619,42441,ORD-251114-018231,20251121,155,825,2,1,22.19,DEFECTIVE,New,Stitching came apart on first wash.
2620,42452,ORD-251114-018236,20251208,295,1307,12,3,3893.01,CHANGED_MIND,Used,Decided on a different model.
2621,42461,ORD-251115-018241,20251119,135,1617,1,1,44.17,NOT_AS_DESCRIBED,Opened,Material feels cheaper than the description suggests.
2622,42468,ORD-251115-018244,20251128,45,2150,2,1,26.45,WRONG_SIZE,New,
2623,42475,ORD-251115-018247,20251205,90,960,1,3,1611.84,DEFECTIVE,Opened,
2624,42487,ORD-251115-018253,20251212,282,741,2,3,1246.5,NOT_AS_DESCRIBED,Opened,
2625,42488,ORD-251115-018254,20251118,36,2161,2,1,57.19,WRONG_SIZE,Opened,Fit was not what I expected from the size chart.
2626,42495,ORD-251115-018255,20251121,257,1213,1,1,185.86,WRONG_SIZE,New,
2627,42507,ORD-251116-018259,20251210,211,1806,1,1,20.11,NOT_AS_DESCRIBED,Damaged,
2628,42535,ORD-251116-018270,20251203,140,1338,1,3,190.59,DEFECTIVE,Used,Arrived damaged in transit.
2629,42539,ORD-251116-018270,20251127,202,1338,1,1,17.86,NOT_AS_DESCRIBED,New,Missing accessories listed on the page.
2630,42540,ORD-251116-018270,20251130,186,1338,1,2,58.3,DEFECTIVE,New,Screen had a visible crack on arrival.
2631,42570,ORD-251116-018282,20251204,295,1203,12,2,2595.34,CHANGED_MIND,New,No longer needed.
2632,42608,ORD-251117-018296,20251212,283,1931,10,1,16.89,DEFECTIVE,Used,Arrived damaged in transit.
2633,42615,ORD-251117-018300,20251208,116,1789,1,1,538.37,DEFECTIVE,New,Stitching came apart on first wash.
2634,42659,ORD-251118-018316,20251209,295,705,5,1,1297.67,WRONG_SIZE,New,Fit was not what I expected from the size chart.
2635,42662,ORD-251118-018318,20251213,295,914,1,1,1297.67,WRONG_SIZE,New,Runs large compared to other brands.
2636,42693,ORD-251118-018332,20251203,295,1205,2,1,1297.67,CHANGED_MIND,Opened,
2637,42736,ORD-251119-018349,20251203,36,926,2,1,57.19,CHANGED_MIND,Used,Bought a duplicate by mistake.
2638,42742,ORD-251119-018350,20251213,116,2020,12,1,538.37,NOT_AS_DESCRIBED,Damaged,Missing accessories listed on the page.
2639,42745,ORD-251119-018351,20251204,256,574,1,2,79.4,WRONG_SIZE,Used,Runs large compared to other brands.
2640,42759,ORD-251119-018356,20251202,116,395,8,1,538.37,LATE_DELIVERY,New,
2641,42806,ORD-251120-018372,20251125,155,713,1,2,44.38,NOT_AS_DESCRIBED,Damaged,Missing accessories listed on the page.
2642,42829,ORD-251120-018382,20251214,295,2121,1,1,1297.67,WRONG_SIZE,Damaged,"Too small, ordering a larger size."
2643,42855,ORD-251120-018391,20251129,249,0,1,1,14.52,WRONG_SIZE,Opened,Fit was not what I expected from the size chart.
2644,42868,ORD-251121-018398,20251219,247,1344,2,1,183.89,WRONG_SIZE,Damaged,
2645,42890,ORD-251121-018409,20251207,36,1174,1,3,171.57,NOT_AS_DESCRIBED,Opened,Missing accessories listed on the page.
2646,42894,ORD-251121-018409,20251214,155,1174,1,1,22.19,CHANGED_MIND,Opened,
2647,42903,ORD-251121-018413,20251124,260,682,4,2,85.02,CHANGED_MIND,Opened,No longer needed.
2648,42911,ORD-251121-018414,20251219,295,1282,12,1,1297.67,NOT_AS_DESCRIBED,New,Missing accessories listed on the page.
2649,42924,ORD-251121-018420,20251214,221,1786,6,1,9.87,LATE_DELIVERY,Opened,
2650,42930,ORD-251121-018421,20251129,152,1849,4,1,58.26,CHANGED_MIND,Used,
2651,42950,ORD-251122-018430,20251203,135,990,9,1,44.17,CHANGED_MIND,Used,
2652,42991,ORD-251122-018446,20251129,128,1734,4,2,54.28,CHANGED_MIND,Damaged,
2653,42993,ORD-251122-018446,20251211,236,1734,4,1,37.09,WRONG_SIZE,Opened,
2654,43000,ORD-251122-018449,20251204,38,575,1,1,124.56,CHANGED_MIND,Damaged,Decided on a different model.
2655,43001,ORD-251122-018449,20251128,116,575,1,1,538.37,CHANGED_MIND,Opened,
2656,43008,ORD-251122-018450,20251205,150,723,13,1,10.22,WRONG_SIZE,Opened,Fit was not what I expected from the size chart.
2657,43011,ORD-251122-018451,20251130,249,79,1,4,58.08,NOT_AS_DESCRIBED,Opened,
2658,43036,ORD-251123-018460,20251129,36,801,9,1,57.19,CHANGED_MIND,New,No longer needed.
2659,43039,ORD-251123-018460,20251220,36,801,9,1,57.19,LATE_DELIVERY,New,
2660,43040,ORD-251123-018460,20251125,97,801,9,1,11.13,WRONG_SIZE,Used,
2661,43058,ORD-251123-018472,20251206,211,952,1,1,20.11,LATE_DELIVERY,New,Delivery took far longer than promised.
2662,43069,ORD-251123-018476,20251206,108,505,1,1,20.56,WRONG_SIZE,New,
2663,43124,ORD-251124-018501,20251213,260,1697,5,1,42.51,DEFECTIVE,Opened,Item stopped working after two days.
2664,43125,ORD-251124-018501,20251209,75,1697,5,1,10.19,WRONG_SIZE,New,Runs large compared to other brands.
2665,43132,ORD-251124-018505,20251212,295,1548,14,1,1297.67,CHANGED_MIND,New,Decided on a different model.
2666,43136,ORD-251124-018507,20251126,38,1139,4,1,124.56,LATE_DELIVERY,Used,Arrived after the event I needed it for.
2667,43140,ORD-251124-018508,20251125,295,644,1,1,908.37,BETTER_PRICE,New,
2668,43159,ORD-251124-018514,20251219,33,1777,2,2,51.26,NOT_AS_DESCRIBED,New,Material feels cheaper than the description suggests.
2669,43162,ORD-251124-018514,20251206,150,1777,2,1,10.22,DEFECTIVE,Damaged,Stitching came apart on first wash.
2670,43179,ORD-251125-018518,20251207,238,1075,10,2,51.22,DEFECTIVE,Used,Stitching came apart on first wash.
2671,43210,ORD-251125-018533,20251211,156,2069,14,1,54.39,WRONG_SIZE,Opened,Runs large compared to other brands.
2672,43211,ORD-251125-018533,20251224,178,2069,14,2,97.9,NOT_AS_DESCRIBED,Used,
2673,43225,ORD-251125-018540,20251225,295,984,4,1,908.37,NOT_AS_DESCRIBED,Damaged,
2674,43228,ORD-251125-018542,20251204,249,406,1,1,14.52,WRONG_SIZE,Damaged,
2675,43237,ORD-251126-018547,20251222,36,184,1,2,114.38,WRONG_SIZE,Opened,
2676,43241,ORD-251126-018551,20251225,14,295,6,4,243.92,WRONG_SIZE,Opened,
2677,43256,ORD-251126-018560,20251209,93,1551,12,1,39.97,DEFECTIVE,Opened,Item stopped working after two days.
2678,43262,ORD-251126-018564,20251212,36,953,1,1,57.19,BETTER_PRICE,Opened,
2679,43263,ORD-251126-018565,20251224,247,1901,1,1,183.89,NOT_AS_DESCRIBED,New,
2680,43302,ORD-251127-018582,20251201,36,0,13,1,57.19,NOT_AS_DESCRIBED,New,
2681,43303,ORD-251127-018583,20251211,90,2037,4,1,376.1,CHANGED_MIND,Damaged,
2682,43305,ORD-251127-018584,20251225,97,0,1,3,33.39,WRONG_SIZE,New,
2683,43316,ORD-251127-018589,20251214,260,1307,1,1,42.51,CHANGED_MIND,Used,
2684,43334,ORD-251128-018598,20251205,295,952,5,1,908.37,NOT_AS_DESCRIBED,Opened,
2685,43337,ORD-251128-018599,20251218,260,1457,4,1,42.51,LATE_DELIVERY,New,
2686,43351,ORD-251128-018605,20251203,137,0,2,1,286.43,CHANGED_MIND,Opened,No longer needed.
2687,43359,ORD-251128-018609,20251217,36,872,13,1,57.19,LATE_DELIVERY,Damaged,
2688,43380,ORD-251128-018617,20251205,29,99,8,2,74.4,NOT_AS_DESCRIBED,New,Missing accessories listed on the page.
2689,43405,ORD-251128-018630,20251217,140,992,1,3,190.59,WRONG_SIZE,Opened,
2690,43414,ORD-251128-018636,20251220,297,1866,2,1,57.77,LATE_DELIVERY,Opened,
2691,43444,ORD-251128-018646,20251215,173,669,2,1,4.96,DEFECTIVE,Damaged,
2692,43449,ORD-251128-018649,20251228,22,1802,2,1,52.16,CHANGED_MIND,Used,Bought a duplicate by mistake.
2693,43452,ORD-251128-018650,20251207,155,0,5,1,22.19,WRONG_SIZE,Opened,
2694,43462,ORD-251128-018655,20251206,275,1718,1,1,70.09,CHANGED_MIND,New,Decided on a different model.
2695,43465,ORD-251128-018655,20251129,295,1718,1,1,1297.67,WRONG_SIZE,Damaged,
2696,43519,ORD-251129-018679,20251223,15,1789,12,2,271.9,WRONG_SIZE,New,Runs large compared to other brands.
2697,43528,ORD-251129-018681,20251211,36,251,8,1,57.19,WRONG_SIZE,Opened,Runs large compared to other brands.
2698,43591,ORD-251130-018704,20251229,63,2116,4,1,35.68,WRONG_SIZE,Damaged,
2699,43592,ORD-251130-018705,20251223,132,599,7,1,40.22,WRONG_SIZE,Opened,
2700,43624,ORD-251130-018721,20251228,192,2063,1,1,220.89,DEFECTIVE,New,
2701,43631,ORD-251130-018723,20251229,152,0,1,2,116.52,DEFECTIVE,New,Stitching came apart on first wash.
2702,43638,ORD-251201-018726,20251220,116,0,1,1,538.37,DEFECTIVE,New,Item stopped working after two days.
2703,43644,ORD-251201-018730,20251226,295,55,2,1,1297.67,CHANGED_MIND,Opened,Bought a duplicate by mistake.
2704,43649,ORD-251201-018731,20251208,178,507,2,1,48.95,WRONG_SIZE,New,Runs large compared to other brands.
2705,43672,ORD-251201-018737,20251228,157,1742,2,1,103.57,NOT_AS_DESCRIBED,Damaged,
2706,43677,ORD-251201-018739,20251208,2,258,1,3,26.94,WRONG_SIZE,Used,
2707,43681,ORD-251201-018739,20251228,247,258,1,1,183.89,DEFECTIVE,New,
2708,43682,ORD-251201-018740,20251231,295,2143,2,1,1297.67,DEFECTIVE,Damaged,Item stopped working after two days.
2709,43710,ORD-251201-018750,20251229,249,94,2,1,14.52,WRONG_SIZE,Opened,Fit was not what I expected from the size chart.
2710,43751,ORD-251202-018768,20251203,295,1659,1,1,1297.67,CHANGED_MIND,Opened,Decided on a different model.
2711,43753,ORD-251202-018768,20251214,129,1659,1,1,9.01,NOT_AS_DESCRIBED,Opened,Material feels cheaper than the description suggests.
2712,43773,ORD-251202-018780,20251209,139,1145,7,1,11.87,WRONG_SIZE,New,Fit was not what I expected from the size chart.
2713,43778,ORD-251203-018782,20251223,287,0,6,1,76.14,WRONG_SIZE,Damaged,Fit was not what I expected from the size chart.
2714,43792,ORD-251203-018791,20260102,137,0,8,1,286.43,DEFECTIVE,Damaged,
2715,43798,ORD-251203-018794,20251221,211,1697,1,2,40.22,DEFECTIVE,Opened,Item stopped working after two days.
2716,43822,ORD-251204-018811,20260101,140,610,1,1,63.53,CHANGED_MIND,New,Decided on a different model.
2717,43827,ORD-251204-018812,20251228,295,1486,2,3,3893.01,WRONG_SIZE,New,"Too small, ordering a larger size."
2718,43848,ORD-251204-018820,20251213,295,1937,2,3,3893.01,CHANGED_MIND,Opened,No longer needed.
2719,43851,ORD-251204-018822,20260103,295,1673,1,2,2595.34,BETTER_PRICE,Damaged,
2720,43864,ORD-251204-018826,20260102,295,471,11,1,1297.67,NOT_AS_DESCRIBED,New,Material feels cheaper than the description suggests.
2721,43866,ORD-251204-018826,20260102,116,471,11,1,538.37,DEFECTIVE,Opened,
2722,43884,ORD-251205-018834,20251210,156,1507,4,2,108.78,NOT_AS_DESCRIBED,Used,
2723,43923,ORD-251205-018849,20251210,66,89,9,1,19.04,CHANGED_MIND,Opened,
2724,43929,ORD-251205-018851,20251218,42,890,2,3,337.05,WRONG_SIZE,Opened,
2725,43930,ORD-251205-018852,20251219,34,763,2,1,1.28,WRONG_SIZE,Damaged,Runs large compared to other brands.
2726,43938,ORD-251205-018855,20251218,140,1920,4,1,63.53,DEFECTIVE,Used,
2727,43971,ORD-251206-018874,20260105,260,4,1,1,42.51,WRONG_SIZE,Damaged,Fit was not what I expected from the size chart.
2728,43972,ORD-251206-018875,20251222,295,1609,1,1,1297.67,DEFECTIVE,Used,
2729,43978,ORD-251206-018877,20251229,249,429,2,1,14.52,WRONG_SIZE,Damaged,
2730,43996,ORD-251206-018885,20251224,36,668,2,3,171.57,NOT_AS_DESCRIBED,Damaged,Colour looks different from the photos.
2731,43997,ORD-251206-018885,20251221,114,668,2,1,13.2,CHANGED_MIND,New,
2732,44018,ORD-251207-018894,20251210,155,1194,5,1,22.19,DEFECTIVE,Opened,Stitching came apart on first wash.
2733,44039,ORD-251207-018900,20251222,260,1962,11,1,42.51,WRONG_SIZE,Opened,Fit was not what I expected from the size chart.
2734,44051,ORD-251207-018907,20251225,249,1142,4,2,29.04,WRONG_SIZE,Used,
2735,44094,ORD-251207-018922,20251224,42,1736,14,2,224.7,DEFECTIVE,Opened,Arrived damaged in transit.
2736,44098,ORD-251207-018924,20251225,93,1441,1,1,39.97,WRONG_SIZE,Damaged,Fit was not what I expected from the size chart.
2737,44125,ORD-251207-018933,20251209,295,0,8,1,1297.67,WRONG_SIZE,Damaged,
2738,44128,ORD-251207-018933,20260105,36,0,8,1,57.19,CHANGED_MIND,Used,Decided on a different model.
2739,44137,ORD-251208-018937,20251216,296,700,12,1,39.15,WRONG_SIZE,New,
2740,44138,ORD-251208-018937,20260103,295,700,12,1,1297.67,NOT_AS_DESCRIBED,New,
2741,44151,ORD-251208-018945,20251229,36,0,1,1,57.19,NOT_AS_DESCRIBED,Used,
2742,44158,ORD-251208-018947,20260106,260,1976,2,1,42.51,CHANGED_MIND,New,
2743,44170,ORD-251208-018949,20251230,176,1472,2,1,417.39,WRONG_SIZE,Opened,Runs large compared to other brands.
2744,44171,ORD-251208-018949,20251221,93,1472,2,1,39.97,CHANGED_MIND,Damaged,Decided on a different model.
2745,44185,ORD-251208-018953,20260107,36,1218,2,3,171.57,CHANGED_MIND,Damaged,Decided on a different model.
2746,44187,ORD-251208-018955,20251212,79,2150,14,1,131.4,NOT_AS_DESCRIBED,New,
2747,44224,ORD-251208-018971,20260105,295,1329,1,2,2595.34,CHANGED_MIND,Opened,Decided on a different model.
2748,44254,ORD-251209-018982,20260108,137,2238,8,1,286.43,DEFECTIVE,New,Stitching came apart on first wash.
2749,44278,ORD-251209-018996,20251221,256,1257,1,1,39.7,WRONG_SIZE,Damaged,
2750,44308,ORD-251210-019011,20260106,96,526,12,3,943.32,WRONG_SIZE,Opened,Runs large compared to other brands.
2751,44347,ORD-251210-019029,20260105,31,678,13,1,1212.06,CHANGED_MIND,New,Decided on a different model.
2752,44360,ORD-251210-019035,20251221,225,3,11,3,163.83,WRONG_SIZE,Damaged,
2753,44383,ORD-251211-019046,20251219,295,599,12,1,1297.67,DEFECTIVE,Opened,Item stopped working after two days.
2754,44409,ORD-251211-019059,20260101,3,1933,4,2,73.06,NOT_AS_DESCRIBED,Opened,
2755,44413,ORD-251211-019061,20251222,36,1906,1,1,57.19,DEFECTIVE,Used,Arrived damaged in transit.
2756,44415,ORD-251211-019062,20251231,36,350,1,1,57.19,WRONG_SIZE,New,Fit was not what I expected from the size chart.
2757,44450,ORD-251212-019079,20251227,20,1404,2,1,55.53,WRONG_SIZE,Opened,"Too small, ordering a larger size."
2758,44513,ORD-251213-019104,20251219,137,1275,14,2,572.86,WRONG_SIZE,Used,
2759,44528,ORD-251213-019111,20251220,2,2171,1,2,17.96,DEFECTIVE,Opened,
2760,44540,ORD-251213-019119,20260108,75,440,2,3,30.57,CHANGED_MIND,New,
2761,44547,ORD-251213-019122,20251214,260,0,1,1,42.51,DEFECTIVE,Damaged,Arrived damaged in transit.
2762,44570,ORD-251213-019129,20260112,39,0,9,1,364.48,DEFECTIVE,Used,Stitching came apart on first wash.
2763,44574,ORD-251213-019130,20260112,249,1386,1,1,14.52,DEFECTIVE,New,Arrived damaged in transit.
2764,44594,ORD-251213-019141,20260111,211,311,1,1,20.11,DEFECTIVE,New,Item stopped working after two days.
2765,44603,ORD-251213-019145,20251221,105,1771,2,1,49.34,CHANGED_MIND,Opened,
2766,44652,ORD-251214-019158,20251225,123,883,2,1,120.55,NOT_AS_DESCRIBED,Used,
2767,44661,ORD-251214-019163,20251225,260,0,1,1,42.51,NOT_AS_DESCRIBED,Damaged,Colour looks different from the photos.
2768,44700,ORD-251214-019183,20251217,148,745,1,1,9.86,DEFECTIVE,Damaged,
2769,44706,ORD-251214-019184,20251230,260,0,13,1,42.51,DEFECTIVE,Damaged,
2770,44807,ORD-251216-019221,20251230,97,745,4,1,11.13,BETTER_PRICE,New,Found it cheaper elsewhere.
2771,44837,ORD-251217-019239,20251219,36,963,1,1,57.19,NOT_AS_DESCRIBED,Opened,
2772,44863,ORD-251217-019252,20260102,96,2132,2,2,628.88,WRONG_SIZE,Used,
2773,44898,ORD-251218-019267,20260115,155,1133,1,1,22.19,DEFECTIVE,New,Stitching came apart on first wash.
2774,44905,ORD-251218-019269,20260106,210,2014,5,1,186.67,NOT_AS_DESCRIBED,New,Material feels cheaper than the description suggests.
2775,44910,ORD-251218-019270,20260113,300,1282,3,1,189.97,NOT_AS_DESCRIBED,Damaged,Material feels cheaper than the description suggests.
2776,44929,ORD-251218-019280,20260105,231,1745,1,3,35.94,LATE_DELIVERY,Opened,Delivery took far longer than promised.
2777,44948,ORD-251218-019288,20251227,149,106,2,1,13.77,NOT_AS_DESCRIBED,New,
2778,44973,ORD-251219-019298,20260101,54,4,5,1,54.37,CHANGED_MIND,Opened,
2779,44996,ORD-251219-019308,20251227,140,848,2,1,63.53,CHANGED_MIND,Damaged,
2780,45000,ORD-251219-019308,20251223,116,848,2,2,1076.74,BETTER_PRICE,New,Found it cheaper elsewhere.
2781,45010,ORD-251219-019313,20260105,50,2109,8,1,41.61,DEFECTIVE,Damaged,Item stopped working after two days.
2782,45011,ORD-251219-019314,20251226,211,1187,13,1,20.11,DEFECTIVE,Damaged,Stitching came apart on first wash.
2783,45022,ORD-251219-019319,20260108,300,1706,2,1,189.97,WRONG_SIZE,Damaged,Runs large compared to other brands.
2784,45028,ORD-251220-019321,20251230,132,733,8,2,60.33,WRONG_SIZE,New,Runs large compared to other brands.
2785,45041,ORD-251220-019326,20260102,23,69,2,1,72.71,NOT_AS_DESCRIBED,Used,Colour looks different from the photos.
2786,45047,ORD-251220-019329,20260103,36,1833,12,3,128.68,CHANGED_MIND,New,Decided on a different model.
2787,45058,ORD-251220-019333,20260103,36,0,1,1,57.19,DEFECTIVE,New,Screen had a visible crack on arrival.
2788,45066,ORD-251220-019337,20260106,295,1441,2,2,1946.5,DEFECTIVE,Used,Item stopped working after two days.
2789,45073,ORD-251220-019338,20251221,140,184,2,1,47.65,CHANGED_MIND,Opened,
2790,45105,ORD-251220-019353,20251225,93,1789,2,1,29.98,DEFECTIVE,Used,
2791,45110,ORD-251220-019357,20260112,295,2251,12,1,973.25,NOT_AS_DESCRIBED,Used,
2792,45140,ORD-251221-019371,20251229,211,596,2,1,20.11,CHANGED_MIND,Used,No longer needed.
2793,45157,ORD-251221-019378,20260118,208,2033,2,1,127.12,DEFECTIVE,Damaged,Screen had a visible crack on arrival.
2794,45179,ORD-251221-019389,20251226,128,526,7,1,20.35,LATE_DELIVERY,Damaged,Arrived after the event I needed it for.
2795,45181,ORD-251221-019389,20260102,3,526,7,1,36.53,WRONG_SIZE,Damaged,
2796,45228,ORD-251222-019413,20260111,82,703,9,1,10.45,WRONG_SIZE,New,Runs large compared to other brands.
2797,45230,ORD-251222-019415,20260109,33,1175,2,1,19.22,NOT_AS_DESCRIBED,Opened,Colour looks different from the photos.
2798,45252,ORD-251222-019425,20251227,247,0,6,1,137.92,LATE_DELIVERY,New,Delivery took far longer than promised.
2799,45256,ORD-251222-019427,20260106,84,762,2,1,14.34,CHANGED_MIND,New,Bought a duplicate by mistake.
2800,45313,ORD-251223-019451,20260114,36,172,1,3,171.57,NOT_AS_DESCRIBED,New,
2801,45315,ORD-251223-019451,20260116,36,172,1,1,42.89,DEFECTIVE,New,Item stopped working after two days.
2802,45323,ORD-251223-019453,20260109,12,1064,2,1,10.33,NOT_AS_DESCRIBED,Opened,
2803,45325,ORD-251223-019454,20251224,226,0,4,2,27.52,WRONG_SIZE,New,
2804,45334,ORD-251223-019458,20260108,283,0,1,1,12.67,DEFECTIVE,Used,Arrived damaged in transit.
2805,45346,ORD-251223-019462,20251229,211,0,1,1,15.08,DEFECTIVE,Opened,Screen had a visible crack on arrival.
2806,45351,ORD-251224-019465,20260107,265,2257,1,1,360.15,LATE_DELIVERY,Opened,
2807,45359,ORD-251224-019468,20260104,41,589,1,1,872.56,CHANGED_MIND,Opened,No longer needed.
2808,45372,ORD-251224-019473,20251230,36,1609,11,4,171.57,BETTER_PRICE,Opened,Found it cheaper elsewhere.
2809,45407,ORD-251224-019490,20260107,167,721,11,1,46.48,DEFECTIVE,New,
2810,45412,ORD-251225-019492,20260107,137,0,2,1,286.43,WRONG_SIZE,Opened,
2811,45419,ORD-251225-019495,20260123,211,222,9,4,60.33,BETTER_PRICE,Used,
2812,45455,ORD-251225-019514,20251228,89,0,2,1,14.92,DEFECTIVE,Damaged,
2813,45472,ORD-251226-019522,20251228,295,1500,1,3,2919.76,WRONG_SIZE,New,Fit was not what I expected from the size chart.
2814,45476,ORD-251226-019523,20260112,68,589,8,2,443.97,CHANGED_MIND,Damaged,
2815,45502,ORD-251226-019535,20260116,3,1959,4,1,27.4,DEFECTIVE,Opened,
2816,45519,ORD-251226-019540,20260120,152,1307,4,1,58.26,WRONG_SIZE,Damaged,"Too small, ordering a larger size."
2817,45524,ORD-251226-019542,20260122,247,103,2,1,137.92,WRONG_SIZE,Damaged,
2818,45545,ORD-251227-019551,20260115,260,1730,1,1,42.51,WRONG_SIZE,Damaged,
2819,45550,ORD-251227-019553,20260105,260,1789,12,1,31.88,BETTER_PRICE,Used,Found it cheaper elsewhere.
2820,45553,ORD-251227-019554,20260108,153,2164,1,1,1.7,NOT_AS_DESCRIBED,New,
2821,45583,ORD-251227-019566,20260116,226,243,2,1,13.76,NOT_AS_DESCRIBED,Used,
2822,45593,ORD-251227-019569,20260121,295,974,2,2,1946.5,CHANGED_MIND,Used,Bought a duplicate by mistake.
2823,45613,ORD-251227-019579,20260101,295,0,14,4,3893.01,LATE_DELIVERY,Opened,Arrived after the event I needed it for.
2824,45619,ORD-251228-019584,20260122,140,1444,13,1,63.53,NOT_AS_DESCRIBED,Damaged,Material feels cheaper than the description suggests.
2825,45644,ORD-251228-019593,20260124,157,1620,1,1,103.57,CHANGED_MIND,Opened,
2826,45658,ORD-251228-019595,20260115,36,0,4,2,85.78,BETTER_PRICE,New,Found it cheaper elsewhere.
2827,45665,ORD-251228-019597,20260111,79,809,2,1,98.55,BETTER_PRICE,Damaged,Found it cheaper elsewhere.
2828,45684,ORD-251228-019605,20260126,97,1675,13,1,8.35,NOT_AS_DESCRIBED,Used,Missing accessories listed on the page.
2829,45693,ORD-251228-019607,20260118,97,0,2,1,8.35,WRONG_SIZE,Used,
2830,45725,ORD-251229-019624,20260113,36,720,7,1,42.89,NOT_AS_DESCRIBED,Opened,
2831,45738,ORD-251229-019628,20260111,75,1765,7,1,10.19,WRONG_SIZE,New,Fit was not what I expected from the size chart.
2832,45750,ORD-251229-019636,20260104,197,54,1,1,1.07,DEFECTIVE,Damaged,Stitching came apart on first wash.
2833,45756,ORD-251229-019637,20260101,295,1187,2,4,3893.01,DEFECTIVE,Opened,Stitching came apart on first wash.
2834,45762,ORD-251229-019642,20260127,69,1540,1,1,14.17,NOT_AS_DESCRIBED,Opened,Material feels cheaper than the description suggests.
2835,45786,ORD-251230-019654,20260115,155,1298,7,1,22.19,LATE_DELIVERY,Damaged,
2836,45799,ORD-251230-019659,20260107,87,387,1,1,630.13,CHANGED_MIND,Opened,No longer needed.
2837,45811,ORD-251230-019665,20260128,3,963,1,1,27.4,WRONG_SIZE,New,
2838,45813,ORD-251230-019665,20260113,149,963,1,4,55.08,WRONG_SIZE,New,"Too small, ordering a larger size."
2839,45814,ORD-251230-019666,20260118,140,1344,8,2,95.29,BETTER_PRICE,New,
2840,45828,ORD-251230-019672,20260126,162,0,1,2,7.42,CHANGED_MIND,New,No longer needed.
2841,45845,ORD-251231-019682,20260120,155,0,2,1,22.19,DEFECTIVE,New,
2842,45853,ORD-251231-019684,20260130,152,2063,4,1,43.69,WRONG_SIZE,Used,Fit was not what I expected from the size chart.
2843,45854,ORD-251231-019685,20260120,247,1045,1,2,367.78,DEFECTIVE,Used,Stitching came apart on first wash.
2844,45885,ORD-251231-019700,20260126,45,154,4,1,19.84,CHANGED_MIND,Used,Bought a duplicate by mistake.
2845,45910,ORD-260101-019710,20260118,125,0,1,2,45.36,CHANGED_MIND,New,
2846,45941,ORD-260101-019720,20260125,89,791,1,4,69.56,NOT_AS_DESCRIBED,Opened,Missing accessories listed on the page.
2847,45986,ORD-260102-019738,20260131,48,1530,12,2,239.4,BETTER_PRICE,Opened,
2848,46008,ORD-260103-019746,20260124,155,249,12,2,45.62,LATE_DELIVERY,Opened,
2849,46009,ORD-260103-019747,20260124,36,861,6,3,149.97,DEFECTIVE,Damaged,
2850,46035,ORD-260103-019755,20260108,182,467,2,1,96.29,CHANGED_MIND,Opened,Bought a duplicate by mistake.
2851,46051,ORD-260103-019762,20260104,38,1199,12,2,256.18,WRONG_SIZE,New,Fit was not what I expected from the size chart.
2852,46071,ORD-260104-019776,20260203,3,0,4,1,37.56,WRONG_SIZE,Opened,Runs large compared to other brands.
2853,46084,ORD-260104-019782,20260109,295,848,12,2,2268.48,WRONG_SIZE,New,
2854,46089,ORD-260104-019784,20260109,155,1898,4,1,19.39,NOT_AS_DESCRIBED,Opened,
2855,46092,ORD-260104-019785,20260108,276,858,2,1,809.16,BETTER_PRICE,New,
2856,46100,ORD-260104-019788,20260107,156,1468,9,4,190.16,BETTER_PRICE,Used,
2857,46101,ORD-260104-019788,20260123,295,1468,9,1,1134.24,CHANGED_MIND,New,Bought a duplicate by mistake.
2858,46130,ORD-260105-019797,20260120,67,1978,4,1,3.69,CHANGED_MIND,Opened,Bought a duplicate by mistake.
2859,46136,ORD-260105-019799,20260117,260,860,14,1,43.71,WRONG_SIZE,New,Runs large compared to other brands.
2860,46143,ORD-260105-019800,20260117,105,2063,2,1,50.74,CHANGED_MIND,Used,Decided on a different model.
2861,46153,ORD-260105-019806,20260112,295,1251,12,1,1134.24,WRONG_SIZE,Opened,
2862,46158,ORD-260105-019808,20260115,259,0,2,1,32.62,CHANGED_MIND,New,No longer needed.
2863,46163,ORD-260106-019810,20260129,295,763,2,1,1334.4,LATE_DELIVERY,Opened,Delivery took far longer than promised.
2864,46228,ORD-260107-019838,20260110,2,1138,2,1,9.23,CHANGED_MIND,New,Bought a duplicate by mistake.
2865,46234,ORD-260107-019840,20260203,140,1789,2,3,195.96,WRONG_SIZE,Opened,
2866,46238,ORD-260107-019840,20260110,3,1789,2,1,31.93,CHANGED_MIND,Damaged,
2867,46268,ORD-260108-019854,20260121,3,0,8,1,37.56,WRONG_SIZE,Opened,
2868,46272,ORD-260108-019856,20260127,295,1519,1,1,1334.4,DEFECTIVE,Damaged,
2869,46312,ORD-260109-019874,20260122,15,2257,1,1,139.79,BETTER_PRICE,Used,Found it cheaper elsewhere.
2870,46324,ORD-260109-019881,20260111,96,2149,2,1,323.34,CHANGED_MIND,Opened,
2871,46327,ORD-260109-019883,20260202,3,1812,9,1,37.56,WRONG_SIZE,Opened,"Too small, ordering a larger size."
2872,46334,ORD-260109-019885,20260206,211,64,1,1,20.68,WRONG_SIZE,Opened,Fit was not what I expected from the size chart.
2873,46348,ORD-260110-019893,20260124,264,165,13,1,1153.31,CHANGED_MIND,Opened,Bought a duplicate by mistake.
2874,46353,ORD-260110-019896,20260208,137,272,1,1,294.54,DEFECTIVE,Opened,Stitching came apart on first wash.
2875,46362,ORD-260110-019897,20260122,211,264,12,2,41.36,DEFECTIVE,Used,Arrived damaged in transit.
2876,46373,ORD-260110-019900,20260118,36,970,1,1,58.81,DEFECTIVE,Opened,
2877,46378,ORD-260110-019903,20260114,36,2179,2,1,58.81,CHANGED_MIND,New,Decided on a different model.
2878,46404,ORD-260110-019913,20260126,295,437,2,1,1334.4,NOT_AS_DESCRIBED,Used,
2879,46416,ORD-260111-019919,20260124,295,1456,4,1,1334.4,CHANGED_MIND,New,
2880,46419,ORD-260111-019919,20260126,145,1456,4,1,47.84,DEFECTIVE,Opened,Screen had a visible crack on arrival.
2881,46430,ORD-260111-019924,20260209,247,489,13,1,189.09,WRONG_SIZE,Used,Fit was not what I expected from the size chart.
2882,46432,ORD-260111-019925,20260204,33,1451,6,1,26.36,WRONG_SIZE,Opened,"Too small, ordering a larger size."
2883,46441,ORD-260111-019929,20260124,33,2044,8,1,26.36,DEFECTIVE,Opened,
2884,46449,ORD-260112-019934,20260119,82,745,5,1,10.75,DEFECTIVE,Opened,Arrived damaged in transit.
2885,46450,ORD-260112-019935,20260205,4,1583,1,1,68.6,BETTER_PRICE,Opened,Found it cheaper elsewhere.
2886,46468,ORD-260112-019941,20260125,295,1087,3,1,1334.4,WRONG_SIZE,New,
2887,46477,ORD-260112-019945,20260115,178,446,14,2,100.68,WRONG_SIZE,Damaged,
2888,46495,ORD-260113-019952,20260208,90,309,1,2,1104.98,WRONG_SIZE,Opened,"Too small, ordering a larger size."
2889,46496,ORD-260113-019953,20260201,116,533,2,1,553.61,BETTER_PRICE,Damaged,
2890,46507,ORD-260113-019957,20260202,36,0,8,2,117.62,CHANGED_MIND,Opened,No longer needed.
2891,46537,ORD-260113-019966,20260130,36,2158,7,3,176.43,CHANGED_MIND,New,
2892,46539,ORD-260113-019966,20260202,36,2158,7,1,58.81,NOT_AS_DESCRIBED,New,
2893,46540,ORD-260113-019966,20260121,277,2158,7,1,456.61,WRONG_SIZE,Damaged,
2894,46551,ORD-260114-019970,20260205,231,1404,3,2,24.64,LATE_DELIVERY,New,Delivery took far longer than promised.
2895,46554,ORD-260114-019972,20260116,57,390,1,1,574.63,DEFECTIVE,New,
2896,46568,ORD-260114-019975,20260203,116,266,2,1,553.61,DEFECTIVE,Opened,Arrived damaged in transit.
2897,46573,ORD-260114-019979,20260204,247,16,2,1,189.09,CHANGED_MIND,Damaged,
2898,46595,ORD-260114-019990,20260127,260,135,1,1,39.34,CHANGED_MIND,New,Decided on a different model.
2899,46597,ORD-260114-019991,20260123,295,760,1,1,1334.4,CHANGED_MIND,New,Bought a duplicate by mistake.
2900,46650,ORD-260115-020008,20260121,202,0,1,1,18.37,WRONG_SIZE,New,
2901,46652,ORD-260115-020009,20260127,155,1514,8,2,45.62,NOT_AS_DESCRIBED,Damaged,
2902,46674,ORD-260115-020015,20260203,202,1062,1,1,18.37,DEFECTIVE,Opened,
2903,46705,ORD-260116-020029,20260206,295,322,1,2,2668.8,CHANGED_MIND,New,Bought a duplicate by mistake.
2904,46738,ORD-260116-020042,20260215,257,614,2,3,573.36,CHANGED_MIND,New,No longer needed.
2905,46745,ORD-260117-020046,20260211,295,0,2,1,1334.4,WRONG_SIZE,Damaged,"Too small, ordering a larger size."
2906,46756,ORD-260117-020051,20260128,191,2216,1,2,448.42,NOT_AS_DESCRIBED,Damaged,Material feels cheaper than the description suggests.
2907,46760,ORD-260117-020053,20260131,264,546,1,1,1153.31,NOT_AS_DESCRIBED,Damaged,Colour looks different from the photos.
2908,46764,ORD-260117-020056,20260208,247,1802,2,1,189.09,CHANGED_MIND,Opened,
2909,46782,ORD-260117-020064,20260211,36,1207,10,1,58.81,BETTER_PRICE,New,
2910,46792,ORD-260117-020068,20260201,135,1282,8,3,136.26,DEFECTIVE,Damaged,
2911,46797,ORD-260117-020071,20260121,247,748,6,1,189.09,LATE_DELIVERY,Opened,
2912,46800,ORD-260118-020073,20260131,116,0,13,1,553.61,WRONG_SIZE,New,
2913,46828,ORD-260118-020087,20260210,295,143,2,2,2668.8,BETTER_PRICE,Opened,
2914,46901,ORD-260120-020119,20260130,174,590,1,1,9.69,NOT_AS_DESCRIBED,Opened,Missing accessories listed on the page.
2915,46902,ORD-260120-020120,20260201,295,0,5,1,1334.4,NOT_AS_DESCRIBED,Opened,Colour looks different from the photos.
2916,46908,ORD-260120-020122,20260123,90,1974,2,1,552.49,CHANGED_MIND,Opened,No longer needed.
2917,46909,ORD-260120-020122,20260126,36,1974,2,1,58.81,CHANGED_MIND,Opened,Bought a duplicate by mistake.
2918,46925,ORD-260120-020129,20260202,295,67,2,1,1334.4,DEFECTIVE,Used,
2919,46932,ORD-260120-020130,20260125,226,0,4,1,14.15,WRONG_SIZE,Used,
2920,46950,ORD-260121-020140,20260220,154,4,8,1,1389.27,WRONG_SIZE,Opened,
2921,46989,ORD-260122-020158,20260205,295,2078,2,2,2668.8,CHANGED_MIND,Opened,No longer needed.
2922,46990,ORD-260122-020158,20260216,116,2078,2,1,553.61,WRONG_SIZE,Opened,Fit was not what I expected from the size chart.
2923,47001,ORD-260122-020163,20260210,282,2162,2,2,854.52,DEFECTIVE,Damaged,Stitching came apart on first wash.
2924,47013,ORD-260122-020169,20260213,295,1248,13,2,2668.8,CHANGED_MIND,New,Bought a duplicate by mistake.
2925,47027,ORD-260122-020176,20260205,115,1531,1,1,9.0,WRONG_SIZE,Damaged,Fit was not what I expected from the size chart.
2926,47038,ORD-260123-020182,20260128,116,0,2,2,1107.22,DEFECTIVE,New,
2927,47051,ORD-260123-020187,20260128,140,149,1,2,130.64,CHANGED_MIND,Opened,No longer needed.
2928,47069,ORD-260124-020193,20260207,278,2251,12,1,24.15,NOT_AS_DESCRIBED,Used,Material feels cheaper than the description suggests.
2929,47073,ORD-260124-020195,20260212,3,1813,9,2,75.12,WRONG_SIZE,Damaged,"Too small, ordering a larger size."
2930,47101,ORD-260124-020209,20260201,93,949,12,3,98.64,CHANGED_MIND,Used,
2931,47106,ORD-260124-020211,20260219,247,745,12,1,189.09,CHANGED_MIND,Opened,Decided on a different model.
2932,47108,ORD-260124-020211,20260217,75,745,12,1,10.47,CHANGED_MIND,Opened,
2933,47118,ORD-260124-020214,20260217,97,2049,1,1,9.16,CHANGED_MIND,New,
2934,47146,ORD-260125-020229,20260216,68,1663,8,2,486.98,WRONG_SIZE,Opened,
2935,47189,ORD-260126-020244,20260225,36,826,4,1,58.81,LATE_DELIVERY,New,Delivery took far longer than promised.
2936,47213,ORD-260127-020256,20260201,50,0,2,1,42.78,WRONG_SIZE,Opened,
2937,47240,ORD-260128-020269,20260225,238,233,12,1,26.33,DEFECTIVE,Opened,
2938,47254,ORD-260128-020275,20260217,247,444,2,1,151.27,DEFECTIVE,Opened,Stitching came apart on first wash.
2939,47291,ORD-260129-020290,20260210,36,605,2,2,117.62,LATE_DELIVERY,Used,
2940,47297,ORD-260129-020292,20260227,188,1308,4,1,192.95,DEFECTIVE,Damaged,
2941,47301,ORD-260129-020295,20260218,295,1924,2,1,1334.4,BETTER_PRICE,New,Found it cheaper elsewhere.
2942,47323,ORD-260130-020306,20260209,137,573,12,2,589.08,WRONG_SIZE,Used,
2943,47330,ORD-260130-020309,20260131,13,737,13,1,162.58,NOT_AS_DESCRIBED,New,Material feels cheaper than the description suggests.
2944,47380,ORD-260131-020327,20260226,295,2216,1,1,1334.4,DEFECTIVE,Damaged,
2945,47454,ORD-260201-020357,20260216,260,879,12,1,43.71,WRONG_SIZE,Damaged,Runs large compared to other brands.
2946,47459,ORD-260201-020359,20260221,79,67,2,1,135.12,DEFECTIVE,Damaged,Stitching came apart on first wash.
2947,47478,ORD-260202-020368,20260204,116,1072,2,1,553.61,WRONG_SIZE,Opened,Runs large compared to other brands.
2948,47492,ORD-260202-020372,20260224,36,0,2,1,58.81,NOT_AS_DESCRIBED,Used,Colour looks different from the photos.
2949,47539,ORD-260203-020389,20260209,300,102,13,4,781.4,WRONG_SIZE,Opened,Fit was not what I expected from the size chart.
2950,47578,ORD-260205-020405,20260206,97,779,1,1,11.45,CHANGED_MIND,Opened,No longer needed.
2951,47594,ORD-260206-020412,20260219,244,0,14,1,8.94,NOT_AS_DESCRIBED,Damaged,Missing accessories listed on the page.
2952,47595,ORD-260206-020413,20260208,202,0,9,2,36.74,LATE_DELIVERY,Damaged,Delivery took far longer than promised.
2953,47615,ORD-260206-020422,20260220,260,1282,4,1,43.71,WRONG_SIZE,Damaged,
2954,47642,ORD-260207-020431,20260301,221,1138,8,1,10.15,WRONG_SIZE,New,
2955,47655,ORD-260207-020435,20260221,162,1937,1,1,5.09,WRONG_SIZE,Damaged,Runs large compared to other brands.
2956,47658,ORD-260207-020435,20260213,295,1937,1,1,1334.4,LATE_DELIVERY,Used,Delivery took far longer than promised.
2957,47685,ORD-260208-020445,20260302,11,131,13,1,29.41,CHANGED_MIND,Used,Decided on a different model.
2958,47700,ORD-260208-020452,20260222,211,2007,2,1,20.68,CHANGED_MIND,Opened,
2959,47703,ORD-260208-020452,20260214,295,2007,2,1,1334.4,BETTER_PRICE,Opened,Found it cheaper elsewhere.
2960,47721,ORD-260209-020461,20260302,36,0,2,1,58.81,DEFECTIVE,Used,
2961,47746,ORD-260209-020473,20260213,140,748,2,1,65.32,DEFECTIVE,Opened,
2962,47751,ORD-260209-020474,20260226,36,1431,1,3,176.43,WRONG_SIZE,New,Runs large compared to other brands.
2963,47770,ORD-260210-020483,20260213,172,2099,2,3,4843.68,WRONG_SIZE,Opened,
2964,47779,ORD-260210-020487,20260221,295,1287,10,1,1334.4,CHANGED_MIND,New,No longer needed.
2965,47785,ORD-260210-020490,20260302,157,1344,2,1,106.5,CHANGED_MIND,New,
2966,47816,ORD-260211-020501,20260217,135,1149,6,1,45.42,DEFECTIVE,Opened,Screen had a visible crack on arrival.
2967,47829,ORD-260211-020507,20260212,295,0,11,1,1334.4,WRONG_SIZE,Opened,Fit was not what I expected from the size chart.
2968,47846,ORD-260212-020513,20260314,67,2063,1,1,4.34,NOT_AS_DESCRIBED,New,Colour looks different from the photos.
2969,47868,ORD-260213-020527,20260311,195,4,1,2,51.98,DEFECTIVE,Used,
2970,47878,ORD-260213-020533,20260226,154,1132,12,1,1389.27,WRONG_SIZE,Used,"Too small, ordering a larger size."
2971,47884,ORD-260213-020537,20260226,249,1771,2,1,14.93,DEFECTIVE,Damaged,Screen had a visible crack on arrival.
2972,47902,ORD-260214-020544,20260308,295,725,9,1,1334.4,CHANGED_MIND,New,No longer needed.
2973,47927,ORD-260215-020559,20260303,247,1216,4,1,189.09,DEFECTIVE,Opened,
2974,47937,ORD-260216-020565,20260318,211,670,4,1,20.68,DEFECTIVE,New,Stitching came apart on first wash.
2975,47958,ORD-260216-020576,20260313,36,271,2,1,58.81,WRONG_SIZE,New,
2976,47959,ORD-260216-020576,20260218,260,271,2,2,87.42,WRONG_SIZE,Used,
2977,47966,ORD-260216-020578,20260223,33,495,4,1,26.36,NOT_AS_DESCRIBED,Opened,Colour looks different from the photos.
2978,47972,ORD-260217-020580,20260317,97,1147,2,1,11.45,CHANGED_MIND,New,Decided on a different model.
2979,47977,ORD-260217-020580,20260317,36,1147,2,1,58.81,BETTER_PRICE,Used,
2980,47989,ORD-260217-020587,20260221,40,695,1,1,1200.11,NOT_AS_DESCRIBED,Opened,
2981,47995,ORD-260217-020590,20260317,155,0,12,1,22.81,BETTER_PRICE,Damaged,
2982,47997,ORD-260217-020590,20260226,211,0,12,1,20.68,NOT_AS_DESCRIBED,New,Material feels cheaper than the description suggests.
2983,48027,ORD-260218-020605,20260320,269,1123,2,1,1427.55,CHANGED_MIND,Damaged,Bought a duplicate by mistake.
2984,48040,ORD-260218-020609,20260310,135,1806,1,1,45.42,NOT_AS_DESCRIBED,New,
2985,48043,ORD-260218-020609,20260222,63,1806,1,1,36.69,WRONG_SIZE,Used,Runs large compared to other brands.
2986,48090,ORD-260220-020628,20260227,295,1032,1,1,1334.4,NOT_AS_DESCRIBED,Damaged,Material feels cheaper than the description suggests.
2987,48105,ORD-260220-020635,20260313,155,2187,1,1,22.81,NOT_AS_DESCRIBED,New,Colour looks different from the photos.
2988,48118,ORD-260221-020639,20260317,167,1609,14,2,127.46,NOT_AS_DESCRIBED,New,
2989,48130,ORD-260221-020645,20260223,36,745,2,1,58.81,LATE_DELIVERY,Opened,Arrived after the event I needed it for.
2990,48133,ORD-260221-020646,20260224,42,914,14,1,115.53,CHANGED_MIND,Damaged,
2991,48149,ORD-260222-020654,20260320,74,1638,1,1,10.33,DEFECTIVE,New,
2992,48198,ORD-260224-020682,20260319,36,1007,1,1,58.81,LATE_DELIVERY,Damaged,
2993,48232,ORD-260224-020699,20260225,95,453,8,1,3.35,NOT_AS_DESCRIBED,New,
2994,48237,ORD-260225-020701,20260302,249,726,1,1,14.93,NOT_AS_DESCRIBED,Damaged,Missing accessories listed on the page.
2995,48272,ORD-260226-020714,20260301,113,0,2,1,53.48,NOT_AS_DESCRIBED,Damaged,Material feels cheaper than the description suggests.
2996,48310,ORD-260227-020730,20260325,249,0,9,1,14.93,WRONG_SIZE,New,
2997,48324,ORD-260227-020735,20260305,295,877,1,1,1334.4,WRONG_SIZE,Used,Runs large compared to other brands.
2998,48336,ORD-260227-020738,20260325,260,1847,1,1,43.71,NOT_AS_DESCRIBED,Damaged,
2999,48340,ORD-260227-020740,20260319,295,437,1,1,1334.4,BETTER_PRICE,Used,Found it cheaper elsewhere.
3000,48358,ORD-260228-020746,20260312,254,0,10,1,338.35,DEFECTIVE,Damaged,Item stopped working after two days.
3001,48378,ORD-260228-020752,20260312,39,1725,1,2,749.6,DEFECTIVE,Opened,
3002,48387,ORD-260228-020756,20260322,140,1997,2,2,130.64,DEFECTIVE,Opened,Item stopped working after two days.
3003,48390,ORD-260228-020756,20260307,145,1997,2,3,143.52,DEFECTIVE,Damaged,
3004,48402,ORD-260228-020761,20260304,226,294,14,1,14.15,WRONG_SIZE,Opened,
3005,48405,ORD-260228-020762,20260302,296,1187,2,3,120.75,DEFECTIVE,New,Stitching came apart on first wash.
3006,48436,ORD-260301-020777,20260302,36,0,1,4,235.24,DEFECTIVE,Opened,Item stopped working after two days.
3007,48446,ORD-260301-020782,20260308,76,70,1,1,3.39,DEFECTIVE,Used,
3008,48459,ORD-260302-020791,20260316,69,2205,2,1,19.42,WRONG_SIZE,New,
3009,48474,ORD-260302-020795,20260328,247,804,6,1,189.09,NOT_AS_DESCRIBED,New,Colour looks different from the photos.
3010,48477,ORD-260302-020796,20260307,93,847,2,1,41.1,CHANGED_MIND,New,Decided on a different model.
3011,48480,ORD-260302-020797,20260327,155,1271,2,3,68.43,WRONG_SIZE,New,"Too small, ordering a larger size."
3012,48506,ORD-260303-020811,20260313,56,1563,2,1,14.34,DEFECTIVE,Opened,Stitching came apart on first wash.
3013,48510,ORD-260303-020813,20260310,50,873,2,1,42.78,WRONG_SIZE,Opened,
3014,48530,ORD-260303-020822,20260315,105,319,1,1,50.74,BETTER_PRICE,Used,Found it cheaper elsewhere.
3015,48558,ORD-260304-020839,20260402,140,4,2,1,65.32,WRONG_SIZE,Used,"Too small, ordering a larger size."
3016,48575,ORD-260305-020846,20260308,247,745,1,1,189.09,WRONG_SIZE,Damaged,Runs large compared to other brands.
3017,48591,ORD-260305-020852,20260308,24,1453,12,1,14.97,NOT_AS_DESCRIBED,Used,Missing accessories listed on the page.
3018,48594,ORD-260305-020853,20260308,295,0,1,2,2668.8,WRONG_SIZE,New,
3019,48601,ORD-260306-020857,20260401,36,855,1,1,58.81,WRONG_SIZE,Used,
3020,48609,ORD-260306-020862,20260329,145,560,1,1,47.84,CHANGED_MIND,Damaged,Decided on a different model.
3021,48630,ORD-260306-020872,20260314,295,1531,8,1,1334.4,NOT_AS_DESCRIBED,Opened,
3022,48678,ORD-260307-020892,20260310,45,1519,1,2,54.4,WRONG_SIZE,Used,
3023,48694,ORD-260308-020900,20260401,36,0,2,1,58.81,CHANGED_MIND,Opened,No longer needed.
3024,48747,ORD-260309-020922,20260401,119,1002,8,1,84.7,WRONG_SIZE,Opened,Fit was not what I expected from the size chart.
3025,48762,ORD-260309-020928,20260324,202,2161,2,1,18.37,CHANGED_MIND,New,Decided on a different model.
3026,48770,ORD-260309-020933,20260314,260,299,2,1,43.71,WRONG_SIZE,Used,
3027,48789,ORD-260310-020940,20260325,41,906,2,1,897.26,WRONG_SIZE,Opened,"Too small, ordering a larger size."
3028,48790,ORD-260310-020940,20260403,219,906,2,2,92.46,WRONG_SIZE,Damaged,
3029,48803,ORD-260310-020947,20260319,228,1276,1,2,387.72,WRONG_SIZE,Damaged,
3030,48819,ORD-260311-020953,20260319,152,903,1,2,119.82,WRONG_SIZE,Used,Runs large compared to other brands.
3031,48841,ORD-260311-020962,20260329,227,0,2,1,76.28,NOT_AS_DESCRIBED,Damaged,Missing accessories listed on the page.
3032,48861,ORD-260311-020972,20260319,66,1051,2,1,19.58,WRONG_SIZE,New,
3033,48872,ORD-260312-020977,20260401,295,655,1,1,1334.4,CHANGED_MIND,New,
3034,48898,ORD-260313-020989,20260408,295,485,2,1,1334.4,NOT_AS_DESCRIBED,New,Colour looks different from the photos.
3035,48921,ORD-260313-020998,20260327,260,1451,12,2,87.42,WRONG_SIZE,New,Runs large compared to other brands.
3036,48923,ORD-260313-020998,20260403,79,1451,12,1,135.12,WRONG_SIZE,Opened,Fit was not what I expected from the size chart.
3037,48936,ORD-260314-021003,20260327,295,742,2,2,2668.8,WRONG_SIZE,Opened,"Too small, ordering a larger size."
3038,48961,ORD-260314-021014,20260405,48,1789,2,1,119.7,BETTER_PRICE,Opened,Found it cheaper elsewhere.
3039,48962,ORD-260314-021015,20260318,260,604,2,1,43.71,CHANGED_MIND,Opened,No longer needed.
3040,48964,ORD-260314-021016,20260319,260,1300,2,1,43.71,CHANGED_MIND,Used,Bought a duplicate by mistake.
3041,49008,ORD-260315-021036,20260406,184,146,2,2,96.32,WRONG_SIZE,Opened,
3042,49027,ORD-260316-021046,20260317,96,271,1,1,323.34,NOT_AS_DESCRIBED,Damaged,
3043,49036,ORD-260316-021053,20260320,39,1007,1,2,749.6,WRONG_SIZE,Opened,"Too small, ordering a larger size."
3044,49037,ORD-260316-021053,20260413,268,1007,1,1,19.99,DEFECTIVE,New,
3045,49047,ORD-260316-021056,20260407,295,1311,12,1,1334.4,NOT_AS_DESCRIBED,Damaged,Colour looks different from the photos.
3046,49081,ORD-260317-021070,20260328,260,2121,12,4,174.84,WRONG_SIZE,New,Runs large compared to other brands.
3047,49083,ORD-260317-021071,20260331,259,0,6,1,38.38,WRONG_SIZE,Used,Fit was not what I expected from the size chart.
3048,49091,ORD-260317-021074,20260324,260,1640,6,2,87.42,NOT_AS_DESCRIBED,New,
3049,49093,ORD-260317-021076,20260402,226,38,2,1,14.15,WRONG_SIZE,New,
3050,49104,ORD-260317-021080,20260323,85,143,1,1,47.38,CHANGED_MIND,Damaged,No longer needed.
3051,49136,ORD-260318-021093,20260410,295,1403,1,1,1334.4,WRONG_SIZE,Opened,
3052,49157,ORD-260319-021101,20260402,166,860,2,2,8.16,WRONG_SIZE,Damaged,Fit was not what I expected from the size chart.
3053,49190,ORD-260320-021113,20260329,216,0,5,1,105.73,NOT_AS_DESCRIBED,Damaged,Missing accessories listed on the page.
3054,49194,ORD-260320-021115,20260323,219,54,2,3,138.69,LATE_DELIVERY,Damaged,
3055,49224,ORD-260321-021131,20260329,157,263,9,2,213.0,WRONG_SIZE,Opened,
3056,49225,ORD-260321-021131,20260330,211,263,9,1,20.68,NOT_AS_DESCRIBED,Opened,Colour looks different from the photos.
3057,49226,ORD-260321-021132,20260328,295,184,2,2,2668.8,CHANGED_MIND,Opened,Bought a duplicate by mistake.
3058,49238,ORD-260321-021137,20260402,255,1327,6,2,60.64,BETTER_PRICE,Opened,
3059,49263,ORD-260322-021146,20260410,211,2164,13,1,20.68,DEFECTIVE,New,Screen had a visible crack on arrival.
3060,49283,ORD-260322-021155,20260411,256,0,2,1,40.82,WRONG_SIZE,Used,"Too small, ordering a larger size."
3061,49329,ORD-260323-021175,20260406,295,2063,2,1,1334.4,NOT_AS_DESCRIBED,Used,Colour looks different from the photos.
3062,49330,ORD-260323-021175,20260325,147,2063,2,1,23.42,CHANGED_MIND,Opened,Decided on a different model.
3063,49340,ORD-260323-021180,20260410,211,1620,2,1,20.68,CHANGED_MIND,Opened,Decided on a different model.
3064,49345,ORD-260323-021182,20260329,36,1176,3,1,58.81,DEFECTIVE,Opened,Stitching came apart on first wash.
3065,49366,ORD-260324-021186,20260412,85,1060,8,1,47.38,WRONG_SIZE,Damaged,
3066,49376,ORD-260324-021191,20260410,93,745,4,1,41.1,DEFECTIVE,New,
3067,49394,ORD-260325-021199,20260419,246,0,4,1,120.5,DEFECTIVE,Opened,Stitching came apart on first wash.
3068,49402,ORD-260325-021205,20260410,97,387,5,1,11.45,CHANGED_MIND,Opened,Decided on a different model.
3069,49411,ORD-260325-021208,20260406,294,466,2,4,1081.72,NOT_AS_DESCRIBED,New,Missing accessories listed on the page.
3070,49432,ORD-260326-021222,20260413,295,1300,2,1,1334.4,DEFECTIVE,New,Stitching came apart on first wash.
3071,49462,ORD-260326-021234,20260331,36,2068,1,1,58.81,DEFECTIVE,New,Stitching came apart on first wash.
3072,49494,ORD-260327-021248,20260423,295,860,1,1,1334.4,DEFECTIVE,Opened,Stitching came apart on first wash.
3073,49496,ORD-260327-021249,20260404,116,442,2,1,553.61,NOT_AS_DESCRIBED,Opened,Colour looks different from the photos.
3074,49504,ORD-260327-021254,20260412,36,1352,5,1,58.81,CHANGED_MIND,Used,
3075,49520,ORD-260327-021261,20260416,295,95,1,4,5337.6,CHANGED_MIND,Damaged,
3076,49526,ORD-260328-021263,20260423,247,1340,1,1,189.09,WRONG_SIZE,Used,Runs large compared to other brands.
3077,49536,ORD-260328-021270,20260401,247,1789,2,4,756.36,LATE_DELIVERY,New,
3078,49560,ORD-260328-021280,20260421,157,0,2,1,106.5,DEFECTIVE,New,Item stopped working after two days.
3079,49574,ORD-260329-021287,20260412,75,691,2,1,10.47,CHANGED_MIND,Used,
3080,49608,ORD-260330-021301,20260410,211,0,2,4,82.72,BETTER_PRICE,New,
3081,49609,ORD-260330-021302,20260423,295,4,4,1,1334.4,CHANGED_MIND,New,No longer needed.
3082,49612,ORD-260330-021303,20260406,192,2167,1,2,648.98,LATE_DELIVERY,Used,Delivery took far longer than promised.
3083,49616,ORD-260330-021304,20260423,211,1032,4,1,20.68,WRONG_SIZE,New,"Too small, ordering a larger size."
3084,49617,ORD-260330-021304,20260421,36,1032,4,1,58.81,CHANGED_MIND,New,Bought a duplicate by mistake.
3085,49621,ORD-260330-021304,20260413,150,1032,4,4,37.84,DEFECTIVE,New,Item stopped working after two days.
3086,49627,ORD-260330-021307,20260407,221,915,2,2,20.3,BETTER_PRICE,New,
3087,49632,ORD-260330-021311,20260411,260,748,2,2,87.42,WRONG_SIZE,Damaged,Runs large compared to other brands.
3088,49640,ORD-260331-021314,20260420,295,1300,1,3,4003.2,WRONG_SIZE,Damaged,
3089,49655,ORD-260331-021321,20260408,38,1798,8,1,115.28,LATE_DELIVERY,Used,Arrived after the event I needed it for.
3090,49685,ORD-260401-021332,20260429,3,1285,1,2,75.12,CHANGED_MIND,Used,No longer needed.
3091,49686,ORD-260401-021332,20260421,66,1285,1,1,19.58,CHANGED_MIND,Opened,
3092,49703,ORD-260401-021340,20260420,75,39,2,1,10.47,WRONG_SIZE,Damaged,Runs large compared to other brands.
3093,49711,ORD-260402-021343,20260408,296,1346,4,1,40.25,NOT_AS_DESCRIBED,Opened,Material feels cheaper than the description suggests.
3094,49715,ORD-260402-021344,20260411,295,237,4,1,1334.4,DEFECTIVE,Used,
3095,49764,ORD-260402-021364,20260426,227,700,9,1,76.28,CHANGED_MIND,Damaged,
3096,49793,ORD-260403-021374,20260503,45,919,2,1,27.2,CHANGED_MIND,Opened,Bought a duplicate by mistake.
3097,49809,ORD-260403-021380,20260411,234,540,5,1,81.31,LATE_DELIVERY,Used,
3098,49830,ORD-260403-021388,20260414,128,301,1,1,27.9,WRONG_SIZE,Opened,
3099,49835,ORD-260403-021388,20260425,65,301,1,1,753.2,DEFECTIVE,Used,Stitching came apart on first wash.
3100,49838,ORD-260403-021389,20260429,36,1135,9,1,58.81,NOT_AS_DESCRIBED,New,Colour looks different from the photos.
3101,49855,ORD-260404-021395,20260421,295,1003,8,1,1334.4,DEFECTIVE,New,
3102,49869,ORD-260404-021402,20260427,300,1400,2,2,390.7,DEFECTIVE,Used,
3103,49881,ORD-260404-021405,20260424,150,58,1,2,21.02,WRONG_SIZE,New,Runs large compared to other brands.
3104,49882,ORD-260404-021405,20260426,140,58,1,1,65.32,BETTER_PRICE,Opened,Found it cheaper elsewhere.
3105,49892,ORD-260404-021410,20260405,211,1652,2,1,20.68,WRONG_SIZE,Used,
3106,49915,ORD-260405-021420,20260418,159,1170,13,1,97.78,DEFECTIVE,New,Screen had a visible crack on arrival.
3107,49930,ORD-260405-021424,20260426,215,105,1,1,207.43,CHANGED_MIND,Opened,
3108,49932,ORD-260405-021424,20260406,36,105,1,1,58.81,WRONG_SIZE,Damaged,
3109,49992,ORD-260407-021457,20260427,260,1307,2,1,43.71,WRONG_SIZE,New,
3110,50076,ORD-260408-021492,20260429,155,1096,1,1,17.11,NOT_AS_DESCRIBED,Used,Missing accessories listed on the page.
3111,50082,ORD-260408-021494,20260425,260,955,1,1,43.71,DEFECTIVE,Opened,
3112,50105,ORD-260409-021503,20260425,295,2121,12,1,1334.4,CHANGED_MIND,Damaged,No longer needed.
3113,50131,ORD-260409-021511,20260505,202,1317,9,1,18.37,NOT_AS_DESCRIBED,New,
3114,50134,ORD-260409-021511,20260427,211,1317,9,1,20.68,DEFECTIVE,Opened,Screen had a visible crack on arrival.
3115,50151,ORD-260410-021516,20260425,36,1161,2,1,58.81,BETTER_PRICE,New,
3116,50152,ORD-260410-021516,20260416,260,1161,2,2,87.42,NOT_AS_DESCRIBED,Opened,
3117,50178,ORD-260410-021528,20260427,295,1404,8,1,1334.4,WRONG_SIZE,New,Fit was not what I expected from the size chart.
3118,50184,ORD-260410-021532,20260505,113,1816,1,1,53.48,WRONG_SIZE,Opened,Runs large compared to other brands.
3119,50206,ORD-260411-021539,20260508,232,2193,1,3,90.36,NOT_AS_DESCRIBED,Opened,
3120,50208,ORD-260411-021540,20260413,91,815,1,1,35.59,WRONG_SIZE,New,Runs large compared to other brands.
3121,50215,ORD-260411-021544,20260421,3,1687,4,1,33.8,NOT_AS_DESCRIBED,Opened,Missing accessories listed on the page.
3122,50260,ORD-260412-021561,20260416,36,319,4,1,58.81,NOT_AS_DESCRIBED,Used,Missing accessories listed on the page.
3123,50278,ORD-260412-021575,20260427,145,1562,3,1,47.84,CHANGED_MIND,New,Bought a duplicate by mistake.
3124,50286,ORD-260412-021577,20260425,287,1088,4,1,78.29,BETTER_PRICE,Damaged,
3125,50295,ORD-260412-021580,20260509,89,2127,3,1,20.46,WRONG_SIZE,Damaged,
3126,50349,ORD-260414-021606,20260506,260,578,1,1,43.71,NOT_AS_DESCRIBED,Opened,
3127,50361,ORD-260414-021609,20260417,55,1094,1,1,69.86,WRONG_SIZE,Opened,
3128,50388,ORD-260414-021621,20260510,186,671,7,2,59.96,CHANGED_MIND,New,Bought a duplicate by mistake.
3129,50398,ORD-260415-021629,20260510,195,615,2,1,25.99,DEFECTIVE,New,Arrived damaged in transit.
3130,50408,ORD-260415-021635,20260422,226,689,5,4,56.6,CHANGED_MIND,Damaged,Decided on a different model.
3131,50415,ORD-260415-021639,20260511,24,0,4,1,14.97,LATE_DELIVERY,Opened,
3132,50417,ORD-260415-021640,20260427,295,1118,13,1,1334.4,LATE_DELIVERY,New,Arrived after the event I needed it for.
3133,50423,ORD-260415-021644,20260505,63,2164,1,4,146.76,DEFECTIVE,Opened,
3134,50431,ORD-260415-021646,20260502,45,34,2,3,81.6,CHANGED_MIND,Damaged,
3135,50432,ORD-260415-021646,20260503,36,34,2,1,58.81,DEFECTIVE,Used,Arrived damaged in transit.
3136,50466,ORD-260416-021659,20260427,265,2063,14,1,493.79,CHANGED_MIND,Opened,Decided on a different model.
3137,50491,ORD-260416-021669,20260506,283,1118,2,4,69.44,WRONG_SIZE,Damaged,
3138,50524,ORD-260417-021684,20260517,87,372,4,1,863.94,NOT_AS_DESCRIBED,Damaged,Missing accessories listed on the page.
3139,50525,ORD-260417-021684,20260506,216,372,4,1,105.73,WRONG_SIZE,New,Runs large compared to other brands.
3140,50539,ORD-260418-021692,20260513,202,2148,5,1,18.37,CHANGED_MIND,Opened,
3141,50552,ORD-260418-021698,20260506,276,1576,2,1,951.95,CHANGED_MIND,Opened,Decided on a different model.
3142,50563,ORD-260418-021702,20260430,155,0,2,1,22.81,WRONG_SIZE,New,
3143,50615,ORD-260419-021723,20260511,36,567,1,1,58.81,WRONG_SIZE,Damaged,Fit was not what I expected from the size chart.
3144,50628,ORD-260419-021733,20260517,260,586,5,2,74.31,NOT_AS_DESCRIBED,Opened,Material feels cheaper than the description suggests.
3145,50636,ORD-260419-021735,20260430,67,890,2,1,4.34,NOT_AS_DESCRIBED,Opened,Material feels cheaper than the description suggests.
3146,50680,ORD-260420-021751,20260516,260,47,11,2,65.56,CHANGED_MIND,Opened,
3147,50681,ORD-260420-021751,20260422,33,47,11,1,19.77,WRONG_SIZE,New,Fit was not what I expected from the size chart.
3148,50707,ORD-260421-021767,20260510,12,968,2,1,10.63,NOT_AS_DESCRIBED,New,Missing accessories listed on the page.
3149,50710,ORD-260422-021769,20260504,255,2203,12,1,25.77,NOT_AS_DESCRIBED,Opened,Missing accessories listed on the page.
3150,50715,ORD-260422-021771,20260509,50,1231,13,1,42.78,WRONG_SIZE,Opened,
3151,50716,ORD-260422-021772,20260504,36,1031,1,1,58.81,WRONG_SIZE,Opened,
3152,50734,ORD-260422-021778,20260509,295,1959,2,1,1334.4,DEFECTIVE,Used,
3153,50739,ORD-260422-021783,20260516,174,1574,1,4,38.76,WRONG_SIZE,Opened,
3154,50760,ORD-260423-021791,20260510,28,700,14,2,1260.12,NOT_AS_DESCRIBED,Damaged,Material feels cheaper than the description suggests.
3155,50772,ORD-260423-021798,20260522,295,232,8,1,1134.24,DEFECTIVE,Damaged,
3156,50775,ORD-260423-021799,20260502,278,0,12,1,22.64,CHANGED_MIND,Opened,No longer needed.
3157,50792,ORD-260424-021810,20260430,36,507,1,1,58.81,CHANGED_MIND,Damaged,
3158,50804,ORD-260425-021814,20260523,211,2149,2,2,41.36,BETTER_PRICE,Used,
3159,50843,ORD-260425-021834,20260519,295,0,10,2,2268.48,LATE_DELIVERY,Used,
3160,50868,ORD-260426-021844,20260430,36,146,8,2,117.62,LATE_DELIVERY,Opened,
3161,50892,ORD-260426-021855,20260430,227,1285,8,1,57.21,CHANGED_MIND,New,Bought a duplicate by mistake.
3162,50904,ORD-260426-021859,20260504,139,890,2,2,18.31,NOT_AS_DESCRIBED,New,Missing accessories listed on the page.
3163,50910,ORD-260426-021861,20260503,188,827,1,1,192.95,NOT_AS_DESCRIBED,Opened,Material feels cheaper than the description suggests.
3164,50921,ORD-260426-021866,20260503,295,533,1,1,1334.4,WRONG_SIZE,Damaged,Runs large compared to other brands.
3165,50923,ORD-260426-021867,20260522,195,913,4,1,25.99,WRONG_SIZE,Opened,
3166,50926,ORD-260427-021869,20260523,295,2067,1,1,1334.4,NOT_AS_DESCRIBED,New,
3167,50964,ORD-260428-021883,20260509,295,577,4,1,1134.24,NOT_AS_DESCRIBED,Opened,
3168,50997,ORD-260429-021895,20260521,75,1508,14,1,7.85,LATE_DELIVERY,New,Arrived after the event I needed it for.
3169,51021,ORD-260429-021905,20260501,89,102,2,1,20.46,NOT_AS_DESCRIBED,New,
3170,51029,ORD-260430-021909,20260516,211,453,8,1,17.58,WRONG_SIZE,Damaged,Fit was not what I expected from the size chart.
3171,51059,ORD-260430-021921,20260526,150,2052,2,1,7.88,DEFECTIVE,Damaged,
3172,51088,ORD-260501-021934,20260505,277,1023,2,4,1826.44,WRONG_SIZE,New,Fit was not what I expected from the size chart.
3173,51106,ORD-260501-021941,20260526,297,867,1,1,59.41,CHANGED_MIND,Opened,Bought a duplicate by mistake.
3174,51144,ORD-260501-021952,20260505,93,1719,2,2,82.2,DEFECTIVE,New,Stitching came apart on first wash.
3175,51159,ORD-260502-021958,20260531,202,0,11,1,15.61,DEFECTIVE,Opened,Stitching came apart on first wash.
3176,51179,ORD-260502-021965,20260506,93,1307,3,1,41.1,WRONG_SIZE,Damaged,Fit was not what I expected from the size chart.
3177,51203,ORD-260503-021977,20260513,36,741,1,3,176.43,DEFECTIVE,Opened,Item stopped working after two days.
3178,51212,ORD-260503-021980,20260514,211,39,14,1,17.58,NOT_AS_DESCRIBED,New,Colour looks different from the photos.
3179,51213,ORD-260503-021980,20260527,211,39,14,1,17.58,WRONG_SIZE,Used,
3180,51217,ORD-260503-021982,20260507,295,201,1,2,2668.8,BETTER_PRICE,Damaged,Found it cheaper elsewhere.
3181,51221,ORD-260503-021983,20260525,295,668,2,1,1334.4,CHANGED_MIND,Opened,
3182,51223,ORD-260503-021983,20260518,157,668,2,1,79.87,CHANGED_MIND,Damaged,No longer needed.
3183,51235,ORD-260503-021988,20260601,295,1187,2,1,1334.4,CHANGED_MIND,Opened,
3184,51244,ORD-260503-021989,20260513,169,700,9,1,12.04,CHANGED_MIND,Used,
3185,51245,ORD-260503-021990,20260515,115,872,4,2,13.5,CHANGED_MIND,Used,
3186,51250,ORD-260503-021993,20260521,45,2244,4,1,23.12,NOT_AS_DESCRIBED,Opened,Colour looks different from the photos.
3187,51260,ORD-260503-021996,20260515,75,172,2,2,15.7,WRONG_SIZE,New,Fit was not what I expected from the size chart.
3188,51263,ORD-260504-021997,20260506,295,50,2,1,1334.4,CHANGED_MIND,Damaged,Bought a duplicate by mistake.
3189,51264,ORD-260504-021998,20260531,287,1496,1,1,78.29,DEFECTIVE,Used,Arrived damaged in transit.
3190,51270,ORD-260504-022001,20260528,69,588,2,1,14.56,LATE_DELIVERY,Damaged,Arrived after the event I needed it for.
3191,51281,ORD-260504-022005,20260514,295,1540,2,1,1334.4,WRONG_SIZE,New,Runs large compared to other brands.
3192,51287,ORD-260504-022006,20260519,50,535,14,1,42.78,DEFECTIVE,New,Stitching came apart on first wash.
3193,51318,ORD-260505-022018,20260511,202,2143,1,1,18.37,LATE_DELIVERY,Opened,Arrived after the event I needed it for.
3194,51330,ORD-260505-022026,20260510,45,1109,2,2,54.4,CHANGED_MIND,Opened,
3195,51373,ORD-260506-022044,20260515,267,2257,8,1,38.58,CHANGED_MIND,Opened,Bought a duplicate by mistake.
3196,51375,ORD-260506-022045,20260520,260,1492,1,1,32.78,DEFECTIVE,New,
3197,51378,ORD-260506-022047,20260603,185,0,12,1,19.46,DEFECTIVE,New,Item stopped working after two days.
3198,51399,ORD-260507-022056,20260606,295,324,1,1,1334.4,WRONG_SIZE,Damaged,
3199,51408,ORD-260507-022060,20260513,36,1187,5,2,117.62,DEFECTIVE,Opened,Item stopped working after two days.
3200,51410,ORD-260507-022061,20260527,79,1498,13,1,135.12,CHANGED_MIND,Damaged,No longer needed.
3201,51414,ORD-260507-022062,20260516,93,76,2,1,30.82,WRONG_SIZE,Opened,
3202,51420,ORD-260508-022065,20260526,295,157,1,1,1334.4,WRONG_SIZE,Damaged,
3203,51437,ORD-260508-022074,20260513,157,769,10,1,106.5,WRONG_SIZE,Opened,Fit was not what I expected from the size chart.
3204,51444,ORD-260508-022079,20260605,93,797,2,1,30.82,WRONG_SIZE,Used,Runs large compared to other brands.
3205,51459,ORD-260509-022086,20260510,278,900,3,1,30.19,WRONG_SIZE,Opened,Fit was not what I expected from the size chart.
3206,51461,ORD-260509-022087,20260528,89,1964,2,2,40.92,CHANGED_MIND,Opened,
3207,51490,ORD-260509-022097,20260526,66,489,2,1,19.58,WRONG_SIZE,New,
3208,51507,ORD-260510-022109,20260512,295,746,9,1,1334.4,CHANGED_MIND,Used,Bought a duplicate by mistake.
3209,51510,ORD-260510-022110,20260527,79,893,3,1,135.12,CHANGED_MIND,Opened,
3210,51529,ORD-260510-022117,20260517,247,1827,7,1,189.09,NOT_AS_DESCRIBED,Used,
3211,51545,ORD-260511-022124,20260516,295,7,9,1,1334.4,LATE_DELIVERY,Damaged,
3212,51550,ORD-260511-022126,20260531,36,68,2,1,58.81,LATE_DELIVERY,New,Delivery took far longer than promised.
3213,51563,ORD-260511-022134,20260528,184,1962,8,1,48.16,DEFECTIVE,New,Stitching came apart on first wash.
3214,51566,ORD-260511-022134,20260512,295,1962,8,1,1334.4,CHANGED_MIND,Opened,
3215,51593,ORD-260511-022145,20260514,90,1658,2,1,552.49,NOT_AS_DESCRIBED,Used,Missing accessories listed on the page.
3216,51595,ORD-260511-022145,20260604,3,1658,2,1,37.56,WRONG_SIZE,Damaged,Fit was not what I expected from the size chart.
3217,51596,ORD-260511-022146,20260603,36,191,2,1,58.81,CHANGED_MIND,Damaged,Decided on a different model.
3218,51604,ORD-260512-022149,20260611,178,0,4,3,151.02,BETTER_PRICE,New,Found it cheaper elsewhere.
3219,51624,ORD-260512-022158,20260610,295,1949,1,1,1334.4,NOT_AS_DESCRIBED,New,Colour looks different from the photos.
3220,51651,ORD-260512-022172,20260608,195,383,13,2,51.98,CHANGED_MIND,Used,Decided on a different model.
3221,51658,ORD-260512-022175,20260514,247,1084,2,2,378.18,DEFECTIVE,Used,Screen had a visible crack on arrival.
3222,51690,ORD-260513-022187,20260610,276,586,2,1,951.95,CHANGED_MIND,Opened,
3223,51712,ORD-260513-022193,20260529,249,1931,4,1,14.93,DEFECTIVE,Damaged,Arrived damaged in transit.
3224,51732,ORD-260514-022201,20260604,123,913,4,1,123.97,DEFECTIVE,New,
3225,51755,ORD-260514-022209,20260524,11,1142,2,1,29.41,CHANGED_MIND,New,
3226,51758,ORD-260514-022211,20260517,260,0,2,1,43.71,WRONG_SIZE,Used,
3227,51766,ORD-260515-022214,20260605,228,926,2,2,387.72,NOT_AS_DESCRIBED,Damaged,Colour looks different from the photos.
3228,51793,ORD-260515-022225,20260519,36,1507,2,2,117.62,NOT_AS_DESCRIBED,Damaged,
3229,51863,ORD-260516-022246,20260521,75,1740,4,1,10.47,WRONG_SIZE,Damaged,
3230,51865,ORD-260516-022247,20260609,202,1728,8,1,18.37,DEFECTIVE,New,Arrived damaged in transit.
3231,51884,ORD-260516-022254,20260520,295,1924,12,1,1334.4,WRONG_SIZE,Opened,
3232,51889,ORD-260516-022255,20260601,36,488,8,2,117.62,NOT_AS_DESCRIBED,Used,Missing accessories listed on the page.
3233,51911,ORD-260516-022262,20260522,260,1816,7,1,43.71,CHANGED_MIND,New,No longer needed.
3234,51914,ORD-260517-022264,20260612,90,0,1,1,552.49,DEFECTIVE,Used,
3235,51929,ORD-260517-022275,20260606,295,700,1,1,1334.4,NOT_AS_DESCRIBED,Used,Missing accessories listed on the page.
3236,51962,ORD-260518-022293,20260523,295,927,1,1,1334.4,CHANGED_MIND,Opened,Decided on a different model.
3237,51967,ORD-260518-022295,20260525,225,1429,2,4,224.64,CHANGED_MIND,Used,Bought a duplicate by mistake.
3238,51996,ORD-260519-022311,20260602,179,1688,2,1,4.26,WRONG_SIZE,Damaged,"Too small, ordering a larger size."
3239,52003,ORD-260519-022315,20260601,260,1702,1,1,43.71,WRONG_SIZE,Damaged,Fit was not what I expected from the size chart.
3240,52017,ORD-260519-022321,20260610,146,340,4,1,11.42,WRONG_SIZE,New,"Too small, ordering a larger size."
3241,52019,ORD-260519-022321,20260615,295,340,4,1,1334.4,CHANGED_MIND,Opened,Decided on a different model.
3242,52058,ORD-260520-022332,20260603,295,2063,12,2,2668.8,NOT_AS_DESCRIBED,Damaged,
3243,52059,ORD-260520-022332,20260521,295,2063,12,1,1334.4,DEFECTIVE,Opened,
3244,52083,ORD-260520-022343,20260605,202,1280,2,1,18.37,NOT_AS_DESCRIBED,Used,
3245,52084,ORD-260520-022343,20260603,182,1280,2,1,113.28,WRONG_SIZE,Opened,
3246,52086,ORD-260520-022345,20260614,150,152,2,1,10.51,WRONG_SIZE,Opened,
3247,52097,ORD-260520-022351,20260602,36,1127,8,1,58.81,WRONG_SIZE,Opened,Runs large compared to other brands.
3248,52210,ORD-260523-022405,20260608,145,517,4,1,47.84,WRONG_SIZE,Damaged,Runs large compared to other brands.
3249,52213,ORD-260523-022406,20260601,34,299,1,1,1.32,CHANGED_MIND,Used,Decided on a different model.
3250,52214,ORD-260523-022406,20260616,155,299,1,1,22.81,WRONG_SIZE,Damaged,Runs large compared to other brands.
3251,52294,ORD-260524-022430,20260620,36,2242,2,1,58.81,NOT_AS_DESCRIBED,Used,
3252,52296,ORD-260524-022430,20260603,295,2242,2,3,4003.2,LATE_DELIVERY,Opened,Arrived after the event I needed it for.
3253,52318,ORD-260525-022440,20260609,295,990,2,1,1334.4,WRONG_SIZE,New,
3254,52331,ORD-260525-022444,20260528,119,2251,1,1,84.7,WRONG_SIZE,Opened,
3255,52336,ORD-260525-022446,20260529,140,845,2,1,65.32,WRONG_SIZE,Damaged,Fit was not what I expected from the size chart.
3256,52347,ORD-260525-022450,20260603,135,1942,2,1,45.42,NOT_AS_DESCRIBED,New,Missing accessories listed on the page.
3257,52348,ORD-260525-022450,20260608,247,1942,2,1,189.09,DEFECTIVE,New,Stitching came apart on first wash.
3258,52356,ORD-260525-022453,20260613,202,526,11,3,55.11,CHANGED_MIND,Opened,Bought a duplicate by mistake.
3259,52395,ORD-260526-022466,20260611,36,820,4,3,176.43,DEFECTIVE,New,Stitching came apart on first wash.
3260,52412,ORD-260526-022472,20260614,85,438,1,1,47.38,WRONG_SIZE,Damaged,"Too small, ordering a larger size."
3261,52441,ORD-260527-022478,20260624,3,0,1,1,37.56,DEFECTIVE,Damaged,
3262,52452,ORD-260527-022481,20260607,48,1440,7,1,119.7,WRONG_SIZE,Opened,"Too small, ordering a larger size."
3263,52502,ORD-260528-022508,20260608,271,1064,2,1,12.33,NOT_AS_DESCRIBED,Damaged,
3264,52530,ORD-260530-022522,20260611,260,1285,1,1,43.71,WRONG_SIZE,Opened,
3265,52535,ORD-260530-022525,20260604,182,0,2,1,113.28,NOT_AS_DESCRIBED,New,
3266,52541,ORD-260530-022528,20260612,36,295,1,1,58.81,DEFECTIVE,New,Stitching came apart on first wash.
3267,52580,ORD-260531-022548,20260624,155,495,2,1,22.81,DEFECTIVE,Opened,
3268,52611,ORD-260601-022558,20260604,292,135,2,1,25.21,NOT_AS_DESCRIBED,New,
3269,52616,ORD-260601-022562,20260607,51,1789,2,1,31.41,DEFECTIVE,Used,
3270,52625,ORD-260601-022568,20260622,38,2199,1,1,128.09,NOT_AS_DESCRIBED,Damaged,Colour looks different from the photos.
3271,52654,ORD-260602-022581,20260617,119,179,6,1,84.7,WRONG_SIZE,Opened,Runs large compared to other brands.
3272,52695,ORD-260603-022600,20260630,36,1957,1,1,58.81,NOT_AS_DESCRIBED,Damaged,Missing accessories listed on the page.
3273,52699,ORD-260603-022603,20260617,36,2068,14,2,117.62,DEFECTIVE,Opened,Screen had a visible crack on arrival.
3274,52718,ORD-260604-022610,20260625,295,774,1,1,1334.4,NOT_AS_DESCRIBED,New,Colour looks different from the photos.
3275,52751,ORD-260605-022627,20260606,260,994,8,1,43.71,WRONG_SIZE,Opened,Fit was not what I expected from the size chart.
3276,52776,ORD-260606-022639,20260613,3,269,1,1,37.56,BETTER_PRICE,New,
3277,52778,ORD-260606-022640,20260627,17,39,2,2,32.04,WRONG_SIZE,Damaged,Runs large compared to other brands.
3278,52797,ORD-260606-022648,20260701,211,0,1,3,62.04,CHANGED_MIND,Damaged,No longer needed.
3279,52799,ORD-260606-022648,20260618,295,0,1,1,1334.4,CHANGED_MIND,Damaged,Decided on a different model.
3280,52823,ORD-260606-022659,20260706,106,556,12,4,61.72,LATE_DELIVERY,Opened,
3281,52828,ORD-260606-022664,20260619,75,1816,8,2,20.94,LATE_DELIVERY,Damaged,
3282,52866,ORD-260607-022678,20260626,51,68,12,1,31.41,BETTER_PRICE,Used,
3283,52888,ORD-260608-022692,20260610,69,1,1,1,19.42,WRONG_SIZE,New,Runs large compared to other brands.
3284,52902,ORD-260608-022701,20260612,41,255,1,3,2691.78,NOT_AS_DESCRIBED,Damaged,
3285,52913,ORD-260608-022704,20260708,295,983,2,2,2668.8,CHANGED_MIND,New,
3286,52957,ORD-260609-022722,20260707,140,1278,2,1,65.32,WRONG_SIZE,Opened,Runs large compared to other brands.
3287,52987,ORD-260610-022734,20260704,36,1943,9,2,117.62,CHANGED_MIND,Used,
3288,53007,ORD-260611-022743,20260624,66,0,9,1,19.58,WRONG_SIZE,New,Fit was not what I expected from the size chart.
3289,53013,ORD-260611-022745,20260618,116,374,2,1,553.61,CHANGED_MIND,New,No longer needed.
3290,53056,ORD-260612-022760,20260628,260,1696,6,1,43.71,WRONG_SIZE,New,Runs large compared to other brands.
3291,53058,ORD-260612-022760,20260629,75,1696,6,1,10.47,WRONG_SIZE,Used,
3292,53064,ORD-260612-022765,20260613,69,1920,2,1,19.42,CHANGED_MIND,Opened,No longer needed.
3293,53069,ORD-260612-022768,20260710,36,1440,1,4,235.24,DEFECTIVE,Damaged,Arrived damaged in transit.
3294,53071,ORD-260612-022768,20260704,295,1440,1,1,1334.4,DEFECTIVE,Opened,Stitching came apart on first wash.
3295,53105,ORD-260613-022784,20260704,132,130,1,1,41.35,WRONG_SIZE,Damaged,Fit was not what I expected from the size chart.
3296,53125,ORD-260613-022792,20260617,36,1308,6,3,176.43,CHANGED_MIND,Opened,
3297,53134,ORD-260613-022797,20260622,149,723,2,1,14.16,CHANGED_MIND,Damaged,
3298,53174,ORD-260614-022813,20260708,125,588,1,2,45.36,LATE_DELIVERY,New,
3299,53177,ORD-260614-022814,20260628,211,1131,4,2,41.36,WRONG_SIZE,New,
3300,53180,ORD-260614-022814,20260713,36,1131,4,1,58.81,NOT_AS_DESCRIBED,Damaged,Missing accessories listed on the page.
3301,53194,ORD-260614-022819,20260703,249,740,2,1,14.93,WRONG_SIZE,Used,
3302,53217,ORD-260615-022829,20260712,135,706,1,1,45.42,DEFECTIVE,Opened,Item stopped working after two days.
3303,53289,ORD-260616-022859,20260619,36,495,2,1,58.81,CHANGED_MIND,Damaged,Decided on a different model.
3304,53300,ORD-260617-022864,20260713,36,39,1,3,176.43,BETTER_PRICE,New,
3305,53301,ORD-260617-022864,20260627,42,39,1,3,346.59,DEFECTIVE,Used,
3306,53305,ORD-260617-022866,20260704,93,890,2,1,41.1,NOT_AS_DESCRIBED,Opened,Material feels cheaper than the description suggests.
3307,53309,ORD-260617-022868,20260625,249,1519,13,1,14.93,WRONG_SIZE,Opened,
3308,53312,ORD-260617-022870,20260711,295,681,8,1,1334.4,DEFECTIVE,New,Stitching came apart on first wash.
3309,53321,ORD-260617-022874,20260629,238,1310,1,1,26.33,DEFECTIVE,Opened,
3310,53325,ORD-260617-022876,20260619,66,1580,12,1,19.58,BETTER_PRICE,Opened,Found it cheaper elsewhere.
3311,53365,ORD-260618-022886,20260625,247,533,4,1,189.09,CHANGED_MIND,Used,No longer needed.
3312,53367,ORD-260618-022887,20260711,63,1562,1,1,36.69,DEFECTIVE,Opened,
3313,53379,ORD-260618-022892,20260619,36,346,1,2,117.62,BETTER_PRICE,Damaged,
3314,53380,ORD-260618-022893,20260711,256,1640,8,1,40.82,LATE_DELIVERY,New,Delivery took far longer than promised.
3315,53401,ORD-260619-022905,20260627,295,428,1,2,2668.8,DEFECTIVE,New,Screen had a visible crack on arrival.
3316,53414,ORD-260619-022913,20260705,129,371,1,1,9.27,WRONG_SIZE,Opened,Fit was not what I expected from the size chart.
3317,53439,ORD-260620-022924,20260630,36,926,2,1,58.81,DEFECTIVE,Opened,Screen had a visible crack on arrival.
3318,53496,ORD-260621-022946,20260721,170,0,2,1,11.0,LATE_DELIVERY,Used,Delivery took far longer than promised.
3319,53499,ORD-260621-022949,20260718,36,1282,2,2,117.62,CHANGED_MIND,Damaged,No longer needed.
3320,53505,ORD-260621-022951,20260708,17,748,2,3,48.06,LATE_DELIVERY,New,
3321,53528,ORD-260621-022962,20260629,36,1816,4,1,58.81,WRONG_SIZE,New,
3322,53549,ORD-260622-022972,20260628,63,0,4,2,73.38,WRONG_SIZE,Opened,Runs large compared to other brands.
3323,53556,ORD-260622-022978,20260629,67,556,2,1,4.34,LATE_DELIVERY,Opened,
3324,53575,ORD-260623-022987,20260628,11,746,2,1,29.41,CHANGED_MIND,Opened,Bought a duplicate by mistake.
3325,53587,ORD-260623-022991,20260630,36,372,2,1,58.81,CHANGED_MIND,Opened,
3326,53597,ORD-260623-022995,20260704,155,281,2,1,22.81,WRONG_SIZE,Damaged,Runs large compared to other brands.
3327,53619,ORD-260624-023004,20260713,97,0,1,1,11.45,DEFECTIVE,New,Arrived damaged in transit.
3328,53631,ORD-260624-023011,20260720,116,1430,14,1,553.61,LATE_DELIVERY,Used,Arrived after the event I needed it for.
3329,53677,ORD-260626-023029,20260703,214,1890,14,1,297.6,LATE_DELIVERY,New,Delivery took far longer than promised.
3330,53687,ORD-260626-023034,20260721,36,886,1,1,58.81,NOT_AS_DESCRIBED,Damaged,
3331,53694,ORD-260626-023036,20260719,63,2203,12,1,36.69,CHANGED_MIND,Damaged,Decided on a different model.
3332,53702,ORD-260626-023040,20260721,36,112,2,4,235.24,LATE_DELIVERY,Opened,Arrived after the event I needed it for.
3333,53721,ORD-260627-023046,20260727,295,1555,1,1,1334.4,NOT_AS_DESCRIBED,Damaged,
3334,53727,ORD-260627-023049,20260704,75,1430,3,1,10.47,NOT_AS_DESCRIBED,New,Missing accessories listed on the page.
3335,53734,ORD-260627-023050,20260721,36,1478,1,4,235.24,LATE_DELIVERY,Used,
3336,53741,ORD-260627-023051,20260701,295,951,9,1,1334.4,WRONG_SIZE,New,Fit was not what I expected from the size chart.
3337,53749,ORD-260627-023054,20260710,295,1789,2,1,1334.4,DEFECTIVE,Opened,Item stopped working after two days.
3338,53759,ORD-260627-023060,20260706,295,928,1,2,2668.8,WRONG_SIZE,Opened,"Too small, ordering a larger size."
3339,53772,ORD-260628-023069,20260704,36,1866,1,2,117.62,DEFECTIVE,Damaged,
3340,53808,ORD-260628-023083,20260701,206,1090,1,3,598.14,BETTER_PRICE,Opened,Found it cheaper elsewhere.
3341,53809,ORD-260628-023084,20260726,116,170,9,1,553.61,WRONG_SIZE,New,"Too small, ordering a larger size."
3342,53866,ORD-260629-023106,20260701,89,105,2,1,20.46,BETTER_PRICE,Opened,Found it cheaper elsewhere.
3343,53870,ORD-260630-023108,20260728,232,578,1,1,30.12,DEFECTIVE,Opened,
3344,53880,ORD-260630-023113,20260710,97,936,5,4,45.8,LATE_DELIVERY,Damaged,Arrived after the event I needed it for.
3345,53886,ORD-260701-023118,20260731,51,2193,5,1,31.41,CHANGED_MIND,Opened,No longer needed.
3346,53902,ORD-260701-023127,20260702,42,1858,12,1,115.53,DEFECTIVE,Opened,Screen had a visible crack on arrival.
3347,53905,ORD-260701-023128,20260716,249,105,4,1,14.93,WRONG_SIZE,Used,Fit was not what I expected from the size chart.
3348,53907,ORD-260701-023129,20260709,116,918,10,2,885.78,WRONG_SIZE,Used,Runs large compared to other brands.
3349,53912,ORD-260701-023131,20260715,140,971,1,1,65.32,CHANGED_MIND,Used,Bought a duplicate by mistake.
3350,53913,ORD-260702-023132,20260708,295,814,2,3,4003.2,CHANGED_MIND,Used,
3351,53916,ORD-260702-023133,20260725,140,556,13,2,130.64,CHANGED_MIND,New,Bought a duplicate by mistake.
3352,53953,ORD-260702-023148,20260728,295,740,12,2,2668.8,WRONG_SIZE,Opened,
3353,53963,ORD-260702-023154,20260716,116,1838,1,2,885.78,CHANGED_MIND,Opened,No longer needed.
3354,53999,ORD-260704-023173,20260724,249,377,2,3,44.79,CHANGED_MIND,New,Decided on a different model.
3355,54010,ORD-260704-023179,20260719,260,0,8,3,131.13,WRONG_SIZE,Opened,
3356,54037,ORD-260705-023188,20260731,243,1490,1,1,20.33,NOT_AS_DESCRIBED,Damaged,Missing accessories listed on the page.
3357,54040,ORD-260705-023188,20260708,224,1490,1,1,116.01,CHANGED_MIND,Opened,
3358,54044,ORD-260705-023190,20260714,100,1118,1,2,21.74,CHANGED_MIND,New,No longer needed.
3359,54058,ORD-260705-023195,20260710,36,1859,5,1,58.81,DEFECTIVE,Used,Arrived damaged in transit.
3360,54064,ORD-260705-023201,20260724,69,1754,1,1,19.42,BETTER_PRICE,Damaged,
3361,54089,ORD-260706-023211,20260715,116,823,13,1,442.89,NOT_AS_DESCRIBED,Damaged,Missing accessories listed on the page.
3362,54110,ORD-260706-023219,20260724,211,963,12,3,49.63,CHANGED_MIND,New,
3363,54120,ORD-260706-023223,20260709,43,1960,8,1,20.21,LATE_DELIVERY,New,Delivery took far longer than promised.
3364,54131,ORD-260706-023230,20260727,206,834,2,1,199.38,NOT_AS_DESCRIBED,Damaged,Material feels cheaper than the description suggests.
3365,54158,ORD-260707-023244,20260721,158,2099,1,1,404.71,DEFECTIVE,Opened,
3366,54159,ORD-260707-023244,20260729,178,2099,1,1,50.34,WRONG_SIZE,Opened,Runs large compared to other brands.
3367,54169,ORD-260708-023247,20260803,149,1231,1,1,14.16,WRONG_SIZE,New,Fit was not what I expected from the size chart.
3368,54176,ORD-260708-023251,20260802,278,1187,4,1,30.19,WRONG_SIZE,New,Fit was not what I expected from the size chart.
3369,54184,ORD-260708-023255,20260804,36,68,2,1,47.05,NOT_AS_DESCRIBED,Used,
3370,54191,ORD-260709-023257,20260729,260,164,12,2,87.42,CHANGED_MIND,New,
3371,54194,ORD-260709-023257,20260728,67,164,12,1,4.34,WRONG_SIZE,Damaged,Fit was not what I expected from the size chart.
3372,54243,ORD-260710-023275,20260718,42,181,1,1,115.53,BETTER_PRICE,Damaged,
3373,54245,ORD-260710-023276,20260809,249,0,2,1,14.93,DEFECTIVE,Used,
3374,54271,ORD-260710-023286,20260804,36,2179,9,1,47.05,CHANGED_MIND,Damaged,No longer needed.
3375,54337,ORD-260711-023311,20260809,285,1430,1,1,76.01,WRONG_SIZE,Damaged,"Too small, ordering a larger size."
3376,54338,ORD-260711-023311,20260804,206,1430,1,2,398.76,NOT_AS_DESCRIBED,Opened,Material feels cheaper than the description suggests.
3377,54343,ORD-260711-023313,20260801,3,700,1,1,37.56,WRONG_SIZE,Damaged,
3378,54372,ORD-260711-023324,20260729,208,331,1,1,174.3,DEFECTIVE,Damaged,
3379,54374,ORD-260711-023325,20260803,97,2171,14,1,11.45,WRONG_SIZE,Used,"Too small, ordering a larger size."
3380,54397,ORD-260711-023332,20260720,87,1264,1,1,863.94,CHANGED_MIND,Opened,Bought a duplicate by mistake.
3381,54405,ORD-260712-023337,20260806,140,73,1,1,65.32,NOT_AS_DESCRIBED,New,Missing accessories listed on the page.
3382,54414,ORD-260712-023341,20260713,174,1849,12,1,9.69,DEFECTIVE,New,
3383,54425,ORD-260712-023345,20260806,104,841,3,1,41.75,CHANGED_MIND,Opened,No longer needed.
3384,54429,ORD-260712-023347,20260807,3,335,2,1,37.56,BETTER_PRICE,Used,Found it cheaper elsewhere.
3385,54454,ORD-260712-023356,20260721,60,506,1,1,60.26,CHANGED_MIND,Damaged,
3386,54458,ORD-260712-023357,20260803,104,1958,10,1,41.75,LATE_DELIVERY,Opened,Arrived after the event I needed it for.
3387,54496,ORD-260713-023375,20260802,295,0,1,1,1334.4,WRONG_SIZE,Used,
3388,54502,ORD-260714-023379,20260810,2,211,7,2,18.46,BETTER_PRICE,New,
3389,54511,ORD-260714-023383,20260807,91,460,1,1,35.59,WRONG_SIZE,Opened,
3390,54526,ORD-260714-023390,20260806,116,710,2,1,553.61,DEFECTIVE,New,
3391,54537,ORD-260714-023394,20260812,79,564,2,4,540.48,CHANGED_MIND,New,No longer needed.
3392,54579,ORD-260715-023412,20260725,198,1391,1,1,81.34,NOT_AS_DESCRIBED,New,Material feels cheaper than the description suggests.
3393,54582,ORD-260715-023413,20260729,36,2042,4,1,47.05,DEFECTIVE,New,Stitching came apart on first wash.
3394,54590,ORD-260715-023415,20260719,36,1172,8,4,188.19,WRONG_SIZE,Opened,Runs large compared to other brands.
3395,54604,ORD-260716-023421,20260810,152,1086,3,1,59.91,BETTER_PRICE,New,Found it cheaper elsewhere.
3396,54651,ORD-260716-023437,20260801,116,0,2,1,553.61,CHANGED_MIND,New,Decided on a different model.
3397,54661,ORD-260717-023442,20260724,71,592,2,1,14.38,CHANGED_MIND,New,
3398,54666,ORD-260717-023444,20260729,42,11,1,1,115.53,NOT_AS_DESCRIBED,Damaged,Material feels cheaper than the description suggests.
3399,54669,ORD-260717-023445,20260718,105,55,8,1,50.74,WRONG_SIZE,Opened,
3400,54702,ORD-260717-023458,20260814,42,0,8,1,115.53,WRONG_SIZE,Opened,Runs large compared to other brands.
3401,54703,ORD-260717-023458,20260724,6,0,8,1,2.83,CHANGED_MIND,Opened,
3402,54716,ORD-260718-023464,20260816,157,1901,2,1,106.5,LATE_DELIVERY,Opened,
3403,54725,ORD-260718-023467,20260810,36,2229,12,1,58.81,WRONG_SIZE,New,
3404,54740,ORD-260718-023469,20260814,87,2188,1,1,863.94,CHANGED_MIND,Used,Bought a duplicate by mistake.
3405,54746,ORD-260718-023474,20260813,202,2069,2,2,36.74,NOT_AS_DESCRIBED,New,Missing accessories listed on the page.
3406,54776,ORD-260718-023485,20260809,177,548,1,1,3.59,CHANGED_MIND,New,No longer needed.
3407,54777,ORD-260718-023485,20260727,56,548,1,2,28.68,WRONG_SIZE,Opened,Fit was not what I expected from the size chart.
3408,54780,ORD-260718-023485,20260805,194,548,1,1,20.03,CHANGED_MIND,Opened,
3409,54788,ORD-260718-023487,20260719,137,1261,2,1,294.54,NOT_AS_DESCRIBED,New,
3410,54799,ORD-260719-023491,20260724,295,926,12,2,2668.8,CHANGED_MIND,Damaged,No longer needed.
3411,54825,ORD-260719-023502,20260803,295,1453,4,1,1334.4,LATE_DELIVERY,Opened,
3412,54840,ORD-260719-023504,20260813,283,1680,1,1,17.36,CHANGED_MIND,Opened,Bought a duplicate by mistake.
3413,54853,ORD-260720-023510,20260724,33,198,14,1,26.36,WRONG_SIZE,Damaged,Runs large compared to other brands.
3414,54855,ORD-260720-023511,20260724,295,1153,2,1,1334.4,WRONG_SIZE,Opened,Runs large compared to other brands.
3415,54864,ORD-260720-023515,20260729,66,44,2,2,39.16,WRONG_SIZE,Damaged,
3416,54891,ORD-260720-023528,20260726,36,0,2,3,176.43,DEFECTIVE,Used,Item stopped working after two days.
3417,54913,ORD-260721-023538,20260731,50,592,2,1,42.78,DEFECTIVE,Opened,Screen had a visible crack on arrival.
3418,54972,ORD-260722-023564,20260729,108,1352,12,1,21.15,WRONG_SIZE,Opened,
3419,55012,ORD-260724-023583,20260810,183,1388,11,1,31.33,WRONG_SIZE,New,Runs large compared to other brands.
3420,55015,ORD-260724-023584,20260801,36,1854,2,1,58.81,DEFECTIVE,Used,
3421,55022,ORD-260724-023588,20260823,260,1342,1,1,43.71,NOT_AS_DESCRIBED,Damaged,
3422,55047,ORD-260725-023597,20260806,225,1082,4,1,56.16,CHANGED_MIND,Opened,Bought a duplicate by mistake.
3423,55061,ORD-260725-023605,20260727,260,520,2,1,43.71,CHANGED_MIND,Opened,
3424,55079,ORD-260725-023608,20260810,55,2116,2,1,69.86,CHANGED_MIND,Opened,
3425,55084,ORD-260725-023610,20260728,165,1553,1,1,397.99,BETTER_PRICE,New,
3426,55093,ORD-260725-023615,20260813,283,1222,8,1,17.36,NOT_AS_DESCRIBED,Damaged,
3427,55122,ORD-260726-023627,20260820,66,0,8,1,19.58,NOT_AS_DESCRIBED,Used,Material feels cheaper than the description suggests.
3428,55124,ORD-260726-023628,20260727,116,644,2,1,553.61,WRONG_SIZE,New,
3429,55146,ORD-260726-023639,20260811,93,1028,6,1,41.1,CHANGED_MIND,Used,Decided on a different model.
3430,55148,ORD-260726-023639,20260810,80,1028,6,2,15.28,NOT_AS_DESCRIBED,New,Material feels cheaper than the description suggests.
3431,55174,ORD-260727-023650,20260805,296,1330,2,1,40.25,DEFECTIVE,New,Screen had a visible crack on arrival.
3432,55231,ORD-260728-023672,20260820,38,84,3,1,128.09,WRONG_SIZE,Opened,Fit was not what I expected from the size chart.
3433,55234,ORD-260728-023672,20260822,226,84,3,1,14.15,LATE_DELIVERY,Used,
3434,55242,ORD-260728-023676,20260823,50,0,1,1,42.78,WRONG_SIZE,Opened,
3435,55253,ORD-260729-023680,20260812,36,916,1,1,58.81,CHANGED_MIND,Used,No longer needed.
3436,55268,ORD-260729-023687,20260801,195,55,8,1,25.99,CHANGED_MIND,Used,Bought a duplicate by mistake.
3437,55285,ORD-260729-023694,20260802,295,1394,4,1,1334.4,CHANGED_MIND,New,
3438,55290,ORD-260729-023696,20260828,260,0,12,1,43.71,LATE_DELIVERY,Used,Arrived after the event I needed it for.
3439,55302,ORD-260729-023701,20260823,249,2193,8,1,14.93,CHANGED_MIND,Damaged,No longer needed.
3440,55312,ORD-260730-023704,20260825,295,387,1,1,1334.4,NOT_AS_DESCRIBED,Opened,
3441,55329,ORD-260730-023713,20260816,116,0,7,2,1107.22,CHANGED_MIND,Opened,Decided on a different model.
3442,55333,ORD-260730-023716,20260809,295,730,2,1,1334.4,CHANGED_MIND,Damaged,Bought a duplicate by mistake.
3443,55370,ORD-260731-023730,20260821,260,2203,2,1,43.71,LATE_DELIVERY,Opened,Arrived after the event I needed it for.
3444,55380,ORD-260731-023733,20260814,276,0,1,1,951.95,WRONG_SIZE,New,"Too small, ordering a larger size."
3445,55381,ORD-260731-023734,20260818,178,1449,1,1,50.34,CHANGED_MIND,Damaged,Bought a duplicate by mistake.
3446,55395,ORD-260801-023741,20260821,211,1816,2,1,20.68,DEFECTIVE,New,Arrived damaged in transit.
3447,55439,ORD-260801-023763,20260805,64,1341,2,1,376.52,CHANGED_MIND,New,
3448,55448,ORD-260802-023766,20260816,141,963,4,1,57.12,CHANGED_MIND,Damaged,
3449,55458,ORD-260802-023771,20260821,211,1187,13,3,62.04,NOT_AS_DESCRIBED,New,
3450,55461,ORD-260802-023772,20260820,45,1415,2,2,54.4,DEFECTIVE,New,
3451,55472,ORD-260802-023775,20260814,195,2164,2,3,77.97,CHANGED_MIND,Damaged,Bought a duplicate by mistake.
3452,55481,ORD-260802-023777,20260823,118,211,3,1,57.69,DEFECTIVE,New,
3453,55490,ORD-260802-023783,20260827,1,578,2,3,37.05,WRONG_SIZE,New,
3454,55508,ORD-260803-023791,20260820,54,1925,1,1,55.91,WRONG_SIZE,Used,
3455,55514,ORD-260803-023796,20260813,247,1672,1,2,378.18,LATE_DELIVERY,Opened,
3456,55518,ORD-260803-023797,20260806,295,1311,5,1,1334.4,DEFECTIVE,New,Screen had a visible crack on arrival.
3457,55527,ORD-260803-023803,20260811,10,1178,2,1,34.1,WRONG_SIZE,Used,Runs large compared to other brands.
3458,55540,ORD-260803-023807,20260815,116,1749,1,1,553.61,CHANGED_MIND,Damaged,Decided on a different model.
3459,55546,ORD-260804-023810,20260828,206,1282,12,1,199.38,DEFECTIVE,Opened,Screen had a visible crack on arrival.
3460,55551,ORD-260804-023812,20260827,295,0,7,1,1334.4,CHANGED_MIND,New,
3461,55555,ORD-260804-023813,20260825,174,868,1,3,29.07,WRONG_SIZE,New,"Too small, ordering a larger size."
3462,55612,ORD-260805-023838,20260807,149,1789,4,1,14.16,WRONG_SIZE,Used,Fit was not what I expected from the size chart.
3463,55619,ORD-260805-023840,20260825,295,878,13,1,1334.4,WRONG_SIZE,Opened,
3464,55627,ORD-260805-023841,20260830,211,0,2,1,20.68,WRONG_SIZE,New,"Too small, ordering a larger size."
3465,55629,ORD-260805-023841,20260901,42,0,2,1,115.53,CHANGED_MIND,Damaged,
3466,55635,ORD-260805-023844,20260806,292,2099,4,1,25.21,DEFECTIVE,New,Stitching came apart on first wash.
3467,55654,ORD-260806-023850,20260812,249,1924,2,1,14.93,CHANGED_MIND,New,No longer needed.
3468,55666,ORD-260806-023856,20260831,63,0,2,1,36.69,LATE_DELIVERY,Used,Delivery took far longer than promised.
3469,55673,ORD-260806-023858,20260810,206,55,1,4,797.52,DEFECTIVE,New,Arrived damaged in transit.
3470,55695,ORD-260806-023867,20260820,295,1861,1,1,1334.4,BETTER_PRICE,Opened,Found it cheaper elsewhere.
3471,55711,ORD-260807-023875,20260809,260,1679,1,1,43.71,CHANGED_MIND,Opened,No longer needed.
3472,55720,ORD-260807-023879,20260823,116,0,2,1,553.61,CHANGED_MIND,Opened,
3473,55738,ORD-260807-023885,20260810,36,2063,4,1,58.81,WRONG_SIZE,New,"Too small, ordering a larger size."
3474,55754,ORD-260808-023891,20260904,116,39,10,2,1107.22,LATE_DELIVERY,New,Arrived after the event I needed it for.
3475,55791,ORD-260809-023911,20260827,132,1596,1,2,82.7,WRONG_SIZE,Damaged,Fit was not what I expected from the size chart.
3476,55817,ORD-260809-023920,20260814,36,533,8,2,117.62,NOT_AS_DESCRIBED,Opened,
3477,55822,ORD-260809-023923,20260823,55,0,1,1,69.86,DEFECTIVE,Damaged,Screen had a visible crack on arrival.
3478,55876,ORD-260810-023943,20260824,36,1861,11,1,49.99,CHANGED_MIND,New,
3479,55900,ORD-260811-023959,20260817,211,408,2,1,17.58,NOT_AS_DESCRIBED,Damaged,
3480,55913,ORD-260811-023962,20260830,116,2251,1,1,470.57,WRONG_SIZE,Damaged,Runs large compared to other brands.
3481,55916,ORD-260811-023964,20260905,269,210,4,1,1427.55,DEFECTIVE,New,Stitching came apart on first wash.
3482,55922,ORD-260811-023966,20260827,202,834,2,1,15.61,CHANGED_MIND,Used,
3483,55932,ORD-260812-023969,20260824,141,1453,2,1,48.55,CHANGED_MIND,Opened,No longer needed.
3484,55978,ORD-260813-023992,20260904,295,39,12,1,1134.24,CHANGED_MIND,Opened,
3485,55990,ORD-260813-023997,20260903,295,0,4,1,1334.4,DEFECTIVE,Opened,
3486,55995,ORD-260814-024000,20260820,70,1308,2,1,112.86,WRONG_SIZE,Opened,Runs large compared to other brands.
3487,56003,ORD-260814-024003,20260831,145,1817,2,1,40.66,NOT_AS_DESCRIBED,New,
3488,56012,ORD-260814-024007,20260902,25,702,8,1,11.49,WRONG_SIZE,New,"Too small, ordering a larger size."
3489,56014,ORD-260814-024008,20260901,247,1081,2,1,160.73,NOT_AS_DESCRIBED,Opened,
3490,56019,ORD-260814-024010,20260906,116,1161,12,1,470.57,NOT_AS_DESCRIBED,Damaged,Material feels cheaper than the description suggests.
3491,56054,ORD-260815-024028,20260914,57,1282,4,3,1465.31,DEFECTIVE,Damaged,Stitching came apart on first wash.
3492,56060,ORD-260815-024030,20260824,227,1207,4,1,76.28,CHANGED_MIND,New,
3493,56065,ORD-260815-024031,20260903,295,1193,2,1,1134.24,NOT_AS_DESCRIBED,New,Colour looks different from the photos.
3494,56074,ORD-260815-024035,20260909,295,1342,2,1,1134.24,WRONG_SIZE,New,Runs large compared to other brands.
3495,56083,ORD-260815-024039,20260827,227,0,1,1,64.84,WRONG_SIZE,Opened,"Too small, ordering a larger size."
3496,56086,ORD-260815-024041,20260911,295,1279,1,1,1334.4,LATE_DELIVERY,Opened,
3497,56103,ORD-260816-024049,20260906,208,0,8,1,174.3,CHANGED_MIND,Opened,No longer needed.
3498,56135,ORD-260816-024067,20260822,112,1118,1,2,5.98,WRONG_SIZE,Opened,Fit was not what I expected from the size chart.
3499,56147,ORD-260817-024071,20260825,260,1308,2,1,43.71,DEFECTIVE,Opened,Screen had a visible crack on arrival.
3500,56171,ORD-260817-024079,20260818,247,804,2,2,378.18,DEFECTIVE,Damaged,Stitching came apart on first wash.
3501,56210,ORD-260818-024096,20260910,143,0,5,1,152.63,CHANGED_MIND,New,Decided on a different model.
3502,56223,ORD-260819-024102,20260828,295,0,1,1,1334.4,NOT_AS_DESCRIBED,Used,Material feels cheaper than the description suggests.
3503,56229,ORD-260819-024105,20260913,157,633,12,1,106.5,NOT_AS_DESCRIBED,New,
3504,56234,ORD-260819-024108,20260902,96,222,2,1,323.34,WRONG_SIZE,New,Fit was not what I expected from the size chart.
3505,56272,ORD-260820-024124,20260828,33,1056,2,1,26.36,WRONG_SIZE,Opened,Fit was not what I expected from the size chart.
3506,56291,ORD-260820-024131,20260831,137,0,2,1,294.54,NOT_AS_DESCRIBED,Opened,Colour looks different from the photos.
3507,56293,ORD-260820-024133,20260901,260,345,1,1,43.71,DEFECTIVE,Damaged,
3508,56297,ORD-260820-024134,20260915,140,1509,7,2,130.64,NOT_AS_DESCRIBED,Opened,
3509,56309,ORD-260820-024140,20260911,295,1255,9,1,1334.4,CHANGED_MIND,Opened,No longer needed.
3510,56317,ORD-260821-024145,20260831,36,1535,2,1,58.81,DEFECTIVE,Opened,Stitching came apart on first wash.
3511,56323,ORD-260821-024150,20260905,295,752,1,1,1334.4,NOT_AS_DESCRIBED,Opened,Colour looks different from the photos.
3512,56324,ORD-260821-024151,20260920,206,1807,1,1,199.38,WRONG_SIZE,Used,
3513,56333,ORD-260821-024154,20260912,116,2252,3,1,553.61,CHANGED_MIND,Opened,No longer needed.
3514,56337,ORD-260821-024156,20260826,283,1409,11,2,34.72,WRONG_SIZE,Used,"Too small, ordering a larger size."
3515,56340,ORD-260821-024157,20260830,260,1896,4,1,43.71,NOT_AS_DESCRIBED,New,Missing accessories listed on the page.
3516,56402,ORD-260822-024190,20260905,202,713,4,3,55.11,CHANGED_MIND,Opened,Decided on a different model.
3517,56445,ORD-260823-024209,20260909,85,1985,2,4,189.52,WRONG_SIZE,Damaged,Fit was not what I expected from the size chart.
3518,56455,ORD-260823-024212,20260914,58,241,14,1,5.61,WRONG_SIZE,New,Runs large compared to other brands.
3519,56459,ORD-260823-024213,20260908,295,271,8,3,4003.2,CHANGED_MIND,New,
3520,56461,ORD-260823-024215,20260907,104,1451,1,2,83.5,BETTER_PRICE,Damaged,Found it cheaper elsewhere.
3521,56499,ORD-260824-024229,20260825,152,301,1,1,59.91,WRONG_SIZE,Used,Runs large compared to other brands.
3522,56505,ORD-260824-024230,20260917,116,172,2,2,1107.22,CHANGED_MIND,Used,No longer needed.
3523,56535,ORD-260824-024238,20260911,66,390,2,1,19.58,NOT_AS_DESCRIBED,Opened,Material feels cheaper than the description suggests.
3524,56538,ORD-260824-024240,20260901,141,835,1,1,57.12,WRONG_SIZE,Used,"Too small, ordering a larger size."
3525,56558,ORD-260825-024245,20260909,260,1816,1,2,87.42,WRONG_SIZE,Opened,
3526,56611,ORD-260825-024267,20260915,260,2032,1,1,43.71,LATE_DELIVERY,Damaged,
3527,56644,ORD-260826-024275,20260922,36,1343,2,1,58.81,WRONG_SIZE,Damaged,Runs large compared to other brands.
3528,56649,ORD-260826-024276,20260916,31,0,5,1,1246.36,BETTER_PRICE,Opened,
3529,56687,ORD-260826-024287,20260830,97,1041,12,2,22.9,DEFECTIVE,Opened,
3530,56695,ORD-260826-024290,20260924,211,886,1,1,20.68,DEFECTIVE,Opened,
3531,56701,ORD-260827-024293,20260920,36,2089,11,3,176.43,NOT_AS_DESCRIBED,New,
3532,56713,ORD-260827-024297,20260908,140,207,14,1,65.32,WRONG_SIZE,Used,"Too small, ordering a larger size."
3533,56789,ORD-260828-024331,20260905,206,518,4,1,199.38,DEFECTIVE,Used,Item stopped working after two days.
3534,56800,ORD-260828-024336,20260911,75,101,9,1,10.47,WRONG_SIZE,Damaged,Runs large compared to other brands.
3535,56808,ORD-260828-024339,20260912,63,345,2,1,36.69,BETTER_PRICE,Opened,
3536,56872,ORD-260829-024361,20260908,96,432,3,1,323.34,LATE_DELIVERY,New,
3537,56906,ORD-260830-024375,20260912,283,752,4,1,17.36,BETTER_PRICE,Opened,
3538,56920,ORD-260830-024387,20260907,211,1430,4,2,41.36,BETTER_PRICE,New,Found it cheaper elsewhere.
3539,56925,ORD-260830-024388,20260917,174,1023,1,1,9.69,NOT_AS_DESCRIBED,New,Material feels cheaper than the description suggests.
3540,56940,ORD-260830-024396,20260928,97,2063,9,1,11.45,CHANGED_MIND,Opened,Bought a duplicate by mistake.
3541,56942,ORD-260830-024398,20260918,36,1854,4,1,58.81,NOT_AS_DESCRIBED,Damaged,
3542,56949,ORD-260831-024403,20260909,116,0,2,1,553.61,DEFECTIVE,Opened,
3543,56971,ORD-260831-024410,20260930,208,0,8,1,174.3,NOT_AS_DESCRIBED,Opened,
3544,56987,ORD-260901-024418,20260928,226,1564,2,2,28.3,DEFECTIVE,New,Stitching came apart on first wash.
3545,56991,ORD-260901-024420,20260908,247,526,2,1,189.09,DEFECTIVE,Opened,Screen had a visible crack on arrival.
3546,57004,ORD-260902-024428,20260930,206,1083,1,1,199.38,CHANGED_MIND,New,
3547,57009,ORD-260902-024429,20260920,170,0,1,1,11.0,WRONG_SIZE,Damaged,
3548,57047,ORD-260902-024444,20260914,79,1942,2,2,270.24,CHANGED_MIND,New,Bought a duplicate by mistake.
3549,57063,ORD-260903-024455,20260925,234,1599,2,1,81.31,DEFECTIVE,New,
3550,57064,ORD-260903-024456,20260928,67,1816,1,1,4.34,BETTER_PRICE,New,Found it cheaper elsewhere.
3551,57077,ORD-260903-024462,20260909,260,39,1,2,87.42,CHANGED_MIND,New,
3552,57114,ORD-260904-024480,20260912,70,0,5,1,132.78,CHANGED_MIND,Used,No longer needed.
3553,57123,ORD-260904-024486,20260925,206,1158,2,1,199.38,WRONG_SIZE,Opened,Runs large compared to other brands.
3554,57151,ORD-260905-024499,20260926,295,1954,1,1,1334.4,DEFECTIVE,New,Arrived damaged in transit.
3555,57158,ORD-260905-024503,20260908,161,740,2,2,28.06,WRONG_SIZE,Opened,
3556,57163,ORD-260906-024505,20260908,23,1613,11,1,74.76,DEFECTIVE,Opened,Stitching came apart on first wash.
3557,57175,ORD-260906-024510,20260924,31,4,1,2,2492.72,WRONG_SIZE,New,
3558,57179,ORD-260906-024512,20260918,206,2193,1,1,199.38,WRONG_SIZE,Damaged,
3559,57180,ORD-260906-024512,20260919,211,2193,1,1,20.68,CHANGED_MIND,Opened,
3560,57205,ORD-260907-024526,20260918,277,1025,2,1,456.61,BETTER_PRICE,Opened,
3561,57215,ORD-260907-024533,20260922,295,2063,4,2,2668.8,WRONG_SIZE,Opened,
3562,57222,ORD-260907-024534,20260919,211,1307,8,1,20.68,DEFECTIVE,Damaged,Arrived damaged in transit.
3563,57237,ORD-260907-024543,20260920,206,2131,2,1,199.38,DEFECTIVE,Damaged,Arrived damaged in transit.
3564,57244,ORD-260908-024546,20260924,260,364,4,2,87.42,WRONG_SIZE,Used,"Too small, ordering a larger size."
3565,57292,ORD-260909-024564,20260927,206,0,1,3,598.14,DEFECTIVE,Opened,Arrived damaged in transit.
3566,57352,ORD-260910-024588,20260921,211,634,8,1,20.68,WRONG_SIZE,Used,Fit was not what I expected from the size chart.
3567,57357,ORD-260910-024591,20260926,186,1317,4,1,29.98,NOT_AS_DESCRIBED,New,
3568,57361,ORD-260910-024593,20260912,156,244,2,1,55.93,WRONG_SIZE,Opened,"Too small, ordering a larger size."
3569,57389,ORD-260910-024601,20260914,129,2179,2,2,18.54,NOT_AS_DESCRIBED,Used,Material feels cheaper than the description suggests.
3570,57398,ORD-260910-024602,20260914,36,1706,2,1,58.81,BETTER_PRICE,Damaged,
3571,57455,ORD-260912-024626,20260926,140,0,1,1,65.32,BETTER_PRICE,New,
3572,57522,ORD-260913-024653,20260922,278,1260,2,1,30.19,DEFECTIVE,Damaged,
3573,57579,ORD-260914-024674,20260916,211,1239,12,1,20.68,WRONG_SIZE,Damaged,Fit was not what I expected from the size chart.
3574,57611,ORD-260915-024691,20260925,295,1916,4,1,1334.4,DEFECTIVE,Opened,
3575,57629,ORD-260915-024698,20260920,36,1564,9,3,176.43,LATE_DELIVERY,Opened,
3576,57655,ORD-260916-024708,20260921,256,401,14,3,122.46,WRONG_SIZE,New,Runs large compared to other brands.
3577,57668,ORD-260916-024711,20260920,295,1454,10,1,1334.4,LATE_DELIVERY,Used,
3578,57727,ORD-260917-024738,20260923,80,388,11,1,7.64,DEFECTIVE,Opened,Item stopped working after two days.
3579,57758,ORD-260918-024755,20260926,140,4,4,1,65.32,CHANGED_MIND,Damaged,No longer needed.
3580,57760,ORD-260918-024755,20260920,295,4,4,2,2668.8,DEFECTIVE,Damaged,
3581,57766,ORD-260919-024757,20260923,4,2014,1,1,76.22,CHANGED_MIND,Opened,Decided on a different model.
3582,57935,ORD-260923-024836,20260926,290,1562,8,1,142.89,CHANGED_MIND,Used,Bought a duplicate by mistake.
3583,57939,ORD-260923-024840,20260925,140,1308,11,1,65.32,WRONG_SIZE,Used,
3584,58047,ORD-260925-024888,20260927,202,975,1,1,18.37,LATE_DELIVERY,Damaged,
3585,58196,ORD-260928-024953,20260930,295,1020,8,1,1334.4,LATE_DELIVERY,Used,
