review_key,sales_line_key,product_key,customer_key,date_key,rating,review_title,review_text,helpful_votes,verified_purchase
1,4,251,1789,20230121,5,Great purchase,"Great value. The Value for money exceeded my expectations, would buy again.",1,1
2,26,105,309,20230119,4,Great purchase,"Great value. The Value for money exceeded my expectations, would buy again.",0,1
3,211,36,39,20230116,5,Great purchase,Solid purchase - Finish is outstanding for the price.,2,1
4,278,69,879,20230207,5,Great purchase,Solid purchase - Battery life is outstanding for the price.,2,1
5,344,295,1241,20230218,4,Great purchase,"Great value. The Packaging exceeded my expectations, would buy again.",0,1
6,357,3,1920,20230213,1,Not worth it,Would not recommend - Value for money was much worse than expected.,10,1
7,439,245,2171,20230201,4,Great purchase,Solid purchase - Finish is outstanding for the price.,2,1
8,458,244,1237,20230211,5,Great purchase,Very happy with the Kasturi Classic Tops. Durability is exactly as described.,0,1
9,497,114,153,20230123,3,It's okay,The Peakline Classic Yoga Mats is okay. Battery life is average but it does the job.,0,1
10,499,36,153,20230224,4,Great purchase,Solid purchase - Value for money is outstanding for the price.,0,1
11,500,36,153,20230209,4,Great purchase,Solid purchase - Finish is outstanding for the price.,4,1
12,567,295,1709,20230225,4,Great purchase,Solid purchase - Value for money is outstanding for the price.,2,1
13,570,295,1308,20230209,4,Great purchase,Very happy with the Zenbyte Signature Headphones. Build quality is exactly as described.,3,1
14,599,14,682,20230125,4,Great purchase,Very happy with the Kasturi Premium Sandals. Battery life is exactly as described.,3,1
15,602,36,737,20230202,4,Great purchase,"Great value. The Value for money exceeded my expectations, would buy again.",1,1
16,615,295,1503,20230221,5,Great purchase,Absolutely love this Zenbyte Signature Headphones. Taste is excellent and it arrived on time.,3,1
17,622,96,30,20230203,5,Great purchase,Absolutely love this CasaNova Everyday Chairs. Finish is excellent and it arrived on time.,2,1
18,643,45,1955,20230203,3,It's okay,The Spice Route Eco Coffee is okay. Finish is average but it does the job.,11,1
19,692,123,700,20230206,3,It's okay,"Not bad. Durability is fine, nothing special.",1,1
20,730,267,1175,20230129,4,Great purchase,"Great value. The Taste exceeded my expectations, would buy again.",2,1
21,741,295,38,20230206,5,Great purchase,Solid purchase - Value for money is outstanding for the price.,7,1
22,744,211,2193,20230214,4,Great purchase,Absolutely love this OakLine Essential Lamps. Taste is excellent and it arrived on time.,2,1
23,767,36,2149,20230221,4,Great purchase,Absolutely love this Brightware Classic Cookware. Value for money is excellent and it arrived on time.,5,1
24,794,76,748,20230205,3,It's okay,"Decent product, though Packaging could be better.",1,1
25,906,295,1952,20230204,5,Great purchase,Absolutely love this Zenbyte Signature Headphones. Taste is excellent and it arrived on time.,2,1
26,949,210,700,20230309,4,Great purchase,Very happy with the Voltix Premium Cases. Value for money is exactly as described.,2,1
27,970,295,1771,20230302,4,Great purchase,Very happy with the Zenbyte Signature Headphones. Fit is exactly as described.,6,1
28,977,140,1281,20230216,4,Great purchase,Very happy with the Peakline Premium Yoga Mats. Finish is exactly as described.,0,1
29,1050,36,1209,20230219,4,Great purchase,Solid purchase - Fit is outstanding for the price.,2,1
30,1119,257,1789,20230311,4,Great purchase,Absolutely love this Nexora Pro Keyboards. Packaging is excellent and it arrived on time.,0,1
31,1131,36,1128,20230318,5,Great purchase,Solid purchase - Packaging is outstanding for the price.,0,1
32,1149,255,694,20230307,4,Great purchase,Absolutely love this Velvetique Lite Sunscreen. Value for money is excellent and it arrived on time.,3,1
33,1212,155,1308,20230322,4,Great purchase,"Great value. The Fit exceeded my expectations, would buy again.",7,1
34,1245,295,1729,20230301,4,Great purchase,Absolutely love this Zenbyte Signature Headphones. Battery life is excellent and it arrived on time.,12,1
35,1314,295,1281,20230304,4,Great purchase,Solid purchase - Packaging is outstanding for the price.,3,1
36,1323,211,1903,20230314,4,Great purchase,Solid purchase - Packaging is outstanding for the price.,1,1
37,1325,224,1609,20230225,4,Great purchase,Very happy with the Voltix Essential Speakers. Fit is exactly as described.,3,1
38,1354,146,1333,20230327,5,Great purchase,Solid purchase - Build quality is outstanding for the price.,12,1
39,1439,36,1202,20230310,3,It's okay,The Brightware Classic Cookware is okay. Battery life is average but it does the job.,4,1
40,1562,36,1908,20230320,5,Great purchase,Absolutely love this Brightware Classic Cookware. Build quality is excellent and it arrived on time.,8,1
41,1567,247,741,20230321,5,Great purchase,"Great value. The Durability exceeded my expectations, would buy again.",8,1
42,1571,249,1291,20230329,3,It's okay,The Kasturi Ultra Kurtas is okay. Durability is average but it does the job.,0,1
43,1573,116,1291,20230311,4,Great purchase,Absolutely love this Brightware Essential Chairs. Build quality is excellent and it arrived on time.,0,1
44,1609,278,345,20230323,3,It's okay,The UrbanLoom Lite Sandals is okay. Value for money is average but it does the job.,1,1
45,1633,211,274,20230404,4,Great purchase,"Great value. The Fit exceeded my expectations, would buy again.",5,1
46,1634,217,274,20230313,2,Not worth it,Returned it. Battery life did not match the listing.,6,1
47,1636,152,1888,20230317,4,Great purchase,Solid purchase - Taste is outstanding for the price.,5,1
48,1639,36,1780,20230326,4,Great purchase,Absolutely love this Brightware Classic Cookware. Durability is excellent and it arrived on time.,0,1
49,1684,249,941,20230318,3,It's okay,"Not bad. Packaging is fine, nothing special.",2,1
50,1754,90,1789,20230403,4,Great purchase,Very happy with the AudioMint Premium Cases. Packaging is exactly as described.,0,1
51,1763,146,1636,20230314,4,Great purchase,Solid purchase - Taste is outstanding for the price.,3,1
52,1779,295,1295,20230410,5,Great purchase,"Great value. The Packaging exceeded my expectations, would buy again.",1,1
53,1898,66,2193,20230413,3,It's okay,"Decent product, though Durability could be better.",1,1
54,1957,163,745,20230409,4,Great purchase,"Great value. The Fit exceeded my expectations, would buy again.",8,1
55,1958,15,745,20230328,2,Not worth it,Would not recommend - Build quality was much worse than expected.,4,1
56,1966,245,1377,20230402,3,It's okay,"Not bad. Durability is fine, nothing special.",2,1
57,2059,211,1281,20230312,5,Great purchase,Absolutely love this OakLine Essential Lamps. Finish is excellent and it arrived on time.,3,1
58,2069,295,1308,20230410,5,Great purchase,"Great value. The Battery life exceeded my expectations, would buy again.",5,1
59,2205,211,214,20230412,5,Great purchase,Solid purchase - Durability is outstanding for the price.,3,1
60,2211,128,414,20230415,2,Not worth it,Disappointed with the Voltix Essential Speakers. Fit is poor and not worth the money.,1,1
61,2222,248,471,20230320,4,Great purchase,Absolutely love this Hearthstone Ultra Chairs. Value for money is excellent and it arrived on time.,0,1
62,2226,291,1955,20230402,2,Not worth it,Returned it. Packaging did not match the listing.,5,1
63,2248,146,1789,20230420,4,Great purchase,"Great value. The Build quality exceeded my expectations, would buy again.",0,1
64,2288,278,1789,20230320,4,Great purchase,"Great value. The Value for money exceeded my expectations, would buy again.",5,1
65,2307,295,2144,20230321,3,It's okay,The Zenbyte Signature Headphones is okay. Battery life is average but it does the job.,1,1
66,2352,36,525,20230424,5,Great purchase,Very happy with the Brightware Classic Cookware. Durability is exactly as described.,2,1
67,2370,80,2208,20230417,5,Great purchase,Absolutely love this Freshfarm Compact Coffee. Battery life is excellent and it arrived on time.,5,1
68,2505,295,93,20230420,4,Great purchase,Solid purchase - Finish is outstanding for the price.,1,1
69,2531,195,299,20230410,4,Great purchase,Very happy with the NorthPeak Lite Jackets. Value for money is exactly as described.,1,1
70,2556,199,745,20230405,3,It's okay,"Not bad. Taste is fine, nothing special.",0,1
71,2567,295,681,20230413,5,Great purchase,Very happy with the Zenbyte Signature Headphones. Battery life is exactly as described.,4,1
72,2655,229,42,20230411,2,Not worth it,Would not recommend - Fit was much worse than expected.,3,1
73,2738,295,2220,20230409,3,It's okay,The Zenbyte Signature Headphones is okay. Durability is average but it does the job.,1,1
74,2741,293,653,20230427,5,Great purchase,Very happy with the Freshfarm Pro Snacks. Battery life is exactly as described.,3,1
75,2748,155,524,20230411,3,It's okay,"Not bad. Battery life is fine, nothing special.",7,1
76,2754,155,525,20230407,5,Great purchase,Solid purchase - Finish is outstanding for the price.,1,1
77,2759,140,376,20230509,4,Great purchase,Solid purchase - Packaging is outstanding for the price.,0,1
78,2760,211,376,20230428,3,It's okay,"Decent product, though Finish could be better.",5,1
79,2829,145,39,20230419,3,It's okay,"Not bad. Taste is fine, nothing special.",4,1
80,2902,79,377,20230413,2,Not worth it,Would not recommend - Build quality was much worse than expected.,3,1
81,2927,36,153,20230429,3,It's okay,"Decent product, though Finish could be better.",3,1
82,2945,36,1098,20230422,2,Not worth it,Would not recommend - Value for money was much worse than expected.,7,1
83,3027,292,1558,20230514,4,Great purchase,"Great value. The Value for money exceeded my expectations, would buy again.",1,1
84,3037,247,1967,20230421,5,Great purchase,"Great value. The Battery life exceeded my expectations, would buy again.",12,1
85,3045,106,1308,20230422,4,Great purchase,Solid purchase - Packaging is outstanding for the price.,3,1
86,3058,45,965,20230504,5,Great purchase,Absolutely love this Spice Route Eco Coffee. Taste is excellent and it arrived on time.,11,1
87,3110,157,479,20230507,3,It's okay,The Threadwell Classic Dresses is okay. Build quality is average but it does the job.,0,1
88,3111,156,479,20230513,5,Great purchase,"Great value. The Taste exceeded my expectations, would buy again.",0,1
89,3152,295,542,20230512,4,Great purchase,Solid purchase - Value for money is outstanding for the price.,4,1
90,3168,155,2015,20230425,5,Great purchase,Absolutely love this TrailMate Eco Backpacks. Build quality is excellent and it arrived on time.,2,1
91,3223,36,39,20230426,3,It's okay,The Brightware Classic Cookware is okay. Value for money is average but it does the job.,0,1
92,3225,295,39,20230509,5,Great purchase,Solid purchase - Build quality is outstanding for the price.,1,1
93,3256,167,1281,20230518,5,Great purchase,Very happy with the Hearthstone Everyday Wall Art. Taste is exactly as described.,1,1
94,3329,245,2119,20230523,3,It's okay,"Decent product, though Packaging could be better.",6,1
95,3367,9,1397,20230516,3,It's okay,The Velvetique Essential Shampoo is okay. Build quality is average but it does the job.,3,1
96,3401,16,47,20230509,3,It's okay,"Not bad. Fit is fine, nothing special.",7,1
97,3402,247,47,20230510,4,Great purchase,Solid purchase - Packaging is outstanding for the price.,0,1
98,3466,59,1672,20230504,5,Great purchase,Absolutely love this Kasturi Classic Tops. Battery life is excellent and it arrived on time.,0,1
99,3475,36,64,20230527,4,Great purchase,Very happy with the Brightware Classic Cookware. Packaging is exactly as described.,1,1
100,3481,295,908,20230531,5,Great purchase,Very happy with the Zenbyte Signature Headphones. Build quality is exactly as described.,0,1
101,3531,36,471,20230518,4,Great purchase,Solid purchase - Durability is outstanding for the price.,0,1
102,3601,146,319,20230529,5,Great purchase,Solid purchase - Durability is outstanding for the price.,0,1
103,3670,207,2193,20230605,3,It's okay,"Not bad. Packaging is fine, nothing special.",3,1
104,3690,190,1441,20230520,4,Great purchase,"Great value. The Fit exceeded my expectations, would buy again.",2,1
105,3730,227,1308,20230530,3,It's okay,"Decent product, though Battery life could be better.",1,1
106,3753,188,405,20230610,3,It's okay,The OakLine Eco Wall Art is okay. Fit is average but it does the job.,0,1
107,3772,295,2003,20230515,4,Great purchase,Solid purchase - Durability is outstanding for the price.,2,1
108,3803,247,295,20230510,4,Great purchase,"Great value. The Taste exceeded my expectations, would buy again.",3,1
109,3804,96,295,20230605,5,Great purchase,Very happy with the CasaNova Everyday Chairs. Battery life is exactly as described.,2,1
110,3858,295,1134,20230516,4,Great purchase,Very happy with the Zenbyte Signature Headphones. Fit is exactly as described.,10,1
111,3922,45,1130,20230613,3,It's okay,The Spice Route Eco Coffee is okay. Fit is average but it does the job.,8,1
112,4085,154,145,20230619,3,It's okay,"Not bad. Build quality is fine, nothing special.",0,1
113,4093,93,1412,20230526,4,Great purchase,Very happy with the UrbanLoom Compact Sneakers. Build quality is exactly as described.,6,1
114,4119,45,507,20230525,2,Not worth it,Disappointed with the Spice Route Eco Coffee. Packaging is poor and not worth the money.,2,1
115,4133,96,2193,20230621,4,Great purchase,Absolutely love this CasaNova Everyday Chairs. Battery life is excellent and it arrived on time.,6,1
116,4140,45,39,20230517,4,Great purchase,"Great value. The Durability exceeded my expectations, would buy again.",9,1
117,4204,247,5,20230520,5,Great purchase,Solid purchase - Battery life is outstanding for the price.,1,1
118,4469,36,1140,20230630,5,Great purchase,Absolutely love this Brightware Classic Cookware. Durability is excellent and it arrived on time.,1,1
119,4473,9,748,20230603,4,Great purchase,Absolutely love this Velvetique Essential Shampoo. Build quality is excellent and it arrived on time.,8,1
120,4476,211,993,20230607,4,Great purchase,Absolutely love this OakLine Essential Lamps. Value for money is excellent and it arrived on time.,2,1
121,4488,76,224,20230531,5,Great purchase,Absolutely love this Freshfarm Compact Tea. Value for money is excellent and it arrived on time.,0,1
122,4529,175,868,20230621,5,Great purchase,Solid purchase - Taste is outstanding for the price.,8,1
123,4536,36,507,20230614,5,Great purchase,Solid purchase - Packaging is outstanding for the price.,1,1
124,4546,112,1577,20230703,5,Great purchase,Very happy with the GreenLeaf Classic Tea. Taste is exactly as described.,3,1
125,4614,140,295,20230628,3,It's okay,"Decent product, though Finish could be better.",0,1
126,4633,80,351,20230701,5,Great purchase,Absolutely love this Freshfarm Compact Coffee. Finish is excellent and it arrived on time.,6,1
127,4679,36,591,20230607,3,It's okay,"Decent product, though Finish could be better.",0,1
128,4697,67,1738,20230709,2,Not worth it,Returned it. Durability did not match the listing.,4,1
129,4732,49,1958,20230618,5,Great purchase,"Great value. The Durability exceeded my expectations, would buy again.",3,1
130,4769,295,1241,20230624,4,Great purchase,Absolutely love this Zenbyte Signature Headphones. Packaging is excellent and it arrived on time.,1,1
131,4798,143,1346,20230705,4,Great purchase,Very happy with the Brightware Classic Cookware. Fit is exactly as described.,3,1
132,4819,22,1807,20230701,3,It's okay,The TrailMate Everyday Dumbbells is okay. Durability is average but it does the job.,6,1
133,4843,146,1139,20230610,3,It's okay,"Not bad. Taste is fine, nothing special.",1,1
134,4857,116,1088,20230706,5,Great purchase,"Great value. The Value for money exceeded my expectations, would buy again.",3,1
135,4894,155,1789,20230618,4,Great purchase,"Great value. The Fit exceeded my expectations, would buy again.",2,1
136,4895,3,1789,20230703,3,It's okay,"Not bad. Durability is fine, nothing special.",0,1
137,4915,258,1318,20230622,4,Great purchase,Solid purchase - Value for money is outstanding for the price.,0,1
138,4932,295,1238,20230616,3,It's okay,The Zenbyte Signature Headphones is okay. Battery life is average but it does the job.,5,1
139,4971,295,400,20230704,5,Great purchase,"Great value. The Fit exceeded my expectations, would buy again.",0,1
140,5016,255,1334,20230706,3,It's okay,The Velvetique Lite Sunscreen is okay. Taste is average but it does the job.,8,1
141,5023,224,1930,20230715,5,Great purchase,Very happy with the Voltix Essential Speakers. Build quality is exactly as described.,3,1
142,5027,36,38,20230622,5,Great purchase,Very happy with the Brightware Classic Cookware. Taste is exactly as described.,0,1
143,5063,116,1153,20230623,4,Great purchase,"Great value. The Taste exceeded my expectations, would buy again.",2,1
144,5076,295,1905,20230625,4,Great purchase,"Great value. The Durability exceeded my expectations, would buy again.",0,1
145,5098,34,1794,20230627,5,Great purchase,Absolutely love this Freshfarm Premium Tea. Value for money is excellent and it arrived on time.,1,1
146,5105,115,739,20230705,4,Great purchase,Very happy with the NorthPeak Essential Boots. Finish is exactly as described.,0,1
147,5130,70,2091,20230718,5,Great purchase,Absolutely love this OakLine Pro Lamps. Taste is excellent and it arrived on time.,5,1
148,5156,109,1789,20230630,5,Great purchase,Absolutely love this OakLine Classic Storage. Fit is excellent and it arrived on time.,1,1
149,5166,135,1888,20230718,2,Not worth it,Returned it. Fit did not match the listing.,3,1
150,5174,141,183,20230626,4,Great purchase,Absolutely love this NorthPeak Premium Dresses. Durability is excellent and it arrived on time.,0,1
151,5235,24,1945,20230723,5,Great purchase,Absolutely love this Peakline Everyday Water Bottles. Finish is excellent and it arrived on time.,0,1
152,5237,35,1945,20230622,4,Great purchase,Absolutely love this Glowlab Lite Hair Oil. Finish is excellent and it arrived on time.,1,1
153,5247,90,1653,20230707,2,Not worth it,Disappointed with the AudioMint Premium Cases. Fit is poor and not worth the money.,2,1
154,5323,123,1392,20230701,4,Great purchase,"Great value. The Build quality exceeded my expectations, would buy again.",2,1
155,5355,220,852,20230722,5,Great purchase,Very happy with the Spice Route Compact Snacks. Finish is exactly as described.,8,1
156,5428,247,1709,20230802,5,Great purchase,Absolutely love this OakLine Classic Tables. Durability is excellent and it arrived on time.,3,1
157,5441,131,1450,20230707,4,Great purchase,Absolutely love this GreenLeaf Signature Juices. Value for money is excellent and it arrived on time.,3,1
158,5487,274,1401,20230803,2,Not worth it,Returned it. Taste did not match the listing.,2,1
159,5550,295,1228,20230718,3,It's okay,The Zenbyte Signature Headphones is okay. Finish is average but it does the job.,0,1
160,5579,155,927,20230805,5,Great purchase,Very happy with the TrailMate Eco Backpacks. Packaging is exactly as described.,1,1
161,5748,40,793,20230717,4,Great purchase,Solid purchase - Finish is outstanding for the price.,0,1
162,5751,211,1308,20230720,4,Great purchase,Very happy with the OakLine Essential Lamps. Finish is exactly as described.,1,1
163,5762,155,1308,20230810,5,Great purchase,Very happy with the TrailMate Eco Backpacks. Packaging is exactly as described.,2,1
164,5791,156,405,20230728,5,Great purchase,Solid purchase - Value for money is outstanding for the price.,8,1
165,5812,36,990,20230805,4,Great purchase,Solid purchase - Fit is outstanding for the price.,2,1
166,5817,280,218,20230725,4,Great purchase,Solid purchase - Build quality is outstanding for the price.,0,1
167,5848,36,927,20230805,5,Great purchase,"Great value. The Finish exceeded my expectations, would buy again.",0,1
168,5886,5,1686,20230822,3,It's okay,"Decent product, though Fit could be better.",1,1
169,5959,295,41,20230814,4,Great purchase,Solid purchase - Fit is outstanding for the price.,7,1
170,6003,136,713,20230817,3,It's okay,"Not bad. Value for money is fine, nothing special.",3,1
171,6005,300,713,20230815,5,Great purchase,Very happy with the OakLine Everyday Storage. Battery life is exactly as described.,6,1
172,6036,80,1544,20230802,5,Great purchase,Solid purchase - Fit is outstanding for the price.,1,1
173,6049,186,844,20230818,4,Great purchase,Very happy with the Kasturi Eco Jeans. Value for money is exactly as described.,2,1
174,6070,191,233,20230805,4,Great purchase,Very happy with the OakLine Everyday Wall Art. Finish is exactly as described.,1,1
175,6076,211,422,20230722,3,It's okay,"Not bad. Finish is fine, nothing special.",4,1
176,6091,295,572,20230802,4,Great purchase,Solid purchase - Battery life is outstanding for the price.,9,1
177,6150,204,1510,20230811,5,Great purchase,"Great value. The Value for money exceeded my expectations, would buy again.",3,1
178,6155,22,42,20230816,2,Not worth it,Would not recommend - Fit was much worse than expected.,8,1
179,6166,36,1015,20230821,4,Great purchase,Solid purchase - Durability is outstanding for the price.,2,1
180,6180,146,1676,20230819,5,Great purchase,Solid purchase - Packaging is outstanding for the price.,5,1
181,6231,267,925,20230814,5,Great purchase,"Great value. The Battery life exceeded my expectations, would buy again.",4,1
182,6496,13,224,20230825,3,It's okay,"Not bad. Durability is fine, nothing special.",11,1
183,6503,54,2046,20230907,5,Great purchase,Very happy with the NorthPeak Premium Tops. Taste is exactly as described.,2,1
184,6661,152,1140,20230809,4,Great purchase,Solid purchase - Durability is outstanding for the price.,10,1
185,6696,276,2178,20230903,5,Great purchase,Solid purchase - Value for money is outstanding for the price.,1,1
186,6742,135,1213,20230827,2,Not worth it,Disappointed with the Brightware Ultra Appliances. Durability is poor and not worth the money.,1,1
187,6753,295,2145,20230812,4,Great purchase,Very happy with the Zenbyte Signature Headphones. Finish is exactly as described.,7,1
188,6767,295,1771,20230906,4,Great purchase,Very happy with the Zenbyte Signature Headphones. Value for money is exactly as described.,1,1
189,6805,6,1555,20230821,5,Great purchase,Very happy with the Spice Route Classic Tea. Build quality is exactly as described.,0,1
190,6811,249,1040,20230901,2,Not worth it,Would not recommend - Fit was much worse than expected.,0,1
191,6917,79,1317,20230827,5,Great purchase,Solid purchase - Durability is outstanding for the price.,0,1
192,6937,279,794,20230915,4,Great purchase,Very happy with the Glowlab Everyday Shampoo. Finish is exactly as described.,0,1
193,6952,30,1022,20230821,3,It's okay,The Pure Roots Classic Shampoo is okay. Value for money is average but it does the job.,0,1
194,7069,259,1920,20230916,3,It's okay,"Decent product, though Battery life could be better.",0,1
195,7070,253,1920,20230924,3,It's okay,"Decent product, though Battery life could be better.",1,1
196,7075,187,39,20230827,1,Not worth it,Would not recommend - Finish was much worse than expected.,8,1
197,7109,63,1789,20230908,3,It's okay,"Decent product, though Value for money could be better.",5,1
198,7119,249,1142,20230913,4,Great purchase,Solid purchase - Battery life is outstanding for the price.,7,1
199,7157,155,1308,20230923,5,Great purchase,"Great value. The Packaging exceeded my expectations, would buy again.",0,1
200,7190,157,1546,20230830,5,Great purchase,Solid purchase - Finish is outstanding for the price.,0,1
201,7206,295,1609,20230830,3,It's okay,The Zenbyte Signature Headphones is okay. Taste is average but it does the job.,3,1
202,7301,90,131,20230928,3,It's okay,"Decent product, though Fit could be better.",12,1
203,7336,34,1525,20230919,3,It's okay,The Freshfarm Premium Tea is okay. Durability is average but it does the job.,0,1
204,7354,110,703,20230829,4,Great purchase,Absolutely love this GreenLeaf Ultra Rice & Grains. Durability is excellent and it arrived on time.,0,1
205,7388,295,1789,20231001,4,Great purchase,Very happy with the Zenbyte Signature Headphones. Durability is exactly as described.,0,1
206,7410,36,1807,20230831,4,Great purchase,"Great value. The Taste exceeded my expectations, would buy again.",3,1
207,7444,296,1996,20230926,3,It's okay,"Decent product, though Battery life could be better.",7,1
208,7499,79,1187,20231001,4,Great purchase,Solid purchase - Build quality is outstanding for the price.,2,1
209,7529,222,2052,20230831,4,Great purchase,Solid purchase - Battery life is outstanding for the price.,1,1
210,7536,207,1561,20230903,3,It's okay,"Decent product, though Taste could be better.",5,1
211,7551,275,1412,20230920,5,Great purchase,Very happy with the Brightware Pro Tables. Finish is exactly as described.,0,1
212,7580,79,1145,20230911,4,Great purchase,Very happy with the Brightware Eco Storage. Fit is exactly as described.,4,1
213,7659,295,1531,20230910,5,Great purchase,Solid purchase - Build quality is outstanding for the price.,1,1
214,7662,45,1859,20230914,4,Great purchase,Absolutely love this Spice Route Eco Coffee. Taste is excellent and it arrived on time.,1,1
215,7740,14,76,20230926,4,Great purchase,Solid purchase - Taste is outstanding for the price.,0,1
216,7748,211,568,20231010,4,Great purchase,Absolutely love this OakLine Essential Lamps. Battery life is excellent and it arrived on time.,1,1
217,7767,67,666,20230917,2,Not worth it,Disappointed with the Pure Roots Lite Shampoo. Durability is poor and not worth the money.,4,1
218,7778,296,107,20230930,4,Great purchase,"Great value. The Durability exceeded my expectations, would buy again.",6,1
219,7808,116,1330,20231008,3,It's okay,"Decent product, though Value for money could be better.",10,1
220,7832,6,1421,20230930,5,Great purchase,Absolutely love this Spice Route Classic Tea. Battery life is excellent and it arrived on time.,1,1
221,7834,276,1421,20231008,4,Great purchase,Very happy with the Nexora Premium Cases. Fit is exactly as described.,0,1
222,7877,269,335,20231014,3,It's okay,The AudioMint Pro Laptops is okay. Packaging is average but it does the job.,23,1
223,7916,36,2175,20230918,3,It's okay,"Not bad. Taste is fine, nothing special.",0,1
224,7965,116,525,20230916,4,Great purchase,Very happy with the Brightware Essential Chairs. Fit is exactly as described.,3,1
225,7999,36,1602,20230929,3,It's okay,"Not bad. Packaging is fine, nothing special.",9,1
226,8024,293,1245,20231011,4,Great purchase,Very happy with the Freshfarm Pro Snacks. Battery life is exactly as described.,0,1
227,8030,201,1859,20231015,4,Great purchase,Solid purchase - Finish is outstanding for the price.,3,1
228,8047,105,1905,20231007,5,Great purchase,Solid purchase - Build quality is outstanding for the price.,0,1
229,8063,260,1282,20230922,2,Not worth it,Returned it. Durability did not match the listing.,2,1
230,8085,211,1139,20230929,3,It's okay,The OakLine Essential Lamps is okay. Build quality is average but it does the job.,5,1
231,8122,295,877,20231003,4,Great purchase,"Great value. The Packaging exceeded my expectations, would buy again.",3,1
232,8226,207,879,20231007,4,Great purchase,"Great value. The Packaging exceeded my expectations, would buy again.",1,1
233,8246,146,1161,20230930,5,Great purchase,Solid purchase - Packaging is outstanding for the price.,4,1
234,8300,139,667,20231005,4,Great purchase,Absolutely love this UrbanLoom Classic Sandals. Packaging is excellent and it arrived on time.,7,1
235,8338,204,929,20231101,2,Not worth it,Returned it. Finish did not match the listing.,2,1
236,8384,169,642,20230927,5,Great purchase,Very happy with the Pure Roots Eco Hair Oil. Battery life is exactly as described.,1,1
237,8387,260,183,20231029,1,Not worth it,Returned it. Taste did not match the listing.,5,1
238,8442,106,1307,20231011,3,It's okay,"Decent product, though Build quality could be better.",1,1
239,8445,164,1844,20231030,3,It's okay,The GreenLeaf Compact Snacks is okay. Durability is average but it does the job.,0,1
240,8516,229,35,20231108,4,Great purchase,Absolutely love this Spice Route Eco Spices. Fit is excellent and it arrived on time.,0,1
241,8553,273,131,20231101,3,It's okay,"Decent product, though Battery life could be better.",4,1
242,8650,135,944,20231111,2,Not worth it,Disappointed with the Brightware Ultra Appliances. Battery life is poor and not worth the money.,5,1
243,8659,186,103,20231019,4,Great purchase,"Great value. The Finish exceeded my expectations, would buy again.",4,1
244,8686,140,64,20231109,4,Great purchase,Absolutely love this Peakline Premium Yoga Mats. Battery life is excellent and it arrived on time.,6,1
245,8698,295,1139,20231013,5,Great purchase,Absolutely love this Zenbyte Signature Headphones. Battery life is excellent and it arrived on time.,4,1
246,8715,123,191,20231023,3,It's okay,"Decent product, though Packaging could be better.",0,1
247,8751,211,113,20231020,3,It's okay,"Decent product, though Finish could be better.",7,1
248,8752,195,525,20231020,3,It's okay,"Decent product, though Finish could be better.",2,1
249,8762,36,1144,20231105,3,It's okay,"Not bad. Finish is fine, nothing special.",2,1
250,8776,277,372,20231024,4,Great purchase,Absolutely love this CasaNova Everyday Chairs. Durability is excellent and it arrived on time.,2,1
251,8784,36,865,20231026,4,Great purchase,Very happy with the Brightware Classic Cookware. Value for money is exactly as described.,0,1
252,8822,295,1125,20231027,5,Great purchase,Absolutely love this Zenbyte Signature Headphones. Build quality is excellent and it arrived on time.,3,1
253,8823,122,748,20231010,4,Great purchase,Absolutely love this Spice Route Essential Snacks. Taste is excellent and it arrived on time.,7,1
254,8831,9,1411,20231020,1,Not worth it,Returned it. Finish did not match the listing.,1,1
255,8846,80,2052,20231010,5,Great purchase,Solid purchase - Durability is outstanding for the price.,0,1
256,8853,36,544,20231110,3,It's okay,"Not bad. Finish is fine, nothing special.",2,1
257,8873,268,902,20231022,4,Great purchase,Very happy with the TrailMate Essential Backpacks. Fit is exactly as described.,0,1
258,8880,148,309,20231030,4,Great purchase,Absolutely love this Kasturi Everyday Kurtas. Build quality is excellent and it arrived on time.,5,1
259,8959,93,2164,20231025,4,Great purchase,Very happy with the UrbanLoom Compact Sneakers. Finish is exactly as described.,1,1
260,8992,247,2049,20231012,5,Great purchase,Very happy with the OakLine Classic Tables. Value for money is exactly as described.,8,1
261,8996,249,335,20231115,3,It's okay,"Not bad. Fit is fine, nothing special.",2,1
262,9053,45,1668,20231017,3,It's okay,The Spice Route Eco Coffee is okay. Packaging is average but it does the job.,2,1
263,9071,3,495,20231020,1,Not worth it,Returned it. Durability did not match the listing.,3,1
264,9104,96,1330,20231104,5,Great purchase,"Great value. The Fit exceeded my expectations, would buy again.",2,1
265,9117,295,427,20231105,5,Great purchase,Solid purchase - Durability is outstanding for the price.,0,1
266,9134,34,64,20231121,4,Great purchase,"Great value. The Durability exceeded my expectations, would buy again.",9,1
267,9217,49,525,20231122,5,Great purchase,Absolutely love this Velvetique Premium Shampoo. Durability is excellent and it arrived on time.,2,1
268,9226,295,1282,20231021,5,Great purchase,"Great value. The Value for money exceeded my expectations, would buy again.",0,1
269,9246,45,1952,20231108,3,It's okay,The Spice Route Eco Coffee is okay. Taste is average but it does the job.,2,1
270,9248,192,1346,20231109,4,Great purchase,Very happy with the AudioMint Classic Speakers. Fit is exactly as described.,4,1
271,9288,63,2151,20231124,4,Great purchase,Solid purchase - Durability is outstanding for the price.,4,1
272,9312,299,2041,20231108,2,Not worth it,Returned it. Build quality did not match the listing.,4,1
273,9329,36,335,20231020,2,Not worth it,Disappointed with the Brightware Classic Cookware. Value for money is poor and not worth the money.,6,1
274,9374,155,363,20231109,4,Great purchase,"Great value. The Build quality exceeded my expectations, would buy again.",2,1
275,9378,283,1308,20231110,3,It's okay,"Not bad. Value for money is fine, nothing special.",4,1
276,9384,63,2196,20231031,4,Great purchase,Absolutely love this UrbanLoom Everyday T-Shirts. Taste is excellent and it arrived on time.,1,1
277,9407,125,149,20231115,3,It's okay,"Decent product, though Value for money could be better.",2,1
278,9417,115,207,20231030,3,It's okay,"Not bad. Battery life is fine, nothing special.",2,1
279,9442,260,1423,20231025,1,Not worth it,Returned it. Taste did not match the listing.,9,1
280,9534,129,1028,20231111,4,Great purchase,Very happy with the UrbanLoom Ultra Jackets. Taste is exactly as described.,0,1
281,9548,247,1502,20231101,5,Great purchase,Solid purchase - Value for money is outstanding for the price.,7,1
282,9568,36,335,20231109,3,It's okay,"Decent product, though Packaging could be better.",3,1
283,9581,279,745,20231120,3,It's okay,"Not bad. Value for money is fine, nothing special.",5,1
284,9686,3,1943,20231106,5,Great purchase,Solid purchase - Finish is outstanding for the price.,0,1
285,9709,76,913,20231127,5,Great purchase,Solid purchase - Finish is outstanding for the price.,12,1
286,9724,49,113,20231101,4,Great purchase,Very happy with the Velvetique Premium Shampoo. Battery life is exactly as described.,1,1
287,9736,45,1258,20231203,3,It's okay,"Not bad. Packaging is fine, nothing special.",3,1
288,9790,146,394,20231119,4,Great purchase,Absolutely love this Daily Bowl Premium Spices. Durability is excellent and it arrived on time.,2,1
289,9793,211,1258,20231128,2,Not worth it,Disappointed with the OakLine Essential Lamps. Value for money is poor and not worth the money.,3,1
290,9829,140,525,20231206,4,Great purchase,Absolutely love this Peakline Premium Yoga Mats. Value for money is excellent and it arrived on time.,3,1
291,9850,260,1833,20231130,3,It's okay,"Not bad. Fit is fine, nothing special.",1,1
292,9876,116,741,20231120,3,It's okay,"Not bad. Durability is fine, nothing special.",6,1
293,9886,211,718,20231113,4,Great purchase,Absolutely love this OakLine Essential Lamps. Battery life is excellent and it arrived on time.,12,1
294,9898,260,299,20231128,4,Great purchase,Very happy with the UrbanLoom Premium Boots. Packaging is exactly as described.,2,1
295,9902,295,653,20231104,3,It's okay,"Not bad. Durability is fine, nothing special.",0,1
296,9927,156,1855,20231113,5,Great purchase,Very happy with the Kasturi Premium Jeans. Packaging is exactly as described.,0,1
297,9933,163,1583,20231207,4,Great purchase,Absolutely love this Glowlab Lite Hair Oil. Durability is excellent and it arrived on time.,4,1
298,9934,211,1122,20231113,3,It's okay,The OakLine Essential Lamps is okay. Taste is average but it does the job.,0,1
299,9974,259,890,20231202,4,Great purchase,Very happy with the Stridefit Lite Yoga Mats. Packaging is exactly as described.,0,1
300,9987,140,748,20231125,5,Great purchase,"Great value. The Finish exceeded my expectations, would buy again.",0,1
301,9992,295,444,20231206,4,Great purchase,Absolutely love this Zenbyte Signature Headphones. Packaging is excellent and it arrived on time.,1,1
302,10090,139,1307,20231121,3,It's okay,"Not bad. Durability is fine, nothing special.",1,1
303,10114,241,748,20231120,5,Great purchase,"Great value. The Value for money exceeded my expectations, would buy again.",8,1
304,10147,155,1248,20231114,5,Great purchase,Solid purchase - Value for money is outstanding for the price.,2,1
305,10215,295,1431,20231211,4,Great purchase,Solid purchase - Taste is outstanding for the price.,0,1
306,10218,47,1280,20231128,4,Great purchase,"Great value. The Battery life exceeded my expectations, would buy again.",2,1
307,10250,36,1307,20231208,4,Great purchase,Solid purchase - Durability is outstanding for the price.,2,1
308,10316,36,700,20231130,3,It's okay,The Brightware Classic Cookware is okay. Finish is average but it does the job.,3,1
309,10332,136,30,20231130,4,Great purchase,Very happy with the GreenLeaf Eco Spices. Packaging is exactly as described.,1,1
310,10366,145,2164,20231217,3,It's okay,The Kasturi Eco Jeans is okay. Durability is average but it does the job.,3,1
311,10388,278,2023,20231116,5,Great purchase,"Great value. The Taste exceeded my expectations, would buy again.",0,1
312,10425,211,185,20231215,2,Not worth it,Disappointed with the OakLine Essential Lamps. Fit is poor and not worth the money.,1,1
313,10465,45,1412,20231211,3,It's okay,"Decent product, though Value for money could be better.",9,1
314,10476,295,1329,20231122,5,Great purchase,Absolutely love this Zenbyte Signature Headphones. Battery life is excellent and it arrived on time.,1,1
315,10502,19,741,20231214,2,Not worth it,Would not recommend - Packaging was much worse than expected.,6,1
316,10545,36,648,20231119,3,It's okay,"Decent product, though Durability could be better.",1,1
317,10557,295,1078,20231203,3,It's okay,"Not bad. Battery life is fine, nothing special.",0,1
318,10575,34,1075,20231221,4,Great purchase,"Great value. The Finish exceeded my expectations, would buy again.",3,1
319,10599,36,925,20231208,4,Great purchase,Solid purchase - Build quality is outstanding for the price.,3,1
320,10617,24,1789,20231130,4,Great purchase,Absolutely love this Peakline Everyday Water Bottles. Packaging is excellent and it arrived on time.,6,1
321,10623,273,139,20231222,2,Not worth it,Returned it. Packaging did not match the listing.,0,1
322,10688,79,1842,20231221,5,Great purchase,Very happy with the Brightware Eco Storage. Fit is exactly as described.,1,1
323,10705,211,1404,20231208,4,Great purchase,Absolutely love this OakLine Essential Lamps. Fit is excellent and it arrived on time.,0,1
324,10725,140,4,20231202,4,Great purchase,Very happy with the Peakline Premium Yoga Mats. Build quality is exactly as described.,0,1
325,10796,187,849,20231205,4,Great purchase,Absolutely love this Freshfarm Eco Rice & Grains. Build quality is excellent and it arrived on time.,0,1
326,10823,45,748,20231213,4,Great purchase,Solid purchase - Value for money is outstanding for the price.,0,1
327,10824,39,2150,20231219,4,Great purchase,Absolutely love this CasaNova Pro Cushions. Value for money is excellent and it arrived on time.,8,1
328,10852,295,1404,20231121,4,Great purchase,"Great value. The Build quality exceeded my expectations, would buy again.",1,1
329,10859,175,1078,20231224,4,Great purchase,Absolutely love this Peakline Eco Yoga Mats. Value for money is excellent and it arrived on time.,4,1
330,10903,295,2248,20231210,3,It's okay,"Decent product, though Packaging could be better.",2,1
331,10908,235,476,20231129,4,Great purchase,Very happy with the OakLine Classic Lamps. Battery life is exactly as described.,0,1
332,10949,84,1296,20231214,4,Great purchase,Solid purchase - Build quality is outstanding for the price.,4,1
333,10953,247,1842,20231216,5,Great purchase,Absolutely love this OakLine Classic Tables. Fit is excellent and it arrived on time.,5,1
334,10993,116,2041,20231218,3,It's okay,"Not bad. Packaging is fine, nothing special.",0,1
335,11079,36,745,20231214,5,Great purchase,Solid purchase - Taste is outstanding for the price.,0,1
336,11212,159,1128,20231211,3,It's okay,"Not bad. Value for money is fine, nothing special.",14,1
337,11223,243,1423,20231225,3,It's okay,"Not bad. Fit is fine, nothing special.",3,1
338,11244,79,890,20231216,4,Great purchase,Very happy with the Brightware Eco Storage. Fit is exactly as described.,0,1
339,11266,265,1162,20231222,5,Great purchase,Absolutely love this Nexora Compact Cases. Battery life is excellent and it arrived on time.,9,1
340,11276,146,1175,20231213,5,Great purchase,Solid purchase - Packaging is outstanding for the price.,0,1
341,11283,36,944,20231130,4,Great purchase,Absolutely love this Brightware Classic Cookware. Build quality is excellent and it arrived on time.,1,1
342,11345,241,1054,20231211,3,It's okay,"Not bad. Packaging is fine, nothing special.",1,1
343,11352,36,1546,20231216,5,Great purchase,Solid purchase - Fit is outstanding for the price.,0,1
344,11359,295,1455,20231218,5,Great purchase,Very happy with the Zenbyte Signature Headphones. Fit is exactly as described.,12,1
345,11368,125,318,20231217,3,It's okay,The Daily Bowl Eco Snacks is okay. Battery life is average but it does the job.,1,1
346,11411,140,1276,20231229,5,Great purchase,Absolutely love this Peakline Premium Yoga Mats. Finish is excellent and it arrived on time.,2,1
347,11418,36,485,20231225,5,Great purchase,"Great value. The Battery life exceeded my expectations, would buy again.",0,1
348,11423,101,261,20231221,4,Great purchase,Absolutely love this GreenLeaf Essential Spices. Value for money is excellent and it arrived on time.,1,1
349,11424,146,261,20231209,3,It's okay,"Not bad. Value for money is fine, nothing special.",2,1
350,11430,66,39,20240106,3,It's okay,"Not bad. Battery life is fine, nothing special.",5,1
351,11446,125,745,20240102,3,It's okay,"Not bad. Durability is fine, nothing special.",0,1
352,11462,146,827,20231214,3,It's okay,The Daily Bowl Premium Spices is okay. Battery life is average but it does the job.,0,1
353,11468,247,1583,20231220,4,Great purchase,Absolutely love this OakLine Classic Tables. Fit is excellent and it arrived on time.,0,1
354,11483,211,2149,20231220,2,Not worth it,Would not recommend - Battery life was much worse than expected.,2,1
355,11508,79,682,20231203,3,It's okay,"Not bad. Value for money is fine, nothing special.",8,1
356,11591,96,1431,20231222,5,Great purchase,Absolutely love this CasaNova Everyday Chairs. Packaging is excellent and it arrived on time.,1,1
357,11592,25,1431,20240108,4,Great purchase,Very happy with the Threadwell Lite Boots. Durability is exactly as described.,1,1
358,11603,228,6,20231225,3,It's okay,"Decent product, though Durability could be better.",0,1
359,11664,96,255,20240107,5,Great purchase,Very happy with the CasaNova Everyday Chairs. Fit is exactly as described.,3,1
360,11699,272,1666,20231212,4,Great purchase,Absolutely love this Daily Bowl Compact Tea. Packaging is excellent and it arrived on time.,7,1
361,11709,70,2179,20231231,5,Great purchase,Solid purchase - Taste is outstanding for the price.,0,1
362,11719,276,1638,20231220,5,Great purchase,"Great value. The Packaging exceeded my expectations, would buy again.",20,1
363,11728,250,990,20231225,3,It's okay,"Not bad. Taste is fine, nothing special.",1,1
364,11779,182,2063,20231213,4,Great purchase,Absolutely love this Threadwell Signature Kurtas. Battery life is excellent and it arrived on time.,9,1
365,11818,36,890,20240110,3,It's okay,The Brightware Classic Cookware is okay. Value for money is average but it does the job.,2,1
366,11825,140,1065,20240109,5,Great purchase,"Great value. The Build quality exceeded my expectations, would buy again.",0,1
367,11872,140,741,20240106,5,Great purchase,Very happy with the Peakline Premium Yoga Mats. Durability is exactly as described.,2,1
368,11902,211,2179,20240112,2,Not worth it,Returned it. Finish did not match the listing.,2,1
369,11995,167,1187,20240106,4,Great purchase,Absolutely love this Hearthstone Everyday Wall Art. Fit is excellent and it arrived on time.,0,1
370,11999,63,2083,20231226,4,Great purchase,Solid purchase - Packaging is outstanding for the price.,1,1
371,12020,295,1198,20240114,3,It's okay,"Not bad. Value for money is fine, nothing special.",2,1
372,12093,260,748,20231223,4,Great purchase,Absolutely love this UrbanLoom Premium Boots. Taste is excellent and it arrived on time.,0,1
373,12104,211,1248,20240108,4,Great purchase,Solid purchase - Taste is outstanding for the price.,3,1
374,12109,295,208,20240108,3,It's okay,"Not bad. Packaging is fine, nothing special.",3,1
375,12157,140,2164,20240117,5,Great purchase,"Great value. The Taste exceeded my expectations, would buy again.",1,1
376,12187,260,739,20240106,3,It's okay,The UrbanLoom Premium Boots is okay. Build quality is average but it does the job.,12,1
377,12283,300,1807,20240119,4,Great purchase,Absolutely love this OakLine Everyday Storage. Fit is excellent and it arrived on time.,0,1
378,12284,36,1807,20240118,4,Great purchase,Absolutely love this Brightware Classic Cookware. Finish is excellent and it arrived on time.,0,1
379,12350,36,1156,20231222,3,It's okay,"Not bad. Packaging is fine, nothing special.",6,1
380,12359,255,2164,20240121,3,It's okay,The Velvetique Lite Sunscreen is okay. Fit is average but it does the job.,0,1
381,12360,135,2164,20240121,2,Not worth it,Disappointed with the Brightware Ultra Appliances. Value for money is poor and not worth the money.,0,1
382,12457,36,485,20231223,4,Great purchase,Solid purchase - Value for money is outstanding for the price.,4,1
383,12527,45,1282,20231225,3,It's okay,"Not bad. Build quality is fine, nothing special.",0,1
384,12545,37,955,20231224,5,Great purchase,Very happy with the Freshfarm Classic Coffee. Finish is exactly as described.,0,1
385,12595,34,981,20231230,5,Great purchase,Solid purchase - Finish is outstanding for the price.,14,1
386,12614,259,341,20240121,3,It's okay,"Not bad. Fit is fine, nothing special.",2,1
387,12615,6,341,20240105,5,Great purchase,Very happy with the Spice Route Classic Tea. Build quality is exactly as described.,0,1
388,12633,123,376,20240122,3,It's okay,"Decent product, though Fit could be better.",0,1
389,12635,295,740,20240107,5,Great purchase,Very happy with the Zenbyte Signature Headphones. Battery life is exactly as described.,1,1
390,12698,6,690,20240116,4,Great purchase,Solid purchase - Battery life is outstanding for the price.,4,1
391,12720,219,2178,20231231,5,Great purchase,Solid purchase - Value for money is outstanding for the price.,1,1
392,12731,260,2048,20240129,3,It's okay,"Decent product, though Taste could be better.",0,1
393,12750,139,785,20231227,4,Great purchase,Solid purchase - Battery life is outstanding for the price.,0,1
394,12778,154,1423,20231228,4,Great purchase,Absolutely love this Zenbyte Essential Headphones. Taste is excellent and it arrived on time.,0,1
395,12840,259,1923,20240119,4,Great purchase,"Great value. The Taste exceeded my expectations, would buy again.",12,1
396,12856,116,507,20240106,5,Great purchase,Very happy with the Brightware Essential Chairs. Finish is exactly as described.,8,1
397,12922,36,2193,20240128,2,Not worth it,Would not recommend - Taste was much worse than expected.,0,1
398,12946,295,2244,20231231,5,Great purchase,Solid purchase - Battery life is outstanding for the price.,0,1
399,12954,211,670,20231229,4,Great purchase,Solid purchase - Value for money is outstanding for the price.,3,1
400,12966,36,39,20240102,2,Not worth it,Would not recommend - Packaging was much worse than expected.,5,1
401,12973,226,407,20240119,5,Great purchase,Very happy with the NorthPeak Essential Boots. Value for money is exactly as described.,4,1
402,13001,295,1282,20240117,5,Great purchase,Solid purchase - Fit is outstanding for the price.,2,1
403,13021,63,2063,20240110,5,Great purchase,Solid purchase - Durability is outstanding for the price.,0,1
404,13052,295,796,20240107,5,Great purchase,Very happy with the Zenbyte Signature Headphones. Battery life is exactly as described.,0,1
405,13068,80,299,20240119,5,Great purchase,"Great value. The Taste exceeded my expectations, would buy again.",1,1
406,13078,37,718,20231230,2,Not worth it,Would not recommend - Finish was much worse than expected.,0,1
407,13098,211,2067,20240104,4,Great purchase,"Great value. The Fit exceeded my expectations, would buy again.",2,1
408,13134,125,507,20240106,3,It's okay,"Decent product, though Fit could be better.",5,1
409,13159,36,789,20240112,4,Great purchase,Very happy with the Brightware Classic Cookware. Finish is exactly as described.,8,1
410,13197,295,1976,20240131,3,It's okay,The Zenbyte Signature Headphones is okay. Finish is average but it does the job.,6,1
411,13278,3,247,20240110,4,Great purchase,Absolutely love this Threadwell Ultra Sandals. Battery life is excellent and it arrived on time.,0,1
412,13287,36,221,20240120,5,Great purchase,"Great value. The Packaging exceeded my expectations, would buy again.",3,1
413,13300,295,2171,20240207,4,Great purchase,Solid purchase - Taste is outstanding for the price.,1,1
414,13347,36,1829,20240209,3,It's okay,The Brightware Classic Cookware is okay. Packaging is average but it does the job.,0,1
415,13397,295,1140,20240207,5,Great purchase,Absolutely love this Zenbyte Signature Headphones. Packaging is excellent and it arrived on time.,6,1
416,13400,295,745,20240119,4,Great purchase,"Great value. The Fit exceeded my expectations, would buy again.",3,1
417,13436,191,183,20240208,5,Great purchase,Solid purchase - Finish is outstanding for the price.,0,1
418,13460,152,2013,20240128,5,Great purchase,Absolutely love this Threadwell Eco Dresses. Battery life is excellent and it arrived on time.,1,1
419,13462,229,1140,20240108,2,Not worth it,Would not recommend - Taste was much worse than expected.,5,1
420,13470,36,1330,20240125,4,Great purchase,Solid purchase - Value for money is outstanding for the price.,7,1
421,13481,45,2029,20240128,3,It's okay,The Spice Route Eco Coffee is okay. Battery life is average but it does the job.,4,1
422,13566,247,1282,20240124,2,Not worth it,Would not recommend - Build quality was much worse than expected.,10,1
423,13603,36,1734,20240118,5,Great purchase,"Great value. The Fit exceeded my expectations, would buy again.",1,1
424,13646,292,1353,20240117,4,Great purchase,"Great value. The Build quality exceeded my expectations, would buy again.",3,1
425,13658,36,2179,20240215,3,It's okay,"Not bad. Packaging is fine, nothing special.",0,1
426,13706,36,1234,20240115,5,Great purchase,Solid purchase - Build quality is outstanding for the price.,1,1
427,13745,295,47,20240128,3,It's okay,The Zenbyte Signature Headphones is okay. Packaging is average but it does the job.,10,1
428,13747,125,47,20240211,4,Great purchase,Solid purchase - Battery life is outstanding for the price.,1,1
429,13752,105,1308,20240216,4,Great purchase,Absolutely love this OakLine Signature Tables. Durability is excellent and it arrived on time.,6,1
430,13768,6,870,20240217,3,It's okay,"Decent product, though Packaging could be better.",7,1
431,13778,95,2063,20240212,3,It's okay,"Decent product, though Finish could be better.",6,1
432,13833,105,2044,20240221,5,Great purchase,Solid purchase - Packaging is outstanding for the price.,2,1
433,13842,80,991,20240206,5,Great purchase,"Great value. The Finish exceeded my expectations, would buy again.",5,1
434,13846,295,990,20240127,3,It's okay,The Zenbyte Signature Headphones is okay. Taste is average but it does the job.,20,1
435,13856,45,913,20240205,4,Great purchase,Absolutely love this Spice Route Eco Coffee. Finish is excellent and it arrived on time.,4,1
436,13884,36,546,20240122,5,Great purchase,Very happy with the Brightware Classic Cookware. Taste is exactly as described.,5,1
437,13885,295,546,20240120,3,It's okay,"Decent product, though Value for money could be better.",10,1
438,13965,267,136,20240218,3,It's okay,The Voltix Classic Monitors is okay. Fit is average but it does the job.,6,1
439,13991,36,1828,20240211,5,Great purchase,"Great value. The Packaging exceeded my expectations, would buy again.",0,1
440,14015,121,7,20240204,4,Great purchase,"Great value. The Finish exceeded my expectations, would buy again.",2,1
441,14016,66,138,20240215,4,Great purchase,Very happy with the Nexora Pro Headphones. Value for money is exactly as described.,0,1
442,14028,116,635,20240210,2,Not worth it,Disappointed with the Brightware Essential Chairs. Taste is poor and not worth the money.,4,1
443,14038,216,576,20240224,5,Great purchase,"Great value. The Value for money exceeded my expectations, would buy again.",1,1
444,14057,164,1943,20240127,2,Not worth it,Returned it. Build quality did not match the listing.,1,1
445,14162,36,901,20240127,4,Great purchase,Solid purchase - Battery life is outstanding for the price.,1,1
446,14206,144,745,20240214,4,Great purchase,Very happy with the Freshfarm Lite Snacks. Finish is exactly as described.,5,1
447,14285,295,1308,20240224,3,It's okay,The Zenbyte Signature Headphones is okay. Value for money is average but it does the job.,10,1
448,14340,295,1996,20240211,2,Not worth it,Disappointed with the Zenbyte Signature Headphones. Battery life is poor and not worth the money.,1,1
449,14344,168,1308,20240204,2,Not worth it,Returned it. Packaging did not match the listing.,1,1
450,14356,292,1049,20240206,5,Great purchase,Solid purchase - Finish is outstanding for the price.,0,1
451,14367,295,1675,20240224,2,Not worth it,Returned it. Value for money did not match the listing.,11,1
452,14419,295,229,20240228,4,Great purchase,"Great value. The Packaging exceeded my expectations, would buy again.",6,1
453,14435,295,319,20240229,4,Great purchase,"Great value. The Taste exceeded my expectations, would buy again.",13,1
454,14444,211,2113,20240223,5,Great purchase,Very happy with the OakLine Essential Lamps. Value for money is exactly as described.,1,1
455,14456,36,294,20240214,3,It's okay,"Not bad. Battery life is fine, nothing special.",0,1
456,14460,140,1618,20240203,4,Great purchase,Very happy with the Peakline Premium Yoga Mats. Finish is exactly as described.,2,1
457,14468,295,1025,20240302,4,Great purchase,Very happy with the Zenbyte Signature Headphones. Packaging is exactly as described.,0,1
458,14487,260,1595,20240205,4,Great purchase,"Great value. The Durability exceeded my expectations, would buy again.",0,1
459,14494,211,2171,20240214,1,Not worth it,Would not recommend - Taste was much worse than expected.,7,1
460,14520,295,726,20240225,4,Great purchase,Very happy with the Zenbyte Signature Headphones. Battery life is exactly as described.,0,1
461,14535,36,1440,20240212,3,It's okay,"Not bad. Durability is fine, nothing special.",1,1
462,14550,36,2069,20240304,4,Great purchase,"Great value. The Battery life exceeded my expectations, would buy again.",1,1
463,14559,258,1315,20240308,4,Great purchase,Absolutely love this Stridefit Pro Water Bottles. Durability is excellent and it arrived on time.,0,1
464,14600,247,312,20240228,5,Great purchase,Absolutely love this OakLine Classic Tables. Packaging is excellent and it arrived on time.,1,1
465,14615,45,796,20240306,2,Not worth it,Would not recommend - Taste was much worse than expected.,9,1
466,14634,116,1992,20240227,4,Great purchase,Very happy with the Brightware Essential Chairs. Packaging is exactly as described.,1,1
467,14661,153,804,20240302,4,Great purchase,"Great value. The Finish exceeded my expectations, would buy again.",5,1
468,14699,67,1855,20240229,2,Not worth it,Would not recommend - Build quality was much worse than expected.,6,1
469,14700,63,1855,20240313,5,Great purchase,Very happy with the UrbanLoom Everyday T-Shirts. Build quality is exactly as described.,0,1
470,14717,16,1307,20240218,4,Great purchase,Very happy with the Freshfarm Compact Coffee. Value for money is exactly as described.,3,1
471,14742,36,1130,20240306,3,It's okay,"Not bad. Finish is fine, nothing special.",2,1
472,14786,36,1909,20240316,4,Great purchase,Solid purchase - Durability is outstanding for the price.,2,1
473,14822,211,745,20240311,5,Great purchase,Absolutely love this OakLine Essential Lamps. Packaging is excellent and it arrived on time.,8,1
474,14829,36,1573,20240227,5,Great purchase,Absolutely love this Brightware Classic Cookware. Finish is excellent and it arrived on time.,6,1
475,14837,36,1412,20240311,4,Great purchase,"Great value. The Build quality exceeded my expectations, would buy again.",3,1
476,14842,92,236,20240217,2,Not worth it,Would not recommend - Packaging was much worse than expected.,0,1
477,14887,40,737,20240229,3,It's okay,"Not bad. Taste is fine, nothing special.",0,1
478,14933,36,42,20240321,4,Great purchase,Solid purchase - Fit is outstanding for the price.,7,1
479,14939,272,313,20240229,5,Great purchase,"Great value. The Packaging exceeded my expectations, would buy again.",0,1
480,14979,295,1350,20240223,4,Great purchase,"Great value. The Battery life exceeded my expectations, would buy again.",1,1
481,15029,269,2065,20240324,5,Great purchase,"Great value. The Battery life exceeded my expectations, would buy again.",0,1
482,15045,166,1308,20240309,4,Great purchase,Solid purchase - Value for money is outstanding for the price.,1,1
483,15083,295,1307,20240324,3,It's okay,The Zenbyte Signature Headphones is okay. Finish is average but it does the job.,3,1
484,15216,124,653,20240324,3,It's okay,"Not bad. Durability is fine, nothing special.",0,1
485,15243,260,64,20240317,3,It's okay,The UrbanLoom Premium Boots is okay. Fit is average but it does the job.,0,1
486,15264,36,1307,20240308,5,Great purchase,Solid purchase - Fit is outstanding for the price.,2,1
487,15316,95,2150,20240331,3,It's okay,"Not bad. Taste is fine, nothing special.",0,1
488,15321,227,2250,20240312,4,Great purchase,"Great value. The Fit exceeded my expectations, would buy again.",1,1
489,15329,26,1213,20240309,5,Great purchase,Absolutely love this Spice Route Compact Juices. Fit is excellent and it arrived on time.,9,1
490,15371,295,1794,20240326,4,Great purchase,Solid purchase - Taste is outstanding for the price.,0,1
491,15420,93,2229,20240317,4,Great purchase,Solid purchase - Durability is outstanding for the price.,6,1
492,15436,122,364,20240311,5,Great purchase,Solid purchase - Build quality is outstanding for the price.,2,1
493,15452,45,1142,20240412,2,Not worth it,Would not recommend - Packaging was much worse than expected.,1,1
494,15492,291,1204,20240318,2,Not worth it,Returned it. Packaging did not match the listing.,1,1
495,15539,36,383,20240331,5,Great purchase,"Great value. The Value for money exceeded my expectations, would buy again.",0,1
496,15540,35,1028,20240314,5,Great purchase,Very happy with the Glowlab Lite Hair Oil. Value for money is exactly as described.,0,1
497,15546,36,420,20240322,4,Great purchase,Solid purchase - Value for money is outstanding for the price.,3,1
498,15555,295,1370,20240402,3,It's okay,"Not bad. Durability is fine, nothing special.",1,1
499,15595,32,1852,20240325,5,Great purchase,"Great value. The Fit exceeded my expectations, would buy again.",0,1
500,15639,157,1561,20240325,4,Great purchase,"Great value. The Durability exceeded my expectations, would buy again.",4,1
501,15651,211,879,20240328,2,Not worth it,Disappointed with the OakLine Essential Lamps. Fit is poor and not worth the money.,15,1
502,15664,34,2183,20240416,5,Great purchase,Very happy with the Freshfarm Premium Tea. Battery life is exactly as described.,0,1
503,15672,218,1635,20240411,4,Great purchase,Very happy with the Glowlab Lite Sunscreen. Packaging is exactly as described.,1,1
504,15691,115,2128,20240312,3,It's okay,The NorthPeak Essential Boots is okay. Build quality is average but it does the job.,2,1
505,15760,45,865,20240408,3,It's okay,"Decent product, though Value for money could be better.",4,1
506,15793,211,463,20240416,3,It's okay,The OakLine Essential Lamps is okay. Build quality is average but it does the job.,0,1
507,15818,45,335,20240421,3,It's okay,"Not bad. Build quality is fine, nothing special.",1,1
508,15852,271,1652,20240404,3,It's okay,The Pure Roots Ultra Hair Oil is okay. Value for money is average but it does the job.,2,1
509,15883,49,1502,20240405,5,Great purchase,Absolutely love this Velvetique Premium Shampoo. Durability is excellent and it arrived on time.,4,1
510,15957,93,131,20240328,4,Great purchase,Very happy with the UrbanLoom Compact Sneakers. Battery life is exactly as described.,9,1
511,15992,295,48,20240401,4,Great purchase,"Great value. The Taste exceeded my expectations, would buy again.",8,1
512,16024,116,549,20240326,3,It's okay,The Brightware Essential Chairs is okay. Battery life is average but it does the job.,2,1
513,16029,295,1035,20240418,3,It's okay,"Not bad. Fit is fine, nothing special.",7,1
514,16033,36,1082,20240412,5,Great purchase,Absolutely love this Brightware Classic Cookware. Value for money is excellent and it arrived on time.,0,1
515,16048,254,1789,20240403,3,It's okay,"Not bad. Packaging is fine, nothing special.",5,1
516,16049,80,1789,20240331,4,Great purchase,Very happy with the Freshfarm Compact Coffee. Battery life is exactly as described.,4,1
517,16094,199,726,20240406,4,Great purchase,Very happy with the NorthPeak Lite Sneakers. Battery life is exactly as described.,2,1
518,16104,66,319,20240401,3,It's okay,"Not bad. Build quality is fine, nothing special.",2,1
519,16136,36,1365,20240416,4,Great purchase,Solid purchase - Value for money is outstanding for the price.,4,1
520,16186,155,2063,20240428,5,Great purchase,Solid purchase - Value for money is outstanding for the price.,1,1
521,16228,295,1789,20240402,5,Great purchase,"Great value. The Value for money exceeded my expectations, would buy again.",0,1
522,16274,36,748,20240410,4,Great purchase,"Great value. The Taste exceeded my expectations, would buy again.",2,1
523,16287,27,1864,20240503,3,It's okay,"Not bad. Value for money is fine, nothing special.",2,1
524,16296,36,295,20240411,4,Great purchase,"Great value. The Battery life exceeded my expectations, would buy again.",0,1
525,16304,79,1140,20240407,5,Great purchase,Very happy with the Brightware Eco Storage. Battery life is exactly as described.,2,1
526,16330,172,88,20240505,3,It's okay,"Decent product, though Build quality could be better.",0,1
527,16351,102,1511,20240404,4,Great purchase,Absolutely love this AudioMint Lite Keyboards. Finish is excellent and it arrived on time.,0,1
528,16365,199,149,20240425,4,Great purchase,"Great value. The Packaging exceeded my expectations, would buy again.",0,1
529,16387,116,476,20240423,3,It's okay,The Brightware Essential Chairs is okay. Durability is average but it does the job.,0,1
530,16407,134,2063,20240416,4,Great purchase,Absolutely love this OakLine Pro Shelves. Packaging is excellent and it arrived on time.,1,1
531,16469,295,1142,20240423,4,Great purchase,Very happy with the Zenbyte Signature Headphones. Finish is exactly as described.,1,1
532,16497,295,1817,20240422,3,It's okay,"Decent product, though Build quality could be better.",1,1
533,16503,79,1518,20240501,4,Great purchase,Absolutely love this Brightware Eco Storage. Taste is excellent and it arrived on time.,2,1
534,16506,162,1922,20240424,3,It's okay,"Decent product, though Value for money could be better.",4,1
535,16527,295,2171,20240507,4,Great purchase,Very happy with the Zenbyte Signature Headphones. Taste is exactly as described.,0,1
536,16532,247,891,20240429,5,Great purchase,Solid purchase - Battery life is outstanding for the price.,4,1
537,16555,130,748,20240426,5,Great purchase,Absolutely love this CasaNova Ultra Cushions. Finish is excellent and it arrived on time.,6,1
538,16570,36,526,20240511,4,Great purchase,Very happy with the Brightware Classic Cookware. Finish is exactly as described.,1,1
539,16571,80,526,20240424,4,Great purchase,Solid purchase - Battery life is outstanding for the price.,2,1
540,16591,36,1020,20240511,4,Great purchase,Solid purchase - Fit is outstanding for the price.,0,1
541,16615,265,2216,20240516,4,Great purchase,Absolutely love this Nexora Compact Cases. Value for money is excellent and it arrived on time.,2,1
542,16631,228,1025,20240413,5,Great purchase,Solid purchase - Battery life is outstanding for the price.,2,1
543,16713,249,229,20240412,2,Not worth it,Would not recommend - Value for money was much worse than expected.,6,1
544,16716,36,1282,20240430,3,It's okay,"Not bad. Build quality is fine, nothing special.",7,1
545,16726,231,745,20240417,4,Great purchase,Absolutely love this Velvetique Signature Hair Oil. Finish is excellent and it arrived on time.,2,1
546,16780,160,1789,20240420,3,It's okay,"Decent product, though Taste could be better.",3,1
547,16808,124,306,20240507,4,Great purchase,Absolutely love this Spice Route Lite Coffee. Packaging is excellent and it arrived on time.,7,1
548,16867,95,1307,20240509,3,It's okay,"Decent product, though Value for money could be better.",0,1
549,16874,30,2044,20240503,5,Great purchase,Very happy with the Pure Roots Classic Shampoo. Battery life is exactly as described.,2,1
550,16900,300,39,20240504,4,Great purchase,Solid purchase - Battery life is outstanding for the price.,2,1
551,16953,274,22,20240514,2,Not worth it,Disappointed with the Freshfarm Pro Snacks. Packaging is poor and not worth the money.,4,1
552,16976,211,42,20240523,3,It's okay,The OakLine Essential Lamps is okay. Value for money is average but it does the job.,1,1
553,17003,115,2054,20240525,3,It's okay,"Not bad. Fit is fine, nothing special.",2,1
554,17016,227,2239,20240421,4,Great purchase,Solid purchase - Build quality is outstanding for the price.,3,1
555,17019,45,1067,20240420,2,Not worth it,Returned it. Taste did not match the listing.,0,1
556,17020,36,1067,20240507,4,Great purchase,Solid purchase - Finish is outstanding for the price.,0,1
557,17060,211,2193,20240508,4,Great purchase,"Great value. The Taste exceeded my expectations, would buy again.",0,1
558,17155,23,1636,20240511,2,Not worth it,Returned it. Fit did not match the listing.,7,1
559,17167,166,224,20240517,4,Great purchase,"Great value. The Finish exceeded my expectations, would buy again.",1,1
560,17195,195,39,20240514,2,Not worth it,Disappointed with the NorthPeak Lite Jackets. Taste is poor and not worth the money.,2,1
561,17230,157,1645,20240514,5,Great purchase,Absolutely love this Threadwell Classic Dresses. Finish is excellent and it arrived on time.,0,1
562,17261,295,1380,20240430,4,Great purchase,Absolutely love this Zenbyte Signature Headphones. Durability is excellent and it arrived on time.,5,1
563,17263,36,1187,20240512,3,It's okay,"Not bad. Fit is fine, nothing special.",5,1
564,17268,295,39,20240517,4,Great purchase,Very happy with the Zenbyte Signature Headphones. Durability is exactly as described.,3,1
565,17307,227,440,20240528,4,Great purchase,Absolutely love this Kasturi Eco Sandals. Finish is excellent and it arrived on time.,2,1
566,17356,105,1139,20240512,5,Great purchase,"Great value. The Durability exceeded my expectations, would buy again.",3,1
567,17376,169,1401,20240524,5,Great purchase,Very happy with the Pure Roots Eco Hair Oil. Build quality is exactly as described.,0,1
568,17380,295,446,20240502,4,Great purchase,Absolutely love this Zenbyte Signature Headphones. Taste is excellent and it arrived on time.,4,1
569,17394,211,470,20240506,3,It's okay,The OakLine Essential Lamps is okay. Taste is average but it does the job.,7,1
570,17442,125,2087,20240517,3,It's okay,"Decent product, though Durability could be better.",0,1
571,17495,45,1412,20240529,3,It's okay,"Not bad. Battery life is fine, nothing special.",2,1
572,17537,80,890,20240530,4,Great purchase,Absolutely love this Freshfarm Compact Coffee. Fit is excellent and it arrived on time.,0,1
573,17538,295,890,20240531,5,Great purchase,Absolutely love this Zenbyte Signature Headphones. Packaging is excellent and it arrived on time.,4,1
574,17608,155,177,20240523,5,Great purchase,Solid purchase - Finish is outstanding for the price.,1,1
575,17668,283,526,20240518,5,Great purchase,Solid purchase - Durability is outstanding for the price.,10,1
576,17699,195,653,20240521,2,Not worth it,Disappointed with the NorthPeak Lite Jackets. Finish is poor and not worth the money.,2,1
577,17716,272,437,20240515,2,Not worth it,Returned it. Taste did not match the listing.,4,1
578,17735,45,331,20240513,4,Great purchase,Absolutely love this Spice Route Eco Coffee. Taste is excellent and it arrived on time.,1,1
579,17809,79,1258,20240514,3,It's okay,"Decent product, though Fit could be better.",0,1
580,17812,36,1282,20240513,5,Great purchase,"Great value. The Value for money exceeded my expectations, would buy again.",1,1
581,17829,247,64,20240522,4,Great purchase,"Great value. The Value for money exceeded my expectations, would buy again.",0,1
582,17833,50,1353,20240529,5,Great purchase,Solid purchase - Battery life is outstanding for the price.,7,1
583,17845,277,1224,20240514,3,It's okay,"Decent product, though Build quality could be better.",0,1
584,17885,36,1789,20240603,4,Great purchase,Very happy with the Brightware Classic Cookware. Value for money is exactly as described.,1,1
585,17911,247,955,20240602,5,Great purchase,Very happy with the OakLine Classic Tables. Value for money is exactly as described.,7,1
586,17978,36,1007,20240525,2,Not worth it,Returned it. Build quality did not match the listing.,0,1
587,17986,140,540,20240523,5,Great purchase,Very happy with the Peakline Premium Yoga Mats. Durability is exactly as described.,5,1
588,18028,187,1372,20240622,5,Great purchase,Absolutely love this Freshfarm Eco Rice & Grains. Build quality is excellent and it arrived on time.,0,1
589,18074,238,139,20240525,5,Great purchase,Absolutely love this Hearthstone Signature Lamps. Fit is excellent and it arrived on time.,1,1
590,18079,211,1843,20240617,1,Not worth it,Disappointed with the OakLine Essential Lamps. Build quality is poor and not worth the money.,3,1
591,18098,36,332,20240615,4,Great purchase,"Great value. The Finish exceeded my expectations, would buy again.",2,1
592,18112,219,1092,20240608,5,Great purchase,Very happy with the OakLine Lite Storage. Build quality is exactly as described.,1,1
593,18126,260,2118,20240526,4,Great purchase,Very happy with the UrbanLoom Premium Boots. Fit is exactly as described.,13,1
594,18129,296,1526,20240622,2,Not worth it,Disappointed with the AudioMint Lite Speakers. Fit is poor and not worth the money.,0,1
595,18131,3,647,20240526,4,Great purchase,Solid purchase - Fit is outstanding for the price.,0,1
596,18151,63,39,20240608,5,Great purchase,"Great value. The Battery life exceeded my expectations, would buy again.",0,1
597,18165,121,1412,20240603,3,It's okay,"Decent product, though Battery life could be better.",0,1
598,18182,49,1308,20240618,4,Great purchase,Absolutely love this Velvetique Premium Shampoo. Packaging is excellent and it arrived on time.,0,1
599,18188,155,1308,20240613,4,Great purchase,"Great value. The Finish exceeded my expectations, would buy again.",0,1
600,18306,45,1922,20240610,3,It's okay,"Decent product, though Battery life could be better.",3,1
601,18310,155,1922,20240628,4,Great purchase,"Great value. The Fit exceeded my expectations, would buy again.",3,1
602,18312,116,2252,20240606,3,It's okay,"Decent product, though Battery life could be better.",3,1
603,18334,80,745,20240602,4,Great purchase,"Great value. The Fit exceeded my expectations, would buy again.",0,1
604,18443,63,1583,20240606,5,Great purchase,Absolutely love this UrbanLoom Everyday T-Shirts. Build quality is excellent and it arrived on time.,1,1
605,18490,116,482,20240602,4,Great purchase,Absolutely love this Brightware Essential Chairs. Taste is excellent and it arrived on time.,4,1
606,18549,211,1889,20240607,5,Great purchase,Absolutely love this OakLine Essential Lamps. Build quality is excellent and it arrived on time.,1,1
607,18588,125,208,20240621,4,Great purchase,Solid purchase - Battery life is outstanding for the price.,1,1
608,18600,140,1855,20240609,4,Great purchase,Very happy with the Peakline Premium Yoga Mats. Value for money is exactly as described.,1,1
609,18603,36,897,20240611,4,Great purchase,Absolutely love this Brightware Classic Cookware. Value for money is excellent and it arrived on time.,0,1
610,18608,45,668,20240708,2,Not worth it,Disappointed with the Spice Route Eco Coffee. Fit is poor and not worth the money.,4,1
611,18646,295,694,20240702,3,It's okay,"Not bad. Fit is fine, nothing special.",3,1
612,18674,237,1855,20240628,3,It's okay,"Decent product, though Battery life could be better.",1,1
613,18677,295,1565,20240623,3,It's okay,The Zenbyte Signature Headphones is okay. Build quality is average but it does the job.,5,1
614,18760,211,2113,20240614,4,Great purchase,"Great value. The Battery life exceeded my expectations, would buy again.",2,1
615,18766,277,798,20240609,5,Great purchase,Very happy with the CasaNova Everyday Chairs. Finish is exactly as described.,4,1
616,18785,259,162,20240618,2,Not worth it,Would not recommend - Fit was much worse than expected.,1,1
617,18885,187,309,20240614,3,It's okay,"Decent product, though Battery life could be better.",0,1
618,18900,162,1030,20240717,4,Great purchase,"Great value. The Fit exceeded my expectations, would buy again.",0,1
619,18954,295,2090,20240615,4,Great purchase,Solid purchase - Build quality is outstanding for the price.,5,1
620,19043,125,913,20240623,4,Great purchase,Absolutely love this Daily Bowl Eco Snacks. Finish is excellent and it arrived on time.,1,1
621,19050,120,2171,20240719,5,Great purchase,Absolutely love this OakLine Premium Storage. Fit is excellent and it arrived on time.,4,1
622,19122,295,796,20240629,3,It's okay,The Zenbyte Signature Headphones is okay. Durability is average but it does the job.,1,1
623,19153,36,319,20240715,5,Great purchase,"Great value. The Taste exceeded my expectations, would buy again.",0,1
624,19158,271,748,20240709,4,Great purchase,Absolutely love this Pure Roots Ultra Hair Oil. Finish is excellent and it arrived on time.,5,1
625,19205,55,1811,20240622,4,Great purchase,Solid purchase - Fit is outstanding for the price.,0,1
626,19211,187,902,20240715,3,It's okay,The Freshfarm Eco Rice & Grains is okay. Finish is average but it does the job.,5,1
627,19222,114,1282,20240709,5,Great purchase,Solid purchase - Packaging is outstanding for the price.,0,1
628,19244,159,1372,20240712,3,It's okay,"Decent product, though Packaging could be better.",3,1
629,19279,116,1218,20240726,4,Great purchase,Absolutely love this Brightware Essential Chairs. Packaging is excellent and it arrived on time.,2,1
630,19331,152,1611,20240728,5,Great purchase,"Great value. The Fit exceeded my expectations, would buy again.",4,1
631,19347,80,1955,20240625,5,Great purchase,Solid purchase - Fit is outstanding for the price.,0,1
632,19353,260,1507,20240715,2,Not worth it,Returned it. Taste did not match the listing.,1,1
633,19361,178,1837,20240702,5,Great purchase,Very happy with the Threadwell Pro Sneakers. Taste is exactly as described.,3,1
634,19364,146,496,20240729,3,It's okay,"Decent product, though Taste could be better.",0,1
635,19405,243,1176,20240707,5,Great purchase,"Great value. The Fit exceeded my expectations, would buy again.",4,1
636,19438,116,299,20240706,4,Great purchase,"Great value. The Build quality exceeded my expectations, would buy again.",0,1
637,19457,116,139,20240731,5,Great purchase,Very happy with the Brightware Essential Chairs. Battery life is exactly as described.,2,1
638,19509,140,155,20240721,4,Great purchase,Solid purchase - Value for money is outstanding for the price.,5,1
639,19571,260,2065,20240706,4,Great purchase,Absolutely love this UrbanLoom Premium Boots. Finish is excellent and it arrived on time.,1,1
640,19593,23,1332,20240713,4,Great purchase,"Great value. The Taste exceeded my expectations, would buy again.",9,1
641,19600,90,739,20240706,5,Great purchase,Absolutely love this AudioMint Premium Cases. Battery life is excellent and it arrived on time.,8,1
642,19711,211,1138,20240810,4,Great purchase,"Great value. The Build quality exceeded my expectations, would buy again.",1,1
643,19731,130,808,20240724,3,It's okay,"Not bad. Fit is fine, nothing special.",2,1
644,19756,260,1933,20240722,4,Great purchase,Very happy with the UrbanLoom Premium Boots. Battery life is exactly as described.,1,1
645,19758,140,578,20240720,3,It's okay,The Peakline Premium Yoga Mats is okay. Fit is average but it does the job.,1,1
646,19772,295,1025,20240810,5,Great purchase,Absolutely love this Zenbyte Signature Headphones. Build quality is excellent and it arrived on time.,2,1
647,19933,166,2001,20240804,4,Great purchase,Absolutely love this Pure Roots Signature Moisturisers. Fit is excellent and it arrived on time.,3,1
648,19948,36,396,20240802,3,It's okay,"Decent product, though Fit could be better.",3,1
649,19968,45,529,20240811,3,It's okay,"Not bad. Durability is fine, nothing special.",7,1
650,19987,295,1771,20240808,2,Not worth it,Would not recommend - Value for money was much worse than expected.,4,1
651,20049,106,798,20240802,4,Great purchase,Solid purchase - Finish is outstanding for the price.,2,1
652,20062,278,1842,20240728,3,It's okay,The UrbanLoom Lite Sandals is okay. Build quality is average but it does the job.,2,1
653,20090,300,745,20240811,4,Great purchase,"Great value. The Build quality exceeded my expectations, would buy again.",6,1
654,20106,28,109,20240816,3,It's okay,"Decent product, though Build quality could be better.",4,1
655,20140,246,1843,20240723,5,Great purchase,Very happy with the UrbanLoom Essential T-Shirts. Value for money is exactly as described.,8,1
656,20181,277,706,20240805,3,It's okay,"Not bad. Finish is fine, nothing special.",0,1
657,20243,295,700,20240728,5,Great purchase,Very happy with the Zenbyte Signature Headphones. Durability is exactly as described.,4,1
658,20253,49,648,20240805,4,Great purchase,Absolutely love this Velvetique Premium Shampoo. Value for money is excellent and it arrived on time.,0,1
659,20317,146,2023,20240824,4,Great purchase,"Great value. The Taste exceeded my expectations, would buy again.",0,1
660,20335,227,90,20240814,4,Great purchase,Solid purchase - Packaging is outstanding for the price.,5,1
661,20345,295,1866,20240825,5,Great purchase,Very happy with the Zenbyte Signature Headphones. Durability is exactly as described.,4,1
662,20372,295,1193,20240727,3,It's okay,The Zenbyte Signature Headphones is okay. Fit is average but it does the job.,2,1
663,20378,36,400,20240810,4,Great purchase,Solid purchase - Value for money is outstanding for the price.,3,1
664,20405,146,64,20240816,5,Great purchase,Absolutely love this Daily Bowl Premium Spices. Build quality is excellent and it arrived on time.,1,1
665,20407,229,745,20240725,4,Great purchase,Absolutely love this Spice Route Eco Spices. Value for money is excellent and it arrived on time.,2,1
666,20505,140,1307,20240816,3,It's okay,"Not bad. Fit is fine, nothing special.",1,1
667,20522,295,1312,20240825,4,Great purchase,Very happy with the Zenbyte Signature Headphones. Packaging is exactly as described.,2,1
668,20526,260,1789,20240807,1,Not worth it,Returned it. Packaging did not match the listing.,3,1
669,20534,185,861,20240811,3,It's okay,The Voltix Signature Speakers is okay. Build quality is average but it does the job.,1,1
670,20561,55,723,20240827,4,Great purchase,Very happy with the Brightware Pro Cushions. Packaging is exactly as described.,10,1
671,20576,90,1282,20240806,5,Great purchase,Very happy with the AudioMint Premium Cases. Packaging is exactly as described.,0,1
672,20581,66,1140,20240826,2,Not worth it,Returned it. Value for money did not match the listing.,4,1
673,20588,140,1049,20240810,3,It's okay,"Decent product, though Fit could be better.",0,1
674,20594,36,1066,20240824,4,Great purchase,Solid purchase - Build quality is outstanding for the price.,3,1
675,20623,155,1282,20240823,4,Great purchase,Very happy with the TrailMate Eco Backpacks. Durability is exactly as described.,11,1
676,20626,295,953,20240811,3,It's okay,The Zenbyte Signature Headphones is okay. Battery life is average but it does the job.,2,1
677,20632,36,306,20240831,4,Great purchase,"Great value. The Build quality exceeded my expectations, would buy again.",5,1
678,20652,177,814,20240904,4,Great purchase,Very happy with the Velvetique Compact Shampoo. Battery life is exactly as described.,1,1
679,20665,295,507,20240815,5,Great purchase,Solid purchase - Finish is outstanding for the price.,1,1
680,20707,295,957,20240826,5,Great purchase,Very happy with the Zenbyte Signature Headphones. Fit is exactly as described.,6,1
681,20751,34,1812,20240820,3,It's okay,"Not bad. Finish is fine, nothing special.",6,1
682,20755,36,447,20240910,2,Not worth it,Disappointed with the Brightware Classic Cookware. Taste is poor and not worth the money.,3,1
683,20793,238,1894,20240905,4,Great purchase,"Great value. The Durability exceeded my expectations, would buy again.",0,1
684,20865,295,741,20240913,5,Great purchase,"Great value. The Build quality exceeded my expectations, would buy again.",0,1
685,20874,36,136,20240912,3,It's okay,"Not bad. Finish is fine, nothing special.",4,1
686,20886,24,925,20240903,4,Great purchase,Solid purchase - Battery life is outstanding for the price.,7,1
687,20888,6,925,20240904,5,Great purchase,Solid purchase - Durability is outstanding for the price.,4,1
688,20949,295,528,20240824,4,Great purchase,"Great value. The Fit exceeded my expectations, would buy again.",3,1
689,21013,102,463,20240909,3,It's okay,"Not bad. Packaging is fine, nothing special.",0,1
690,21018,168,1789,20240912,5,Great purchase,Very happy with the NorthPeak Essential Jeans. Build quality is exactly as described.,0,1
691,21020,188,628,20240910,3,It's okay,"Not bad. Battery life is fine, nothing special.",0,1
692,21021,91,628,20240905,2,Not worth it,Returned it. Finish did not match the listing.,1,1
693,21094,193,748,20240826,4,Great purchase,Very happy with the Daily Bowl Essential Spices. Taste is exactly as described.,4,1
694,21130,39,180,20240914,2,Not worth it,Would not recommend - Build quality was much worse than expected.,0,1
695,21180,36,1477,20240902,4,Great purchase,Solid purchase - Durability is outstanding for the price.,2,1
696,21200,36,1526,20240911,5,Great purchase,Very happy with the Brightware Classic Cookware. Finish is exactly as described.,8,1
697,21263,295,1308,20240909,5,Great purchase,Solid purchase - Finish is outstanding for the price.,5,1
698,21269,146,328,20240917,4,Great purchase,Solid purchase - Battery life is outstanding for the price.,5,1
699,21295,116,1007,20240901,3,It's okay,"Decent product, though Durability could be better.",2,1
700,21374,140,2199,20240919,4,Great purchase,Absolutely love this Peakline Premium Yoga Mats. Build quality is excellent and it arrived on time.,2,1
701,21416,271,55,20240905,4,Great purchase,Solid purchase - Packaging is outstanding for the price.,2,1
702,21434,27,1306,20240905,5,Great purchase,"Great value. The Taste exceeded my expectations, would buy again.",0,1
703,21521,247,761,20240918,4,Great purchase,Very happy with the OakLine Classic Tables. Taste is exactly as described.,3,1
704,21595,75,872,20240922,2,Not worth it,Would not recommend - Durability was much worse than expected.,0,1
705,21606,87,1138,20240929,5,Great purchase,Very happy with the Zenbyte Everyday Headphones. Fit is exactly as described.,1,1
706,21636,45,2063,20240908,3,It's okay,"Not bad. Build quality is fine, nothing special.",11,1
707,21653,211,1706,20240831,4,Great purchase,Solid purchase - Finish is outstanding for the price.,4,1
708,21655,293,1706,20240909,5,Great purchase,"Great value. The Battery life exceeded my expectations, would buy again.",4,1
709,21657,148,1706,20240916,4,Great purchase,Absolutely love this Kasturi Everyday Kurtas. Value for money is excellent and it arrived on time.,3,1
710,21666,232,335,20240922,3,It's okay,"Decent product, though Battery life could be better.",2,1
711,21687,159,1007,20240915,3,It's okay,"Decent product, though Finish could be better.",3,1
712,21696,295,294,20240929,4,Great purchase,"Great value. The Durability exceeded my expectations, would buy again.",0,1
713,21707,247,1498,20240917,5,Great purchase,"Great value. The Taste exceeded my expectations, would buy again.",1,1
714,21708,105,1498,20240829,5,Great purchase,Solid purchase - Taste is outstanding for the price.,5,1
715,21728,169,203,20240923,4,Great purchase,Very happy with the Pure Roots Eco Hair Oil. Build quality is exactly as described.,1,1
716,21849,202,2045,20240910,5,Great purchase,"Great value. The Fit exceeded my expectations, would buy again.",0,1
717,21852,23,1789,20241003,2,Not worth it,Returned it. Packaging did not match the listing.,10,1
718,21910,249,653,20240911,3,It's okay,"Decent product, though Durability could be better.",0,1
719,21915,87,208,20240929,5,Great purchase,"Great value. The Battery life exceeded my expectations, would buy again.",2,1
720,21972,116,1942,20240910,5,Great purchase,Absolutely love this Brightware Essential Chairs. Taste is excellent and it arrived on time.,18,1
721,21988,67,1609,20240905,4,Great purchase,"Great value. The Durability exceeded my expectations, would buy again.",11,1
722,22033,295,2164,20240910,4,Great purchase,Solid purchase - Durability is outstanding for the price.,3,1
723,22041,36,1011,20241014,5,Great purchase,Solid purchase - Durability is outstanding for the price.,0,1
724,22044,295,1866,20241013,4,Great purchase,"Great value. The Fit exceeded my expectations, would buy again.",8,1
725,22055,172,471,20241014,3,It's okay,The Nexora Premium Keyboards is okay. Fit is average but it does the job.,6,1
726,22091,146,261,20241010,2,Not worth it,Disappointed with the Daily Bowl Premium Spices. Packaging is poor and not worth the money.,6,1
727,22093,36,1713,20240928,4,Great purchase,Very happy with the Brightware Classic Cookware. Build quality is exactly as described.,0,1
728,22111,128,1486,20241012,5,Great purchase,Very happy with the Voltix Essential Speakers. Value for money is exactly as described.,0,1
729,22132,36,1521,20240917,5,Great purchase,Absolutely love this Brightware Classic Cookware. Value for money is excellent and it arrived on time.,0,1
730,22139,295,41,20240918,3,It's okay,"Decent product, though Value for money could be better.",0,1
731,22143,288,427,20241010,4,Great purchase,"Great value. The Durability exceeded my expectations, would buy again.",4,1
732,22146,295,1135,20241008,3,It's okay,"Decent product, though Fit could be better.",1,1
733,22159,202,852,20241012,2,Not worth it,Disappointed with the Voltix Essential Headphones. Packaging is poor and not worth the money.,2,1
734,22182,270,23,20241001,3,It's okay,"Decent product, though Packaging could be better.",7,1
735,22253,97,2063,20241014,2,Not worth it,Disappointed with the NorthPeak Everyday Kurtas. Battery life is poor and not worth the money.,3,1
736,22264,173,39,20240927,4,Great purchase,Absolutely love this Glowlab Lite Sunscreen. Packaging is excellent and it arrived on time.,2,1
737,22288,260,965,20241008,1,Not worth it,Returned it. Fit did not match the listing.,5,1
738,22353,79,1920,20240917,5,Great purchase,Solid purchase - Packaging is outstanding for the price.,1,1
739,22358,296,1174,20241022,2,Not worth it,Returned it. Value for money did not match the listing.,0,1
740,22361,202,1174,20241012,4,Great purchase,Absolutely love this Voltix Essential Headphones. Finish is excellent and it arrived on time.,3,1
741,22494,295,1308,20241017,4,Great purchase,Solid purchase - Value for money is outstanding for the price.,3,1
742,22583,116,1523,20241015,3,It's okay,"Not bad. Battery life is fine, nothing special.",4,1
743,22584,114,2047,20241022,3,It's okay,"Not bad. Battery life is fine, nothing special.",4,1
744,22646,6,1940,20241023,5,Great purchase,Absolutely love this Spice Route Classic Tea. Finish is excellent and it arrived on time.,1,1
745,22693,294,868,20241101,4,Great purchase,Absolutely love this OakLine Ultra Cushions. Finish is excellent and it arrived on time.,1,1
746,22697,140,713,20241029,5,Great purchase,Solid purchase - Fit is outstanding for the price.,3,1
747,22698,79,713,20241008,4,Great purchase,Solid purchase - Battery life is outstanding for the price.,0,1
748,22715,211,640,20241019,3,It's okay,"Decent product, though Packaging could be better.",2,1
749,22719,141,723,20241015,4,Great purchase,Solid purchase - Fit is outstanding for the price.,18,1
750,22766,36,2171,20241021,5,Great purchase,Solid purchase - Value for money is outstanding for the price.,11,1
751,22771,260,598,20241005,3,It's okay,The UrbanLoom Premium Boots is okay. Durability is average but it does the job.,5,1
752,22780,268,1187,20241029,2,Not worth it,Would not recommend - Taste was much worse than expected.,0,1
753,22788,202,1142,20241020,4,Great purchase,"Great value. The Fit exceeded my expectations, would buy again.",1,1
754,22856,71,1435,20241029,4,Great purchase,Very happy with the Spice Route Compact Tea. Battery life is exactly as described.,1,1
755,22871,295,1025,20241008,4,Great purchase,Solid purchase - Fit is outstanding for the price.,3,1
756,22886,295,1667,20241101,3,It's okay,"Not bad. Build quality is fine, nothing special.",1,1
757,22912,295,1740,20241103,4,Great purchase,Very happy with the Zenbyte Signature Headphones. Fit is exactly as described.,0,1
758,22964,101,1630,20241028,5,Great purchase,Absolutely love this GreenLeaf Essential Spices. Battery life is excellent and it arrived on time.,0,1
759,22971,105,95,20241011,4,Great purchase,Very happy with the OakLine Signature Tables. Battery life is exactly as described.,0,1
760,23006,58,775,20241020,4,Great purchase,"Great value. The Fit exceeded my expectations, would buy again.",3,1
761,23132,295,1948,20241103,5,Great purchase,Very happy with the Zenbyte Signature Headphones. Fit is exactly as described.,0,1
762,23145,140,519,20241110,5,Great purchase,Very happy with the Peakline Premium Yoga Mats. Finish is exactly as described.,3,1
763,23172,295,1252,20241110,2,Not worth it,Would not recommend - Battery life was much worse than expected.,1,1
764,23206,97,39,20241018,5,Great purchase,Absolutely love this NorthPeak Everyday Kurtas. Build quality is excellent and it arrived on time.,3,1
765,23227,45,549,20241023,2,Not worth it,Disappointed with the Spice Route Eco Coffee. Finish is poor and not worth the money.,5,1
766,23230,116,793,20241008,4,Great purchase,Very happy with the Brightware Essential Chairs. Durability is exactly as described.,13,1
767,23251,199,1996,20241018,3,It's okay,The NorthPeak Lite Sneakers is okay. Finish is average but it does the job.,4,1
768,23332,211,2117,20241027,2,Not worth it,Returned it. Taste did not match the listing.,6,1
769,23347,135,1168,20241031,3,It's okay,The Brightware Ultra Appliances is okay. Battery life is average but it does the job.,5,1
770,23350,295,713,20241103,4,Great purchase,"Great value. The Durability exceeded my expectations, would buy again.",0,1
771,23364,146,2102,20241012,5,Great purchase,Solid purchase - Finish is outstanding for the price.,7,1
772,23384,36,400,20241026,4,Great purchase,Solid purchase - Value for money is outstanding for the price.,1,1
773,23390,28,594,20241022,4,Great purchase,Solid purchase - Taste is outstanding for the price.,0,1
774,23436,45,868,20241012,2,Not worth it,Disappointed with the Spice Route Eco Coffee. Finish is poor and not worth the money.,4,1
775,23441,36,982,20241021,4,Great purchase,"Great value. The Finish exceeded my expectations, would buy again.",1,1
776,23487,295,1404,20241019,4,Great purchase,"Great value. The Fit exceeded my expectations, would buy again.",0,1
777,23585,227,2049,20241021,4,Great purchase,Absolutely love this Kasturi Eco Sandals. Durability is excellent and it arrived on time.,2,1
778,23601,291,2078,20241112,3,It's okay,"Not bad. Value for money is fine, nothing special.",9,1
779,23625,289,1842,20241121,5,Great purchase,Absolutely love this Spice Route Pro Tea. Finish is excellent and it arrived on time.,4,1
780,23668,260,335,20241112,3,It's okay,The UrbanLoom Premium Boots is okay. Finish is average but it does the job.,0,1
781,23682,136,2231,20241113,3,It's okay,The GreenLeaf Eco Spices is okay. Durability is average but it does the job.,1,1
782,23700,155,454,20241117,5,Great purchase,Absolutely love this TrailMate Eco Backpacks. Durability is excellent and it arrived on time.,0,1
783,23793,243,1785,20241029,5,Great purchase,Very happy with the GreenLeaf Compact Juices. Finish is exactly as described.,1,1
784,23820,75,400,20241111,2,Not worth it,Returned it. Fit did not match the listing.,1,1
785,23824,255,1959,20241025,2,Not worth it,Returned it. Build quality did not match the listing.,1,1
786,23895,153,1412,20241123,3,It's okay,"Decent product, though Fit could be better.",0,1
787,23919,41,225,20241126,4,Great purchase,Very happy with the Zenbyte Pro Smartphones. Packaging is exactly as described.,9,1
788,23922,123,708,20241025,4,Great purchase,"Great value. The Finish exceeded my expectations, would buy again.",0,1
789,23925,295,511,20241123,3,It's okay,"Not bad. Value for money is fine, nothing special.",10,1
790,23947,36,427,20241031,4,Great purchase,Absolutely love this Brightware Classic Cookware. Battery life is excellent and it arrived on time.,6,1
791,23998,45,1140,20241102,3,It's okay,"Decent product, though Value for money could be better.",2,1
792,24032,95,1620,20241024,3,It's okay,"Not bad. Durability is fine, nothing special.",0,1
793,24063,55,804,20241029,4,Great purchase,"Great value. The Battery life exceeded my expectations, would buy again.",3,1
794,24211,36,2193,20241123,4,Great purchase,Absolutely love this Brightware Classic Cookware. Durability is excellent and it arrived on time.,3,1
795,24244,295,2063,20241112,4,Great purchase,Very happy with the Zenbyte Signature Headphones. Finish is exactly as described.,0,1
796,24245,140,2063,20241120,5,Great purchase,Absolutely love this Peakline Premium Yoga Mats. Durability is excellent and it arrived on time.,0,1
797,24257,51,865,20241203,5,Great purchase,Very happy with the Stridefit Premium Water Bottles. Build quality is exactly as described.,2,1
798,24264,36,346,20241028,5,Great purchase,Solid purchase - Fit is outstanding for the price.,6,1
799,24300,174,476,20241101,3,It's okay,The NorthPeak Classic Boots is okay. Finish is average but it does the job.,0,1
800,24316,295,740,20241104,4,Great purchase,Very happy with the Zenbyte Signature Headphones. Finish is exactly as described.,1,1
801,24323,247,189,20241110,4,Great purchase,Solid purchase - Value for money is outstanding for the price.,1,1
802,24341,276,414,20241102,5,Great purchase,"Great value. The Finish exceeded my expectations, would buy again.",28,1
803,24346,146,295,20241106,4,Great purchase,"Great value. The Battery life exceeded my expectations, would buy again.",0,1
804,24417,260,1139,20241207,3,It's okay,"Decent product, though Build quality could be better.",1,1
805,24457,105,1041,20241113,3,It's okay,"Not bad. Battery life is fine, nothing special.",9,1
806,24498,95,586,20241206,2,Not worth it,Would not recommend - Value for money was much worse than expected.,1,1
807,24580,45,1770,20241118,3,It's okay,The Spice Route Eco Coffee is okay. Durability is average but it does the job.,0,1
808,24586,295,1308,20241122,4,Great purchase,Absolutely love this Zenbyte Signature Headphones. Packaging is excellent and it arrived on time.,3,1
809,24596,90,511,20241118,5,Great purchase,Absolutely love this AudioMint Premium Cases. Finish is excellent and it arrived on time.,4,1
810,24669,137,1025,20241120,5,Great purchase,Absolutely love this Zenbyte Eco Monitors. Fit is excellent and it arrived on time.,11,1
811,24744,192,204,20241209,5,Great purchase,"Great value. The Value for money exceeded my expectations, would buy again.",1,1
812,24763,4,278,20241130,3,It's okay,"Decent product, though Taste could be better.",7,1
813,24780,156,745,20241117,5,Great purchase,"Great value. The Battery life exceeded my expectations, would buy again.",1,1
814,24825,140,913,20241206,5,Great purchase,Absolutely love this Peakline Premium Yoga Mats. Durability is excellent and it arrived on time.,2,1
815,24873,260,389,20241201,2,Not worth it,Disappointed with the UrbanLoom Premium Boots. Build quality is poor and not worth the money.,1,1
816,24875,34,38,20241207,4,Great purchase,Absolutely love this Freshfarm Premium Tea. Packaging is excellent and it arrived on time.,1,1
817,24931,295,306,20241123,5,Great purchase,Very happy with the Zenbyte Signature Headphones. Fit is exactly as described.,0,1
818,24972,140,240,20241114,5,Great purchase,"Great value. The Taste exceeded my expectations, would buy again.",2,1
819,24980,36,1352,20241212,5,Great purchase,"Great value. The Build quality exceeded my expectations, would buy again.",0,1
820,24981,140,1352,20241205,4,Great purchase,Very happy with the Peakline Premium Yoga Mats. Durability is exactly as described.,1,1
821,25005,125,39,20241114,4,Great purchase,"Great value. The Fit exceeded my expectations, would buy again.",1,1
822,25053,36,208,20241112,3,It's okay,The Brightware Classic Cookware is okay. Taste is average but it does the job.,6,1
823,25056,174,691,20241214,5,Great purchase,Very happy with the NorthPeak Classic Boots. Battery life is exactly as described.,1,1
824,25161,6,2041,20241208,5,Great purchase,Very happy with the Spice Route Classic Tea. Finish is exactly as described.,5,1
825,25169,36,1020,20241213,5,Great purchase,"Great value. The Finish exceeded my expectations, would buy again.",1,1
826,25198,31,170,20241214,4,Great purchase,"Great value. The Taste exceeded my expectations, would buy again.",11,1
827,25378,36,1423,20241206,4,Great purchase,"Great value. The Finish exceeded my expectations, would buy again.",1,1
828,25382,36,1432,20241203,4,Great purchase,Solid purchase - Packaging is outstanding for the price.,2,1
829,25385,45,680,20241130,4,Great purchase,Solid purchase - Taste is outstanding for the price.,1,1
830,25387,295,680,20241125,5,Great purchase,"Great value. The Value for money exceeded my expectations, would buy again.",5,1
831,25398,295,42,20241208,5,Great purchase,"Great value. The Fit exceeded my expectations, would buy again.",4,1
832,25412,179,2004,20241129,2,Not worth it,Would not recommend - Durability was much worse than expected.,0,1
833,25459,36,2147,20241223,4,Great purchase,Very happy with the Brightware Classic Cookware. Fit is exactly as described.,5,1
834,25486,146,2179,20241125,4,Great purchase,Very happy with the Daily Bowl Premium Spices. Finish is exactly as described.,1,1
835,25492,146,1187,20241117,4,Great purchase,Absolutely love this Daily Bowl Premium Spices. Value for money is excellent and it arrived on time.,1,1
836,25523,132,95,20241129,3,It's okay,"Decent product, though Fit could be better.",5,1
837,25525,80,229,20241218,5,Great purchase,Very happy with the Freshfarm Compact Coffee. Durability is exactly as described.,9,1
838,25532,123,758,20241129,3,It's okay,"Not bad. Finish is fine, nothing special.",1,1
839,25539,260,2063,20241208,3,It's okay,"Decent product, though Build quality could be better.",7,1
840,25552,211,1789,20241214,4,Great purchase,Absolutely love this OakLine Essential Lamps. Value for money is excellent and it arrived on time.,1,1
841,25553,41,1789,20241122,3,It's okay,The Zenbyte Pro Smartphones is okay. Value for money is average but it does the job.,0,1
842,25608,136,1307,20241219,4,Great purchase,Solid purchase - Value for money is outstanding for the price.,3,1
843,25634,241,519,20241218,5,Great purchase,"Great value. The Build quality exceeded my expectations, would buy again.",4,1
844,25636,295,619,20241130,3,It's okay,The Zenbyte Signature Headphones is okay. Value for money is average but it does the job.,4,1
845,25663,36,2063,20241223,4,Great purchase,"Great value. The Build quality exceeded my expectations, would buy again.",0,1
846,25670,109,295,20241213,3,It's okay,The OakLine Classic Storage is okay. Battery life is average but it does the job.,4,1
847,25702,63,1483,20241218,5,Great purchase,Absolutely love this UrbanLoom Everyday T-Shirts. Packaging is excellent and it arrived on time.,3,1
848,25758,295,107,20241215,5,Great purchase,Solid purchase - Build quality is outstanding for the price.,1,1
849,25759,150,107,20241210,3,It's okay,"Decent product, though Packaging could be better.",13,1
850,25804,36,748,20241203,4,Great purchase,Very happy with the Brightware Classic Cookware. Durability is exactly as described.,2,1
851,25813,36,507,20241223,5,Great purchase,Very happy with the Brightware Classic Cookware. Durability is exactly as described.,10,1
852,25851,51,1789,20241214,4,Great purchase,"Great value. The Value for money exceeded my expectations, would buy again.",2,1
853,25957,232,1295,20241202,3,It's okay,The Brightware Pro Lamps is okay. Value for money is average but it does the job.,5,1
854,25984,97,1856,20241222,5,Great purchase,"Great value. The Taste exceeded my expectations, would buy again.",0,1
855,26045,295,1187,20241205,3,It's okay,"Decent product, though Durability could be better.",2,1
856,26092,36,1404,20241219,4,Great purchase,Absolutely love this Brightware Classic Cookware. Fit is excellent and it arrived on time.,20,1
857,26102,295,1145,20241211,4,Great purchase,"Great value. The Durability exceeded my expectations, would buy again.",2,1
858,26166,45,804,20241219,2,Not worth it,Returned it. Taste did not match the listing.,5,1
859,26212,224,1467,20241214,5,Great purchase,Absolutely love this Voltix Essential Speakers. Finish is excellent and it arrived on time.,0,1
860,26249,220,437,20241221,5,Great purchase,"Great value. The Durability exceeded my expectations, would buy again.",3,1
861,26262,295,933,20241227,3,It's okay,"Decent product, though Taste could be better.",1,1
862,26305,260,2171,20241220,3,It's okay,The UrbanLoom Premium Boots is okay. Finish is average but it does the job.,2,1
863,26348,295,1498,20241203,4,Great purchase,Solid purchase - Battery life is outstanding for the price.,2,1
864,26386,26,519,20241215,5,Great purchase,Very happy with the Spice Route Compact Juices. Build quality is exactly as described.,8,1
865,26447,51,1642,20241230,3,It's okay,"Decent product, though Battery life could be better.",0,1
866,26509,244,833,20241203,4,Great purchase,"Great value. The Durability exceeded my expectations, would buy again.",5,1
867,26550,35,879,20250104,5,Great purchase,Solid purchase - Taste is outstanding for the price.,3,1
868,26682,92,334,20250103,5,Great purchase,Absolutely love this Velvetique Lite Hair Oil. Fit is excellent and it arrived on time.,0,1
869,26717,36,263,20241223,5,Great purchase,Solid purchase - Battery life is outstanding for the price.,0,1
870,26722,66,793,20241231,4,Great purchase,Very happy with the Nexora Pro Headphones. Build quality is exactly as described.,1,1
871,26759,36,700,20241206,5,Great purchase,"Great value. The Finish exceeded my expectations, would buy again.",10,1
872,26765,260,1926,20250106,2,Not worth it,Disappointed with the UrbanLoom Premium Boots. Build quality is poor and not worth the money.,3,1
873,26784,194,4,20241210,4,Great purchase,Very happy with the OakLine Classic Cushions. Taste is exactly as described.,3,1
874,26899,273,1866,20241214,4,Great purchase,Absolutely love this Freshfarm Signature Rice & Grains. Value for money is excellent and it arrived on time.,1,1
875,26915,255,422,20250110,3,It's okay,"Not bad. Durability is fine, nothing special.",0,1
876,26930,47,903,20241215,3,It's okay,"Not bad. Finish is fine, nothing special.",3,1
877,26931,226,95,20250104,4,Great purchase,Very happy with the NorthPeak Essential Boots. Build quality is exactly as described.,1,1
878,27001,105,1409,20241224,5,Great purchase,Very happy with the OakLine Signature Tables. Fit is exactly as described.,6,1
879,27004,35,411,20250115,3,It's okay,The Glowlab Lite Hair Oil is okay. Finish is average but it does the job.,4,1
880,27022,155,1789,20241214,4,Great purchase,Absolutely love this TrailMate Eco Backpacks. Packaging is excellent and it arrived on time.,0,1
881,27025,102,1431,20241222,4,Great purchase,Very happy with the AudioMint Lite Keyboards. Battery life is exactly as described.,3,1
882,27058,116,441,20241221,4,Great purchase,Solid purchase - Build quality is outstanding for the price.,4,1
883,27079,140,745,20241225,5,Great purchase,Solid purchase - Battery life is outstanding for the price.,2,1
884,27086,211,2167,20250106,3,It's okay,"Not bad. Build quality is fine, nothing special.",4,1
885,27177,229,1187,20241222,2,Not worth it,Would not recommend - Fit was much worse than expected.,0,1
886,27198,36,1909,20241224,5,Great purchase,"Great value. The Packaging exceeded my expectations, would buy again.",0,1
887,27229,227,232,20250110,2,Not worth it,Disappointed with the Kasturi Eco Sandals. Build quality is poor and not worth the money.,3,1
888,27237,295,40,20241229,4,Great purchase,Solid purchase - Build quality is outstanding for the price.,2,1
889,27243,45,2089,20241231,3,It's okay,The Spice Route Eco Coffee is okay. Packaging is average but it does the job.,6,1
890,27339,295,1971,20250112,4,Great purchase,Very happy with the Zenbyte Signature Headphones. Value for money is exactly as described.,8,1
891,27383,146,2214,20250123,5,Great purchase,Very happy with the Daily Bowl Premium Spices. Durability is exactly as described.,3,1
892,27391,295,4,20250120,4,Great purchase,Absolutely love this Zenbyte Signature Headphones. Value for money is excellent and it arrived on time.,5,1
893,27393,155,1949,20241221,4,Great purchase,"Great value. The Value for money exceeded my expectations, would buy again.",2,1
894,27450,177,726,20241218,4,Great purchase,Solid purchase - Build quality is outstanding for the price.,5,1
895,27451,45,726,20250119,4,Great purchase,"Great value. The Fit exceeded my expectations, would buy again.",0,1
896,27539,45,546,20241220,4,Great purchase,Absolutely love this Spice Route Eco Coffee. Durability is excellent and it arrived on time.,4,1
897,27594,149,741,20241228,3,It's okay,"Decent product, though Battery life could be better.",3,1
898,27608,94,174,20250117,3,It's okay,"Not bad. Taste is fine, nothing special.",9,1
899,27655,195,897,20241228,5,Great purchase,Solid purchase - Taste is outstanding for the price.,2,1
900,27661,249,407,20250112,2,Not worth it,Returned it. Fit did not match the listing.,0,1
901,27671,80,437,20250105,4,Great purchase,Absolutely love this Freshfarm Compact Coffee. Build quality is excellent and it arrived on time.,5,1
902,27696,296,131,20250113,3,It's okay,"Decent product, though Packaging could be better.",1,1
903,27698,105,131,20250114,5,Great purchase,Solid purchase - Durability is outstanding for the price.,0,1
904,27753,36,4,20250128,2,Not worth it,Disappointed with the Brightware Classic Cookware. Finish is poor and not worth the money.,0,1
905,27758,295,2245,20241230,5,Great purchase,"Great value. The Fit exceeded my expectations, would buy again.",5,1
906,27811,299,6,20241224,2,Not worth it,Returned it. Build quality did not match the listing.,3,1
907,27819,45,129,20241228,4,Great purchase,Very happy with the Spice Route Eco Coffee. Build quality is exactly as described.,0,1
908,27826,94,2102,20250105,3,It's okay,"Decent product, though Build quality could be better.",2,1
909,27997,97,149,20241227,4,Great purchase,"Great value. The Value for money exceeded my expectations, would buy again.",2,1
910,28065,66,1139,20250116,5,Great purchase,Absolutely love this Nexora Pro Headphones. Build quality is excellent and it arrived on time.,0,1
911,28079,45,22,20250129,3,It's okay,"Decent product, though Packaging could be better.",0,1
912,28129,105,653,20241231,4,Great purchase,"Great value. The Durability exceeded my expectations, would buy again.",1,1
913,28132,36,1086,20250115,5,Great purchase,"Great value. The Finish exceeded my expectations, would buy again.",1,1
914,28189,221,839,20250130,4,Great purchase,"Great value. The Battery life exceeded my expectations, would buy again.",0,1
915,28193,299,1795,20250109,3,It's okay,The Pure Roots Signature Shampoo is okay. Taste is average but it does the job.,0,1
916,28195,187,405,20250127,4,Great purchase,Solid purchase - Fit is outstanding for the price.,0,1
917,28208,295,2193,20250103,4,Great purchase,Solid purchase - Build quality is outstanding for the price.,1,1
918,28211,146,667,20250121,4,Great purchase,Absolutely love this Daily Bowl Premium Spices. Finish is excellent and it arrived on time.,0,1
919,28216,202,139,20250115,2,Not worth it,Returned it. Build quality did not match the listing.,0,1
920,28267,116,1573,20250105,4,Great purchase,Absolutely love this Brightware Essential Chairs. Durability is excellent and it arrived on time.,0,1
921,28300,116,1419,20250120,3,It's okay,"Decent product, though Build quality could be better.",4,1
922,28317,36,1308,20250116,5,Great purchase,Absolutely love this Brightware Classic Cookware. Finish is excellent and it arrived on time.,0,1
923,28321,63,2164,20250110,4,Great purchase,Very happy with the UrbanLoom Everyday T-Shirts. Fit is exactly as described.,0,1
924,28342,155,1552,20250107,4,Great purchase,Solid purchase - Durability is outstanding for the price.,0,1
925,28364,116,2162,20250115,4,Great purchase,"Great value. The Packaging exceeded my expectations, would buy again.",1,1
926,28370,185,871,20250126,3,It's okay,The Voltix Signature Speakers is okay. Build quality is average but it does the job.,7,1
927,28382,295,1583,20250116,3,It's okay,"Not bad. Finish is fine, nothing special.",0,1
928,28388,295,1258,20250103,5,Great purchase,Absolutely love this Zenbyte Signature Headphones. Build quality is excellent and it arrived on time.,2,1
929,28424,80,299,20250127,4,Great purchase,"Great value. The Value for money exceeded my expectations, would buy again.",2,1
930,28475,130,1344,20250109,4,Great purchase,Very happy with the CasaNova Ultra Cushions. Fit is exactly as described.,2,1
931,28512,229,2164,20250125,1,Not worth it,Returned it. Taste did not match the listing.,0,1
932,28556,36,65,20250104,4,Great purchase,Absolutely love this Brightware Classic Cookware. Durability is excellent and it arrived on time.,1,1
933,28587,66,2109,20250130,4,Great purchase,Solid purchase - Fit is outstanding for the price.,3,1
934,28602,295,2084,20250113,5,Great purchase,Absolutely love this Zenbyte Signature Headphones. Taste is excellent and it arrived on time.,1,1
935,28640,43,93,20250124,4,Great purchase,Solid purchase - Finish is outstanding for the price.,5,1
936,28713,202,1412,20250117,3,It's okay,The Voltix Essential Headphones is okay. Packaging is average but it does the job.,3,1
937,28730,274,1733,20250209,3,It's okay,"Not bad. Fit is fine, nothing special.",4,1
938,28752,80,302,20250207,4,Great purchase,Solid purchase - Durability is outstanding for the price.,1,1
939,28757,95,1730,20250131,3,It's okay,"Not bad. Fit is fine, nothing special.",5,1
940,28766,211,887,20250116,2,Not worth it,Disappointed with the OakLine Essential Lamps. Value for money is poor and not worth the money.,18,1
941,28821,55,1303,20250131,5,Great purchase,Absolutely love this Brightware Pro Cushions. Value for money is excellent and it arrived on time.,14,1
942,28828,45,1306,20250109,2,Not worth it,Disappointed with the Spice Route Eco Coffee. Value for money is poor and not worth the money.,7,1
943,28900,210,1943,20250216,5,Great purchase,Absolutely love this Voltix Premium Cases. Fit is excellent and it arrived on time.,1,1
944,28974,36,1624,20250131,4,Great purchase,Very happy with the Brightware Classic Cookware. Battery life is exactly as described.,1,1
945,29058,131,475,20250214,4,Great purchase,Solid purchase - Fit is outstanding for the price.,0,1
946,29079,36,1801,20250202,5,Great purchase,Solid purchase - Packaging is outstanding for the price.,1,1
947,29146,36,2216,20250128,5,Great purchase,Solid purchase - Battery life is outstanding for the price.,4,1
948,29198,247,1778,20250215,4,Great purchase,Absolutely love this OakLine Classic Tables. Finish is excellent and it arrived on time.,6,1
949,29247,280,775,20250220,3,It's okay,The GreenLeaf Signature Spices is okay. Build quality is average but it does the job.,5,1
950,29264,111,929,20250205,3,It's okay,"Decent product, though Value for money could be better.",17,1
951,29266,295,929,20250126,4,Great purchase,Very happy with the Zenbyte Signature Headphones. Packaging is exactly as described.,3,1
952,29336,146,44,20250129,4,Great purchase,Very happy with the Daily Bowl Premium Spices. Durability is exactly as described.,0,1
953,29349,116,263,20250302,5,Great purchase,Solid purchase - Packaging is outstanding for the price.,1,1
954,29367,36,295,20250216,5,Great purchase,Solid purchase - Durability is outstanding for the price.,2,1
955,29374,246,942,20250208,5,Great purchase,Very happy with the UrbanLoom Essential T-Shirts. Value for money is exactly as described.,20,1
956,29379,45,1610,20250218,4,Great purchase,Very happy with the Spice Route Eco Coffee. Durability is exactly as described.,1,1
957,29403,75,1856,20250301,3,It's okay,"Not bad. Value for money is fine, nothing special.",0,1
958,29404,51,1856,20250303,4,Great purchase,Solid purchase - Battery life is outstanding for the price.,8,1
959,29417,295,1843,20250213,5,Great purchase,"Great value. The Finish exceeded my expectations, would buy again.",0,1
960,29418,273,2063,20250130,3,It's okay,"Decent product, though Value for money could be better.",4,1
961,29426,224,1503,20250127,4,Great purchase,"Great value. The Battery life exceeded my expectations, would buy again.",4,1
962,29455,36,612,20250210,4,Great purchase,Solid purchase - Build quality is outstanding for the price.,1,1
963,29468,232,265,20250225,3,It's okay,"Not bad. Durability is fine, nothing special.",4,1
964,29476,55,1086,20250225,4,Great purchase,Absolutely love this Brightware Pro Cushions. Packaging is excellent and it arrived on time.,0,1
965,29487,63,406,20250202,4,Great purchase,"Great value. The Fit exceeded my expectations, would buy again.",0,1
966,29502,295,471,20250302,2,Not worth it,Disappointed with the Zenbyte Signature Headphones. Durability is poor and not worth the money.,9,1
967,29567,36,1949,20250220,4,Great purchase,Absolutely love this Brightware Classic Cookware. Packaging is excellent and it arrived on time.,0,1
968,29593,45,437,20250228,4,Great purchase,Solid purchase - Value for money is outstanding for the price.,8,1
969,29618,232,2212,20250221,4,Great purchase,"Great value. The Packaging exceeded my expectations, would buy again.",0,1
970,29619,36,2212,20250309,4,Great purchase,"Great value. The Taste exceeded my expectations, would buy again.",0,1
971,29691,116,1271,20250206,4,Great purchase,"Great value. The Battery life exceeded my expectations, would buy again.",2,1
972,29702,36,851,20250207,3,It's okay,"Decent product, though Build quality could be better.",2,1
973,29715,152,1344,20250210,5,Great purchase,Very happy with the Threadwell Eco Dresses. Value for money is exactly as described.,3,1
974,29717,75,1396,20250308,4,Great purchase,Solid purchase - Packaging is outstanding for the price.,10,1
975,29725,241,514,20250228,5,Great purchase,Absolutely love this Stridefit Classic Yoga Mats. Durability is excellent and it arrived on time.,0,1
976,29733,211,1609,20250309,4,Great purchase,Absolutely love this OakLine Essential Lamps. Finish is excellent and it arrived on time.,0,1
977,29765,115,955,20250204,3,It's okay,"Not bad. Fit is fine, nothing special.",0,1
978,29851,237,1455,20250221,4,Great purchase,"Great value. The Finish exceeded my expectations, would buy again.",4,1
979,29859,211,214,20250306,4,Great purchase,Solid purchase - Battery life is outstanding for the price.,4,1
980,29890,116,1309,20250220,3,It's okay,The Brightware Essential Chairs is okay. Taste is average but it does the job.,6,1
981,29901,22,1814,20250219,4,Great purchase,"Great value. The Durability exceeded my expectations, would buy again.",0,1
982,29911,187,222,20250302,3,It's okay,The Freshfarm Eco Rice & Grains is okay. Taste is average but it does the job.,4,1
983,29919,247,2109,20250313,5,Great purchase,Solid purchase - Finish is outstanding for the price.,1,1
984,29926,289,2020,20250224,4,Great purchase,Solid purchase - Taste is outstanding for the price.,2,1
985,29985,75,1411,20250307,4,Great purchase,"Great value. The Finish exceeded my expectations, would buy again.",5,1
986,29994,221,1795,20250211,4,Great purchase,Very happy with the Threadwell Eco Sneakers. Packaging is exactly as described.,3,1
987,30008,36,2203,20250318,4,Great purchase,Very happy with the Brightware Classic Cookware. Taste is exactly as described.,1,1
988,30090,45,1130,20250219,1,Not worth it,Returned it. Fit did not match the listing.,4,1
989,30102,106,372,20250321,3,It's okay,"Decent product, though Value for money could be better.",0,1
990,30119,36,516,20250227,5,Great purchase,Absolutely love this Brightware Classic Cookware. Value for money is excellent and it arrived on time.,4,1
991,30180,45,700,20250324,3,It's okay,"Decent product, though Packaging could be better.",0,1
992,30216,90,437,20250303,5,Great purchase,Solid purchase - Packaging is outstanding for the price.,1,1
993,30249,37,137,20250222,3,It's okay,The Freshfarm Classic Coffee is okay. Taste is average but it does the job.,6,1
994,30255,244,137,20250319,4,Great purchase,"Great value. The Packaging exceeded my expectations, would buy again.",2,1
995,30264,211,513,20250221,3,It's okay,"Decent product, though Durability could be better.",2,1
996,30273,86,1128,20250305,4,Great purchase,Absolutely love this Daily Bowl Compact Snacks. Battery life is excellent and it arrived on time.,1,1
997,30278,187,748,20250224,4,Great purchase,"Great value. The Build quality exceeded my expectations, would buy again.",1,1
998,30324,295,2179,20250312,4,Great purchase,Solid purchase - Build quality is outstanding for the price.,2,1
999,30336,69,2020,20250303,5,Great purchase,Solid purchase - Finish is outstanding for the price.,1,1
1000,30366,131,87,20250317,4,Great purchase,Solid purchase - Battery life is outstanding for the price.,2,1
1001,30454,76,4,20250311,5,Great purchase,Very happy with the Freshfarm Compact Tea. Build quality is exactly as described.,0,1
1002,30470,80,42,20250326,4,Great purchase,"Great value. The Durability exceeded my expectations, would buy again.",1,1
1003,30473,116,188,20250303,3,It's okay,The Brightware Essential Chairs is okay. Durability is average but it does the job.,4,1
1004,30547,255,1977,20250324,4,Great purchase,Absolutely love this Velvetique Lite Sunscreen. Packaging is excellent and it arrived on time.,18,1
1005,30551,45,2070,20250317,4,Great purchase,Very happy with the Spice Route Eco Coffee. Build quality is exactly as described.,1,1
1006,30583,36,1573,20250329,4,Great purchase,Solid purchase - Durability is outstanding for the price.,0,1
1007,30594,36,2078,20250323,4,Great purchase,Absolutely love this Brightware Classic Cookware. Battery life is excellent and it arrived on time.,0,1
1008,30726,260,1902,20250304,3,It's okay,"Not bad. Battery life is fine, nothing special.",2,1
1009,30775,116,11,20250328,3,It's okay,"Not bad. Finish is fine, nothing special.",8,1
1010,30831,103,517,20250331,3,It's okay,"Not bad. Value for money is fine, nothing special.",7,1
1011,30839,211,179,20250326,3,It's okay,The OakLine Essential Lamps is okay. Fit is average but it does the job.,22,1
1012,30958,288,1308,20250401,5,Great purchase,Absolutely love this Daily Bowl Lite Spices. Battery life is excellent and it arrived on time.,1,1
1013,31092,36,1526,20250405,4,Great purchase,Solid purchase - Durability is outstanding for the price.,11,1
1014,31113,295,1609,20250321,3,It's okay,"Decent product, though Value for money could be better.",4,1
1015,31137,36,2171,20250412,4,Great purchase,Solid purchase - Battery life is outstanding for the price.,0,1
1016,31148,36,1138,20250324,3,It's okay,"Not bad. Battery life is fine, nothing special.",1,1
1017,31169,36,1340,20250315,5,Great purchase,"Great value. The Finish exceeded my expectations, would buy again.",3,1
1018,31170,187,508,20250325,3,It's okay,"Not bad. Battery life is fine, nothing special.",4,1
1019,31177,232,1282,20250414,3,It's okay,"Decent product, though Packaging could be better.",0,1
1020,31192,295,1249,20250410,3,It's okay,The Zenbyte Signature Headphones is okay. Packaging is average but it does the job.,7,1
1021,31210,260,748,20250329,3,It's okay,"Decent product, though Durability could be better.",0,1
1022,31274,36,263,20250420,4,Great purchase,Solid purchase - Finish is outstanding for the price.,0,1
1023,31317,295,1069,20250411,4,Great purchase,Solid purchase - Build quality is outstanding for the price.,3,1
1024,31333,22,998,20250417,3,It's okay,The TrailMate Everyday Dumbbells is okay. Taste is average but it does the job.,1,1
1025,31355,36,203,20250413,4,Great purchase,Very happy with the Brightware Classic Cookware. Value for money is exactly as described.,2,1
1026,31396,63,1282,20250416,3,It's okay,"Decent product, though Build quality could be better.",0,1
1027,31440,295,1936,20250402,5,Great purchase,Absolutely love this Zenbyte Signature Headphones. Battery life is excellent and it arrived on time.,1,1
1028,31514,97,144,20250406,4,Great purchase,Very happy with the NorthPeak Everyday Kurtas. Build quality is exactly as described.,0,1
1029,31533,249,1526,20250407,3,It's okay,"Decent product, though Build quality could be better.",1,1
1030,31601,175,479,20250330,4,Great purchase,Very happy with the Peakline Eco Yoga Mats. Value for money is exactly as described.,3,1
1031,31632,295,1191,20250406,4,Great purchase,Very happy with the Zenbyte Signature Headphones. Fit is exactly as described.,1,1
1032,31648,247,2179,20250331,5,Great purchase,"Great value. The Finish exceeded my expectations, would buy again.",1,1
1033,31683,140,24,20250418,5,Great purchase,Very happy with the Peakline Premium Yoga Mats. Taste is exactly as described.,1,1
1034,31698,260,1192,20250409,3,It's okay,The UrbanLoom Premium Boots is okay. Packaging is average but it does the job.,0,1
1035,31708,45,1285,20250505,4,Great purchase,Absolutely love this Spice Route Eco Coffee. Packaging is excellent and it arrived on time.,0,1
1036,31733,45,1659,20250405,3,It's okay,"Not bad. Fit is fine, nothing special.",3,1
1037,31749,295,635,20250421,4,Great purchase,Solid purchase - Value for money is outstanding for the price.,1,1
1038,31771,90,1573,20250417,1,Not worth it,Disappointed with the AudioMint Premium Cases. Packaging is poor and not worth the money.,3,1
1039,31779,36,485,20250419,4,Great purchase,Solid purchase - Battery life is outstanding for the price.,2,1
1040,31793,260,1404,20250422,4,Great purchase,"Great value. The Finish exceeded my expectations, would buy again.",4,1
1041,31824,211,1240,20250501,3,It's okay,"Decent product, though Taste could be better.",2,1
1042,31866,295,47,20250426,4,Great purchase,"Great value. The Fit exceeded my expectations, would buy again.",1,1
1043,31881,148,745,20250414,3,It's okay,"Not bad. Packaging is fine, nothing special.",5,1
1044,31989,155,1151,20250430,5,Great purchase,"Great value. The Build quality exceeded my expectations, would buy again.",2,1
1045,32003,140,879,20250416,5,Great purchase,Very happy with the Peakline Premium Yoga Mats. Taste is exactly as described.,1,1
1046,32042,179,1949,20250507,3,It's okay,"Not bad. Durability is fine, nothing special.",0,1
1047,32057,125,2179,20250426,2,Not worth it,Would not recommend - Packaging was much worse than expected.,5,1
1048,32115,45,1138,20250411,2,Not worth it,Disappointed with the Spice Route Eco Coffee. Finish is poor and not worth the money.,7,1
1049,32142,49,54,20250415,4,Great purchase,Very happy with the Velvetique Premium Shampoo. Build quality is exactly as described.,1,1
1050,32146,36,586,20250414,4,Great purchase,"Great value. The Taste exceeded my expectations, would buy again.",5,1
1051,32155,295,4,20250424,4,Great purchase,Very happy with the Zenbyte Signature Headphones. Finish is exactly as described.,3,1
1052,32201,36,306,20250507,3,It's okay,The Brightware Classic Cookware is okay. Taste is average but it does the job.,4,1
1053,32207,48,1079,20250428,3,It's okay,"Decent product, though Build quality could be better.",4,1
1054,32213,146,123,20250519,3,It's okay,"Decent product, though Finish could be better.",3,1
1055,32264,79,775,20250516,3,It's okay,The Brightware Eco Storage is okay. Packaging is average but it does the job.,2,1
1056,32336,89,1979,20250423,2,Not worth it,Disappointed with the Zenbyte Pro Smartphones. Durability is poor and not worth the money.,5,1
1057,32365,295,1308,20250419,4,Great purchase,"Great value. The Value for money exceeded my expectations, would buy again.",1,1
1058,32423,125,1312,20250424,2,Not worth it,Disappointed with the Daily Bowl Eco Snacks. Taste is poor and not worth the money.,0,1
1059,32468,211,1930,20250501,2,Not worth it,Disappointed with the OakLine Essential Lamps. Build quality is poor and not worth the money.,1,1
1060,32493,214,1728,20250428,5,Great purchase,"Great value. The Packaging exceeded my expectations, would buy again.",0,1
1061,32499,260,1123,20250508,4,Great purchase,Very happy with the UrbanLoom Premium Boots. Taste is exactly as described.,0,1
1062,32515,202,5,20250426,3,It's okay,"Decent product, though Battery life could be better.",1,1
1063,32525,295,1942,20250508,4,Great purchase,"Great value. The Value for money exceeded my expectations, would buy again.",0,1
1064,32594,295,188,20250524,3,It's okay,"Decent product, though Battery life could be better.",2,1
1065,32621,295,700,20250515,3,It's okay,The Zenbyte Signature Headphones is okay. Packaging is average but it does the job.,1,1
1066,32627,259,920,20250501,4,Great purchase,Very happy with the Stridefit Lite Yoga Mats. Battery life is exactly as described.,1,1
1067,32633,146,1375,20250519,3,It's okay,"Decent product, though Finish could be better.",3,1
1068,32697,36,1789,20250504,3,It's okay,The Brightware Classic Cookware is okay. Packaging is average but it does the job.,0,1
1069,32783,211,999,20250603,4,Great purchase,Very happy with the OakLine Essential Lamps. Fit is exactly as described.,1,1
1070,32817,57,1651,20250508,5,Great purchase,Solid purchase - Taste is outstanding for the price.,2,1
1071,32823,90,2132,20250605,4,Great purchase,Very happy with the AudioMint Premium Cases. Battery life is exactly as described.,1,1
1072,32839,90,1138,20250601,4,Great purchase,Absolutely love this AudioMint Premium Cases. Fit is excellent and it arrived on time.,1,1
1073,32868,187,551,20250518,4,Great purchase,Solid purchase - Build quality is outstanding for the price.,0,1
1074,32900,128,4,20250430,3,It's okay,The Voltix Essential Speakers is okay. Taste is average but it does the job.,1,1
1075,32925,152,180,20250509,4,Great purchase,Solid purchase - Fit is outstanding for the price.,2,1
1076,32967,48,2063,20250521,4,Great purchase,Absolutely love this NorthPeak Eco Jackets. Fit is excellent and it arrived on time.,4,1
1077,33008,45,2198,20250517,3,It's okay,"Decent product, though Taste could be better.",2,1
1078,33014,295,1975,20250528,4,Great purchase,Very happy with the Zenbyte Signature Headphones. Battery life is exactly as described.,7,1
1079,33039,295,507,20250520,5,Great purchase,Solid purchase - Packaging is outstanding for the price.,1,1
1080,33041,226,22,20250607,4,Great purchase,Absolutely love this NorthPeak Essential Boots. Value for money is excellent and it arrived on time.,4,1
1081,33067,260,120,20250516,2,Not worth it,Returned it. Packaging did not match the listing.,7,1
1082,33088,36,311,20250530,3,It's okay,The Brightware Classic Cookware is okay. Durability is average but it does the job.,2,1
1083,33094,36,1091,20250601,5,Great purchase,Very happy with the Brightware Classic Cookware. Durability is exactly as described.,1,1
1084,33121,36,2200,20250505,4,Great purchase,Very happy with the Brightware Classic Cookware. Value for money is exactly as described.,4,1
1085,33215,295,748,20250607,4,Great purchase,Solid purchase - Build quality is outstanding for the price.,0,1
1086,33243,140,1655,20250606,5,Great purchase,"Great value. The Build quality exceeded my expectations, would buy again.",2,1
1087,33254,94,135,20250604,3,It's okay,"Not bad. Finish is fine, nothing special.",0,1
1088,33343,295,192,20250607,4,Great purchase,Very happy with the Zenbyte Signature Headphones. Battery life is exactly as described.,3,1
1089,33387,36,1513,20250523,4,Great purchase,Solid purchase - Durability is outstanding for the price.,7,1
1090,33479,95,1817,20250515,4,Great purchase,Very happy with the Daily Bowl Premium Coffee. Fit is exactly as described.,2,1
1091,33506,119,437,20250616,5,Great purchase,Absolutely love this Hearthstone Eco Lamps. Packaging is excellent and it arrived on time.,5,1
1092,33523,260,1401,20250525,4,Great purchase,Solid purchase - Battery life is outstanding for the price.,3,1
1093,33555,36,766,20250602,4,Great purchase,Solid purchase - Value for money is outstanding for the price.,4,1
1094,33565,36,1302,20250601,5,Great purchase,"Great value. The Durability exceeded my expectations, would buy again.",1,1
1095,33567,66,2216,20250526,4,Great purchase,Absolutely love this Nexora Pro Headphones. Build quality is excellent and it arrived on time.,5,1
1096,33572,211,569,20250616,4,Great purchase,"Great value. The Fit exceeded my expectations, would buy again.",3,1
1097,33671,229,700,20250620,3,It's okay,"Decent product, though Fit could be better.",5,1
1098,33675,36,700,20250603,4,Great purchase,Absolutely love this Brightware Classic Cookware. Build quality is excellent and it arrived on time.,1,1
1099,33703,249,1789,20250528,3,It's okay,The Kasturi Ultra Kurtas is okay. Value for money is average but it does the job.,15,1
1100,33731,249,331,20250601,4,Great purchase,Very happy with the Kasturi Ultra Kurtas. Build quality is exactly as described.,12,1
1101,33750,249,1046,20250616,4,Great purchase,Very happy with the Kasturi Ultra Kurtas. Battery life is exactly as described.,1,1
1102,33760,177,1168,20250520,5,Great purchase,Solid purchase - Packaging is outstanding for the price.,1,1
1103,33769,268,546,20250625,5,Great purchase,Absolutely love this TrailMate Essential Backpacks. Finish is excellent and it arrived on time.,3,1
1104,33848,3,335,20250605,3,It's okay,The Threadwell Ultra Sandals is okay. Taste is average but it does the job.,1,1
1105,33941,211,136,20250626,3,It's okay,"Not bad. Taste is fine, nothing special.",3,1
1106,33948,106,1029,20250606,3,It's okay,"Decent product, though Packaging could be better.",3,1
1107,33951,211,1975,20250619,3,It's okay,"Decent product, though Value for money could be better.",2,1
1108,33961,89,170,20250701,3,It's okay,"Not bad. Packaging is fine, nothing special.",2,1
1109,34027,211,1187,20250626,4,Great purchase,"Great value. The Battery life exceeded my expectations, would buy again.",0,1
1110,34078,36,1139,20250611,4,Great purchase,Absolutely love this Brightware Classic Cookware. Value for money is excellent and it arrived on time.,6,1
1111,34083,55,1362,20250616,4,Great purchase,Solid purchase - Finish is outstanding for the price.,0,1
1112,34092,265,904,20250621,4,Great purchase,Very happy with the Nexora Compact Cases. Taste is exactly as described.,5,1
1113,34095,1,412,20250625,3,It's okay,"Decent product, though Finish could be better.",4,1
1114,34219,289,172,20250703,4,Great purchase,Absolutely love this Spice Route Pro Tea. Durability is excellent and it arrived on time.,7,1
1115,34243,121,2241,20250624,5,Great purchase,"Great value. The Fit exceeded my expectations, would buy again.",2,1
1116,34250,116,907,20250607,4,Great purchase,Very happy with the Brightware Essential Chairs. Taste is exactly as described.,2,1
1117,34256,36,1688,20250626,3,It's okay,The Brightware Classic Cookware is okay. Packaging is average but it does the job.,8,1
1118,34308,76,2085,20250707,4,Great purchase,"Great value. The Fit exceeded my expectations, would buy again.",1,1
1119,34310,105,389,20250603,4,Great purchase,"Great value. The Battery life exceeded my expectations, would buy again.",1,1
1120,34376,243,1248,20250617,4,Great purchase,Solid purchase - Fit is outstanding for the price.,11,1
1121,34385,295,107,20250626,5,Great purchase,Absolutely love this Zenbyte Signature Headphones. Packaging is excellent and it arrived on time.,2,1
1122,34396,36,1278,20250617,4,Great purchase,"Great value. The Battery life exceeded my expectations, would buy again.",4,1
1123,34404,36,1351,20250612,4,Great purchase,Very happy with the Brightware Classic Cookware. Taste is exactly as described.,2,1
1124,34411,299,1431,20250709,4,Great purchase,Solid purchase - Build quality is outstanding for the price.,5,1
1125,34426,36,305,20250619,4,Great purchase,"Great value. The Finish exceeded my expectations, would buy again.",2,1
1126,34456,45,2007,20250712,4,Great purchase,Very happy with the Spice Route Eco Coffee. Fit is exactly as described.,1,1
1127,34501,34,299,20250713,4,Great purchase,Solid purchase - Packaging is outstanding for the price.,1,1
1128,34537,45,1593,20250701,5,Great purchase,Very happy with the Spice Route Eco Coffee. Finish is exactly as described.,0,1
1129,34539,67,1593,20250706,4,Great purchase,Solid purchase - Battery life is outstanding for the price.,2,1
1130,34545,14,925,20250619,3,It's okay,"Decent product, though Taste could be better.",7,1
1131,34564,84,796,20250611,4,Great purchase,Absolutely love this Pure Roots Everyday Moisturisers. Durability is excellent and it arrived on time.,10,1
1132,34577,295,1311,20250629,5,Great purchase,Very happy with the Zenbyte Signature Headphones. Finish is exactly as described.,14,1
1133,34677,55,1129,20250705,5,Great purchase,Very happy with the Brightware Pro Cushions. Taste is exactly as described.,5,1
1134,34685,152,1937,20250625,4,Great purchase,"Great value. The Build quality exceeded my expectations, would buy again.",4,1
1135,34687,136,751,20250619,3,It's okay,The GreenLeaf Eco Spices is okay. Taste is average but it does the job.,3,1
1136,34701,151,2004,20250613,5,Great purchase,Very happy with the Nexora Classic Keyboards. Packaging is exactly as described.,4,1
1137,34706,116,1973,20250704,3,It's okay,The Brightware Essential Chairs is okay. Durability is average but it does the job.,0,1
1138,34729,295,546,20250623,3,It's okay,The Zenbyte Signature Headphones is okay. Finish is average but it does the job.,1,1
1139,34756,211,1836,20250703,4,Great purchase,Absolutely love this OakLine Essential Lamps. Taste is excellent and it arrived on time.,1,1
1140,34768,155,804,20250614,4,Great purchase,Solid purchase - Packaging is outstanding for the price.,1,1
1141,34848,45,1138,20250621,3,It's okay,"Decent product, though Taste could be better.",7,1
1142,34899,178,1540,20250708,5,Great purchase,Very happy with the Threadwell Pro Sneakers. Finish is exactly as described.,2,1
1143,34914,198,1561,20250618,4,Great purchase,Very happy with the NorthPeak Eco Dresses. Battery life is exactly as described.,4,1
1144,34948,119,79,20250715,3,It's okay,"Not bad. Taste is fine, nothing special.",1,1
1145,35001,45,1174,20250713,1,Not worth it,Would not recommend - Value for money was much worse than expected.,0,1
1146,35002,36,1174,20250619,4,Great purchase,Very happy with the Brightware Classic Cookware. Packaging is exactly as described.,0,1
1147,35009,260,1374,20250712,3,It's okay,"Decent product, though Durability could be better.",1,1
1148,35083,295,111,20250702,4,Great purchase,Absolutely love this Zenbyte Signature Headphones. Build quality is excellent and it arrived on time.,4,1
1149,35100,295,762,20250714,5,Great purchase,"Great value. The Taste exceeded my expectations, would buy again.",1,1
1150,35142,295,620,20250711,3,It's okay,"Not bad. Durability is fine, nothing special.",1,1
1151,35166,140,339,20250628,5,Great purchase,Very happy with the Peakline Premium Yoga Mats. Packaging is exactly as described.,1,1
1152,35209,155,827,20250723,5,Great purchase,"Great value. The Durability exceeded my expectations, would buy again.",4,1
1153,35244,275,1829,20250708,4,Great purchase,"Great value. The Finish exceeded my expectations, would buy again.",2,1
1154,35272,295,22,20250712,4,Great purchase,"Great value. The Build quality exceeded my expectations, would buy again.",1,1
1155,35297,295,682,20250703,4,Great purchase,Solid purchase - Value for money is outstanding for the price.,0,1
1156,35333,66,1662,20250709,3,It's okay,"Not bad. Finish is fine, nothing special.",1,1
1157,35335,278,1920,20250717,3,It's okay,The UrbanLoom Lite Sandals is okay. Durability is average but it does the job.,1,1
1158,35346,295,70,20250722,4,Great purchase,"Great value. The Build quality exceeded my expectations, would buy again.",1,1
1159,35520,155,673,20250709,4,Great purchase,Absolutely love this TrailMate Eco Backpacks. Battery life is excellent and it arrived on time.,3,1
1160,35532,33,2069,20250731,3,It's okay,The UrbanLoom Classic T-Shirts is okay. Fit is average but it does the job.,0,1
1161,35628,26,897,20250720,4,Great purchase,Absolutely love this Spice Route Compact Juices. Fit is excellent and it arrived on time.,0,1
1162,35634,156,1500,20250801,5,Great purchase,Solid purchase - Packaging is outstanding for the price.,5,1
1163,35647,140,1134,20250730,4,Great purchase,Solid purchase - Durability is outstanding for the price.,4,1
1164,35670,116,1514,20250719,4,Great purchase,Solid purchase - Packaging is outstanding for the price.,0,1
1165,35687,295,2049,20250708,4,Great purchase,Solid purchase - Durability is outstanding for the price.,7,1
1166,35707,295,526,20250729,5,Great purchase,"Great value. The Finish exceeded my expectations, would buy again.",1,1
1167,35708,36,526,20250710,4,Great purchase,Solid purchase - Packaging is outstanding for the price.,1,1
1168,35718,295,2164,20250727,4,Great purchase,Very happy with the Zenbyte Signature Headphones. Build quality is exactly as described.,8,1
1169,35720,146,2244,20250727,3,It's okay,"Decent product, though Battery life could be better.",2,1
1170,35721,295,2244,20250812,4,Great purchase,Solid purchase - Build quality is outstanding for the price.,0,1
1171,35735,140,131,20250730,5,Great purchase,Absolutely love this Peakline Premium Yoga Mats. Finish is excellent and it arrived on time.,0,1
1172,35753,96,1746,20250709,5,Great purchase,"Great value. The Fit exceeded my expectations, would buy again.",4,1
1173,35816,97,2028,20250716,5,Great purchase,"Great value. The Packaging exceeded my expectations, would buy again.",2,1
1174,35825,118,519,20250810,4,Great purchase,Very happy with the Stridefit Premium Backpacks. Battery life is exactly as described.,1,1
1175,35856,36,50,20250708,4,Great purchase,Solid purchase - Battery life is outstanding for the price.,0,1
1176,35864,66,484,20250710,5,Great purchase,Very happy with the Nexora Pro Headphones. Packaging is exactly as described.,0,1
1177,35937,6,888,20250724,4,Great purchase,Absolutely love this Spice Route Classic Tea. Battery life is excellent and it arrived on time.,0,1
1178,35947,295,636,20250718,4,Great purchase,Solid purchase - Finish is outstanding for the price.,3,1
1179,36004,250,1583,20250805,5,Great purchase,Solid purchase - Build quality is outstanding for the price.,3,1
1180,36027,147,1668,20250714,4,Great purchase,Absolutely love this Daily Bowl Signature Rice & Grains. Packaging is excellent and it arrived on time.,5,1
1181,36039,157,997,20250804,4,Great purchase,"Great value. The Value for money exceeded my expectations, would buy again.",3,1
1182,36099,95,926,20250813,2,Not worth it,Would not recommend - Packaging was much worse than expected.,2,1
1183,36180,36,474,20250725,4,Great purchase,Solid purchase - Battery life is outstanding for the price.,1,1
1184,36197,45,1183,20250729,2,Not worth it,Would not recommend - Taste was much worse than expected.,3,1
1185,36204,295,1011,20250725,5,Great purchase,Solid purchase - Fit is outstanding for the price.,3,1
1186,36215,36,1272,20250720,3,It's okay,"Decent product, though Value for money could be better.",0,1
1187,36349,169,555,20250729,4,Great purchase,Absolutely love this Pure Roots Eco Hair Oil. Fit is excellent and it arrived on time.,2,1
1188,36379,36,1252,20250808,4,Great purchase,Absolutely love this Brightware Classic Cookware. Durability is excellent and it arrived on time.,2,1
1189,36406,131,1308,20250804,4,Great purchase,Absolutely love this GreenLeaf Signature Juices. Fit is excellent and it arrived on time.,0,1
1190,36447,118,642,20250823,5,Great purchase,Solid purchase - Build quality is outstanding for the price.,9,1
1191,36463,66,102,20250730,5,Great purchase,Very happy with the Nexora Pro Headphones. Finish is exactly as described.,0,1
1192,36464,146,102,20250829,3,It's okay,The Daily Bowl Premium Spices is okay. Battery life is average but it does the job.,1,1
1193,36475,36,846,20250807,5,Great purchase,Very happy with the Brightware Classic Cookware. Build quality is exactly as described.,0,1
1194,36491,125,886,20250823,3,It's okay,"Decent product, though Battery life could be better.",27,1
1195,36512,295,1652,20250805,5,Great purchase,Absolutely love this Zenbyte Signature Headphones. Build quality is excellent and it arrived on time.,1,1
1196,36535,295,1861,20250830,5,Great purchase,Solid purchase - Packaging is outstanding for the price.,1,1
1197,36604,31,963,20250818,5,Great purchase,Very happy with the Zenbyte Compact Smartphones. Finish is exactly as described.,7,1
1198,36616,36,486,20250902,4,Great purchase,Very happy with the Brightware Classic Cookware. Fit is exactly as described.,0,1
1199,36619,66,793,20250808,3,It's okay,"Not bad. Packaging is fine, nothing special.",1,1
1200,36627,36,1245,20250823,3,It's okay,The Brightware Classic Cookware is okay. Build quality is average but it does the job.,2,1
1201,36631,169,177,20250807,5,Great purchase,Absolutely love this Pure Roots Eco Hair Oil. Finish is excellent and it arrived on time.,1,1
1202,36643,5,427,20250818,4,Great purchase,Solid purchase - Value for money is outstanding for the price.,0,1
1203,36672,101,496,20250822,4,Great purchase,"Great value. The Fit exceeded my expectations, would buy again.",0,1
1204,36759,260,543,20250806,3,It's okay,The UrbanLoom Premium Boots is okay. Finish is average but it does the job.,2,1
1205,36767,89,2164,20250817,3,It's okay,The Zenbyte Pro Smartphones is okay. Fit is average but it does the job.,2,1
1206,36846,36,1770,20250801,4,Great purchase,Solid purchase - Packaging is outstanding for the price.,1,1
1207,36858,24,1308,20250820,2,Not worth it,Returned it. Taste did not match the listing.,1,1
1208,36882,295,2253,20250820,4,Great purchase,"Great value. The Packaging exceeded my expectations, would buy again.",7,1
1209,36891,145,609,20250820,5,Great purchase,Solid purchase - Fit is outstanding for the price.,3,1
1210,36898,296,1573,20250830,4,Great purchase,"Great value. The Battery life exceeded my expectations, would buy again.",6,1
1211,36901,45,1133,20250825,3,It's okay,The Spice Route Eco Coffee is okay. Fit is average but it does the job.,2,1
1212,36952,295,1412,20250812,4,Great purchase,Very happy with the Zenbyte Signature Headphones. Taste is exactly as described.,2,1
1213,37012,80,1549,20250806,4,Great purchase,Absolutely love this Freshfarm Compact Coffee. Finish is excellent and it arrived on time.,1,1
1214,37072,69,2252,20250904,4,Great purchase,Solid purchase - Battery life is outstanding for the price.,0,1
1215,37094,295,2200,20250831,4,Great purchase,"Great value. The Build quality exceeded my expectations, would buy again.",3,1
1216,37156,14,400,20250831,3,It's okay,The Kasturi Premium Sandals is okay. Packaging is average but it does the job.,2,1
1217,37171,145,798,20250901,4,Great purchase,Solid purchase - Build quality is outstanding for the price.,0,1
1218,37232,75,1392,20250911,5,Great purchase,"Great value. The Value for money exceeded my expectations, would buy again.",2,1
1219,37261,293,901,20250911,5,Great purchase,Solid purchase - Battery life is outstanding for the price.,3,1
1220,37338,226,105,20250908,4,Great purchase,Solid purchase - Battery life is outstanding for the price.,9,1
1221,37342,125,1758,20250907,3,It's okay,The Daily Bowl Eco Snacks is okay. Battery life is average but it does the job.,0,1
1222,37432,174,39,20250820,3,It's okay,The NorthPeak Classic Boots is okay. Finish is average but it does the job.,9,1
1223,37456,295,926,20250828,5,Great purchase,"Great value. The Packaging exceeded my expectations, would buy again.",1,1
1224,37519,33,2056,20250819,4,Great purchase,Very happy with the UrbanLoom Classic T-Shirts. Packaging is exactly as described.,2,1
1225,37618,146,1307,20250829,4,Great purchase,Very happy with the Daily Bowl Premium Spices. Taste is exactly as described.,3,1
1226,37672,34,526,20250820,4,Great purchase,Absolutely love this Freshfarm Premium Tea. Battery life is excellent and it arrived on time.,7,1
1227,37681,125,683,20250919,2,Not worth it,Returned it. Battery life did not match the listing.,9,1
1228,37718,296,2164,20250903,4,Great purchase,Very happy with the AudioMint Lite Speakers. Fit is exactly as described.,3,1
1229,37721,191,39,20250912,5,Great purchase,Absolutely love this OakLine Everyday Wall Art. Value for money is excellent and it arrived on time.,1,1
1230,37768,243,2046,20250910,4,Great purchase,Very happy with the GreenLeaf Compact Juices. Finish is exactly as described.,2,1
1231,37796,116,210,20250919,3,It's okay,The Brightware Essential Chairs is okay. Battery life is average but it does the job.,2,1
1232,37804,87,2069,20250903,3,It's okay,The Zenbyte Everyday Headphones is okay. Durability is average but it does the job.,1,1
1233,37806,260,2069,20250912,1,Not worth it,Disappointed with the UrbanLoom Premium Boots. Build quality is poor and not worth the money.,4,1
1234,37824,211,908,20250822,4,Great purchase,Solid purchase - Value for money is outstanding for the price.,0,1
1235,37847,36,1727,20250913,3,It's okay,The Brightware Classic Cookware is okay. Taste is average but it does the job.,1,1
1236,37879,295,694,20250923,4,Great purchase,Absolutely love this Zenbyte Signature Headphones. Taste is excellent and it arrived on time.,0,1
1237,37912,93,751,20250929,3,It's okay,The UrbanLoom Compact Sneakers is okay. Fit is average but it does the job.,23,1
1238,37922,295,507,20250926,5,Great purchase,Solid purchase - Value for money is outstanding for the price.,0,1
1239,37926,109,2148,20250903,3,It's okay,"Not bad. Fit is fine, nothing special.",7,1
1240,37931,34,1987,20250920,3,It's okay,The Freshfarm Premium Tea is okay. Durability is average but it does the job.,0,1
1241,37972,24,312,20250906,4,Great purchase,Solid purchase - Packaging is outstanding for the price.,3,1
1242,37973,36,208,20250914,4,Great purchase,Solid purchase - Taste is outstanding for the price.,1,1
1243,37988,149,1556,20250828,4,Great purchase,"Great value. The Durability exceeded my expectations, would buy again.",5,1
1244,37993,295,301,20251001,4,Great purchase,Solid purchase - Packaging is outstanding for the price.,5,1
1245,38004,148,1175,20250925,3,It's okay,The Kasturi Everyday Kurtas is okay. Battery life is average but it does the job.,1,1
1246,38012,76,1277,20250917,5,Great purchase,Absolutely love this Freshfarm Compact Tea. Taste is excellent and it arrived on time.,5,1
1247,38013,280,1277,20250918,4,Great purchase,Absolutely love this GreenLeaf Signature Spices. Fit is excellent and it arrived on time.,1,1
1248,38031,295,748,20251003,4,Great purchase,"Great value. The Value for money exceeded my expectations, would buy again.",8,1
1249,38053,295,335,20250918,3,It's okay,"Decent product, though Value for money could be better.",6,1
1250,38163,295,1628,20250903,4,Great purchase,Very happy with the Zenbyte Signature Headphones. Finish is exactly as described.,2,1
1251,38274,34,1014,20250901,2,Not worth it,Disappointed with the Freshfarm Premium Tea. Battery life is poor and not worth the money.,2,1
1252,38331,293,136,20250917,4,Great purchase,Absolutely love this Freshfarm Pro Snacks. Value for money is excellent and it arrived on time.,0,1
1253,38425,116,1667,20250911,2,Not worth it,Would not recommend - Fit was much worse than expected.,3,1
1254,38439,140,484,20250917,5,Great purchase,"Great value. The Build quality exceeded my expectations, would buy again.",3,1
1255,38462,247,1789,20250917,5,Great purchase,"Great value. The Packaging exceeded my expectations, would buy again.",10,1
1256,38507,140,1321,20250918,5,Great purchase,"Great value. The Packaging exceeded my expectations, would buy again.",3,1
1257,38550,116,2179,20251005,5,Great purchase,Absolutely love this Brightware Essential Chairs. Fit is excellent and it arrived on time.,0,1
1258,38565,146,1753,20251012,3,It's okay,"Not bad. Build quality is fine, nothing special.",6,1
1259,38606,29,2164,20251005,2,Not worth it,Returned it. Value for money did not match the listing.,2,1
1260,38621,80,815,20250911,5,Great purchase,Solid purchase - Build quality is outstanding for the price.,1,1
1261,38632,140,476,20250918,5,Great purchase,Solid purchase - Durability is outstanding for the price.,4,1
1262,38645,178,1492,20251002,5,Great purchase,Absolutely love this Threadwell Pro Sneakers. Battery life is excellent and it arrived on time.,2,1
1263,38658,121,29,20250909,5,Great purchase,Very happy with the CasaNova Pro Chairs. Value for money is exactly as described.,0,1
1264,38706,247,1715,20251008,4,Great purchase,"Great value. The Packaging exceeded my expectations, would buy again.",1,1
1265,38720,270,346,20250919,3,It's okay,The TrailMate Pro Backpacks is okay. Taste is average but it does the job.,1,1
1266,38748,86,1368,20250920,3,It's okay,"Not bad. Finish is fine, nothing special.",2,1
1267,38765,137,476,20250927,4,Great purchase,Very happy with the Zenbyte Eco Monitors. Value for money is exactly as described.,4,1
1268,38776,197,1011,20250930,4,Great purchase,Very happy with the Spice Route Pro Rice & Grains. Finish is exactly as described.,0,1
1269,38799,36,1319,20251006,4,Great purchase,"Great value. The Durability exceeded my expectations, would buy again.",3,1
1270,38806,295,1282,20251009,4,Great purchase,"Great value. The Value for money exceeded my expectations, would buy again.",2,1
1271,38839,247,1564,20251015,5,Great purchase,Absolutely love this OakLine Classic Tables. Taste is excellent and it arrived on time.,4,1
1272,38896,140,1185,20250919,5,Great purchase,Absolutely love this Peakline Premium Yoga Mats. Taste is excellent and it arrived on time.,2,1
1273,38910,268,1997,20250923,3,It's okay,"Not bad. Build quality is fine, nothing special.",5,1
1274,38935,227,2072,20251020,2,Not worth it,Returned it. Fit did not match the listing.,0,1
1275,38947,116,881,20250917,4,Great purchase,Solid purchase - Fit is outstanding for the price.,1,1
1276,38950,295,567,20251010,4,Great purchase,"Great value. The Fit exceeded my expectations, would buy again.",1,1
1277,38951,97,567,20250928,4,Great purchase,Solid purchase - Value for money is outstanding for the price.,5,1
1278,39005,295,1737,20250925,3,It's okay,The Zenbyte Signature Headphones is okay. Value for money is average but it does the job.,2,1
1279,39016,211,5,20250926,4,Great purchase,"Great value. The Value for money exceeded my expectations, would buy again.",0,1
1280,39024,90,963,20251010,3,It's okay,The AudioMint Premium Cases is okay. Packaging is average but it does the job.,2,1
1281,39063,236,172,20251001,4,Great purchase,Solid purchase - Durability is outstanding for the price.,3,1
1282,39078,202,64,20250925,4,Great purchase,Absolutely love this Voltix Essential Headphones. Battery life is excellent and it arrived on time.,6,1
1283,39095,38,1975,20251015,2,Not worth it,Disappointed with the Threadwell Everyday Dresses. Taste is poor and not worth the money.,11,1
1284,39138,138,185,20251016,4,Great purchase,Absolutely love this Daily Bowl Essential Tea. Battery life is excellent and it arrived on time.,3,1
1285,39167,237,792,20251003,4,Great purchase,Absolutely love this Glowlab Classic Hair Oil. Taste is excellent and it arrived on time.,0,1
1286,39323,274,294,20251005,2,Not worth it,Would not recommend - Finish was much worse than expected.,1,1
1287,39360,202,599,20250929,3,It's okay,"Decent product, though Packaging could be better.",5,1
1288,39430,295,859,20251003,4,Great purchase,Very happy with the Zenbyte Signature Headphones. Fit is exactly as described.,9,1
1289,39458,36,2203,20251031,4,Great purchase,Solid purchase - Battery life is outstanding for the price.,3,1
1290,39471,137,2101,20251026,4,Great purchase,Solid purchase - Durability is outstanding for the price.,0,1
1291,39547,116,376,20251019,3,It's okay,The Brightware Essential Chairs is okay. Packaging is average but it does the job.,1,1
1292,39549,135,376,20251015,3,It's okay,"Decent product, though Packaging could be better.",4,1
1293,39644,82,640,20251018,5,Great purchase,Very happy with the TrailMate Everyday Water Bottles. Finish is exactly as described.,2,1
1294,39676,36,1843,20251003,5,Great purchase,Solid purchase - Packaging is outstanding for the price.,3,1
1295,39692,116,1282,20251007,4,Great purchase,Solid purchase - Packaging is outstanding for the price.,9,1
1296,39706,260,1452,20251003,2,Not worth it,Disappointed with the UrbanLoom Premium Boots. Build quality is poor and not worth the money.,2,1
1297,39730,145,186,20251002,4,Great purchase,Very happy with the Kasturi Eco Jeans. Taste is exactly as described.,6,1
1298,39785,254,1949,20251031,5,Great purchase,"Great value. The Taste exceeded my expectations, would buy again.",0,1
1299,39787,92,77,20251008,5,Great purchase,Absolutely love this Velvetique Lite Hair Oil. Value for money is excellent and it arrived on time.,0,1
1300,39851,140,848,20251101,4,Great purchase,Solid purchase - Battery life is outstanding for the price.,0,1
1301,39942,211,815,20251106,5,Great purchase,Solid purchase - Fit is outstanding for the price.,0,1
1302,40010,36,1620,20251111,4,Great purchase,Very happy with the Brightware Classic Cookware. Value for money is exactly as described.,4,1
1303,40068,295,1821,20251024,4,Great purchase,Very happy with the Zenbyte Signature Headphones. Battery life is exactly as described.,1,1
1304,40071,106,740,20251101,3,It's okay,"Not bad. Fit is fine, nothing special.",0,1
1305,40105,166,129,20251013,5,Great purchase,Very happy with the Pure Roots Signature Moisturisers. Fit is exactly as described.,1,1
1306,40126,37,27,20251020,4,Great purchase,"Great value. The Packaging exceeded my expectations, would buy again.",5,1
1307,40131,188,2223,20251016,4,Great purchase,Absolutely love this OakLine Eco Wall Art. Build quality is excellent and it arrived on time.,0,1
1308,40176,146,2175,20251021,4,Great purchase,Solid purchase - Packaging is outstanding for the price.,0,1
1309,40280,3,1298,20251012,2,Not worth it,Would not recommend - Finish was much worse than expected.,2,1
1310,40351,36,1501,20251017,5,Great purchase,Absolutely love this Brightware Classic Cookware. Fit is excellent and it arrived on time.,0,1
1311,40357,140,2227,20251106,4,Great purchase,Very happy with the Peakline Premium Yoga Mats. Taste is exactly as described.,3,1
1312,40450,228,286,20251020,3,It's okay,"Decent product, though Fit could be better.",2,1
1313,40456,36,102,20251107,4,Great purchase,"Great value. The Finish exceeded my expectations, would buy again.",0,1
1314,40457,211,102,20251014,3,It's okay,The OakLine Essential Lamps is okay. Finish is average but it does the job.,3,1
1315,40465,247,1368,20251031,5,Great purchase,"Great value. The Battery life exceeded my expectations, would buy again.",2,1
1316,40529,247,1422,20251015,5,Great purchase,Solid purchase - Finish is outstanding for the price.,4,1
1317,40534,36,1143,20251016,3,It's okay,"Decent product, though Battery life could be better.",1,1
1318,40539,36,741,20251018,5,Great purchase,"Great value. The Taste exceeded my expectations, would buy again.",1,1
1319,40572,71,1007,20251107,3,It's okay,The Spice Route Compact Tea is okay. Value for money is average but it does the job.,2,1
1320,40602,36,828,20251021,4,Great purchase,"Great value. The Fit exceeded my expectations, would buy again.",1,1
1321,40614,116,214,20251117,4,Great purchase,Very happy with the Brightware Essential Chairs. Battery life is exactly as described.,1,1
1322,40629,236,2135,20251106,5,Great purchase,"Great value. The Value for money exceeded my expectations, would buy again.",0,1
1323,40638,295,879,20251104,5,Great purchase,Absolutely love this Zenbyte Signature Headphones. Packaging is excellent and it arrived on time.,2,1
1324,40671,293,2193,20251123,4,Great purchase,Very happy with the Freshfarm Pro Snacks. Durability is exactly as described.,3,1
1325,40808,135,653,20251028,3,It's okay,The Brightware Ultra Appliances is okay. Battery life is average but it does the job.,1,1
1326,40829,295,973,20251119,5,Great purchase,"Great value. The Packaging exceeded my expectations, would buy again.",0,1
1327,40844,295,1308,20251022,4,Great purchase,Very happy with the Zenbyte Signature Headphones. Finish is exactly as described.,2,1
1328,40865,260,1330,20251114,2,Not worth it,Would not recommend - Finish was much worse than expected.,0,1
1329,40877,155,2069,20251030,4,Great purchase,Solid purchase - Battery life is outstanding for the price.,4,1
1330,40920,23,1771,20251110,4,Great purchase,Solid purchase - Build quality is outstanding for the price.,0,1
1331,40921,211,1771,20251116,3,It's okay,"Not bad. Finish is fine, nothing special.",5,1
1332,40941,140,1933,20251030,5,Great purchase,Solid purchase - Finish is outstanding for the price.,0,1
1333,40985,80,1710,20251107,4,Great purchase,Very happy with the Freshfarm Compact Coffee. Finish is exactly as described.,3,1
1334,41032,118,1342,20251025,5,Great purchase,Solid purchase - Finish is outstanding for the price.,1,1
1335,41034,234,406,20251030,2,Not worth it,Would not recommend - Build quality was much worse than expected.,1,1
1336,41077,243,67,20251031,3,It's okay,"Not bad. Build quality is fine, nothing special.",11,1
1337,41096,282,1915,20251120,4,Great purchase,Very happy with the Nexora Classic Chargers. Battery life is exactly as described.,3,1
1338,41104,36,1583,20251127,4,Great purchase,"Great value. The Taste exceeded my expectations, would buy again.",3,1
1339,41113,67,582,20251113,4,Great purchase,Absolutely love this Pure Roots Lite Shampoo. Taste is excellent and it arrived on time.,0,1
1340,41128,116,102,20251203,2,Not worth it,Disappointed with the Brightware Essential Chairs. Packaging is poor and not worth the money.,4,1
1341,41141,138,918,20251119,2,Not worth it,Would not recommend - Packaging was much worse than expected.,0,1
1342,41158,295,2193,20251120,4,Great purchase,Absolutely love this Zenbyte Signature Headphones. Durability is excellent and it arrived on time.,0,1
1343,41182,34,1404,20251031,4,Great purchase,"Great value. The Finish exceeded my expectations, would buy again.",0,1
1344,41235,295,1161,20251117,4,Great purchase,"Great value. The Finish exceeded my expectations, would buy again.",0,1
1345,41348,135,31,20251203,4,Great purchase,Absolutely love this Brightware Ultra Appliances. Durability is excellent and it arrived on time.,2,1
1346,41387,197,526,20251105,5,Great purchase,Very happy with the Spice Route Pro Rice & Grains. Build quality is exactly as described.,2,1
1347,41402,146,2219,20251104,2,Not worth it,Returned it. Packaging did not match the listing.,0,1
1348,41442,36,1282,20251110,5,Great purchase,Solid purchase - Fit is outstanding for the price.,1,1
1349,41529,260,1959,20251107,3,It's okay,The UrbanLoom Premium Boots is okay. Finish is average but it does the job.,6,1
1350,41531,36,1861,20251113,4,Great purchase,"Great value. The Value for money exceeded my expectations, would buy again.",1,1
1351,41535,146,1285,20251128,3,It's okay,"Decent product, though Battery life could be better.",1,1
1352,41555,138,1179,20251111,4,Great purchase,Solid purchase - Finish is outstanding for the price.,4,1
1353,41559,147,377,20251115,5,Great purchase,Absolutely love this Daily Bowl Signature Rice & Grains. Value for money is excellent and it arrived on time.,0,1
1354,41577,247,23,20251203,4,Great purchase,Solid purchase - Value for money is outstanding for the price.,3,1
1355,41628,34,1285,20251127,3,It's okay,The Freshfarm Premium Tea is okay. Packaging is average but it does the job.,3,1
1356,41638,211,1317,20251109,2,Not worth it,Would not recommend - Durability was much worse than expected.,1,1
1357,41653,260,39,20251124,1,Not worth it,Disappointed with the UrbanLoom Premium Boots. Fit is poor and not worth the money.,4,1
1358,41654,36,39,20251119,4,Great purchase,Very happy with the Brightware Classic Cookware. Packaging is exactly as described.,1,1
1359,41680,45,1272,20251118,4,Great purchase,Absolutely love this Spice Route Eco Coffee. Packaging is excellent and it arrived on time.,4,1
1360,41696,55,1308,20251211,3,It's okay,The Brightware Pro Cushions is okay. Durability is average but it does the job.,2,1
1361,41736,177,737,20251127,4,Great purchase,"Great value. The Build quality exceeded my expectations, would buy again.",0,1
1362,41755,236,2246,20251123,4,Great purchase,Solid purchase - Finish is outstanding for the price.,4,1
1363,41769,211,1282,20251108,3,It's okay,"Decent product, though Durability could be better.",1,1
1364,41797,293,1532,20251210,5,Great purchase,Very happy with the Freshfarm Pro Snacks. Durability is exactly as described.,0,1
1365,41821,93,795,20251110,3,It's okay,The UrbanLoom Compact Sneakers is okay. Battery life is average but it does the job.,0,1
1366,41827,14,1010,20251118,3,It's okay,"Decent product, though Packaging could be better.",5,1
1367,41888,3,1069,20251125,3,It's okay,The Threadwell Ultra Sandals is okay. Packaging is average but it does the job.,0,1
1368,41913,211,149,20251126,4,Great purchase,Solid purchase - Value for money is outstanding for the price.,2,1
1369,41919,116,1942,20251209,4,Great purchase,"Great value. The Battery life exceeded my expectations, would buy again.",1,1
1370,41948,87,2239,20251116,5,Great purchase,Solid purchase - Taste is outstanding for the price.,8,1
1371,41996,37,516,20251115,3,It's okay,"Not bad. Fit is fine, nothing special.",0,1
1372,41999,36,868,20251210,4,Great purchase,Solid purchase - Value for money is outstanding for the price.,0,1
1373,42016,121,584,20251117,5,Great purchase,Absolutely love this CasaNova Pro Chairs. Battery life is excellent and it arrived on time.,2,1
1374,42124,156,2148,20251117,3,It's okay,"Not bad. Taste is fine, nothing special.",3,1
1375,42133,254,769,20251123,2,Not worth it,Returned it. Battery life did not match the listing.,0,1
1376,42172,6,1558,20251119,5,Great purchase,Absolutely love this Spice Route Classic Tea. Finish is excellent and it arrived on time.,2,1
1377,42190,244,769,20251121,4,Great purchase,"Great value. The Finish exceeded my expectations, would buy again.",0,1
1378,42194,36,1681,20251210,5,Great purchase,"Great value. The Finish exceeded my expectations, would buy again.",0,1
1379,42246,36,75,20251115,4,Great purchase,Very happy with the Brightware Classic Cookware. Battery life is exactly as described.,0,1
1380,42254,167,359,20251202,5,Great purchase,Absolutely love this Hearthstone Everyday Wall Art. Value for money is excellent and it arrived on time.,0,1
1381,42268,11,104,20251119,4,Great purchase,Absolutely love this AudioMint Ultra Headphones. Taste is excellent and it arrived on time.,3,1
1382,42300,295,1976,20251215,4,Great purchase,Solid purchase - Battery life is outstanding for the price.,4,1
1383,42316,146,2193,20251209,2,Not worth it,Would not recommend - Fit was much worse than expected.,12,1
1384,42325,247,1134,20251214,4,Great purchase,Very happy with the OakLine Classic Tables. Durability is exactly as described.,9,1
1385,42350,226,848,20251120,5,Great purchase,Very happy with the NorthPeak Essential Boots. Finish is exactly as described.,4,1
1386,42368,259,1324,20251116,4,Great purchase,Very happy with the Stridefit Lite Yoga Mats. Finish is exactly as described.,2,1
1387,42394,146,1877,20251201,5,Great purchase,Solid purchase - Packaging is outstanding for the price.,0,1
1388,42404,140,2070,20251221,4,Great purchase,Solid purchase - Taste is outstanding for the price.,4,1
1389,42417,295,1565,20251129,5,Great purchase,"Great value. The Taste exceeded my expectations, would buy again.",10,1
1390,42471,204,1307,20251213,4,Great purchase,Solid purchase - Build quality is outstanding for the price.,0,1
1391,42482,295,1572,20251127,4,Great purchase,Solid purchase - Packaging is outstanding for the price.,6,1
1392,42489,295,2161,20251217,4,Great purchase,Absolutely love this Zenbyte Signature Headphones. Battery life is excellent and it arrived on time.,0,1
1393,42541,116,1338,20251225,3,It's okay,"Not bad. Build quality is fine, nothing special.",0,1
1394,42546,138,2069,20251218,4,Great purchase,Solid purchase - Build quality is outstanding for the price.,5,1
1395,42556,36,1322,20251208,5,Great purchase,Absolutely love this Brightware Classic Cookware. Fit is excellent and it arrived on time.,2,1
1396,42569,195,1203,20251210,5,Great purchase,Absolutely love this NorthPeak Lite Jackets. Fit is excellent and it arrived on time.,2,1
1397,42615,116,1789,20251128,5,Great purchase,Very happy with the Brightware Essential Chairs. Packaging is exactly as described.,0,1
1398,42629,36,526,20251222,4,Great purchase,Solid purchase - Durability is outstanding for the price.,1,1
1399,42684,75,1827,20251201,4,Great purchase,Solid purchase - Taste is outstanding for the price.,7,1
1400,42688,24,211,20251217,5,Great purchase,Solid purchase - Battery life is outstanding for the price.,0,1
1401,42734,153,926,20251215,4,Great purchase,Solid purchase - Fit is outstanding for the price.,0,1
1402,42771,36,165,20251224,5,Great purchase,Solid purchase - Taste is outstanding for the price.,0,1
1403,42849,249,1282,20251222,3,It's okay,"Decent product, though Value for money could be better.",5,1
1404,42880,36,584,20251127,5,Great purchase,Absolutely love this Brightware Classic Cookware. Build quality is excellent and it arrived on time.,0,1
1405,42883,97,913,20251212,4,Great purchase,Absolutely love this NorthPeak Everyday Kurtas. Battery life is excellent and it arrived on time.,4,1
1406,42912,295,1282,20251210,5,Great purchase,Solid purchase - Value for money is outstanding for the price.,2,1
1407,42938,103,67,20251209,3,It's okay,"Decent product, though Taste could be better.",0,1
1408,42970,170,1089,20251231,5,Great purchase,Very happy with the UrbanLoom Lite Boots. Battery life is exactly as described.,3,1
1409,43036,36,801,20251129,5,Great purchase,Solid purchase - Value for money is outstanding for the price.,0,1
1410,43045,89,595,20251217,4,Great purchase,Very happy with the Zenbyte Pro Smartphones. Finish is exactly as described.,1,1
1411,43057,295,2044,20251212,5,Great purchase,"Great value. The Packaging exceeded my expectations, would buy again.",0,1
1412,43061,211,1942,20251126,3,It's okay,"Not bad. Packaging is fine, nothing special.",5,1
1413,43101,23,39,20251219,1,Not worth it,Returned it. Fit did not match the listing.,6,1
1414,43108,36,271,20251127,4,Great purchase,Very happy with the Brightware Classic Cookware. Value for money is exactly as described.,4,1
1415,43129,247,1658,20251228,5,Great purchase,"Great value. The Packaging exceeded my expectations, would buy again.",6,1
1416,43140,295,644,20251218,5,Great purchase,Solid purchase - Battery life is outstanding for the price.,2,1
1417,43149,202,139,20251203,4,Great purchase,Solid purchase - Battery life is outstanding for the price.,2,1
1418,43188,45,2049,20251129,4,Great purchase,"Great value. The Packaging exceeded my expectations, would buy again.",0,1
1419,43198,249,1086,20251128,3,It's okay,"Decent product, though Value for money could be better.",4,1
1420,43214,204,2069,20251228,2,Not worth it,Returned it. Taste did not match the listing.,4,1
1421,43269,247,653,20251130,4,Great purchase,Very happy with the OakLine Classic Tables. Battery life is exactly as described.,2,1
1422,43318,84,1307,20260104,4,Great purchase,Solid purchase - Taste is outstanding for the price.,9,1
1423,43329,281,2017,20260102,4,Great purchase,"Great value. The Fit exceeded my expectations, would buy again.",0,1
1424,43404,247,992,20251227,3,It's okay,The OakLine Classic Tables is okay. Value for money is average but it does the job.,1,1
1425,43407,155,1409,20251224,5,Great purchase,Absolutely love this TrailMate Eco Backpacks. Build quality is excellent and it arrived on time.,5,1
1426,43472,199,1662,20251223,3,It's okay,"Not bad. Packaging is fine, nothing special.",5,1
1427,43473,260,1662,20260101,2,Not worth it,Would not recommend - Durability was much worse than expected.,2,1
1428,43489,152,1789,20251222,4,Great purchase,"Great value. The Packaging exceeded my expectations, would buy again.",7,1
1429,43498,106,913,20251228,5,Great purchase,Solid purchase - Packaging is outstanding for the price.,0,1
1430,43506,36,2246,20251209,3,It's okay,"Decent product, though Build quality could be better.",1,1
1431,43611,243,596,20251217,4,Great purchase,"Great value. The Build quality exceeded my expectations, would buy again.",1,1
1432,43677,2,258,20251229,5,Great purchase,Very happy with the Kasturi Classic T-Shirts. Battery life is exactly as described.,1,1
1433,43747,295,1257,20251214,5,Great purchase,Absolutely love this Zenbyte Signature Headphones. Durability is excellent and it arrived on time.,1,1
1434,43757,86,319,20251213,4,Great purchase,Absolutely love this Daily Bowl Compact Snacks. Finish is excellent and it arrived on time.,0,1
1435,43787,79,2056,20260106,4,Great purchase,Very happy with the Brightware Eco Storage. Packaging is exactly as described.,8,1
1436,43811,140,31,20251224,5,Great purchase,Solid purchase - Finish is outstanding for the price.,7,1
1437,43851,295,1673,20251223,4,Great purchase,Very happy with the Zenbyte Signature Headphones. Packaging is exactly as described.,2,1
1438,43882,228,1628,20251230,5,Great purchase,Absolutely love this TrailMate Compact Water Bottles. Build quality is excellent and it arrived on time.,0,1
1439,43909,45,614,20251218,4,Great purchase,Very happy with the Spice Route Eco Coffee. Battery life is exactly as described.,2,1
1440,43938,140,1920,20260104,5,Great purchase,Very happy with the Peakline Premium Yoga Mats. Fit is exactly as described.,9,1
1441,43946,280,897,20251230,3,It's okay,"Not bad. Fit is fine, nothing special.",0,1
1442,43954,295,519,20251214,4,Great purchase,Solid purchase - Packaging is outstanding for the price.,4,1
1443,43959,79,1323,20251228,5,Great purchase,Very happy with the Brightware Eco Storage. Taste is exactly as described.,12,1
1444,43967,260,1909,20260109,4,Great purchase,"Great value. The Finish exceeded my expectations, would buy again.",6,1
1445,43993,289,1311,20251230,4,Great purchase,Very happy with the Spice Route Pro Tea. Fit is exactly as described.,7,1
1446,44000,295,1345,20260106,3,It's okay,The Zenbyte Signature Headphones is okay. Fit is average but it does the job.,0,1
1447,44007,259,53,20251215,4,Great purchase,"Great value. The Fit exceeded my expectations, would buy again.",0,1
1448,44056,157,1963,20260107,4,Great purchase,Very happy with the Threadwell Classic Dresses. Build quality is exactly as described.,5,1
1449,44060,49,1963,20260114,4,Great purchase,Very happy with the Velvetique Premium Shampoo. Finish is exactly as described.,7,1
1450,44109,116,1308,20251220,4,Great purchase,Absolutely love this Brightware Essential Chairs. Taste is excellent and it arrived on time.,2,1
1451,44114,284,1308,20260111,4,Great purchase,Solid purchase - Durability is outstanding for the price.,1,1
1452,44129,57,2164,20260114,4,Great purchase,Solid purchase - Durability is outstanding for the price.,9,1
1453,44131,59,1816,20251216,4,Great purchase,Solid purchase - Build quality is outstanding for the price.,1,1
1454,44137,296,700,20260115,4,Great purchase,Solid purchase - Taste is outstanding for the price.,6,1
1455,44165,295,31,20251213,4,Great purchase,Solid purchase - Packaging is outstanding for the price.,2,1
1456,44169,173,1472,20251231,4,Great purchase,Solid purchase - Finish is outstanding for the price.,3,1
1457,44174,289,1472,20251216,4,Great purchase,"Great value. The Taste exceeded my expectations, would buy again.",2,1
1458,44189,36,2158,20251224,5,Great purchase,"Great value. The Taste exceeded my expectations, would buy again.",0,1
1459,44217,295,1123,20251225,4,Great purchase,Solid purchase - Finish is outstanding for the price.,5,1
1460,44255,295,1267,20260105,4,Great purchase,Very happy with the Zenbyte Signature Headphones. Battery life is exactly as described.,10,1
1461,44262,211,1596,20260116,3,It's okay,The OakLine Essential Lamps is okay. Finish is average but it does the job.,4,1
1462,44313,256,1471,20251217,2,Not worth it,Returned it. Build quality did not match the listing.,3,1
1463,44350,295,1486,20260117,5,Great purchase,"Great value. The Packaging exceeded my expectations, would buy again.",1,1
1464,44363,211,1976,20251226,3,It's okay,"Decent product, though Packaging could be better.",5,1
1465,44372,45,2063,20251214,3,It's okay,The Spice Route Eco Coffee is okay. Finish is average but it does the job.,1,1
1466,44440,236,1920,20251219,3,It's okay,"Not bad. Build quality is fine, nothing special.",4,1
1467,44477,171,992,20251228,4,Great purchase,Absolutely love this Glowlab Lite Hair Oil. Build quality is excellent and it arrived on time.,2,1
1468,44595,36,1692,20260108,4,Great purchase,"Great value. The Fit exceeded my expectations, would buy again.",1,1
1469,44604,105,1771,20260117,4,Great purchase,Solid purchase - Packaging is outstanding for the price.,0,1
1470,44699,146,745,20251229,5,Great purchase,"Great value. The Value for money exceeded my expectations, would buy again.",0,1
1471,44711,295,543,20260101,4,Great purchase,"Great value. The Packaging exceeded my expectations, would buy again.",1,1
1472,44719,187,792,20260109,3,It's okay,The Freshfarm Eco Rice & Grains is okay. Value for money is average but it does the job.,6,1
1473,44722,295,926,20260108,3,It's okay,"Decent product, though Value for money could be better.",1,1
1474,44773,222,1736,20260108,5,Great purchase,"Great value. The Fit exceeded my expectations, would buy again.",0,1
1475,44793,295,1308,20260102,4,Great purchase,Absolutely love this Zenbyte Signature Headphones. Durability is excellent and it arrived on time.,0,1
1476,44826,136,2251,20251228,4,Great purchase,"Great value. The Build quality exceeded my expectations, would buy again.",0,1
1477,44840,34,1106,20260126,5,Great purchase,Absolutely love this Freshfarm Premium Tea. Finish is excellent and it arrived on time.,1,1
1478,44893,234,1995,20251225,4,Great purchase,Solid purchase - Value for money is outstanding for the price.,4,1
1479,44902,219,589,20251226,5,Great purchase,Solid purchase - Finish is outstanding for the price.,1,1
1480,44909,96,1282,20260109,3,It's okay,The CasaNova Everyday Chairs is okay. Finish is average but it does the job.,2,1
1481,44964,45,550,20251231,1,Not worth it,Disappointed with the Spice Route Eco Coffee. Taste is poor and not worth the money.,8,1
1482,44978,159,363,20260104,4,Great purchase,Absolutely love this Zenbyte Classic Speakers. Fit is excellent and it arrived on time.,0,1
1483,45015,137,2063,20260107,4,Great purchase,Very happy with the Zenbyte Eco Monitors. Durability is exactly as described.,2,1
1484,45018,260,798,20260110,4,Great purchase,Very happy with the UrbanLoom Premium Boots. Packaging is exactly as described.,8,1
1485,45022,300,1706,20260112,5,Great purchase,Very happy with the OakLine Everyday Storage. Finish is exactly as described.,5,1
1486,45025,54,733,20260110,4,Great purchase,Solid purchase - Build quality is outstanding for the price.,0,1
1487,45039,295,1205,20260125,5,Great purchase,Solid purchase - Packaging is outstanding for the price.,0,1
1488,45046,295,1300,20260108,4,Great purchase,"Great value. The Finish exceeded my expectations, would buy again.",0,1
1489,45047,36,1833,20251225,3,It's okay,"Decent product, though Build quality could be better.",11,1
1490,45075,211,123,20260121,3,It's okay,"Decent product, though Value for money could be better.",3,1
1491,45076,295,499,20260126,3,It's okay,The Zenbyte Signature Headphones is okay. Durability is average but it does the job.,3,1
1492,45118,146,1609,20260120,3,It's okay,"Decent product, though Value for money could be better.",0,1
1493,45150,155,1498,20251228,5,Great purchase,"Great value. The Taste exceeded my expectations, would buy again.",0,1
1494,45157,208,2033,20260123,4,Great purchase,"Great value. The Battery life exceeded my expectations, would buy again.",8,1
1495,45265,116,1734,20260113,5,Great purchase,"Great value. The Build quality exceeded my expectations, would buy again.",3,1
1496,45300,283,2099,20251226,5,Great purchase,"Great value. The Finish exceeded my expectations, would buy again.",1,1
1497,45306,89,244,20260115,3,It's okay,The Zenbyte Pro Smartphones is okay. Finish is average but it does the job.,7,1
1498,45320,101,1064,20260118,5,Great purchase,Absolutely love this GreenLeaf Essential Spices. Battery life is excellent and it arrived on time.,2,1
1499,45329,36,1252,20260103,3,It's okay,The Brightware Classic Cookware is okay. Value for money is average but it does the job.,1,1
1500,45438,247,588,20260117,5,Great purchase,"Great value. The Durability exceeded my expectations, would buy again.",0,1
1501,45449,157,1062,20260102,4,Great purchase,Solid purchase - Fit is outstanding for the price.,0,1
1502,45508,116,1591,20260130,4,Great purchase,Absolutely love this Brightware Essential Chairs. Value for money is excellent and it arrived on time.,1,1
1503,45541,5,528,20260122,4,Great purchase,"Great value. The Fit exceeded my expectations, would buy again.",2,1
1504,45592,116,974,20260111,4,Great purchase,Very happy with the Brightware Essential Chairs. Durability is exactly as described.,4,1
1505,45639,295,1992,20260116,2,Not worth it,Would not recommend - Value for money was much worse than expected.,3,1
1506,45664,122,2195,20260108,3,It's okay,"Not bad. Fit is fine, nothing special.",0,1
1507,45713,118,628,20260124,4,Great purchase,Absolutely love this Stridefit Premium Backpacks. Finish is excellent and it arrived on time.,0,1
1508,45762,69,1540,20260105,5,Great purchase,Solid purchase - Fit is outstanding for the price.,1,1
1509,45822,23,1285,20260125,4,Great purchase,Very happy with the Hearthstone Ultra Tables. Fit is exactly as described.,2,1
1510,45840,211,295,20260206,3,It's okay,The OakLine Essential Lamps is okay. Taste is average but it does the job.,3,1
1511,45852,192,2252,20260131,4,Great purchase,Very happy with the AudioMint Classic Speakers. Build quality is exactly as described.,4,1
1512,45871,202,2143,20260206,3,It's okay,The Voltix Essential Headphones is okay. Durability is average but it does the job.,3,1
1513,45888,155,9,20260118,4,Great purchase,Very happy with the TrailMate Eco Backpacks. Packaging is exactly as described.,4,1
1514,45937,270,1307,20260122,2,Not worth it,Would not recommend - Durability was much worse than expected.,0,1
1515,45966,211,2020,20260201,1,Not worth it,Returned it. Finish did not match the listing.,1,1
1516,46039,295,920,20260208,3,It's okay,"Not bad. Build quality is fine, nothing special.",1,1
1517,46066,244,452,20260202,4,Great purchase,Very happy with the Kasturi Classic Tops. Packaging is exactly as described.,3,1
1518,46086,295,1194,20260114,5,Great purchase,"Great value. The Taste exceeded my expectations, would buy again.",3,1
1519,46129,13,919,20260121,3,It's okay,"Not bad. Packaging is fine, nothing special.",0,1
1520,46138,204,2063,20260124,3,It's okay,"Decent product, though Durability could be better.",9,1
1521,46154,66,1251,20260127,4,Great purchase,Solid purchase - Packaging is outstanding for the price.,0,1
1522,46179,36,146,20260109,5,Great purchase,Solid purchase - Taste is outstanding for the price.,4,1
1523,46189,231,1942,20260111,3,It's okay,"Not bad. Build quality is fine, nothing special.",1,1
1524,46200,211,1817,20260207,4,Great purchase,Absolutely love this OakLine Essential Lamps. Build quality is excellent and it arrived on time.,1,1
1525,46235,49,1789,20260203,4,Great purchase,Very happy with the Velvetique Premium Shampoo. Finish is exactly as described.,12,1
1526,46259,36,2179,20260119,4,Great purchase,Solid purchase - Value for money is outstanding for the price.,1,1
1527,46318,45,1311,20260118,3,It's okay,The Spice Route Eco Coffee is okay. Battery life is average but it does the job.,3,1
1528,46326,36,1156,20260210,5,Great purchase,Absolutely love this Brightware Classic Cookware. Build quality is excellent and it arrived on time.,5,1
1529,46400,38,437,20260207,2,Not worth it,Returned it. Build quality did not match the listing.,1,1
1530,46424,45,1821,20260125,3,It's okay,The Spice Route Eco Coffee is okay. Packaging is average but it does the job.,2,1
1531,46483,36,757,20260207,3,It's okay,The Brightware Classic Cookware is okay. Finish is average but it does the job.,4,1
1532,46498,211,1576,20260216,4,Great purchase,Solid purchase - Finish is outstanding for the price.,0,1
1533,46517,36,437,20260125,5,Great purchase,"Great value. The Finish exceeded my expectations, would buy again.",1,1
1534,46545,295,853,20260131,3,It's okay,The Zenbyte Signature Headphones is okay. Fit is average but it does the job.,0,1
1535,46560,231,95,20260130,4,Great purchase,"Great value. The Finish exceeded my expectations, would buy again.",6,1
1536,46589,36,1995,20260119,3,It's okay,"Not bad. Battery life is fine, nothing special.",1,1
1537,46643,247,263,20260124,4,Great purchase,"Great value. The Finish exceeded my expectations, would buy again.",4,1
1538,46658,66,1422,20260122,5,Great purchase,Very happy with the Nexora Pro Headphones. Finish is exactly as described.,0,1
1539,46670,19,221,20260220,4,Great purchase,Absolutely love this Daily Bowl Essential Juices. Battery life is excellent and it arrived on time.,0,1
1540,46677,295,1062,20260206,4,Great purchase,Very happy with the Zenbyte Signature Headphones. Durability is exactly as described.,6,1
1541,46833,36,1944,20260216,4,Great purchase,Absolutely love this Brightware Classic Cookware. Taste is excellent and it arrived on time.,3,1
1542,46883,184,39,20260212,5,Great purchase,Very happy with the Kasturi Compact Jeans. Durability is exactly as described.,1,1
1543,46913,32,2187,20260215,4,Great purchase,Very happy with the Daily Bowl Lite Snacks. Value for money is exactly as described.,14,1
1544,46920,13,2217,20260214,3,It's okay,"Not bad. Fit is fine, nothing special.",3,1
1545,46927,45,67,20260203,3,It's okay,The Spice Route Eco Coffee is okay. Value for money is average but it does the job.,1,1
1546,46937,295,2105,20260227,4,Great purchase,Very happy with the Zenbyte Signature Headphones. Taste is exactly as described.,1,1
1547,46945,202,1021,20260131,3,It's okay,"Decent product, though Fit could be better.",4,1
1548,46971,211,574,20260208,4,Great purchase,Solid purchase - Packaging is outstanding for the price.,3,1
1549,47050,36,1824,20260131,5,Great purchase,Very happy with the Brightware Classic Cookware. Fit is exactly as described.,4,1
1550,47057,264,1290,20260203,3,It's okay,"Not bad. Value for money is fine, nothing special.",11,1
1551,47063,172,1290,20260206,4,Great purchase,Solid purchase - Durability is outstanding for the price.,0,1
1552,47070,48,2251,20260204,4,Great purchase,Solid purchase - Value for money is outstanding for the price.,1,1
1553,47105,297,745,20260212,4,Great purchase,"Great value. The Finish exceeded my expectations, would buy again.",1,1
1554,47144,169,1843,20260208,4,Great purchase,Absolutely love this Pure Roots Eco Hair Oil. Value for money is excellent and it arrived on time.,4,1
1555,47162,295,963,20260204,3,It's okay,"Decent product, though Fit could be better.",1,1
1556,47165,272,1663,20260216,4,Great purchase,Absolutely love this Daily Bowl Compact Tea. Taste is excellent and it arrived on time.,6,1
1557,47271,295,868,20260204,4,Great purchase,"Great value. The Fit exceeded my expectations, would buy again.",0,1
1558,47289,36,275,20260206,3,It's okay,"Not bad. Durability is fine, nothing special.",8,1
1559,47389,140,319,20260215,5,Great purchase,"Great value. The Fit exceeded my expectations, would buy again.",0,1
1560,47412,247,130,20260304,5,Great purchase,Absolutely love this OakLine Classic Tables. Value for money is excellent and it arrived on time.,0,1
1561,47422,36,2070,20260210,5,Great purchase,Very happy with the Brightware Classic Cookware. Packaging is exactly as described.,5,1
1562,47425,268,225,20260306,4,Great purchase,Absolutely love this TrailMate Essential Backpacks. Build quality is excellent and it arrived on time.,0,1
1563,47437,295,2192,20260311,4,Great purchase,Absolutely love this Zenbyte Signature Headphones. Value for money is excellent and it arrived on time.,0,1
1564,47444,124,1472,20260306,5,Great purchase,Absolutely love this Spice Route Lite Coffee. Taste is excellent and it arrived on time.,0,1
1565,47449,187,309,20260309,4,Great purchase,Absolutely love this Freshfarm Eco Rice & Grains. Finish is excellent and it arrived on time.,1,1
1566,47468,211,1023,20260305,4,Great purchase,Solid purchase - Battery life is outstanding for the price.,2,1
1567,47474,287,172,20260211,5,Great purchase,Very happy with the Nexora Everyday Headphones. Packaging is exactly as described.,0,1
1568,47499,247,2152,20260301,5,Great purchase,"Great value. The Packaging exceeded my expectations, would buy again.",2,1
1569,47500,300,2152,20260222,4,Great purchase,"Great value. The Fit exceeded my expectations, would buy again.",6,1
1570,47518,36,43,20260303,4,Great purchase,Solid purchase - Battery life is outstanding for the price.,3,1
1571,47576,45,155,20260212,3,It's okay,"Decent product, though Durability could be better.",0,1
1572,47599,49,1956,20260214,4,Great purchase,"Great value. The Battery life exceeded my expectations, would buy again.",2,1
1573,47644,117,2063,20260218,4,Great purchase,Solid purchase - Battery life is outstanding for the price.,2,1
1574,47651,140,1672,20260301,5,Great purchase,Very happy with the Peakline Premium Yoga Mats. Build quality is exactly as described.,0,1
1575,47660,116,1161,20260223,4,Great purchase,Very happy with the Brightware Essential Chairs. Build quality is exactly as described.,1,1
1576,47716,211,748,20260305,3,It's okay,"Not bad. Packaging is fine, nothing special.",4,1
1577,47717,24,748,20260310,4,Great purchase,Solid purchase - Finish is outstanding for the price.,0,1
1578,47746,140,748,20260307,3,It's okay,"Decent product, though Build quality could be better.",0,1
1579,47804,93,1286,20260302,3,It's okay,"Not bad. Durability is fine, nothing special.",1,1
1580,47815,169,600,20260323,4,Great purchase,Solid purchase - Value for money is outstanding for the price.,2,1
1581,47837,269,223,20260222,4,Great purchase,Absolutely love this AudioMint Pro Laptops. Durability is excellent and it arrived on time.,4,1
1582,47901,45,725,20260313,3,It's okay,"Not bad. Value for money is fine, nothing special.",1,1
1583,47941,211,1762,20260312,4,Great purchase,Very happy with the OakLine Essential Lamps. Finish is exactly as described.,7,1
1584,47981,108,1702,20260321,5,Great purchase,Solid purchase - Battery life is outstanding for the price.,1,1
1585,48011,295,1790,20260319,5,Great purchase,Very happy with the Zenbyte Signature Headphones. Packaging is exactly as described.,1,1
1586,48037,45,868,20260319,3,It's okay,"Not bad. Value for money is fine, nothing special.",4,1
1587,48038,36,868,20260310,4,Great purchase,Solid purchase - Taste is outstanding for the price.,7,1
1588,48062,96,39,20260305,4,Great purchase,Absolutely love this CasaNova Everyday Chairs. Fit is excellent and it arrived on time.,1,1
1589,48080,155,1142,20260311,5,Great purchase,"Great value. The Build quality exceeded my expectations, would buy again.",12,1
1590,48098,35,745,20260327,3,It's okay,"Not bad. Finish is fine, nothing special.",4,1
1591,48104,249,138,20260225,2,Not worth it,Would not recommend - Battery life was much worse than expected.,4,1
1592,48133,42,914,20260317,2,Not worth it,Would not recommend - Finish was much worse than expected.,2,1
1593,48193,106,1367,20260302,4,Great purchase,Absolutely love this Daily Bowl Essential Juices. Taste is excellent and it arrived on time.,1,1
1594,48234,95,726,20260319,4,Great purchase,"Great value. The Battery life exceeded my expectations, would buy again.",7,1
1595,48264,106,630,20260401,3,It's okay,"Decent product, though Taste could be better.",1,1
1596,48300,79,1499,20260329,5,Great purchase,Very happy with the Brightware Eco Storage. Packaging is exactly as described.,1,1
1597,48301,97,1499,20260303,4,Great purchase,Very happy with the NorthPeak Everyday Kurtas. Fit is exactly as described.,0,1
1598,48333,187,522,20260328,4,Great purchase,Absolutely love this Freshfarm Eco Rice & Grains. Taste is excellent and it arrived on time.,13,1
1599,48415,283,23,20260319,4,Great purchase,"Great value. The Value for money exceeded my expectations, would buy again.",3,1
1600,48466,51,1322,20260319,5,Great purchase,Absolutely love this Stridefit Premium Water Bottles. Taste is excellent and it arrived on time.,0,1
1601,48469,36,1322,20260317,4,Great purchase,Solid purchase - Packaging is outstanding for the price.,4,1
1602,48483,88,139,20260318,4,Great purchase,Absolutely love this CasaNova Ultra Wall Art. Build quality is excellent and it arrived on time.,0,1
1603,48533,295,319,20260311,4,Great purchase,Very happy with the Zenbyte Signature Headphones. Durability is exactly as described.,4,1
1604,48574,105,963,20260313,5,Great purchase,"Great value. The Build quality exceeded my expectations, would buy again.",3,1
1605,48582,155,700,20260330,4,Great purchase,Very happy with the TrailMate Eco Backpacks. Finish is exactly as described.,4,1
1606,48584,5,1833,20260324,4,Great purchase,Solid purchase - Fit is outstanding for the price.,3,1
1607,48607,36,867,20260321,5,Great purchase,Very happy with the Brightware Classic Cookware. Battery life is exactly as described.,5,1
1608,48618,300,1761,20260309,3,It's okay,"Decent product, though Durability could be better.",0,1
1609,48674,45,1046,20260321,2,Not worth it,Disappointed with the Spice Route Eco Coffee. Build quality is poor and not worth the money.,2,1
1610,48710,247,963,20260329,5,Great purchase,"Great value. The Taste exceeded my expectations, would buy again.",0,1
1611,48716,36,1011,20260319,5,Great purchase,Solid purchase - Taste is outstanding for the price.,6,1
1612,48739,36,745,20260408,5,Great purchase,Solid purchase - Taste is outstanding for the price.,3,1
1613,48751,36,335,20260404,4,Great purchase,"Great value. The Build quality exceeded my expectations, would buy again.",1,1
1614,48771,140,39,20260315,5,Great purchase,Very happy with the Peakline Premium Yoga Mats. Finish is exactly as described.,6,1
1615,48808,135,740,20260325,4,Great purchase,"Great value. The Value for money exceeded my expectations, would buy again.",1,1
1616,48810,31,286,20260323,5,Great purchase,Absolutely love this Zenbyte Compact Smartphones. Fit is excellent and it arrived on time.,10,1
1617,48831,57,852,20260314,3,It's okay,"Decent product, though Fit could be better.",1,1
1618,48844,34,1969,20260406,5,Great purchase,Absolutely love this Freshfarm Premium Tea. Durability is excellent and it arrived on time.,1,1
1619,48845,36,1969,20260402,4,Great purchase,"Great value. The Fit exceeded my expectations, would buy again.",0,1
1620,48866,295,609,20260404,3,It's okay,"Decent product, though Durability could be better.",0,1
1621,48868,211,609,20260317,3,It's okay,The OakLine Essential Lamps is okay. Build quality is average but it does the job.,2,1
1622,48934,212,1282,20260407,4,Great purchase,Solid purchase - Battery life is outstanding for the price.,2,1
1623,48943,23,1530,20260322,3,It's okay,"Decent product, though Durability could be better.",2,1
1624,48944,125,1530,20260406,3,It's okay,"Not bad. Fit is fine, nothing special.",1,1
1625,48970,295,1282,20260424,4,Great purchase,Very happy with the Zenbyte Signature Headphones. Fit is exactly as described.,0,1
1626,48974,244,1233,20260422,5,Great purchase,Absolutely love this Kasturi Classic Tops. Finish is excellent and it arrived on time.,0,1
1627,49004,202,1161,20260325,4,Great purchase,"Great value. The Fit exceeded my expectations, would buy again.",1,1
1628,49020,66,1789,20260408,5,Great purchase,"Great value. The Taste exceeded my expectations, would buy again.",0,1
1629,49037,268,1007,20260331,4,Great purchase,Absolutely love this TrailMate Essential Backpacks. Durability is excellent and it arrived on time.,0,1
1630,49047,295,1311,20260320,4,Great purchase,"Great value. The Value for money exceeded my expectations, would buy again.",5,1
1631,49054,92,2193,20260324,3,It's okay,The Velvetique Lite Hair Oil is okay. Fit is average but it does the job.,0,1
1632,49067,295,523,20260402,5,Great purchase,Absolutely love this Zenbyte Signature Headphones. Taste is excellent and it arrived on time.,1,1
1633,49079,295,678,20260419,4,Great purchase,Solid purchase - Value for money is outstanding for the price.,5,1
1634,49145,36,1431,20260324,2,Not worth it,Returned it. Packaging did not match the listing.,4,1
1635,49194,219,54,20260412,4,Great purchase,Very happy with the OakLine Lite Storage. Packaging is exactly as described.,2,1
1636,49213,296,1917,20260414,3,It's okay,The AudioMint Lite Speakers is okay. Build quality is average but it does the job.,3,1
1637,49344,295,225,20260409,5,Great purchase,Absolutely love this Zenbyte Signature Headphones. Packaging is excellent and it arrived on time.,1,1
1638,49359,36,335,20260429,4,Great purchase,Very happy with the Brightware Classic Cookware. Durability is exactly as described.,11,1
1639,49402,97,387,20260501,3,It's okay,The NorthPeak Everyday Kurtas is okay. Battery life is average but it does the job.,1,1
1640,49422,291,731,20260502,3,It's okay,"Not bad. Battery life is fine, nothing special.",1,1
1641,49425,75,677,20260410,2,Not worth it,Returned it. Packaging did not match the listing.,1,1
1642,49437,36,2033,20260430,5,Great purchase,"Great value. The Fit exceeded my expectations, would buy again.",1,1
1643,49563,295,1602,20260409,4,Great purchase,Solid purchase - Build quality is outstanding for the price.,6,1
1644,49577,93,691,20260507,5,Great purchase,"Great value. The Packaging exceeded my expectations, would buy again.",2,1
1645,49578,155,691,20260427,4,Great purchase,"Great value. The Packaging exceeded my expectations, would buy again.",4,1
1646,49620,36,1032,20260413,3,It's okay,"Decent product, though Packaging could be better.",1,1
1647,49621,150,1032,20260412,4,Great purchase,"Great value. The Durability exceeded my expectations, would buy again.",1,1
1648,49641,146,1069,20260429,4,Great purchase,Very happy with the Daily Bowl Premium Spices. Finish is exactly as described.,4,1
1649,49643,66,1069,20260407,4,Great purchase,Very happy with the Nexora Pro Headphones. Packaging is exactly as described.,3,1
1650,49678,293,1342,20260507,5,Great purchase,Solid purchase - Taste is outstanding for the price.,0,1
1651,49711,296,1346,20260408,3,It's okay,The AudioMint Lite Speakers is okay. Durability is average but it does the job.,0,1
1652,49716,116,237,20260423,5,Great purchase,Solid purchase - Finish is outstanding for the price.,1,1
1653,49732,116,335,20260421,3,It's okay,The Brightware Essential Chairs is okay. Packaging is average but it does the job.,2,1
1654,49735,125,143,20260502,3,It's okay,"Decent product, though Durability could be better.",0,1
1655,49736,295,143,20260414,3,It's okay,The Zenbyte Signature Headphones is okay. Build quality is average but it does the job.,5,1
1656,49789,116,2049,20260408,4,Great purchase,Very happy with the Brightware Essential Chairs. Build quality is exactly as described.,0,1
1657,49790,295,2049,20260424,4,Great purchase,Solid purchase - Value for money is outstanding for the price.,0,1
1658,49799,96,919,20260424,5,Great purchase,Absolutely love this CasaNova Everyday Chairs. Taste is excellent and it arrived on time.,3,1
1659,49920,36,1030,20260413,5,Great purchase,Absolutely love this Brightware Classic Cookware. Build quality is excellent and it arrived on time.,1,1
1660,49925,36,474,20260416,4,Great purchase,Absolutely love this Brightware Classic Cookware. Battery life is excellent and it arrived on time.,2,1
1661,50002,296,1431,20260422,3,It's okay,"Decent product, though Value for money could be better.",0,1
1662,50054,164,1811,20260502,3,It's okay,The GreenLeaf Compact Snacks is okay. Finish is average but it does the job.,4,1
1663,50058,15,2143,20260430,4,Great purchase,Absolutely love this Brightware Pro Storage. Battery life is excellent and it arrived on time.,1,1
1664,50060,183,2143,20260514,5,Great purchase,"Great value. The Packaging exceeded my expectations, would buy again.",3,1
1665,50110,138,39,20260420,3,It's okay,The Daily Bowl Essential Tea is okay. Build quality is average but it does the job.,1,1
1666,50125,45,1850,20260509,3,It's okay,"Decent product, though Build quality could be better.",0,1
1667,50134,211,1317,20260413,5,Great purchase,Absolutely love this OakLine Essential Lamps. Taste is excellent and it arrived on time.,1,1
1668,50164,79,987,20260509,3,It's okay,"Not bad. Battery life is fine, nothing special.",2,1
1669,50197,146,152,20260426,3,It's okay,The Daily Bowl Premium Spices is okay. Taste is average but it does the job.,0,1
1670,50250,231,2099,20260509,5,Great purchase,"Great value. The Durability exceeded my expectations, would buy again.",11,1
1671,50261,48,852,20260423,4,Great purchase,Very happy with the NorthPeak Eco Jackets. Finish is exactly as described.,0,1
1672,50312,216,50,20260422,4,Great purchase,"Great value. The Value for money exceeded my expectations, would buy again.",5,1
1673,50314,7,50,20260508,5,Great purchase,"Great value. The Battery life exceeded my expectations, would buy again.",7,1
1674,50346,80,2122,20260427,4,Great purchase,Solid purchase - Packaging is outstanding for the price.,3,1
1675,50349,260,578,20260426,2,Not worth it,Would not recommend - Taste was much worse than expected.,3,1
1676,50356,216,1094,20260509,4,Great purchase,Solid purchase - Finish is outstanding for the price.,0,1
1677,50389,11,196,20260501,5,Great purchase,Solid purchase - Packaging is outstanding for the price.,0,1
1678,50394,295,1564,20260524,5,Great purchase,"Great value. The Build quality exceeded my expectations, would buy again.",3,1
1679,50413,66,1367,20260423,5,Great purchase,Very happy with the Nexora Pro Headphones. Value for money is exactly as described.,1,1
1680,50420,210,883,20260514,4,Great purchase,Very happy with the Voltix Premium Cases. Packaging is exactly as described.,9,1
1681,50433,36,34,20260524,3,It's okay,The Brightware Classic Cookware is okay. Fit is average but it does the job.,0,1
1682,50463,195,2063,20260518,4,Great purchase,Absolutely love this NorthPeak Lite Jackets. Value for money is excellent and it arrived on time.,9,1
1683,50491,283,1118,20260508,3,It's okay,"Decent product, though Durability could be better.",4,1
1684,50492,154,1118,20260505,5,Great purchase,Absolutely love this Zenbyte Essential Headphones. Finish is excellent and it arrived on time.,2,1
1685,50508,211,496,20260513,5,Great purchase,Solid purchase - Fit is outstanding for the price.,2,1
1686,50514,116,906,20260518,3,It's okay,"Not bad. Fit is fine, nothing special.",2,1
1687,50533,216,1833,20260513,5,Great purchase,Very happy with the TrailMate Everyday Water Bottles. Packaging is exactly as described.,0,1
1688,50534,123,1833,20260517,3,It's okay,"Not bad. Durability is fine, nothing special.",0,1
1689,50574,36,2124,20260516,5,Great purchase,Solid purchase - Build quality is outstanding for the price.,0,1
1690,50682,295,47,20260426,2,Not worth it,Returned it. Durability did not match the listing.,0,1
1691,50760,28,700,20260508,3,It's okay,"Not bad. Finish is fine, nothing special.",2,1
1692,50762,295,526,20260513,4,Great purchase,"Great value. The Build quality exceeded my expectations, would buy again.",11,1
1693,50767,181,992,20260517,4,Great purchase,"Great value. The Value for money exceeded my expectations, would buy again.",5,1
1694,50835,45,1453,20260513,4,Great purchase,Very happy with the Spice Route Eco Coffee. Durability is exactly as described.,2,1
1695,50839,45,1317,20260531,3,It's okay,"Not bad. Value for money is fine, nothing special.",4,1
1696,50864,97,710,20260527,4,Great purchase,Solid purchase - Finish is outstanding for the price.,1,1
1697,50895,214,2143,20260430,4,Great purchase,Absolutely love this Brightware Signature Lamps. Value for money is excellent and it arrived on time.,5,1
1698,50924,36,1605,20260531,4,Great purchase,Very happy with the Brightware Classic Cookware. Durability is exactly as described.,0,1
1699,50955,211,1789,20260511,3,It's okay,The OakLine Essential Lamps is okay. Durability is average but it does the job.,0,1
1700,51043,239,2081,20260514,3,It's okay,"Not bad. Battery life is fine, nothing special.",2,1
1701,51075,79,629,20260508,4,Great purchase,Absolutely love this Brightware Eco Storage. Packaging is excellent and it arrived on time.,5,1
1702,51249,211,987,20260611,3,It's okay,"Not bad. Value for money is fine, nothing special.",1,1
1703,51263,295,50,20260603,4,Great purchase,Solid purchase - Durability is outstanding for the price.,7,1
1704,51270,69,588,20260612,5,Great purchase,"Great value. The Value for money exceeded my expectations, would buy again.",7,1
1705,51321,211,540,20260530,4,Great purchase,Solid purchase - Taste is outstanding for the price.,7,1
1706,51325,105,1781,20260514,4,Great purchase,Solid purchase - Packaging is outstanding for the price.,0,1
1707,51336,211,491,20260614,2,Not worth it,Would not recommend - Build quality was much worse than expected.,2,1
1708,51375,260,1492,20260514,4,Great purchase,Very happy with the UrbanLoom Premium Boots. Packaging is exactly as described.,2,1
1709,51377,105,102,20260521,5,Great purchase,Very happy with the OakLine Signature Tables. Value for money is exactly as described.,4,1
1710,51395,229,319,20260613,2,Not worth it,Disappointed with the Spice Route Eco Spices. Finish is poor and not worth the money.,0,1
1711,51404,247,843,20260525,5,Great purchase,Absolutely love this OakLine Classic Tables. Finish is excellent and it arrived on time.,3,1
1712,51419,242,295,20260525,5,Great purchase,Absolutely love this Nexora Compact Smartphones. Battery life is excellent and it arrived on time.,3,1
1713,51435,110,559,20260515,2,Not worth it,Disappointed with the GreenLeaf Ultra Rice & Grains. Taste is poor and not worth the money.,10,1
1714,51458,278,900,20260528,4,Great purchase,Absolutely love this UrbanLoom Lite Sandals. Packaging is excellent and it arrived on time.,0,1
1715,51502,177,316,20260611,4,Great purchase,"Great value. The Value for money exceeded my expectations, would buy again.",0,1
1716,51509,36,893,20260531,5,Great purchase,Solid purchase - Taste is outstanding for the price.,6,1
1717,51527,36,761,20260517,3,It's okay,"Decent product, though Fit could be better.",0,1
1718,51535,295,139,20260608,4,Great purchase,"Great value. The Packaging exceeded my expectations, would buy again.",4,1
1719,51554,116,1430,20260516,4,Great purchase,"Great value. The Durability exceeded my expectations, would buy again.",1,1
1720,51632,295,39,20260620,2,Not worth it,Returned it. Value for money did not match the listing.,5,1
1721,51640,295,1324,20260608,4,Great purchase,Very happy with the Zenbyte Signature Headphones. Battery life is exactly as described.,7,1
1722,51680,36,1802,20260516,3,It's okay,"Not bad. Fit is fine, nothing special.",3,1
1723,51718,171,888,20260525,4,Great purchase,Absolutely love this Glowlab Lite Hair Oil. Fit is excellent and it arrived on time.,7,1
1724,51754,282,1142,20260603,5,Great purchase,Very happy with the Nexora Classic Chargers. Durability is exactly as described.,0,1
1725,51771,137,926,20260609,5,Great purchase,Absolutely love this Zenbyte Eco Monitors. Durability is excellent and it arrived on time.,2,1
1726,51825,36,2063,20260622,3,It's okay,The Brightware Classic Cookware is okay. Battery life is average but it does the job.,2,1
1727,51839,247,2063,20260617,3,It's okay,The OakLine Classic Tables is okay. Battery life is average but it does the job.,3,1
1728,51899,28,1187,20260601,5,Great purchase,Absolutely love this AudioMint Ultra Keyboards. Value for money is excellent and it arrived on time.,1,1
1729,51930,105,700,20260601,4,Great purchase,Very happy with the OakLine Signature Tables. Value for money is exactly as described.,0,1
1730,51934,247,1745,20260520,5,Great purchase,Very happy with the OakLine Classic Tables. Taste is exactly as described.,0,1
1731,51988,80,1282,20260524,3,It's okay,The Freshfarm Compact Coffee is okay. Fit is average but it does the job.,6,1
1732,51993,138,1742,20260610,3,It's okay,"Decent product, though Battery life could be better.",2,1
1733,52029,154,929,20260618,3,It's okay,"Decent product, though Fit could be better.",2,1
1734,52067,299,1789,20260620,5,Great purchase,Very happy with the Pure Roots Signature Shampoo. Taste is exactly as described.,2,1
1735,52079,211,76,20260610,3,It's okay,"Decent product, though Battery life could be better.",1,1
1736,52195,79,1513,20260623,3,It's okay,"Decent product, though Build quality could be better.",2,1
1737,52207,75,1282,20260629,4,Great purchase,Solid purchase - Packaging is outstanding for the price.,2,1
1738,52220,275,468,20260623,4,Great purchase,"Great value. The Packaging exceeded my expectations, would buy again.",1,1
1739,52227,155,2179,20260621,4,Great purchase,"Great value. The Durability exceeded my expectations, would buy again.",2,1
1740,52233,155,2179,20260603,4,Great purchase,"Great value. The Packaging exceeded my expectations, would buy again.",4,1
1741,52234,146,2179,20260607,4,Great purchase,Solid purchase - Finish is outstanding for the price.,0,1
1742,52243,155,1388,20260531,5,Great purchase,"Great value. The Battery life exceeded my expectations, would buy again.",0,1
1743,52270,171,1803,20260607,4,Great purchase,Absolutely love this Glowlab Lite Hair Oil. Fit is excellent and it arrived on time.,1,1
1744,52299,45,474,20260614,2,Not worth it,Would not recommend - Battery life was much worse than expected.,1,1
1745,52375,42,1745,20260624,3,It's okay,"Decent product, though Value for money could be better.",0,1
1746,52429,229,496,20260623,3,It's okay,"Decent product, though Value for money could be better.",1,1
1747,52433,214,1078,20260611,4,Great purchase,Absolutely love this Brightware Signature Lamps. Durability is excellent and it arrived on time.,0,1
1748,52459,295,2159,20260603,3,It's okay,The Zenbyte Signature Headphones is okay. Battery life is average but it does the job.,6,1
1749,52515,95,1796,20260609,4,Great purchase,Solid purchase - Battery life is outstanding for the price.,0,1
1750,52533,295,1601,20260706,3,It's okay,"Decent product, though Packaging could be better.",1,1
1751,52548,75,168,20260705,3,It's okay,"Not bad. Value for money is fine, nothing special.",2,1
1752,52552,259,1819,20260629,4,Great purchase,Very happy with the Stridefit Lite Yoga Mats. Packaging is exactly as described.,5,1
1753,52576,55,495,20260609,5,Great purchase,Solid purchase - Finish is outstanding for the price.,0,1
1754,52602,211,39,20260608,5,Great purchase,Solid purchase - Durability is outstanding for the price.,13,1
1755,52680,116,568,20260614,3,It's okay,The Brightware Essential Chairs is okay. Finish is average but it does the job.,1,1
1756,52759,204,290,20260618,4,Great purchase,Very happy with the Spice Route Everyday Juices. Fit is exactly as described.,3,1
1757,52789,178,1422,20260611,4,Great purchase,Absolutely love this Threadwell Pro Sneakers. Durability is excellent and it arrived on time.,3,1
1758,52828,75,1816,20260613,5,Great purchase,"Great value. The Battery life exceeded my expectations, would buy again.",1,1
1759,52855,155,492,20260619,3,It's okay,"Decent product, though Fit could be better.",4,1
1760,52898,50,1499,20260706,5,Great purchase,Very happy with the NorthPeak Compact Tops. Battery life is exactly as described.,0,1
1761,52916,116,1450,20260702,5,Great purchase,Absolutely love this Brightware Essential Chairs. Fit is excellent and it arrived on time.,8,1
1762,52923,221,1583,20260624,5,Great purchase,"Great value. The Battery life exceeded my expectations, would buy again.",2,1
1763,52944,161,297,20260706,2,Not worth it,Would not recommend - Finish was much worse than expected.,4,1
1764,52997,138,1973,20260619,3,It's okay,"Decent product, though Packaging could be better.",1,1
1765,53010,105,1430,20260706,5,Great purchase,Solid purchase - Finish is outstanding for the price.,0,1
1766,53020,178,1139,20260718,5,Great purchase,Absolutely love this Threadwell Pro Sneakers. Durability is excellent and it arrived on time.,11,1
1767,53065,247,1152,20260702,5,Great purchase,"Great value. The Value for money exceeded my expectations, would buy again.",1,1
1768,53091,295,1888,20260617,5,Great purchase,Solid purchase - Battery life is outstanding for the price.,5,1
1769,53127,146,745,20260625,5,Great purchase,"Great value. The Packaging exceeded my expectations, would buy again.",1,1
1770,53142,211,1417,20260621,4,Great purchase,Solid purchase - Finish is outstanding for the price.,0,1
1771,53204,247,66,20260721,4,Great purchase,"Great value. The Value for money exceeded my expectations, would buy again.",1,1
1772,53252,259,1692,20260630,4,Great purchase,"Great value. The Value for money exceeded my expectations, would buy again.",5,1
1773,53273,202,852,20260706,2,Not worth it,Returned it. Taste did not match the listing.,0,1
1774,53274,36,852,20260720,4,Great purchase,Solid purchase - Value for money is outstanding for the price.,2,1
1775,53278,22,1329,20260711,4,Great purchase,Absolutely love this TrailMate Everyday Dumbbells. Packaging is excellent and it arrived on time.,0,1
1776,53288,140,1713,20260619,4,Great purchase,"Great value. The Battery life exceeded my expectations, would buy again.",2,1
1777,53294,36,1824,20260724,4,Great purchase,Very happy with the Brightware Classic Cookware. Fit is exactly as described.,3,1
1778,53309,249,1519,20260704,3,It's okay,"Not bad. Taste is fine, nothing special.",5,1
1779,53312,295,681,20260720,4,Great purchase,Absolutely love this Zenbyte Signature Headphones. Durability is excellent and it arrived on time.,7,1
1780,53322,289,1579,20260714,3,It's okay,"Not bad. Fit is fine, nothing special.",13,1
1781,53335,135,980,20260727,3,It's okay,The Brightware Ultra Appliances is okay. Fit is average but it does the job.,2,1
1782,53358,187,1431,20260705,2,Not worth it,Would not recommend - Value for money was much worse than expected.,4,1
1783,53490,137,200,20260727,4,Great purchase,Absolutely love this Zenbyte Eco Monitors. Value for money is excellent and it arrived on time.,1,1
1784,53521,36,1284,20260726,4,Great purchase,"Great value. The Fit exceeded my expectations, would buy again.",2,1
1785,53533,8,1564,20260702,4,Great purchase,Solid purchase - Battery life is outstanding for the price.,3,1
1786,53573,34,1725,20260710,4,Great purchase,Very happy with the Freshfarm Premium Tea. Durability is exactly as described.,2,1
1787,53608,32,760,20260723,3,It's okay,"Decent product, though Battery life could be better.",5,1
1788,53620,295,444,20260715,3,It's okay,The Zenbyte Signature Headphones is okay. Fit is average but it does the job.,0,1
1789,53622,36,184,20260704,5,Great purchase,Solid purchase - Battery life is outstanding for the price.,1,1
1790,53625,95,184,20260801,4,Great purchase,"Great value. The Taste exceeded my expectations, would buy again.",4,1
1791,53626,140,1405,20260715,5,Great purchase,Solid purchase - Build quality is outstanding for the price.,0,1
1792,53673,243,294,20260723,5,Great purchase,"Great value. The Durability exceeded my expectations, would buy again.",9,1
1793,53696,295,1609,20260718,3,It's okay,The Zenbyte Signature Headphones is okay. Battery life is average but it does the job.,2,1
1794,53758,63,1784,20260805,5,Great purchase,Very happy with the UrbanLoom Everyday T-Shirts. Battery life is exactly as described.,0,1
1795,53759,295,928,20260801,3,It's okay,"Not bad. Finish is fine, nothing special.",0,1
1796,53777,75,1007,20260712,5,Great purchase,Very happy with the Kasturi Pro Sneakers. Packaging is exactly as described.,0,1
1797,53790,247,2124,20260706,4,Great purchase,Absolutely love this OakLine Classic Tables. Fit is excellent and it arrived on time.,1,1
1798,53793,181,1032,20260724,4,Great purchase,Solid purchase - Durability is outstanding for the price.,3,1
1799,53803,166,991,20260807,5,Great purchase,Very happy with the Pure Roots Signature Moisturisers. Taste is exactly as described.,3,1
1800,53863,33,105,20260804,4,Great purchase,"Great value. The Build quality exceeded my expectations, would buy again.",6,1
1801,53912,140,971,20260729,4,Great purchase,Absolutely love this Peakline Premium Yoga Mats. Build quality is excellent and it arrived on time.,0,1
1802,53919,64,15,20260711,4,Great purchase,"Great value. The Value for money exceeded my expectations, would buy again.",2,1
1803,53948,169,1182,20260802,5,Great purchase,Very happy with the Pure Roots Eco Hair Oil. Fit is exactly as described.,2,1
1804,54001,90,903,20260725,4,Great purchase,Very happy with the AudioMint Premium Cases. Packaging is exactly as described.,8,1
1805,54048,34,533,20260807,5,Great purchase,Very happy with the Freshfarm Premium Tea. Taste is exactly as described.,5,1
1806,54094,179,1709,20260802,4,Great purchase,Absolutely love this GreenLeaf Essential Juices. Durability is excellent and it arrived on time.,5,1
1807,54131,206,834,20260815,2,Not worth it,Disappointed with the AudioMint Ultra Laptops. Taste is poor and not worth the money.,0,1
1808,54142,96,1372,20260726,3,It's okay,"Decent product, though Packaging could be better.",9,1
1809,54150,226,451,20260809,2,Not worth it,Disappointed with the NorthPeak Essential Boots. Fit is poor and not worth the money.,1,1
1810,54172,36,485,20260803,5,Great purchase,Solid purchase - Fit is outstanding for the price.,1,1
1811,54242,105,181,20260722,5,Great purchase,Absolutely love this OakLine Signature Tables. Packaging is excellent and it arrived on time.,5,1
1812,54260,172,2203,20260730,3,It's okay,"Decent product, though Taste could be better.",0,1
1813,54266,97,1819,20260815,3,It's okay,"Not bad. Value for money is fine, nothing special.",3,1
1814,54280,166,608,20260728,4,Great purchase,Solid purchase - Durability is outstanding for the price.,0,1
1815,54281,211,577,20260819,4,Great purchase,"Great value. The Taste exceeded my expectations, would buy again.",1,1
1816,54286,29,577,20260809,2,Not worth it,Returned it. Battery life did not match the listing.,3,1
1817,54330,45,1681,20260719,5,Great purchase,Very happy with the Spice Route Eco Coffee. Build quality is exactly as described.,0,1
1818,54343,3,700,20260726,3,It's okay,"Decent product, though Build quality could be better.",6,1
1819,54396,6,1264,20260810,5,Great purchase,Absolutely love this Spice Route Classic Tea. Value for money is excellent and it arrived on time.,4,1
1820,54541,45,1789,20260730,1,Not worth it,Disappointed with the Spice Route Eco Coffee. Taste is poor and not worth the money.,1,1
1821,54563,295,467,20260801,5,Great purchase,Solid purchase - Build quality is outstanding for the price.,1,1
1822,54582,36,2042,20260806,4,Great purchase,Absolutely love this Brightware Classic Cookware. Fit is excellent and it arrived on time.,1,1
1823,54603,71,1317,20260823,4,Great purchase,Solid purchase - Taste is outstanding for the price.,8,1
1824,54633,195,39,20260721,4,Great purchase,Absolutely love this NorthPeak Lite Jackets. Taste is excellent and it arrived on time.,0,1
1825,54640,36,1412,20260725,4,Great purchase,Very happy with the Brightware Classic Cookware. Durability is exactly as described.,1,1
1826,54658,287,1111,20260813,5,Great purchase,Very happy with the Nexora Everyday Headphones. Fit is exactly as described.,3,1
1827,54674,36,922,20260727,4,Great purchase,Absolutely love this Brightware Classic Cookware. Value for money is excellent and it arrived on time.,0,1
1828,54692,155,857,20260804,5,Great purchase,Absolutely love this TrailMate Eco Backpacks. Durability is excellent and it arrived on time.,24,1
1829,54748,178,2216,20260726,4,Great purchase,"Great value. The Value for money exceeded my expectations, would buy again.",3,1
1830,54765,73,674,20260728,5,Great purchase,Very happy with the Threadwell Premium Kurtas. Battery life is exactly as described.,2,1
1831,54780,194,548,20260726,4,Great purchase,Solid purchase - Packaging is outstanding for the price.,4,1
1832,54857,249,1153,20260822,3,It's okay,"Decent product, though Value for money could be better.",5,1
1833,54884,73,2010,20260820,5,Great purchase,Solid purchase - Value for money is outstanding for the price.,1,1
1834,54897,249,90,20260808,3,It's okay,"Decent product, though Value for money could be better.",1,1
1835,54921,229,811,20260802,3,It's okay,The Spice Route Eco Spices is okay. Packaging is average but it does the job.,1,1
1836,54929,295,561,20260821,5,Great purchase,"Great value. The Durability exceeded my expectations, would buy again.",1,1
1837,54958,36,2192,20260829,4,Great purchase,Very happy with the Brightware Classic Cookware. Battery life is exactly as described.,7,1
1838,55009,49,748,20260819,4,Great purchase,Very happy with the Velvetique Premium Shampoo. Taste is exactly as described.,2,1
1839,55078,45,2116,20260826,2,Not worth it,Would not recommend - Fit was much worse than expected.,0,1
1840,55087,247,149,20260729,5,Great purchase,"Great value. The Value for money exceeded my expectations, would buy again.",0,1
1841,55101,210,524,20260826,4,Great purchase,Very happy with the Voltix Premium Cases. Finish is exactly as described.,3,1
1842,55259,105,1323,20260807,5,Great purchase,Absolutely love this OakLine Signature Tables. Durability is excellent and it arrived on time.,1,1
1843,55275,34,2150,20260807,5,Great purchase,Solid purchase - Fit is outstanding for the price.,0,1
1844,55294,45,1500,20260807,4,Great purchase,"Great value. The Finish exceeded my expectations, would buy again.",1,1
1845,55319,186,2198,20260906,5,Great purchase,Solid purchase - Value for money is outstanding for the price.,4,1
1846,55322,155,1730,20260904,4,Great purchase,Absolutely love this TrailMate Eco Backpacks. Finish is excellent and it arrived on time.,3,1
1847,55347,210,397,20260815,5,Great purchase,Very happy with the Voltix Premium Cases. Taste is exactly as described.,1,1
1848,55374,188,1404,20260805,3,It's okay,"Decent product, though Build quality could be better.",2,1
1849,55408,206,2109,20260809,4,Great purchase,Absolutely love this AudioMint Ultra Laptops. Build quality is excellent and it arrived on time.,0,1
1850,55420,249,1946,20260901,2,Not worth it,Returned it. Fit did not match the listing.,0,1
1851,55526,187,263,20260820,4,Great purchase,Absolutely love this Freshfarm Eco Rice & Grains. Build quality is excellent and it arrived on time.,1,1
1852,55655,145,2235,20260824,4,Great purchase,Solid purchase - Durability is outstanding for the price.,4,1
1853,55657,260,295,20260822,3,It's okay,"Not bad. Battery life is fine, nothing special.",2,1
1854,55663,116,39,20260915,5,Great purchase,Solid purchase - Taste is outstanding for the price.,3,1
1855,55736,42,258,20260909,4,Great purchase,Very happy with the NorthPeak Classic Kurtas. Value for money is exactly as described.,0,1
1856,55749,186,256,20260817,5,Great purchase,"Great value. The Durability exceeded my expectations, would buy again.",3,1
1857,55778,45,472,20260830,3,It's okay,"Decent product, though Fit could be better.",7,1
1858,55780,211,472,20260820,4,Great purchase,Very happy with the OakLine Essential Lamps. Taste is exactly as described.,4,1
1859,55791,132,1596,20260830,4,Great purchase,"Great value. The Value for money exceeded my expectations, would buy again.",3,1
1860,55853,90,832,20260816,3,It's okay,"Not bad. Taste is fine, nothing special.",2,1
1861,55862,79,432,20260915,4,Great purchase,Very happy with the Brightware Eco Storage. Fit is exactly as described.,1,1
1862,55870,260,1861,20260914,3,It's okay,"Decent product, though Durability could be better.",3,1
1863,55880,259,390,20260825,3,It's okay,The Stridefit Lite Yoga Mats is okay. Durability is average but it does the job.,1,1
1864,55919,156,1282,20260825,5,Great purchase,Very happy with the Kasturi Premium Jeans. Value for money is exactly as described.,5,1
1865,55978,295,39,20260825,5,Great purchase,Absolutely love this Zenbyte Signature Headphones. Finish is excellent and it arrived on time.,5,1
1866,55985,211,1666,20260913,2,Not worth it,Returned it. Finish did not match the listing.,2,1
1867,56026,25,1942,20260922,4,Great purchase,Very happy with the Threadwell Lite Boots. Finish is exactly as described.,1,1
1868,56062,89,1207,20260921,2,Not worth it,Would not recommend - Packaging was much worse than expected.,6,1
1869,56142,115,1774,20260913,3,It's okay,"Decent product, though Taste could be better.",1,1
1870,56147,260,1308,20260905,4,Great purchase,Solid purchase - Taste is outstanding for the price.,2,1
1871,56158,235,725,20260901,5,Great purchase,"Great value. The Fit exceeded my expectations, would buy again.",1,1
1872,56161,235,1372,20260902,4,Great purchase,Very happy with the OakLine Classic Lamps. Packaging is exactly as described.,0,1
1873,56173,140,804,20260911,5,Great purchase,Very happy with the Peakline Premium Yoga Mats. Packaging is exactly as described.,11,1
1874,56236,295,340,20260915,4,Great purchase,"Great value. The Packaging exceeded my expectations, would buy again.",3,1
1875,56263,260,642,20260909,1,Not worth it,Would not recommend - Build quality was much worse than expected.,3,1
1876,56280,138,745,20260929,3,It's okay,The Daily Bowl Essential Tea is okay. Packaging is average but it does the job.,3,1
1877,56297,140,1509,20260925,5,Great purchase,"Great value. The Finish exceeded my expectations, would buy again.",1,1
1878,56302,23,1242,20260920,3,It's okay,"Decent product, though Battery life could be better.",0,1
1879,56345,66,1121,20260916,4,Great purchase,"Great value. The Packaging exceeded my expectations, would buy again.",0,1
1880,56374,45,1311,20260827,5,Great purchase,"Great value. The Fit exceeded my expectations, would buy again.",0,1
1881,56406,218,1807,20260828,4,Great purchase,Absolutely love this Glowlab Lite Sunscreen. Battery life is excellent and it arrived on time.,0,1
1882,56430,44,483,20260923,3,It's okay,The Peakline Compact Yoga Mats is okay. Durability is average but it does the job.,5,1
1883,56435,296,39,20260909,4,Great purchase,Solid purchase - Durability is outstanding for the price.,4,1
1884,56483,36,1337,20260921,5,Great purchase,Absolutely love this Brightware Classic Cookware. Finish is excellent and it arrived on time.,5,1
1885,56499,152,301,20260917,3,It's okay,The Threadwell Eco Dresses is okay. Durability is average but it does the job.,1,1
1886,56523,293,1769,20260924,5,Great purchase,Solid purchase - Value for money is outstanding for the price.,10,1
1887,56535,66,390,20260829,5,Great purchase,"Great value. The Finish exceeded my expectations, would buy again.",5,1
1888,56562,287,745,20260929,4,Great purchase,Solid purchase - Battery life is outstanding for the price.,0,1
1889,56571,138,974,20260912,4,Great purchase,"Great value. The Taste exceeded my expectations, would buy again.",1,1
1890,56584,211,209,20260911,4,Great purchase,"Great value. The Battery life exceeded my expectations, would buy again.",1,1
1891,56657,233,1268,20260911,4,Great purchase,Solid purchase - Battery life is outstanding for the price.,3,1
1892,56661,206,2149,20260917,4,Great purchase,Absolutely love this AudioMint Ultra Laptops. Taste is excellent and it arrived on time.,0,1
1893,56673,174,1007,20260929,5,Great purchase,"Great value. The Battery life exceeded my expectations, would buy again.",3,1
1894,56731,210,1383,20260930,4,Great purchase,"Great value. The Taste exceeded my expectations, would buy again.",1,1
1895,56738,288,678,20260916,4,Great purchase,Absolutely love this Daily Bowl Lite Spices. Finish is excellent and it arrived on time.,2,1
1896,56791,36,172,20260918,4,Great purchase,Absolutely love this Brightware Classic Cookware. Taste is excellent and it arrived on time.,7,1
1897,56814,295,1520,20260901,4,Great purchase,Solid purchase - Packaging is outstanding for the price.,4,1
1898,56823,1,2143,20260927,3,It's okay,"Decent product, though Finish could be better.",1,1
1899,56867,140,432,20260910,5,Great purchase,Very happy with the Peakline Premium Yoga Mats. Value for money is exactly as described.,1,1
1900,56957,140,955,20260908,5,Great purchase,Very happy with the Peakline Premium Yoga Mats. Packaging is exactly as described.,5,1
1901,57082,295,926,20260924,3,It's okay,"Not bad. Value for money is fine, nothing special.",1,1
1902,57116,295,1843,20260919,4,Great purchase,Solid purchase - Fit is outstanding for the price.,3,1
1903,57154,116,2211,20260922,3,It's okay,"Not bad. Finish is fine, nothing special.",2,1
1904,57157,140,724,20260917,4,Great purchase,Absolutely love this Peakline Premium Yoga Mats. Value for money is excellent and it arrived on time.,3,1
1905,57225,140,988,20260925,4,Great purchase,Absolutely love this Peakline Premium Yoga Mats. Value for money is excellent and it arrived on time.,0,1
1906,57286,36,798,20260920,5,Great purchase,Absolutely love this Brightware Classic Cookware. Build quality is excellent and it arrived on time.,2,1
1907,57329,295,1188,20260929,4,Great purchase,Very happy with the Zenbyte Signature Headphones. Value for money is exactly as described.,3,1
1908,57335,36,1459,20260914,3,It's okay,"Not bad. Battery life is fine, nothing special.",0,1
1909,57366,295,743,20260916,5,Great purchase,"Great value. The Durability exceeded my expectations, would buy again.",0,1
1910,57413,106,787,20260930,3,It's okay,"Not bad. Value for money is fine, nothing special.",1,1
1911,57416,36,2007,20260917,4,Great purchase,Very happy with the Brightware Classic Cookware. Taste is exactly as described.,0,1
1912,57526,206,1142,20260916,4,Great purchase,Absolutely love this AudioMint Ultra Laptops. Taste is excellent and it arrived on time.,1,1
1913,57554,140,1316,20260927,5,Great purchase,Very happy with the Peakline Premium Yoga Mats. Build quality is exactly as described.,1,1
1914,57591,97,1343,20260929,5,Great purchase,Very happy with the NorthPeak Everyday Kurtas. Taste is exactly as described.,0,1
1915,57634,36,1025,20260920,3,It's okay,"Decent product, though Build quality could be better.",0,1
1916,57665,36,640,20260922,4,Great purchase,Very happy with the Brightware Classic Cookware. Packaging is exactly as described.,5,1
1917,57684,295,2063,20260928,3,It's okay,"Decent product, though Value for money could be better.",1,1
1918,57724,36,2252,20260924,3,It's okay,"Not bad. Fit is fine, nothing special.",2,1
1919,57855,195,1272,20260925,5,Great purchase,"Great value. The Fit exceeded my expectations, would buy again.",2,1
