doc_id,title,doc_type,department_id,author_id,region,project_id,source_system,url,status,version,confidentiality,created_at,updated_at,word_count,body
DOC-000001,Expense Reimbursement Policy - United Kingdom,policy,FIN,71,United Kingdom,,Confluence,https://confluence.northwind-analytics.example.com/policy/doc-000001,active,3,Internal,2024-06-02,2024-11-24,293,"# Expense Reimbursement Policy - United Kingdom

**Document ID:** DOC-000001
**Owner:** Pooja Singh
**Department:** Finance
**Status:** active
**Version:** 3
**Last updated:** 2024-11-24
**Region:** United Kingdom

## Overview

This policy sets the rules for business expenses claimed by Northwind Analytics employees in United Kingdom.

## Reporting and Metrics

This document is reviewed annually and whenever there is a material change to the underlying process. All employees are expected to follow this guidance in addition to applicable local laws in United Kingdom. Audit and compliance teams may request evidence of adherence at any time.

## Compliance and Exceptions

This document is reviewed annually and whenever there is a material change to the underlying process. Records related to this process are stored in the approved system of record and retained according to the data retention policy. Training materials supporting this guidance are available on the learning platform. Feedback and suggested improvements are welcome and are triaged at the monthly process review. Questions about this document should be directed to the Finance team through the internal service desk.

## Limits

The daily meal allowance is GBP 50. Hotel stays are reimbursed up to GBP 100 per night.

## Receipts

Receipts are required for any single expense above GBP 20.

## Approvals and Deadlines

Claims above GBP 2,500 need approval from the department head. Claims must be submitted within 15 days of the expense date.

## Glossary and Definitions

Metrics for this process are reported quarterly to the leadership team as part of the operating review. Audit and compliance teams may request evidence of adherence at any time. Questions about this document should be directed to the Finance team through the internal service desk. Managers are responsible for ensuring that their teams have read and understood these requirements.
"
DOC-000002,Parental Leave Policy - Germany,policy,HR,168,Germany,,SharePoint,https://sharepoint.northwind-analytics.example.com/policy/doc-000002,active,5,Internal,2024-09-29,2025-01-02,227,"# Parental Leave Policy - Germany

**Document ID:** DOC-000002
**Owner:** Lukas Cohen
**Department:** Human Resources
**Status:** active
**Version:** 5
**Last updated:** 2025-01-02
**Region:** Germany

## Entitlement

Birth mothers in Germany receive 26 weeks of fully paid maternity leave. Partners receive 8 weeks of fully paid paternity leave.

## Reporting and Metrics

Where this document conflicts with local regulation, the stricter requirement applies. Cross-functional dependencies should be identified early and tracked in the shared planning board. Feedback and suggested improvements are welcome and are triaged at the monthly process review.

## Dependencies

Metrics for this process are reported quarterly to the leadership team as part of the operating review. This document is reviewed annually and whenever there is a material change to the underlying process. Feedback and suggested improvements are welcome and are triaged at the monthly process review.

## Scope and Applicability

Questions about this document should be directed to the Human Resources team through the internal service desk. This document is reviewed annually and whenever there is a material change to the underlying process. Records related to this process are stored in the approved system of record and retained according to the data retention policy. Third-party vendors who support this process must meet the same standards through contractual obligations. Metrics for this process are reported quarterly to the leadership team as part of the operating review.
"
DOC-000003,Information Security Standard - United States,policy,IT,178,United States,,Confluence,https://confluence.northwind-analytics.example.com/policy/doc-000003,active,2,Internal,2025-09-28,2026-05-20,254,"# Information Security Standard - United States

**Document ID:** DOC-000003
**Owner:** Hannah Kim
**Department:** IT Services
**Status:** active
**Version:** 2
**Last updated:** 2026-05-20
**Region:** United States

## Passwords

Passwords must be at least 16 characters long and must be changed every 180 days.

## Account Lockout

Accounts are locked after 5 consecutive failed sign-in attempts and can be unlocked through the IT service desk.

## Multi-factor Authentication

Multi-factor authentication is mandatory for all corporate systems accessed from United States.

## Frequently Raised Concerns

This document is reviewed annually and whenever there is a material change to the underlying process. Training materials supporting this guidance are available on the learning platform. Contractors and temporary staff are covered unless their agreement states otherwise. Exceptions must be approved in writing by the department head and recorded in the IT Services register.

## Compliance and Exceptions

Escalations that cannot be resolved at team level are raised to the relevant steering committee. Managers are responsible for ensuring that their teams have read and understood these requirements. Northwind Analytics values transparency, so material changes are announced on the intranet before they take effect.

## Related Resources

Managers are responsible for ensuring that their teams have read and understood these requirements. Northwind Analytics values transparency, so material changes are announced on the intranet before they take effect. Teams should document any workaround they adopt so that it can be reviewed and, where appropriate, standardised. Questions about this document should be directed to the IT Services team through the internal service desk.
"
DOC-000004,Remote and Hybrid Work Policy - Germany,policy,HR,96,Germany,,Confluence,https://confluence.northwind-analytics.example.com/policy/doc-000004,archived,2,Internal,2024-01-27,2024-10-01,269,"# Remote and Hybrid Work Policy - Germany

**Document ID:** DOC-000004
**Owner:** James Gupta
**Department:** Human Resources
**Status:** archived
**Version:** 2
**Last updated:** 2024-10-01
**Region:** Germany
**Note:** Superseded - do not use

## Eligibility

Employees in Germany whose role allows it may work remotely under this policy.

## Frequently Raised Concerns

Questions about this document should be directed to the Human Resources team through the internal service desk. All employees are expected to follow this guidance in addition to applicable local laws in Germany. Training materials supporting this guidance are available on the learning platform.

## Remote Days

Eligible employees may work remotely up to 5 days per week, agreed with their manager.

## Dependencies

Third-party vendors who support this process must meet the same standards through contractual obligations. Teams should document any workaround they adopt so that it can be reviewed and, where appropriate, standardised. Metrics for this process are reported quarterly to the leadership team as part of the operating review. Training materials supporting this guidance are available on the learning platform.

## Core Hours

Regardless of location, everyone must be available between 11:00 and 15:00 local time.

## Home Office Stipend

A monthly home-office stipend of EUR 40 is paid to eligible employees.

## Reporting and Metrics

Exceptions must be approved in writing by the department head and recorded in the Human Resources register. Feedback and suggested improvements are welcome and are triaged at the monthly process review. Training materials supporting this guidance are available on the learning platform. Personal data handled as part of this process must be processed in line with the privacy notice.
"
DOC-000005,Remote and Hybrid Work Policy - Germany,policy,HR,200,Germany,,Confluence,https://confluence.northwind-analytics.example.com/policy/doc-000005,active,3,Internal,2024-11-26,2025-07-18,264,"# Remote and Hybrid Work Policy - Germany

**Document ID:** DOC-000005
**Owner:** Anna Fischer
**Department:** Human Resources
**Status:** active
**Version:** 3
**Last updated:** 2025-07-18
**Region:** Germany

## Eligibility

Employees in Germany whose role allows it may work remotely under this policy.

## Remote Days

Eligible employees may work remotely up to 2 days per week, agreed with their manager.

## Compliance and Exceptions

Training materials supporting this guidance are available on the learning platform. Contractors and temporary staff are covered unless their agreement states otherwise. Exceptions must be approved in writing by the department head and recorded in the Human Resources register.

## Frequently Raised Concerns

Metrics for this process are reported quarterly to the leadership team as part of the operating review. Where this document conflicts with local regulation, the stricter requirement applies. Teams should document any workaround they adopt so that it can be reviewed and, where appropriate, standardised.

## Core Hours

Regardless of location, everyone must be available between 11:00 and 15:00 local time.

## Dependencies

This document is reviewed annually and whenever there is a material change to the underlying process. Feedback and suggested improvements are welcome and are triaged at the monthly process review. Escalations that cannot be resolved at team level are raised to the relevant steering committee. Personal data handled as part of this process must be processed in line with the privacy notice. Teams should document any workaround they adopt so that it can be reviewed and, where appropriate, standardised.

## Home Office Stipend

A monthly home-office stipend of EUR 50 is paid to eligible employees.
"
DOC-000006,Business Travel Policy - Germany,policy,FIN,16,Germany,,SharePoint,https://sharepoint.northwind-analytics.example.com/policy/doc-000006,archived,2,Internal,2025-03-21,2026-01-30,287,"# Business Travel Policy - Germany

**Document ID:** DOC-000006
**Owner:** Maya Lim
**Department:** Finance
**Status:** archived
**Version:** 2
**Last updated:** 2026-01-30
**Region:** Germany
**Note:** Superseded - do not use

## Booking

All travel must be booked at least 21 days in advance through the approved travel portal.

## Background

Exceptions must be approved in writing by the department head and recorded in the Finance register. Feedback and suggested improvements are welcome and are triaged at the monthly process review. Managers are responsible for ensuring that their teams have read and understood these requirements. Escalations that cannot be resolved at team level are raised to the relevant steering committee.

## Glossary and Definitions

Feedback and suggested improvements are welcome and are triaged at the monthly process review. Personal data handled as part of this process must be processed in line with the privacy notice. This document is reviewed annually and whenever there is a material change to the underlying process. Questions about this document should be directed to the Finance team through the internal service desk.

## Roles and Responsibilities

Cross-functional dependencies should be identified early and tracked in the shared planning board. Records related to this process are stored in the approved system of record and retained according to the data retention policy. Audit and compliance teams may request evidence of adherence at any time. Escalations that cannot be resolved at team level are raised to the relevant steering committee. Managers are responsible for ensuring that their teams have read and understood these requirements.

## Class of Travel

Business class may be booked only for flights longer than 6 hours.

## Per Diem

Employees based in Germany receive a per diem of EUR 60 on approved trips.
"
DOC-000007,Business Travel Policy - Germany,policy,FIN,49,Germany,,Confluence,https://confluence.northwind-analytics.example.com/policy/doc-000007,active,3,Internal,2026-04-09,2026-09-30,286,"# Business Travel Policy - Germany

**Document ID:** DOC-000007
**Owner:** Tom Nair
**Department:** Finance
**Status:** active
**Version:** 3
**Last updated:** 2026-09-30
**Region:** Germany

## Related Resources

Northwind Analytics values transparency, so material changes are announced on the intranet before they take effect. Personal data handled as part of this process must be processed in line with the privacy notice. Feedback and suggested improvements are welcome and are triaged at the monthly process review.

## Reporting and Metrics

Teams should document any workaround they adopt so that it can be reviewed and, where appropriate, standardised. Northwind Analytics values transparency, so material changes are announced on the intranet before they take effect. Metrics for this process are reported quarterly to the leadership team as part of the operating review. Exceptions must be approved in writing by the department head and recorded in the Finance register. Audit and compliance teams may request evidence of adherence at any time.

## Booking

All travel must be booked at least 7 days in advance through the approved travel portal.

## Class of Travel

Business class may be booked only for flights longer than 8 hours.

## Per Diem

Employees based in Germany receive a per diem of EUR 30 on approved trips.

## Background

Escalations that cannot be resolved at team level are raised to the relevant steering committee. Metrics for this process are reported quarterly to the leadership team as part of the operating review. Third-party vendors who support this process must meet the same standards through contractual obligations. Records related to this process are stored in the approved system of record and retained according to the data retention policy. Contractors and temporary staff are covered unless their agreement states otherwise.
"
DOC-000008,Parental Leave Policy - United Kingdom,policy,HR,102,United Kingdom,,SharePoint,https://sharepoint.northwind-analytics.example.com/policy/doc-000008,active,2,Confidential,2026-06-24,2026-09-30,239,"# Parental Leave Policy - United Kingdom

**Document ID:** DOC-000008
**Owner:** Omar Schmidt
**Department:** Human Resources
**Status:** active
**Version:** 2
**Last updated:** 2026-09-30
**Region:** United Kingdom

## Background

Exceptions must be approved in writing by the department head and recorded in the Human Resources register. Cross-functional dependencies should be identified early and tracked in the shared planning board. This document is reviewed annually and whenever there is a material change to the underlying process. Audit and compliance teams may request evidence of adherence at any time.

## Entitlement

Birth mothers in United Kingdom receive 26 weeks of fully paid maternity leave. Partners receive 6 weeks of fully paid paternity leave.

## Reporting and Metrics

Audit and compliance teams may request evidence of adherence at any time. Managers are responsible for ensuring that their teams have read and understood these requirements. Third-party vendors who support this process must meet the same standards through contractual obligations. Northwind Analytics values transparency, so material changes are announced on the intranet before they take effect.

## Glossary and Definitions

All employees are expected to follow this guidance in addition to applicable local laws in United Kingdom. This document is reviewed annually and whenever there is a material change to the underlying process. Records related to this process are stored in the approved system of record and retained according to the data retention policy. Training materials supporting this guidance are available on the learning platform.
"
DOC-000009,Incident Response Procedure - Singapore,policy,IT,18,Singapore,,SharePoint,https://sharepoint.northwind-analytics.example.com/policy/doc-000009,archived,3,Internal,2025-03-30,2025-08-05,244,"# Incident Response Procedure - Singapore

**Document ID:** DOC-000009
**Owner:** Sourav Ali
**Department:** IT Services
**Status:** archived
**Version:** 3
**Last updated:** 2025-08-05
**Region:** Singapore
**Note:** Superseded - do not use

## Scope and Applicability

Where this document conflicts with local regulation, the stricter requirement applies. Third-party vendors who support this process must meet the same standards through contractual obligations. Questions about this document should be directed to the IT Services team through the internal service desk.

## Roles and Responsibilities

Training materials supporting this guidance are available on the learning platform. Teams should document any workaround they adopt so that it can be reviewed and, where appropriate, standardised. Questions about this document should be directed to the IT Services team through the internal service desk. Escalations that cannot be resolved at team level are raised to the relevant steering committee. Exceptions must be approved in writing by the department head and recorded in the IT Services register.

## Background

Training materials supporting this guidance are available on the learning platform. Personal data handled as part of this process must be processed in line with the privacy notice. Metrics for this process are reported quarterly to the leadership team as part of the operating review.

## Response Targets

Severity 1 incidents must be acknowledged within 10 minutes. Severity 2 incidents must be acknowledged within 15 minutes.

## Post-incident Review

A written post-mortem must be published within 7 working days of resolving any Severity 1 incident.
"
DOC-000010,Incident Response Procedure - Singapore,policy,IT,107,Singapore,,Confluence,https://confluence.northwind-analytics.example.com/policy/doc-000010,active,4,Internal,2026-07-27,2026-09-26,219,"# Incident Response Procedure - Singapore

**Document ID:** DOC-000010
**Owner:** Noah Schmidt
**Department:** IT Services
**Status:** active
**Version:** 4
**Last updated:** 2026-09-26
**Region:** Singapore

## Response Targets

Severity 1 incidents must be acknowledged within 5 minutes. Severity 2 incidents must be acknowledged within 60 minutes.

## Review and Maintenance

Contractors and temporary staff are covered unless their agreement states otherwise. Managers are responsible for ensuring that their teams have read and understood these requirements. Northwind Analytics values transparency, so material changes are announced on the intranet before they take effect. Third-party vendors who support this process must meet the same standards through contractual obligations.

## Post-incident Review

A written post-mortem must be published within 3 working days of resolving any Severity 1 incident.

## Scope and Applicability

Managers are responsible for ensuring that their teams have read and understood these requirements. Questions about this document should be directed to the IT Services team through the internal service desk. All employees are expected to follow this guidance in addition to applicable local laws in Singapore.

## Compliance and Exceptions

This document is reviewed annually and whenever there is a material change to the underlying process. Cross-functional dependencies should be identified early and tracked in the shared planning board. Audit and compliance teams may request evidence of adherence at any time.
"
DOC-000011,Procurement Policy - United Kingdom,policy,FIN,117,United Kingdom,,SharePoint,https://sharepoint.northwind-analytics.example.com/policy/doc-000011,active,3,Internal,2026-03-12,2026-09-30,206,"# Procurement Policy - United Kingdom

**Document ID:** DOC-000011
**Owner:** Riya Patel
**Department:** Finance
**Status:** active
**Version:** 3
**Last updated:** 2026-09-30
**Region:** United Kingdom

## Competitive Quotes

Purchases above GBP 10,000 require at least 2 competitive quotes.

## Related Resources

Training materials supporting this guidance are available on the learning platform. Contractors and temporary staff are covered unless their agreement states otherwise. All employees are expected to follow this guidance in addition to applicable local laws in United Kingdom.

## Legal Review

Any contract with a value above GBP 100,000 must be reviewed by Legal & Compliance before signature.

## Frequently Raised Concerns

Managers are responsible for ensuring that their teams have read and understood these requirements. Training materials supporting this guidance are available on the learning platform. Feedback and suggested improvements are welcome and are triaged at the monthly process review. Audit and compliance teams may request evidence of adherence at any time.

## Compliance and Exceptions

Northwind Analytics values transparency, so material changes are announced on the intranet before they take effect. Escalations that cannot be resolved at team level are raised to the relevant steering committee. Teams should document any workaround they adopt so that it can be reviewed and, where appropriate, standardised.
"
DOC-000012,Data Retention Policy - United States,policy,LEG,155,United States,,SharePoint,https://sharepoint.northwind-analytics.example.com/policy/doc-000012,active,2,Internal,2024-12-03,2025-04-04,260,"# Data Retention Policy - United States

**Document ID:** DOC-000012
**Owner:** William Evans
**Department:** Legal & Compliance
**Status:** active
**Version:** 2
**Last updated:** 2025-04-04
**Region:** United States

## Roles and Responsibilities

All employees are expected to follow this guidance in addition to applicable local laws in United States. Questions about this document should be directed to the Legal & Compliance team through the internal service desk. Cross-functional dependencies should be identified early and tracked in the shared planning board.

## Compliance and Exceptions

Teams should document any workaround they adopt so that it can be reviewed and, where appropriate, standardised. Escalations that cannot be resolved at team level are raised to the relevant steering committee. Records related to this process are stored in the approved system of record and retained according to the data retention policy. Northwind Analytics values transparency, so material changes are announced on the intranet before they take effect. Training materials supporting this guidance are available on the learning platform.

## Retention Schedule

Contracts are retained for 10 years after expiry. Financial records are retained for 7 years. HR records are retained for 7 years after employment ends. Email is retained for 2 years.

## Reporting and Metrics

Audit and compliance teams may request evidence of adherence at any time. Managers are responsible for ensuring that their teams have read and understood these requirements. Northwind Analytics values transparency, so material changes are announced on the intranet before they take effect. Teams should document any workaround they adopt so that it can be reviewed and, where appropriate, standardised.
"
DOC-000013,Code Review and Quality Standard - India,policy,ENG,25,India,,SharePoint,https://sharepoint.northwind-analytics.example.com/policy/doc-000013,active,5,Internal,2025-11-09,2026-06-02,242,"# Code Review and Quality Standard - India

**Document ID:** DOC-000013
**Owner:** Arjun Park
**Department:** Engineering
**Status:** active
**Version:** 5
**Last updated:** 2026-06-02
**Region:** India

## Compliance and Exceptions

Audit and compliance teams may request evidence of adherence at any time. Northwind Analytics values transparency, so material changes are announced on the intranet before they take effect. Questions about this document should be directed to the Engineering team through the internal service desk. Managers are responsible for ensuring that their teams have read and understood these requirements. Escalations that cannot be resolved at team level are raised to the relevant steering committee.

## Reviews

Every pull request requires approval from at least 1 reviewer(s) before merging.

## Background

Personal data handled as part of this process must be processed in line with the privacy notice. Where this document conflicts with local regulation, the stricter requirement applies. Managers are responsible for ensuring that their teams have read and understood these requirements.

## Frequently Raised Concerns

Training materials supporting this guidance are available on the learning platform. Exceptions must be approved in writing by the department head and recorded in the Engineering register. Cross-functional dependencies should be identified early and tracked in the shared planning board. Personal data handled as part of this process must be processed in line with the privacy notice.

## Quality Gates

Automated test coverage must remain at or above 85 percent. Pull requests should not exceed 500 changed lines.
"
DOC-000014,Learning and Development Budget Policy - United Kingdom,policy,HR,96,United Kingdom,,SharePoint,https://sharepoint.northwind-analytics.example.com/policy/doc-000014,active,4,Public,2024-04-01,2025-03-03,231,"# Learning and Development Budget Policy - United Kingdom

**Document ID:** DOC-000014
**Owner:** James Gupta
**Department:** Human Resources
**Status:** active
**Version:** 4
**Last updated:** 2025-03-03
**Region:** United Kingdom

## Reporting and Metrics

Audit and compliance teams may request evidence of adherence at any time. Teams should document any workaround they adopt so that it can be reviewed and, where appropriate, standardised. Feedback and suggested improvements are welcome and are triaged at the monthly process review.

## Roles and Responsibilities

Personal data handled as part of this process must be processed in line with the privacy notice. Cross-functional dependencies should be identified early and tracked in the shared planning board. Feedback and suggested improvements are welcome and are triaged at the monthly process review. Questions about this document should be directed to the Human Resources team through the internal service desk.

## Related Resources

Managers are responsible for ensuring that their teams have read and understood these requirements. Feedback and suggested improvements are welcome and are triaged at the monthly process review. This document is reviewed annually and whenever there is a material change to the underlying process. Northwind Analytics values transparency, so material changes are announced on the intranet before they take effect.

## Annual Budget

Each employee in United Kingdom has an annual learning budget of GBP 2,000 and may spend up to 40 working hours on learning each quarter.
"
DOC-000015,HR Services FAQ - United Kingdom,faq,HR,136,United Kingdom,,Confluence,https://confluence.northwind-analytics.example.com/faq/doc-000015,archived,3,Internal,2024-03-11,2024-05-30,239,"# HR Services FAQ - United Kingdom

**Document ID:** DOC-000015
**Owner:** Oliver Khan
**Department:** Human Resources
**Status:** archived
**Version:** 3
**Last updated:** 2024-05-30
**Region:** United Kingdom
**Note:** Superseded - do not use

## Q: When are payslips released?

Payslips are released on day 30 of each month.

## Dependencies

Escalations that cannot be resolved at team level are raised to the relevant steering committee. Northwind Analytics values transparency, so material changes are announced on the intranet before they take effect. Managers are responsible for ensuring that their teams have read and understood these requirements. Questions about this document should be directed to the Human Resources team through the internal service desk.

## Q: How many public holidays are there?

Employees in United Kingdom get 11 public holidays per year.

## Roles and Responsibilities

Cross-functional dependencies should be identified early and tracked in the shared planning board. Teams should document any workaround they adopt so that it can be reviewed and, where appropriate, standardised. Training materials supporting this guidance are available on the learning platform.

## Review and Maintenance

All employees are expected to follow this guidance in addition to applicable local laws in United Kingdom. Training materials supporting this guidance are available on the learning platform. Exceptions must be approved in writing by the department head and recorded in the Human Resources register.

## Q: Who do I contact for HR questions?

Email hr-uk@northwind-analytics.example.com or use the HR portal.
"
DOC-000016,HR Services FAQ - United Kingdom,faq,HR,159,United Kingdom,,Confluence,https://confluence.northwind-analytics.example.com/faq/doc-000016,active,4,Public,2025-07-12,2026-07-15,270,"# HR Services FAQ - United Kingdom

**Document ID:** DOC-000016
**Owner:** Felix Brown
**Department:** Human Resources
**Status:** active
**Version:** 4
**Last updated:** 2026-07-15
**Region:** United Kingdom

## Glossary and Definitions

Northwind Analytics values transparency, so material changes are announced on the intranet before they take effect. Questions about this document should be directed to the Human Resources team through the internal service desk. Metrics for this process are reported quarterly to the leadership team as part of the operating review.

## Q: When are payslips released?

Payslips are released on day 28 of each month.

## Compliance and Exceptions

Contractors and temporary staff are covered unless their agreement states otherwise. Audit and compliance teams may request evidence of adherence at any time. Questions about this document should be directed to the Human Resources team through the internal service desk. Feedback and suggested improvements are welcome and are triaged at the monthly process review.

## Q: How many public holidays are there?

Employees in United Kingdom get 16 public holidays per year.

## Q: Who do I contact for HR questions?

Email hr-uk@northwind-analytics.example.com or use the HR portal.

## Frequently Raised Concerns

Exceptions must be approved in writing by the department head and recorded in the Human Resources register. Records related to this process are stored in the approved system of record and retained according to the data retention policy. Training materials supporting this guidance are available on the learning platform. Northwind Analytics values transparency, so material changes are announced on the intranet before they take effect. Feedback and suggested improvements are welcome and are triaged at the monthly process review.
"
DOC-000017,Parental Leave Policy - Singapore,policy,HR,192,Singapore,,Confluence,https://confluence.northwind-analytics.example.com/policy/doc-000017,active,4,Internal,2025-09-04,2026-01-06,207,"# Parental Leave Policy - Singapore

**Document ID:** DOC-000017
**Owner:** Zara Ghosh
**Department:** Human Resources
**Status:** active
**Version:** 4
**Last updated:** 2026-01-06
**Region:** Singapore

## Review and Maintenance

All employees are expected to follow this guidance in addition to applicable local laws in Singapore. Teams should document any workaround they adopt so that it can be reviewed and, where appropriate, standardised. Cross-functional dependencies should be identified early and tracked in the shared planning board.

## Frequently Raised Concerns

All employees are expected to follow this guidance in addition to applicable local laws in Singapore. Northwind Analytics values transparency, so material changes are announced on the intranet before they take effect. Contractors and temporary staff are covered unless their agreement states otherwise. Exceptions must be approved in writing by the department head and recorded in the Human Resources register.

## Entitlement

Birth mothers in Singapore receive 16 weeks of fully paid maternity leave. Partners receive 6 weeks of fully paid paternity leave.

## Dependencies

Cross-functional dependencies should be identified early and tracked in the shared planning board. Escalations that cannot be resolved at team level are raised to the relevant steering committee. All employees are expected to follow this guidance in addition to applicable local laws in Singapore.
"
DOC-000018,Parental Leave Policy - United States,policy,HR,8,United States,,Confluence,https://confluence.northwind-analytics.example.com/policy/doc-000018,active,3,Confidential,2024-04-06,2024-05-23,237,"# Parental Leave Policy - United States

**Document ID:** DOC-000018
**Owner:** Daniel Reddy
**Department:** Human Resources
**Status:** active
**Version:** 3
**Last updated:** 2024-05-23
**Region:** United States

## Entitlement

Birth mothers in United States receive 26 weeks of fully paid maternity leave. Partners receive 8 weeks of fully paid paternity leave.

## Reporting and Metrics

Questions about this document should be directed to the Human Resources team through the internal service desk. Exceptions must be approved in writing by the department head and recorded in the Human Resources register. Teams should document any workaround they adopt so that it can be reviewed and, where appropriate, standardised. Audit and compliance teams may request evidence of adherence at any time.

## Compliance and Exceptions

Training materials supporting this guidance are available on the learning platform. Contractors and temporary staff are covered unless their agreement states otherwise. Feedback and suggested improvements are welcome and are triaged at the monthly process review.

## Glossary and Definitions

This document is reviewed annually and whenever there is a material change to the underlying process. Personal data handled as part of this process must be processed in line with the privacy notice. Managers are responsible for ensuring that their teams have read and understood these requirements. Audit and compliance teams may request evidence of adherence at any time. Teams should document any workaround they adopt so that it can be reviewed and, where appropriate, standardised.
"
DOC-000019,Code Review and Quality Standard - United Kingdom,policy,ENG,189,United Kingdom,,SharePoint,https://sharepoint.northwind-analytics.example.com/policy/doc-000019,active,2,Internal,2024-10-01,2024-12-09,272,"# Code Review and Quality Standard - United Kingdom

**Document ID:** DOC-000019
**Owner:** Lena Singh
**Department:** Engineering
**Status:** active
**Version:** 2
**Last updated:** 2024-12-09
**Region:** United Kingdom

## Reviews

Every pull request requires approval from at least 2 reviewer(s) before merging.

## Quality Gates

Automated test coverage must remain at or above 85 percent. Pull requests should not exceed 500 changed lines.

## Compliance and Exceptions

Escalations that cannot be resolved at team level are raised to the relevant steering committee. Where this document conflicts with local regulation, the stricter requirement applies. Metrics for this process are reported quarterly to the leadership team as part of the operating review. Managers are responsible for ensuring that their teams have read and understood these requirements. Training materials supporting this guidance are available on the learning platform.

## Related Resources

Metrics for this process are reported quarterly to the leadership team as part of the operating review. Audit and compliance teams may request evidence of adherence at any time. Teams should document any workaround they adopt so that it can be reviewed and, where appropriate, standardised. Exceptions must be approved in writing by the department head and recorded in the Engineering register.

## Frequently Raised Concerns

This document is reviewed annually and whenever there is a material change to the underlying process. Questions about this document should be directed to the Engineering team through the internal service desk. Records related to this process are stored in the approved system of record and retained according to the data retention policy. Northwind Analytics values transparency, so material changes are announced on the intranet before they take effect.
"
DOC-000020,Paid Time Off Policy - India,policy,HR,193,India,,Confluence,https://confluence.northwind-analytics.example.com/policy/doc-000020,active,3,Public,2024-05-08,2024-11-26,273,"# Paid Time Off Policy - India

**Document ID:** DOC-000020
**Owner:** Li Wagner
**Department:** Human Resources
**Status:** active
**Version:** 3
**Last updated:** 2024-11-26
**Region:** India

## Purpose

This policy explains how Northwind Analytics employees in India accrue and use paid time off.

## Entitlement

Full-time employees in India receive 16 days of paid time off per calendar year. In addition, employees receive 8 days of paid sick leave.

## Related Resources

Managers are responsible for ensuring that their teams have read and understood these requirements. This document is reviewed annually and whenever there is a material change to the underlying process. All employees are expected to follow this guidance in addition to applicable local laws in India.

## Carryover

Unused paid time off may be carried over to the next year up to a maximum of 6 days. Days above this cap expire on 31 March.

## Background

Metrics for this process are reported quarterly to the leadership team as part of the operating review. Training materials supporting this guidance are available on the learning platform. This document is reviewed annually and whenever there is a material change to the underlying process. Personal data handled as part of this process must be processed in line with the privacy notice.

## Roles and Responsibilities

Training materials supporting this guidance are available on the learning platform. Managers are responsible for ensuring that their teams have read and understood these requirements. Where this document conflicts with local regulation, the stricter requirement applies.

## Requesting Leave

Leave of more than three consecutive days must be requested at least 7 working days in advance through the HR portal.
"
DOC-000021,Code Review and Quality Standard - Germany,policy,ENG,199,Germany,,SharePoint,https://sharepoint.northwind-analytics.example.com/policy/doc-000021,archived,1,Internal,2025-09-01,2025-10-18,297,"# Code Review and Quality Standard - Germany

**Document ID:** DOC-000021
**Owner:** Daniel Wong
**Department:** Engineering
**Status:** archived
**Version:** 1
**Last updated:** 2025-10-18
**Region:** Germany
**Note:** Superseded - do not use

## Reviews

Every pull request requires approval from at least 1 reviewer(s) before merging.

## Roles and Responsibilities

Teams should document any workaround they adopt so that it can be reviewed and, where appropriate, standardised. Records related to this process are stored in the approved system of record and retained according to the data retention policy. Escalations that cannot be resolved at team level are raised to the relevant steering committee. This document is reviewed annually and whenever there is a material change to the underlying process. Questions about this document should be directed to the Engineering team through the internal service desk.

## Related Resources

Feedback and suggested improvements are welcome and are triaged at the monthly process review. Metrics for this process are reported quarterly to the leadership team as part of the operating review. Managers are responsible for ensuring that their teams have read and understood these requirements. All employees are expected to follow this guidance in addition to applicable local laws in Germany.

## Quality Gates

Automated test coverage must remain at or above 75 percent. Pull requests should not exceed 800 changed lines.

## Reporting and Metrics

Teams should document any workaround they adopt so that it can be reviewed and, where appropriate, standardised. Northwind Analytics values transparency, so material changes are announced on the intranet before they take effect. Third-party vendors who support this process must meet the same standards through contractual obligations. All employees are expected to follow this guidance in addition to applicable local laws in Germany. Where this document conflicts with local regulation, the stricter requirement applies.
"
DOC-000022,Code Review and Quality Standard - Germany,policy,ENG,110,Germany,,Confluence,https://confluence.northwind-analytics.example.com/policy/doc-000022,active,2,Confidential,2026-09-01,2026-09-30,255,"# Code Review and Quality Standard - Germany

**Document ID:** DOC-000022
**Owner:** Pooja Schmidt
**Department:** Engineering
**Status:** active
**Version:** 2
**Last updated:** 2026-09-30
**Region:** Germany

## Reviews

Every pull request requires approval from at least 3 reviewer(s) before merging.

## Quality Gates

Automated test coverage must remain at or above 70 percent. Pull requests should not exceed 500 changed lines.

## Compliance and Exceptions

Training materials supporting this guidance are available on the learning platform. All employees are expected to follow this guidance in addition to applicable local laws in Germany. Northwind Analytics values transparency, so material changes are announced on the intranet before they take effect. Third-party vendors who support this process must meet the same standards through contractual obligations. Escalations that cannot be resolved at team level are raised to the relevant steering committee.

## Background

Third-party vendors who support this process must meet the same standards through contractual obligations. Cross-functional dependencies should be identified early and tracked in the shared planning board. Escalations that cannot be resolved at team level are raised to the relevant steering committee. Metrics for this process are reported quarterly to the leadership team as part of the operating review.

## Roles and Responsibilities

Managers are responsible for ensuring that their teams have read and understood these requirements. Teams should document any workaround they adopt so that it can be reviewed and, where appropriate, standardised. Where this document conflicts with local regulation, the stricter requirement applies. Audit and compliance teams may request evidence of adherence at any time.
"
DOC-000023,Remote and Hybrid Work Policy - Singapore,policy,HR,102,Singapore,,SharePoint,https://sharepoint.northwind-analytics.example.com/policy/doc-000023,archived,2,Confidential,2023-11-16,2024-09-10,305,"# Remote and Hybrid Work Policy - Singapore

**Document ID:** DOC-000023
**Owner:** Omar Schmidt
**Department:** Human Resources
**Status:** archived
**Version:** 2
**Last updated:** 2024-09-10
**Region:** Singapore
**Note:** Superseded - do not use

## Eligibility

Employees in Singapore whose role allows it may work remotely under this policy.

## Background

Escalations that cannot be resolved at team level are raised to the relevant steering committee. All employees are expected to follow this guidance in addition to applicable local laws in Singapore. Cross-functional dependencies should be identified early and tracked in the shared planning board. Contractors and temporary staff are covered unless their agreement states otherwise. Metrics for this process are reported quarterly to the leadership team as part of the operating review.

## Review and Maintenance

Exceptions must be approved in writing by the department head and recorded in the Human Resources register. Training materials supporting this guidance are available on the learning platform. Northwind Analytics values transparency, so material changes are announced on the intranet before they take effect. Records related to this process are stored in the approved system of record and retained according to the data retention policy. Teams should document any workaround they adopt so that it can be reviewed and, where appropriate, standardised.

## Remote Days

Eligible employees may work remotely up to 3 days per week, agreed with their manager.

## Core Hours

Regardless of location, everyone must be available between 09:00 and 16:00 local time.

## Frequently Raised Concerns

Records related to this process are stored in the approved system of record and retained according to the data retention policy. Training materials supporting this guidance are available on the learning platform. Audit and compliance teams may request evidence of adherence at any time.

## Home Office Stipend

A monthly home-office stipend of SGD 40 is paid to eligible employees.
"
DOC-000024,Remote and Hybrid Work Policy - Singapore,policy,HR,193,Singapore,,Confluence,https://confluence.northwind-analytics.example.com/policy/doc-000024,active,3,Internal,2025-10-08,2026-06-17,247,"# Remote and Hybrid Work Policy - Singapore

**Document ID:** DOC-000024
**Owner:** Li Wagner
**Department:** Human Resources
**Status:** active
**Version:** 3
**Last updated:** 2026-06-17
**Region:** Singapore

## Eligibility

Employees in Singapore whose role allows it may work remotely under this policy.

## Roles and Responsibilities

Training materials supporting this guidance are available on the learning platform. All employees are expected to follow this guidance in addition to applicable local laws in Singapore. Third-party vendors who support this process must meet the same standards through contractual obligations.

## Remote Days

Eligible employees may work remotely up to 3 days per week, agreed with their manager.

## Core Hours

Regardless of location, everyone must be available between 09:00 and 15:00 local time.

## Compliance and Exceptions

Audit and compliance teams may request evidence of adherence at any time. Where this document conflicts with local regulation, the stricter requirement applies. Managers are responsible for ensuring that their teams have read and understood these requirements.

## Frequently Raised Concerns

Records related to this process are stored in the approved system of record and retained according to the data retention policy. Audit and compliance teams may request evidence of adherence at any time. Exceptions must be approved in writing by the department head and recorded in the Human Resources register. All employees are expected to follow this guidance in addition to applicable local laws in Singapore.

## Home Office Stipend

A monthly home-office stipend of SGD 40 is paid to eligible employees.
"
DOC-000025,Remote and Hybrid Work Policy - India,policy,HR,168,India,,Confluence,https://confluence.northwind-analytics.example.com/policy/doc-000025,active,4,Internal,2024-04-19,2025-03-24,262,"# Remote and Hybrid Work Policy - India

**Document ID:** DOC-000025
**Owner:** Lukas Cohen
**Department:** Human Resources
**Status:** active
**Version:** 4
**Last updated:** 2025-03-24
**Region:** India

## Eligibility

Employees in India whose role allows it may work remotely under this policy.

## Related Resources

Records related to this process are stored in the approved system of record and retained according to the data retention policy. Northwind Analytics values transparency, so material changes are announced on the intranet before they take effect. Contractors and temporary staff are covered unless their agreement states otherwise. Escalations that cannot be resolved at team level are raised to the relevant steering committee. Metrics for this process are reported quarterly to the leadership team as part of the operating review.

## Glossary and Definitions

Cross-functional dependencies should be identified early and tracked in the shared planning board. Escalations that cannot be resolved at team level are raised to the relevant steering committee. Training materials supporting this guidance are available on the learning platform.

## Remote Days

Eligible employees may work remotely up to 2 days per week, agreed with their manager.

## Background

Teams should document any workaround they adopt so that it can be reviewed and, where appropriate, standardised. Third-party vendors who support this process must meet the same standards through contractual obligations. Audit and compliance teams may request evidence of adherence at any time.

## Core Hours

Regardless of location, everyone must be available between 09:00 and 17:00 local time.

## Home Office Stipend

A monthly home-office stipend of INR 3,200 is paid to eligible employees.
"
DOC-000026,Remote and Hybrid Work Policy - United States,policy,HR,159,United States,,SharePoint,https://sharepoint.northwind-analytics.example.com/policy/doc-000026,archived,1,Internal,2024-12-18,2025-02-28,292,"# Remote and Hybrid Work Policy - United States

**Document ID:** DOC-000026
**Owner:** Felix Brown
**Department:** Human Resources
**Status:** archived
**Version:** 1
**Last updated:** 2025-02-28
**Region:** United States
**Note:** Superseded - do not use

## Eligibility

Employees in United States whose role allows it may work remotely under this policy.

## Remote Days

Eligible employees may work remotely up to 3 days per week, agreed with their manager.

## Core Hours

Regardless of location, everyone must be available between 11:00 and 15:00 local time.

## Related Resources

This document is reviewed annually and whenever there is a material change to the underlying process. All employees are expected to follow this guidance in addition to applicable local laws in United States. Exceptions must be approved in writing by the department head and recorded in the Human Resources register. Where this document conflicts with local regulation, the stricter requirement applies.

## Glossary and Definitions

Questions about this document should be directed to the Human Resources team through the internal service desk. Audit and compliance teams may request evidence of adherence at any time. Metrics for this process are reported quarterly to the leadership team as part of the operating review. All employees are expected to follow this guidance in addition to applicable local laws in United States. Managers are responsible for ensuring that their teams have read and understood these requirements.

## Home Office Stipend

A monthly home-office stipend of USD 20 is paid to eligible employees.

## Frequently Raised Concerns

Training materials supporting this guidance are available on the learning platform. Questions about this document should be directed to the Human Resources team through the internal service desk. Escalations that cannot be resolved at team level are raised to the relevant steering committee.
"
DOC-000027,Remote and Hybrid Work Policy - United States,policy,HR,168,United States,,Confluence,https://confluence.northwind-analytics.example.com/policy/doc-000027,active,2,Internal,2026-06-25,2026-09-18,280,"# Remote and Hybrid Work Policy - United States

**Document ID:** DOC-000027
**Owner:** Lukas Cohen
**Department:** Human Resources
**Status:** active
**Version:** 2
**Last updated:** 2026-09-18
**Region:** United States

## Eligibility

Employees in United States whose role allows it may work remotely under this policy.

## Scope and Applicability

Feedback and suggested improvements are welcome and are triaged at the monthly process review. This document is reviewed annually and whenever there is a material change to the underlying process. Questions about this document should be directed to the Human Resources team through the internal service desk. Records related to this process are stored in the approved system of record and retained according to the data retention policy.

## Glossary and Definitions

Third-party vendors who support this process must meet the same standards through contractual obligations. Training materials supporting this guidance are available on the learning platform. Records related to this process are stored in the approved system of record and retained according to the data retention policy.

## Remote Days

Eligible employees may work remotely up to 1 days per week, agreed with their manager.

## Dependencies

Questions about this document should be directed to the Human Resources team through the internal service desk. Exceptions must be approved in writing by the department head and recorded in the Human Resources register. Contractors and temporary staff are covered unless their agreement states otherwise. All employees are expected to follow this guidance in addition to applicable local laws in United States.

## Core Hours

Regardless of location, everyone must be available between 11:00 and 17:00 local time.

## Home Office Stipend

A monthly home-office stipend of USD 50 is paid to eligible employees.
"
DOC-000028,Information Security Standard - Singapore,policy,IT,187,Singapore,,Confluence,https://confluence.northwind-analytics.example.com/policy/doc-000028,active,5,Internal,2025-01-16,2025-08-24,258,"# Information Security Standard - Singapore

**Document ID:** DOC-000028
**Owner:** James Khan
**Department:** IT Services
**Status:** active
**Version:** 5
**Last updated:** 2025-08-24
**Region:** Singapore

## Roles and Responsibilities

Cross-functional dependencies should be identified early and tracked in the shared planning board. Feedback and suggested improvements are welcome and are triaged at the monthly process review. Contractors and temporary staff are covered unless their agreement states otherwise. Managers are responsible for ensuring that their teams have read and understood these requirements. This document is reviewed annually and whenever there is a material change to the underlying process.

## Passwords

Passwords must be at least 10 characters long and must be changed every 180 days.

## Compliance and Exceptions

Exceptions must be approved in writing by the department head and recorded in the IT Services register. Northwind Analytics values transparency, so material changes are announced on the intranet before they take effect. Third-party vendors who support this process must meet the same standards through contractual obligations.

## Related Resources

Where this document conflicts with local regulation, the stricter requirement applies. Cross-functional dependencies should be identified early and tracked in the shared planning board. Teams should document any workaround they adopt so that it can be reviewed and, where appropriate, standardised. Escalations that cannot be resolved at team level are raised to the relevant steering committee.

## Account Lockout

Accounts are locked after 3 consecutive failed sign-in attempts and can be unlocked through the IT service desk.

## Multi-factor Authentication

Multi-factor authentication is mandatory for all corporate systems accessed from Singapore.
"
DOC-000029,Paid Time Off Policy - United Kingdom,policy,HR,74,United Kingdom,,Confluence,https://confluence.northwind-analytics.example.com/policy/doc-000029,archived,4,Internal,2025-06-21,2026-02-18,302,"# Paid Time Off Policy - United Kingdom

**Document ID:** DOC-000029
**Owner:** Meera Tan
**Department:** Human Resources
**Status:** archived
**Version:** 4
**Last updated:** 2026-02-18
**Region:** United Kingdom
**Note:** Superseded - do not use

## Purpose

This policy explains how Northwind Analytics employees in United Kingdom accrue and use paid time off.

## Frequently Raised Concerns

Northwind Analytics values transparency, so material changes are announced on the intranet before they take effect. Escalations that cannot be resolved at team level are raised to the relevant steering committee. Records related to this process are stored in the approved system of record and retained according to the data retention policy. Training materials supporting this guidance are available on the learning platform.

## Entitlement

Full-time employees in United Kingdom receive 15 days of paid time off per calendar year. In addition, employees receive 10 days of paid sick leave.

## Reporting and Metrics

Cross-functional dependencies should be identified early and tracked in the shared planning board. Northwind Analytics values transparency, so material changes are announced on the intranet before they take effect. Records related to this process are stored in the approved system of record and retained according to the data retention policy.

## Carryover

Unused paid time off may be carried over to the next year up to a maximum of 6 days. Days above this cap expire on 31 March.

## Requesting Leave

Leave of more than three consecutive days must be requested at least 5 working days in advance through the HR portal.

## Background

Feedback and suggested improvements are welcome and are triaged at the monthly process review. Metrics for this process are reported quarterly to the leadership team as part of the operating review. Personal data handled as part of this process must be processed in line with the privacy notice.
"
DOC-000030,Paid Time Off Policy - United Kingdom,policy,HR,200,United Kingdom,,SharePoint,https://sharepoint.northwind-analytics.example.com/policy/doc-000030,active,5,Public,2026-05-28,2026-09-30,331,"# Paid Time Off Policy - United Kingdom

**Document ID:** DOC-000030
**Owner:** Anna Fischer
**Department:** Human Resources
**Status:** active
**Version:** 5
**Last updated:** 2026-09-30
**Region:** United Kingdom

## Purpose

This policy explains how Northwind Analytics employees in United Kingdom accrue and use paid time off.

## Entitlement

Full-time employees in United Kingdom receive 15 days of paid time off per calendar year. In addition, employees receive 10 days of paid sick leave.

## Carryover

Unused paid time off may be carried over to the next year up to a maximum of 9 days. Days above this cap expire on 31 March.

## Requesting Leave

Leave of more than three consecutive days must be requested at least 3 working days in advance through the HR portal.

## Glossary and Definitions

Cross-functional dependencies should be identified early and tracked in the shared planning board. Third-party vendors who support this process must meet the same standards through contractual obligations. Training materials supporting this guidance are available on the learning platform. Personal data handled as part of this process must be processed in line with the privacy notice.

## Compliance and Exceptions

Training materials supporting this guidance are available on the learning platform. Exceptions must be approved in writing by the department head and recorded in the Human Resources register. Northwind Analytics values transparency, so material changes are announced on the intranet before they take effect. Teams should document any workaround they adopt so that it can be reviewed and, where appropriate, standardised. Feedback and suggested improvements are welcome and are triaged at the monthly process review.

## Scope and Applicability

Questions about this document should be directed to the Human Resources team through the internal service desk. Northwind Analytics values transparency, so material changes are announced on the intranet before they take effect. Exceptions must be approved in writing by the department head and recorded in the Human Resources register. Feedback and suggested improvements are welcome and are triaged at the monthly process review.
"
DOC-000031,IT Services FAQ - Germany,faq,IT,33,Germany,,Confluence,https://confluence.northwind-analytics.example.com/faq/doc-000031,active,3,Public,2024-07-31,2024-11-06,276,"# IT Services FAQ - Germany

**Document ID:** DOC-000031
**Owner:** Emily Nair
**Department:** IT Services
**Status:** active
**Version:** 3
**Last updated:** 2024-11-06
**Region:** Germany

## Q: Which VPN client should I use?

Use SecureLink, available from the self-service software portal.

## Related Resources

Personal data handled as part of this process must be processed in line with the privacy notice. Teams should document any workaround they adopt so that it can be reviewed and, where appropriate, standardised. This document is reviewed annually and whenever there is a material change to the underlying process.

## Review and Maintenance

Northwind Analytics values transparency, so material changes are announced on the intranet before they take effect. Audit and compliance teams may request evidence of adherence at any time. Feedback and suggested improvements are welcome and are triaged at the monthly process review. Third-party vendors who support this process must meet the same standards through contractual obligations. Training materials supporting this guidance are available on the learning platform.

## Q: How do I reach the IT helpdesk?

Dial extension 2970 from any office phone or raise a ticket through the service desk.

## Q: How often are laptops replaced?

Laptops are refreshed every 4 years.

## Scope and Applicability

Feedback and suggested improvements are welcome and are triaged at the monthly process review. Audit and compliance teams may request evidence of adherence at any time. Questions about this document should be directed to the IT Services team through the internal service desk. Exceptions must be approved in writing by the department head and recorded in the IT Services register. Where this document conflicts with local regulation, the stricter requirement applies.
"
DOC-000032,Data Retention Policy - India,policy,LEG,83,India,,Confluence,https://confluence.northwind-analytics.example.com/policy/doc-000032,active,2,Confidential,2026-04-13,2026-09-30,227,"# Data Retention Policy - India

**Document ID:** DOC-000032
**Owner:** Neha Sharma
**Department:** Legal & Compliance
**Status:** active
**Version:** 2
**Last updated:** 2026-09-30
**Region:** India

## Dependencies

Training materials supporting this guidance are available on the learning platform. Exceptions must be approved in writing by the department head and recorded in the Legal & Compliance register. Third-party vendors who support this process must meet the same standards through contractual obligations. Metrics for this process are reported quarterly to the leadership team as part of the operating review.

## Retention Schedule

Contracts are retained for 10 years after expiry. Financial records are retained for 6 years. HR records are retained for 3 years after employment ends. Email is retained for 3 years.

## Reporting and Metrics

Northwind Analytics values transparency, so material changes are announced on the intranet before they take effect. Exceptions must be approved in writing by the department head and recorded in the Legal & Compliance register. Cross-functional dependencies should be identified early and tracked in the shared planning board.

## Scope and Applicability

Records related to this process are stored in the approved system of record and retained according to the data retention policy. Feedback and suggested improvements are welcome and are triaged at the monthly process review. Northwind Analytics values transparency, so material changes are announced on the intranet before they take effect.
"
DOC-000033,IT Services FAQ - United States,faq,IT,18,United States,,Confluence,https://confluence.northwind-analytics.example.com/faq/doc-000033,active,5,Internal,2024-11-18,2025-11-03,294,"# IT Services FAQ - United States

**Document ID:** DOC-000033
**Owner:** Sourav Ali
**Department:** IT Services
**Status:** active
**Version:** 5
**Last updated:** 2025-11-03
**Region:** United States

## Q: Which VPN client should I use?

Use PulseVPN, available from the self-service software portal.

## Background

Where this document conflicts with local regulation, the stricter requirement applies. Teams should document any workaround they adopt so that it can be reviewed and, where appropriate, standardised. Third-party vendors who support this process must meet the same standards through contractual obligations. Northwind Analytics values transparency, so material changes are announced on the intranet before they take effect.

## Q: How do I reach the IT helpdesk?

Dial extension 5965 from any office phone or raise a ticket through the service desk.

## Q: How often are laptops replaced?

Laptops are refreshed every 4 years.

## Reporting and Metrics

Escalations that cannot be resolved at team level are raised to the relevant steering committee. Exceptions must be approved in writing by the department head and recorded in the IT Services register. Records related to this process are stored in the approved system of record and retained according to the data retention policy. Personal data handled as part of this process must be processed in line with the privacy notice. Managers are responsible for ensuring that their teams have read and understood these requirements.

## Related Resources

Feedback and suggested improvements are welcome and are triaged at the monthly process review. Teams should document any workaround they adopt so that it can be reviewed and, where appropriate, standardised. Questions about this document should be directed to the IT Services team through the internal service desk. This document is reviewed annually and whenever there is a material change to the underlying process.
"
DOC-000034,Remote and Hybrid Work Policy - United Kingdom,policy,HR,192,United Kingdom,,SharePoint,https://sharepoint.northwind-analytics.example.com/policy/doc-000034,archived,1,Internal,2025-03-28,2025-10-02,325,"# Remote and Hybrid Work Policy - United Kingdom

**Document ID:** DOC-000034
**Owner:** Zara Ghosh
**Department:** Human Resources
**Status:** archived
**Version:** 1
**Last updated:** 2025-10-02
**Region:** United Kingdom
**Note:** Superseded - do not use

## Eligibility

Employees in United Kingdom whose role allows it may work remotely under this policy.

## Roles and Responsibilities

Metrics for this process are reported quarterly to the leadership team as part of the operating review. Records related to this process are stored in the approved system of record and retained according to the data retention policy. Third-party vendors who support this process must meet the same standards through contractual obligations. Contractors and temporary staff are covered unless their agreement states otherwise.

## Remote Days

Eligible employees may work remotely up to 5 days per week, agreed with their manager.

## Core Hours

Regardless of location, everyone must be available between 09:00 and 16:00 local time.

## Review and Maintenance

Escalations that cannot be resolved at team level are raised to the relevant steering committee. Cross-functional dependencies should be identified early and tracked in the shared planning board. Records related to this process are stored in the approved system of record and retained according to the data retention policy. Teams should document any workaround they adopt so that it can be reviewed and, where appropriate, standardised. Managers are responsible for ensuring that their teams have read and understood these requirements.

## Home Office Stipend

A monthly home-office stipend of GBP 30 is paid to eligible employees.

## Glossary and Definitions

Questions about this document should be directed to the Human Resources team through the internal service desk. Contractors and temporary staff are covered unless their agreement states otherwise. All employees are expected to follow this guidance in addition to applicable local laws in United Kingdom. Where this document conflicts with local regulation, the stricter requirement applies. Third-party vendors who support this process must meet the same standards through contractual obligations.
"
DOC-000035,Remote and Hybrid Work Policy - United Kingdom,policy,HR,102,United Kingdom,,SharePoint,https://sharepoint.northwind-analytics.example.com/policy/doc-000035,active,2,Internal,2026-06-11,2026-09-28,311,"# Remote and Hybrid Work Policy - United Kingdom

**Document ID:** DOC-000035
**Owner:** Omar Schmidt
**Department:** Human Resources
**Status:** active
**Version:** 2
**Last updated:** 2026-09-28
**Region:** United Kingdom

## Eligibility

Employees in United Kingdom whose role allows it may work remotely under this policy.

## Remote Days

Eligible employees may work remotely up to 1 days per week, agreed with their manager.

## Roles and Responsibilities

Feedback and suggested improvements are welcome and are triaged at the monthly process review. Teams should document any workaround they adopt so that it can be reviewed and, where appropriate, standardised. Northwind Analytics values transparency, so material changes are announced on the intranet before they take effect. Personal data handled as part of this process must be processed in line with the privacy notice.

## Background

All employees are expected to follow this guidance in addition to applicable local laws in United Kingdom. Third-party vendors who support this process must meet the same standards through contractual obligations. Managers are responsible for ensuring that their teams have read and understood these requirements. Audit and compliance teams may request evidence of adherence at any time. Questions about this document should be directed to the Human Resources team through the internal service desk.

## Scope and Applicability

All employees are expected to follow this guidance in addition to applicable local laws in United Kingdom. Training materials supporting this guidance are available on the learning platform. Feedback and suggested improvements are welcome and are triaged at the monthly process review. Contractors and temporary staff are covered unless their agreement states otherwise. Northwind Analytics values transparency, so material changes are announced on the intranet before they take effect.

## Core Hours

Regardless of location, everyone must be available between 09:00 and 15:00 local time.

## Home Office Stipend

A monthly home-office stipend of GBP 30 is paid to eligible employees.
"
DOC-000036,IT Services FAQ - United Kingdom,faq,IT,154,United Kingdom,,Notion,https://notion.northwind-analytics.example.com/faq/doc-000036,active,5,Internal,2025-12-29,2026-01-01,306,"# IT Services FAQ - United Kingdom

**Document ID:** DOC-000036
**Owner:** Felix Das
**Department:** IT Services
**Status:** active
**Version:** 5
**Last updated:** 2026-01-01
**Region:** United Kingdom

## Background

Audit and compliance teams may request evidence of adherence at any time. Feedback and suggested improvements are welcome and are triaged at the monthly process review. Personal data handled as part of this process must be processed in line with the privacy notice. Cross-functional dependencies should be identified early and tracked in the shared planning board. Escalations that cannot be resolved at team level are raised to the relevant steering committee.

## Q: Which VPN client should I use?

Use SecureLink, available from the self-service software portal.

## Dependencies

This document is reviewed annually and whenever there is a material change to the underlying process. Third-party vendors who support this process must meet the same standards through contractual obligations. Questions about this document should be directed to the IT Services team through the internal service desk. Records related to this process are stored in the approved system of record and retained according to the data retention policy. Managers are responsible for ensuring that their teams have read and understood these requirements.

## Q: How do I reach the IT helpdesk?

Dial extension 8646 from any office phone or raise a ticket through the service desk.

## Frequently Raised Concerns

Contractors and temporary staff are covered unless their agreement states otherwise. Where this document conflicts with local regulation, the stricter requirement applies. Managers are responsible for ensuring that their teams have read and understood these requirements. Feedback and suggested improvements are welcome and are triaged at the monthly process review. Northwind Analytics values transparency, so material changes are announced on the intranet before they take effect.

## Q: How often are laptops replaced?

Laptops are refreshed every 4 years.
"
DOC-000037,Data Retention Policy - United Kingdom,policy,LEG,68,United Kingdom,,Confluence,https://confluence.northwind-analytics.example.com/policy/doc-000037,active,2,Confidential,2026-02-12,2026-07-13,251,"# Data Retention Policy - United Kingdom

**Document ID:** DOC-000037
**Owner:** Priya Reddy
**Department:** Legal & Compliance
**Status:** active
**Version:** 2
**Last updated:** 2026-07-13
**Region:** United Kingdom

## Review and Maintenance

Managers are responsible for ensuring that their teams have read and understood these requirements. Feedback and suggested improvements are welcome and are triaged at the monthly process review. Records related to this process are stored in the approved system of record and retained according to the data retention policy. Audit and compliance teams may request evidence of adherence at any time.

## Retention Schedule

Contracts are retained for 7 years after expiry. Financial records are retained for 8 years. HR records are retained for 7 years after employment ends. Email is retained for 1 years.

## Scope and Applicability

Training materials supporting this guidance are available on the learning platform. Third-party vendors who support this process must meet the same standards through contractual obligations. Escalations that cannot be resolved at team level are raised to the relevant steering committee. Feedback and suggested improvements are welcome and are triaged at the monthly process review.

## Roles and Responsibilities

Records related to this process are stored in the approved system of record and retained according to the data retention policy. Cross-functional dependencies should be identified early and tracked in the shared planning board. Contractors and temporary staff are covered unless their agreement states otherwise. Exceptions must be approved in writing by the department head and recorded in the Legal & Compliance register.
"
DOC-000038,Expense Reimbursement Policy - United States,policy,FIN,49,United States,,SharePoint,https://sharepoint.northwind-analytics.example.com/policy/doc-000038,active,4,Internal,2026-04-22,2026-09-30,281,"# Expense Reimbursement Policy - United States

**Document ID:** DOC-000038
**Owner:** Tom Nair
**Department:** Finance
**Status:** active
**Version:** 4
**Last updated:** 2026-09-30
**Region:** United States

## Overview

This policy sets the rules for business expenses claimed by Northwind Analytics employees in United States.

## Limits

The daily meal allowance is USD 30. Hotel stays are reimbursed up to USD 150 per night.

## Receipts

Receipts are required for any single expense above USD 15.

## Compliance and Exceptions

Managers are responsible for ensuring that their teams have read and understood these requirements. Where this document conflicts with local regulation, the stricter requirement applies. Audit and compliance teams may request evidence of adherence at any time.

## Reporting and Metrics

Where this document conflicts with local regulation, the stricter requirement applies. Personal data handled as part of this process must be processed in line with the privacy notice. This document is reviewed annually and whenever there is a material change to the underlying process. Teams should document any workaround they adopt so that it can be reviewed and, where appropriate, standardised.

## Roles and Responsibilities

Northwind Analytics values transparency, so material changes are announced on the intranet before they take effect. Personal data handled as part of this process must be processed in line with the privacy notice. Contractors and temporary staff are covered unless their agreement states otherwise. Where this document conflicts with local regulation, the stricter requirement applies. All employees are expected to follow this guidance in addition to applicable local laws in United States.

## Approvals and Deadlines

Claims above USD 1,000 need approval from the department head. Claims must be submitted within 60 days of the expense date.
"
DOC-000039,New Joiner Onboarding Guide - Singapore,policy,HR,96,Singapore,,SharePoint,https://sharepoint.northwind-analytics.example.com/policy/doc-000039,active,2,Internal,2026-04-12,2026-09-30,234,"# New Joiner Onboarding Guide - Singapore

**Document ID:** DOC-000039
**Owner:** James Gupta
**Department:** Human Resources
**Status:** active
**Version:** 2
**Last updated:** 2026-09-30
**Region:** Singapore

## Roles and Responsibilities

Records related to this process are stored in the approved system of record and retained according to the data retention policy. Cross-functional dependencies should be identified early and tracked in the shared planning board. Third-party vendors who support this process must meet the same standards through contractual obligations.

## Background

Teams should document any workaround they adopt so that it can be reviewed and, where appropriate, standardised. Third-party vendors who support this process must meet the same standards through contractual obligations. Northwind Analytics values transparency, so material changes are announced on the intranet before they take effect. All employees are expected to follow this guidance in addition to applicable local laws in Singapore.

## First Week

New joiners in Singapore receive their laptop within 2 working days of their start date.

## Support

Every new joiner is paired with an onboarding buddy for 8 weeks.

## Probation

The probation period lasts 3 months.

## Reporting and Metrics

Managers are responsible for ensuring that their teams have read and understood these requirements. Teams should document any workaround they adopt so that it can be reviewed and, where appropriate, standardised. Personal data handled as part of this process must be processed in line with the privacy notice.
"
DOC-000040,HR Services FAQ - United States,faq,HR,102,United States,,Confluence,https://confluence.northwind-analytics.example.com/faq/doc-000040,active,4,Public,2024-02-19,2024-11-16,281,"# HR Services FAQ - United States

**Document ID:** DOC-000040
**Owner:** Omar Schmidt
**Department:** Human Resources
**Status:** active
**Version:** 4
**Last updated:** 2024-11-16
**Region:** United States

## Q: When are payslips released?

Payslips are released on day 30 of each month.

## Review and Maintenance

Managers are responsible for ensuring that their teams have read and understood these requirements. This document is reviewed annually and whenever there is a material change to the underlying process. Northwind Analytics values transparency, so material changes are announced on the intranet before they take effect. Feedback and suggested improvements are welcome and are triaged at the monthly process review.

## Frequently Raised Concerns

Contractors and temporary staff are covered unless their agreement states otherwise. Records related to this process are stored in the approved system of record and retained according to the data retention policy. Questions about this document should be directed to the Human Resources team through the internal service desk. Teams should document any workaround they adopt so that it can be reviewed and, where appropriate, standardised. All employees are expected to follow this guidance in addition to applicable local laws in United States.

## Glossary and Definitions

Contractors and temporary staff are covered unless their agreement states otherwise. Metrics for this process are reported quarterly to the leadership team as part of the operating review. Audit and compliance teams may request evidence of adherence at any time. Where this document conflicts with local regulation, the stricter requirement applies.

## Q: How many public holidays are there?

Employees in United States get 14 public holidays per year.

## Q: Who do I contact for HR questions?

Email hr-us@northwind-analytics.example.com or use the HR portal.
"
DOC-000041,Expense Reimbursement Policy - India,policy,FIN,16,India,,SharePoint,https://sharepoint.northwind-analytics.example.com/policy/doc-000041,active,3,Internal,2024-09-25,2024-12-01,278,"# Expense Reimbursement Policy - India

**Document ID:** DOC-000041
**Owner:** Maya Lim
**Department:** Finance
**Status:** active
**Version:** 3
**Last updated:** 2024-12-01
**Region:** India

## Overview

This policy sets the rules for business expenses claimed by Northwind Analytics employees in India.

## Limits

The daily meal allowance is INR 3,200. Hotel stays are reimbursed up to INR 10,000 per night.

## Compliance and Exceptions

Feedback and suggested improvements are welcome and are triaged at the monthly process review. Exceptions must be approved in writing by the department head and recorded in the Finance register. Personal data handled as part of this process must be processed in line with the privacy notice. Audit and compliance teams may request evidence of adherence at any time.

## Glossary and Definitions

All employees are expected to follow this guidance in addition to applicable local laws in India. Exceptions must be approved in writing by the department head and recorded in the Finance register. This document is reviewed annually and whenever there is a material change to the underlying process.

## Receipts

Receipts are required for any single expense above INR 1,200.

## Roles and Responsibilities

Metrics for this process are reported quarterly to the leadership team as part of the operating review. Northwind Analytics values transparency, so material changes are announced on the intranet before they take effect. This document is reviewed annually and whenever there is a material change to the underlying process. Feedback and suggested improvements are welcome and are triaged at the monthly process review.

## Approvals and Deadlines

Claims above INR 200,000 need approval from the department head. Claims must be submitted within 15 days of the expense date.
"
DOC-000042,HR Services FAQ - Singapore,faq,HR,74,Singapore,,Notion,https://notion.northwind-analytics.example.com/faq/doc-000042,active,2,Internal,2026-01-16,2026-09-30,242,"# HR Services FAQ - Singapore

**Document ID:** DOC-000042
**Owner:** Meera Tan
**Department:** Human Resources
**Status:** active
**Version:** 2
**Last updated:** 2026-09-30
**Region:** Singapore

## Q: When are payslips released?

Payslips are released on day 25 of each month.

## Scope and Applicability

Where this document conflicts with local regulation, the stricter requirement applies. Feedback and suggested improvements are welcome and are triaged at the monthly process review. Cross-functional dependencies should be identified early and tracked in the shared planning board. Records related to this process are stored in the approved system of record and retained according to the data retention policy. Escalations that cannot be resolved at team level are raised to the relevant steering committee.

## Q: How many public holidays are there?

Employees in Singapore get 12 public holidays per year.

## Related Resources

This document is reviewed annually and whenever there is a material change to the underlying process. Third-party vendors who support this process must meet the same standards through contractual obligations. Where this document conflicts with local regulation, the stricter requirement applies.

## Q: Who do I contact for HR questions?

Email hr-sg@northwind-analytics.example.com or use the HR portal.

## Frequently Raised Concerns

Personal data handled as part of this process must be processed in line with the privacy notice. This document is reviewed annually and whenever there is a material change to the underlying process. Contractors and temporary staff are covered unless their agreement states otherwise.
"
DOC-000043,Paid Time Off Policy - United States,policy,HR,193,United States,,SharePoint,https://sharepoint.northwind-analytics.example.com/policy/doc-000043,archived,2,Public,2023-12-29,2024-02-13,325,"# Paid Time Off Policy - United States

**Document ID:** DOC-000043
**Owner:** Li Wagner
**Department:** Human Resources
**Status:** archived
**Version:** 2
**Last updated:** 2024-02-13
**Region:** United States
**Note:** Superseded - do not use

## Review and Maintenance

Exceptions must be approved in writing by the department head and recorded in the Human Resources register. Contractors and temporary staff are covered unless their agreement states otherwise. Escalations that cannot be resolved at team level are raised to the relevant steering committee.

## Background

Feedback and suggested improvements are welcome and are triaged at the monthly process review. Metrics for this process are reported quarterly to the leadership team as part of the operating review. Exceptions must be approved in writing by the department head and recorded in the Human Resources register. Third-party vendors who support this process must meet the same standards through contractual obligations.

## Purpose

This policy explains how Northwind Analytics employees in United States accrue and use paid time off.

## Entitlement

Full-time employees in United States receive 17 days of paid time off per calendar year. In addition, employees receive 13 days of paid sick leave.

## Carryover

Unused paid time off may be carried over to the next year up to a maximum of 4 days. Days above this cap expire on 31 March.

## Requesting Leave

Leave of more than three consecutive days must be requested at least 14 working days in advance through the HR portal.

## Reporting and Metrics

Audit and compliance teams may request evidence of adherence at any time. Teams should document any workaround they adopt so that it can be reviewed and, where appropriate, standardised. This document is reviewed annually and whenever there is a material change to the underlying process. Exceptions must be approved in writing by the department head and recorded in the Human Resources register. Personal data handled as part of this process must be processed in line with the privacy notice.
"
DOC-000044,Paid Time Off Policy - United States,policy,HR,96,United States,,Confluence,https://confluence.northwind-analytics.example.com/policy/doc-000044,active,3,Internal,2025-01-08,2025-03-19,328,"# Paid Time Off Policy - United States

**Document ID:** DOC-000044
**Owner:** James Gupta
**Department:** Human Resources
**Status:** active
**Version:** 3
**Last updated:** 2025-03-19
**Region:** United States

## Compliance and Exceptions

Teams should document any workaround they adopt so that it can be reviewed and, where appropriate, standardised. Records related to this process are stored in the approved system of record and retained according to the data retention policy. This document is reviewed annually and whenever there is a material change to the underlying process. Questions about this document should be directed to the Human Resources team through the internal service desk.

## Frequently Raised Concerns

Audit and compliance teams may request evidence of adherence at any time. Records related to this process are stored in the approved system of record and retained according to the data retention policy. This document is reviewed annually and whenever there is a material change to the underlying process. Where this document conflicts with local regulation, the stricter requirement applies.

## Background

Metrics for this process are reported quarterly to the leadership team as part of the operating review. Feedback and suggested improvements are welcome and are triaged at the monthly process review. Northwind Analytics values transparency, so material changes are announced on the intranet before they take effect. Escalations that cannot be resolved at team level are raised to the relevant steering committee.

## Purpose

This policy explains how Northwind Analytics employees in United States accrue and use paid time off.

## Entitlement

Full-time employees in United States receive 16 days of paid time off per calendar year. In addition, employees receive 13 days of paid sick leave.

## Carryover

Unused paid time off may be carried over to the next year up to a maximum of 10 days. Days above this cap expire on 31 March.

## Requesting Leave

Leave of more than three consecutive days must be requested at least 5 working days in advance through the HR portal.
"
DOC-000045,New Joiner Onboarding Guide - India,policy,HR,8,India,,SharePoint,https://sharepoint.northwind-analytics.example.com/policy/doc-000045,active,5,Confidential,2024-08-08,2025-06-17,268,"# New Joiner Onboarding Guide - India

**Document ID:** DOC-000045
**Owner:** Daniel Reddy
**Department:** Human Resources
**Status:** active
**Version:** 5
**Last updated:** 2025-06-17
**Region:** India

## First Week

New joiners in India receive their laptop within 5 working days of their start date.

## Reporting and Metrics

Metrics for this process are reported quarterly to the leadership team as part of the operating review. Exceptions must be approved in writing by the department head and recorded in the Human Resources register. Questions about this document should be directed to the Human Resources team through the internal service desk. Managers are responsible for ensuring that their teams have read and understood these requirements.

## Compliance and Exceptions

Personal data handled as part of this process must be processed in line with the privacy notice. Cross-functional dependencies should be identified early and tracked in the shared planning board. This document is reviewed annually and whenever there is a material change to the underlying process. Where this document conflicts with local regulation, the stricter requirement applies.

## Support

Every new joiner is paired with an onboarding buddy for 12 weeks.

## Frequently Raised Concerns

Audit and compliance teams may request evidence of adherence at any time. All employees are expected to follow this guidance in addition to applicable local laws in India. Training materials supporting this guidance are available on the learning platform. Cross-functional dependencies should be identified early and tracked in the shared planning board. Teams should document any workaround they adopt so that it can be reviewed and, where appropriate, standardised.

## Probation

The probation period lasts 6 months.
"
DOC-000046,Incident Response Procedure - United States,policy,IT,178,United States,,SharePoint,https://sharepoint.northwind-analytics.example.com/policy/doc-000046,active,3,Public,2025-03-05,2025-12-15,239,"# Incident Response Procedure - United States

**Document ID:** DOC-000046
**Owner:** Hannah Kim
**Department:** IT Services
**Status:** active
**Version:** 3
**Last updated:** 2025-12-15
**Region:** United States

## Dependencies

Questions about this document should be directed to the IT Services team through the internal service desk. Third-party vendors who support this process must meet the same standards through contractual obligations. Audit and compliance teams may request evidence of adherence at any time.

## Response Targets

Severity 1 incidents must be acknowledged within 15 minutes. Severity 2 incidents must be acknowledged within 60 minutes.

## Post-incident Review

A written post-mortem must be published within 7 working days of resolving any Severity 1 incident.

## Frequently Raised Concerns

Training materials supporting this guidance are available on the learning platform. Northwind Analytics values transparency, so material changes are announced on the intranet before they take effect. Personal data handled as part of this process must be processed in line with the privacy notice. Teams should document any workaround they adopt so that it can be reviewed and, where appropriate, standardised. This document is reviewed annually and whenever there is a material change to the underlying process.

## Reporting and Metrics

Audit and compliance teams may request evidence of adherence at any time. Feedback and suggested improvements are welcome and are triaged at the monthly process review. Exceptions must be approved in writing by the department head and recorded in the IT Services register.
"
DOC-000047,Incident Response Procedure - Germany,policy,IT,109,Germany,,SharePoint,https://sharepoint.northwind-analytics.example.com/policy/doc-000047,active,5,Internal,2026-07-01,2026-08-30,249,"# Incident Response Procedure - Germany

**Document ID:** DOC-000047
**Owner:** Chloe Das
**Department:** IT Services
**Status:** active
**Version:** 5
**Last updated:** 2026-08-30
**Region:** Germany

## Compliance and Exceptions

Cross-functional dependencies should be identified early and tracked in the shared planning board. All employees are expected to follow this guidance in addition to applicable local laws in Germany. Questions about this document should be directed to the IT Services team through the internal service desk.

## Response Targets

Severity 1 incidents must be acknowledged within 15 minutes. Severity 2 incidents must be acknowledged within 30 minutes.

## Dependencies

Audit and compliance teams may request evidence of adherence at any time. Escalations that cannot be resolved at team level are raised to the relevant steering committee. Exceptions must be approved in writing by the department head and recorded in the IT Services register. Teams should document any workaround they adopt so that it can be reviewed and, where appropriate, standardised.

## Post-incident Review

A written post-mortem must be published within 3 working days of resolving any Severity 1 incident.

## Scope and Applicability

Contractors and temporary staff are covered unless their agreement states otherwise. Personal data handled as part of this process must be processed in line with the privacy notice. Where this document conflicts with local regulation, the stricter requirement applies. Audit and compliance teams may request evidence of adherence at any time. Metrics for this process are reported quarterly to the leadership team as part of the operating review.
"
DOC-000048,HR Services FAQ - Germany,faq,HR,74,Germany,,Confluence,https://confluence.northwind-analytics.example.com/faq/doc-000048,active,4,Internal,2026-02-07,2026-04-06,280,"# HR Services FAQ - Germany

**Document ID:** DOC-000048
**Owner:** Meera Tan
**Department:** Human Resources
**Status:** active
**Version:** 4
**Last updated:** 2026-04-06
**Region:** Germany

## Glossary and Definitions

Records related to this process are stored in the approved system of record and retained according to the data retention policy. Third-party vendors who support this process must meet the same standards through contractual obligations. Managers are responsible for ensuring that their teams have read and understood these requirements.

## Q: When are payslips released?

Payslips are released on day 30 of each month.

## Roles and Responsibilities

Contractors and temporary staff are covered unless their agreement states otherwise. Personal data handled as part of this process must be processed in line with the privacy notice. Escalations that cannot be resolved at team level are raised to the relevant steering committee. Third-party vendors who support this process must meet the same standards through contractual obligations. Exceptions must be approved in writing by the department head and recorded in the Human Resources register.

## Dependencies

Teams should document any workaround they adopt so that it can be reviewed and, where appropriate, standardised. This document is reviewed annually and whenever there is a material change to the underlying process. Feedback and suggested improvements are welcome and are triaged at the monthly process review. Contractors and temporary staff are covered unless their agreement states otherwise. Personal data handled as part of this process must be processed in line with the privacy notice.

## Q: How many public holidays are there?

Employees in Germany get 16 public holidays per year.

## Q: Who do I contact for HR questions?

Email hr-de@northwind-analytics.example.com or use the HR portal.
"
DOC-000049,IT Services FAQ - Singapore,faq,IT,109,Singapore,,Confluence,https://confluence.northwind-analytics.example.com/faq/doc-000049,archived,3,Internal,2024-03-14,2024-10-30,285,"# IT Services FAQ - Singapore

**Document ID:** DOC-000049
**Owner:** Chloe Das
**Department:** IT Services
**Status:** archived
**Version:** 3
**Last updated:** 2024-10-30
**Region:** Singapore
**Note:** Superseded - do not use

## Q: Which VPN client should I use?

Use WireGuard Enterprise, available from the self-service software portal.

## Reporting and Metrics

Teams should document any workaround they adopt so that it can be reviewed and, where appropriate, standardised. Third-party vendors who support this process must meet the same standards through contractual obligations. Records related to this process are stored in the approved system of record and retained according to the data retention policy. Escalations that cannot be resolved at team level are raised to the relevant steering committee. Contractors and temporary staff are covered unless their agreement states otherwise.

## Roles and Responsibilities

Managers are responsible for ensuring that their teams have read and understood these requirements. This document is reviewed annually and whenever there is a material change to the underlying process. Northwind Analytics values transparency, so material changes are announced on the intranet before they take effect.

## Dependencies

Audit and compliance teams may request evidence of adherence at any time. Personal data handled as part of this process must be processed in line with the privacy notice. Northwind Analytics values transparency, so material changes are announced on the intranet before they take effect. Where this document conflicts with local regulation, the stricter requirement applies. Contractors and temporary staff are covered unless their agreement states otherwise.

## Q: How do I reach the IT helpdesk?

Dial extension 1761 from any office phone or raise a ticket through the service desk.

## Q: How often are laptops replaced?

Laptops are refreshed every 3 years.
"
DOC-000050,IT Services FAQ - Singapore,faq,IT,52,Singapore,,Confluence,https://confluence.northwind-analytics.example.com/faq/doc-000050,active,4,Internal,2026-02-07,2026-08-01,269,"# IT Services FAQ - Singapore

**Document ID:** DOC-000050
**Owner:** Chloe Taylor
**Department:** IT Services
**Status:** active
**Version:** 4
**Last updated:** 2026-08-01
**Region:** Singapore

## Q: Which VPN client should I use?

Use SecureLink, available from the self-service software portal.

## Q: How do I reach the IT helpdesk?

Dial extension 8488 from any office phone or raise a ticket through the service desk.

## Related Resources

Cross-functional dependencies should be identified early and tracked in the shared planning board. Audit and compliance teams may request evidence of adherence at any time. Where this document conflicts with local regulation, the stricter requirement applies. This document is reviewed annually and whenever there is a material change to the underlying process. Metrics for this process are reported quarterly to the leadership team as part of the operating review.

## Background

Personal data handled as part of this process must be processed in line with the privacy notice. Audit and compliance teams may request evidence of adherence at any time. This document is reviewed annually and whenever there is a material change to the underlying process.

## Q: How often are laptops replaced?

Laptops are refreshed every 3 years.

## Scope and Applicability

Contractors and temporary staff are covered unless their agreement states otherwise. Escalations that cannot be resolved at team level are raised to the relevant steering committee. Managers are responsible for ensuring that their teams have read and understood these requirements. Personal data handled as part of this process must be processed in line with the privacy notice. Audit and compliance teams may request evidence of adherence at any time.
"
DOC-000051,Incident Response Procedure - India,policy,IT,52,India,,Confluence,https://confluence.northwind-analytics.example.com/policy/doc-000051,active,5,Confidential,2026-02-01,2026-09-30,235,"# Incident Response Procedure - India

**Document ID:** DOC-000051
**Owner:** Chloe Taylor
**Department:** IT Services
**Status:** active
**Version:** 5
**Last updated:** 2026-09-30
**Region:** India

## Roles and Responsibilities

Northwind Analytics values transparency, so material changes are announced on the intranet before they take effect. Managers are responsible for ensuring that their teams have read and understood these requirements. Exceptions must be approved in writing by the department head and recorded in the IT Services register.

## Compliance and Exceptions

Contractors and temporary staff are covered unless their agreement states otherwise. Feedback and suggested improvements are welcome and are triaged at the monthly process review. Managers are responsible for ensuring that their teams have read and understood these requirements.

## Response Targets

Severity 1 incidents must be acknowledged within 15 minutes. Severity 2 incidents must be acknowledged within 60 minutes.

## Dependencies

Exceptions must be approved in writing by the department head and recorded in the IT Services register. Where this document conflicts with local regulation, the stricter requirement applies. Feedback and suggested improvements are welcome and are triaged at the monthly process review. Northwind Analytics values transparency, so material changes are announced on the intranet before they take effect. Metrics for this process are reported quarterly to the leadership team as part of the operating review.

## Post-incident Review

A written post-mortem must be published within 7 working days of resolving any Severity 1 incident.
"
DOC-000052,Code Review and Quality Standard - Singapore,policy,ENG,143,Singapore,,Confluence,https://confluence.northwind-analytics.example.com/policy/doc-000052,archived,4,Internal,2024-07-07,2025-06-03,259,"# Code Review and Quality Standard - Singapore

**Document ID:** DOC-000052
**Owner:** Karan Ali
**Department:** Engineering
**Status:** archived
**Version:** 4
**Last updated:** 2025-06-03
**Region:** Singapore
**Note:** Superseded - do not use

## Scope and Applicability

Where this document conflicts with local regulation, the stricter requirement applies. Metrics for this process are reported quarterly to the leadership team as part of the operating review. Training materials supporting this guidance are available on the learning platform. Personal data handled as part of this process must be processed in line with the privacy notice.

## Dependencies

Escalations that cannot be resolved at team level are raised to the relevant steering committee. Where this document conflicts with local regulation, the stricter requirement applies. Personal data handled as part of this process must be processed in line with the privacy notice. Managers are responsible for ensuring that their teams have read and understood these requirements. Training materials supporting this guidance are available on the learning platform.

## Roles and Responsibilities

Audit and compliance teams may request evidence of adherence at any time. Exceptions must be approved in writing by the department head and recorded in the Engineering register. All employees are expected to follow this guidance in addition to applicable local laws in Singapore. Escalations that cannot be resolved at team level are raised to the relevant steering committee.

## Reviews

Every pull request requires approval from at least 3 reviewer(s) before merging.

## Quality Gates

Automated test coverage must remain at or above 90 percent. Pull requests should not exceed 400 changed lines.
"
DOC-000053,Code Review and Quality Standard - Singapore,policy,ENG,183,Singapore,,Confluence,https://confluence.northwind-analytics.example.com/policy/doc-000053,active,5,Internal,2026-05-18,2026-08-14,249,"# Code Review and Quality Standard - Singapore

**Document ID:** DOC-000053
**Owner:** Arjun Menon
**Department:** Engineering
**Status:** active
**Version:** 5
**Last updated:** 2026-08-14
**Region:** Singapore

## Scope and Applicability

All employees are expected to follow this guidance in addition to applicable local laws in Singapore. Audit and compliance teams may request evidence of adherence at any time. Metrics for this process are reported quarterly to the leadership team as part of the operating review. Escalations that cannot be resolved at team level are raised to the relevant steering committee.

## Reviews

Every pull request requires approval from at least 3 reviewer(s) before merging.

## Quality Gates

Automated test coverage must remain at or above 70 percent. Pull requests should not exceed 500 changed lines.

## Roles and Responsibilities

Feedback and suggested improvements are welcome and are triaged at the monthly process review. Managers are responsible for ensuring that their teams have read and understood these requirements. Records related to this process are stored in the approved system of record and retained according to the data retention policy. Contractors and temporary staff are covered unless their agreement states otherwise. Teams should document any workaround they adopt so that it can be reviewed and, where appropriate, standardised.

## Background

Exceptions must be approved in writing by the department head and recorded in the Engineering register. Managers are responsible for ensuring that their teams have read and understood these requirements. Audit and compliance teams may request evidence of adherence at any time.
"
DOC-000054,Business Travel Policy - Singapore,policy,FIN,7,Singapore,,SharePoint,https://sharepoint.northwind-analytics.example.com/policy/doc-000054,archived,3,Internal,2025-03-25,2025-12-16,272,"# Business Travel Policy - Singapore

**Document ID:** DOC-000054
**Owner:** Oliver Chen
**Department:** Finance
**Status:** archived
**Version:** 3
**Last updated:** 2025-12-16
**Region:** Singapore
**Note:** Superseded - do not use

## Booking

All travel must be booked at least 21 days in advance through the approved travel portal.

## Frequently Raised Concerns

Personal data handled as part of this process must be processed in line with the privacy notice. Third-party vendors who support this process must meet the same standards through contractual obligations. All employees are expected to follow this guidance in addition to applicable local laws in Singapore. Exceptions must be approved in writing by the department head and recorded in the Finance register. Audit and compliance teams may request evidence of adherence at any time.

## Class of Travel

Business class may be booked only for flights longer than 6 hours.

## Scope and Applicability

Escalations that cannot be resolved at team level are raised to the relevant steering committee. Training materials supporting this guidance are available on the learning platform. Where this document conflicts with local regulation, the stricter requirement applies.

## Dependencies

Audit and compliance teams may request evidence of adherence at any time. Cross-functional dependencies should be identified early and tracked in the shared planning board. Escalations that cannot be resolved at team level are raised to the relevant steering committee. Managers are responsible for ensuring that their teams have read and understood these requirements. This document is reviewed annually and whenever there is a material change to the underlying process.

## Per Diem

Employees based in Singapore receive a per diem of SGD 40 on approved trips.
"
DOC-000055,Business Travel Policy - Singapore,policy,FIN,115,Singapore,,SharePoint,https://sharepoint.northwind-analytics.example.com/policy/doc-000055,active,4,Confidential,2026-04-23,2026-09-30,235,"# Business Travel Policy - Singapore

**Document ID:** DOC-000055
**Owner:** Carlos Silva
**Department:** Finance
**Status:** active
**Version:** 4
**Last updated:** 2026-09-30
**Region:** Singapore

## Glossary and Definitions

Personal data handled as part of this process must be processed in line with the privacy notice. Escalations that cannot be resolved at team level are raised to the relevant steering committee. Metrics for this process are reported quarterly to the leadership team as part of the operating review.

## Scope and Applicability

Exceptions must be approved in writing by the department head and recorded in the Finance register. Contractors and temporary staff are covered unless their agreement states otherwise. Where this document conflicts with local regulation, the stricter requirement applies. Records related to this process are stored in the approved system of record and retained according to the data retention policy.

## Roles and Responsibilities

Northwind Analytics values transparency, so material changes are announced on the intranet before they take effect. Feedback and suggested improvements are welcome and are triaged at the monthly process review. Contractors and temporary staff are covered unless their agreement states otherwise.

## Booking

All travel must be booked at least 21 days in advance through the approved travel portal.

## Class of Travel

Business class may be booked only for flights longer than 6 hours.

## Per Diem

Employees based in Singapore receive a per diem of SGD 60 on approved trips.
"
DOC-000056,IT Services FAQ - India,faq,IT,18,India,,Notion,https://notion.northwind-analytics.example.com/faq/doc-000056,active,3,Public,2025-12-22,2026-07-27,269,"# IT Services FAQ - India

**Document ID:** DOC-000056
**Owner:** Sourav Ali
**Department:** IT Services
**Status:** active
**Version:** 3
**Last updated:** 2026-07-27
**Region:** India

## Q: Which VPN client should I use?

Use GlobalConnect, available from the self-service software portal.

## Q: How do I reach the IT helpdesk?

Dial extension 2072 from any office phone or raise a ticket through the service desk.

## Roles and Responsibilities

Training materials supporting this guidance are available on the learning platform. Feedback and suggested improvements are welcome and are triaged at the monthly process review. Teams should document any workaround they adopt so that it can be reviewed and, where appropriate, standardised. Where this document conflicts with local regulation, the stricter requirement applies. Cross-functional dependencies should be identified early and tracked in the shared planning board.

## Q: How often are laptops replaced?

Laptops are refreshed every 3 years.

## Related Resources

Records related to this process are stored in the approved system of record and retained according to the data retention policy. Feedback and suggested improvements are welcome and are triaged at the monthly process review. Questions about this document should be directed to the IT Services team through the internal service desk.

## Compliance and Exceptions

Audit and compliance teams may request evidence of adherence at any time. Exceptions must be approved in writing by the department head and recorded in the IT Services register. Questions about this document should be directed to the IT Services team through the internal service desk. Personal data handled as part of this process must be processed in line with the privacy notice.
"
DOC-000057,Data Retention Policy - Germany,policy,LEG,13,Germany,,SharePoint,https://sharepoint.northwind-analytics.example.com/policy/doc-000057,active,2,Internal,2025-08-05,2026-06-17,223,"# Data Retention Policy - Germany

**Document ID:** DOC-000057
**Owner:** Lena Ghosh
**Department:** Legal & Compliance
**Status:** active
**Version:** 2
**Last updated:** 2026-06-17
**Region:** Germany

## Retention Schedule

Contracts are retained for 5 years after expiry. Financial records are retained for 10 years. HR records are retained for 7 years after employment ends. Email is retained for 1 years.

## Compliance and Exceptions

Contractors and temporary staff are covered unless their agreement states otherwise. Questions about this document should be directed to the Legal & Compliance team through the internal service desk. Cross-functional dependencies should be identified early and tracked in the shared planning board. Northwind Analytics values transparency, so material changes are announced on the intranet before they take effect.

## Frequently Raised Concerns

Cross-functional dependencies should be identified early and tracked in the shared planning board. Training materials supporting this guidance are available on the learning platform. Managers are responsible for ensuring that their teams have read and understood these requirements.

## Glossary and Definitions

Northwind Analytics values transparency, so material changes are announced on the intranet before they take effect. Cross-functional dependencies should be identified early and tracked in the shared planning board. All employees are expected to follow this guidance in addition to applicable local laws in Germany. Training materials supporting this guidance are available on the learning platform.
"
DOC-000058,Business Travel Policy - United States,policy,FIN,115,United States,,SharePoint,https://sharepoint.northwind-analytics.example.com/policy/doc-000058,active,4,Confidential,2025-12-29,2026-01-03,312,"# Business Travel Policy - United States

**Document ID:** DOC-000058
**Owner:** Carlos Silva
**Department:** Finance
**Status:** active
**Version:** 4
**Last updated:** 2026-01-03
**Region:** United States

## Dependencies

Managers are responsible for ensuring that their teams have read and understood these requirements. Records related to this process are stored in the approved system of record and retained according to the data retention policy. Personal data handled as part of this process must be processed in line with the privacy notice. This document is reviewed annually and whenever there is a material change to the underlying process. Contractors and temporary staff are covered unless their agreement states otherwise.

## Booking

All travel must be booked at least 21 days in advance through the approved travel portal.

## Roles and Responsibilities

Escalations that cannot be resolved at team level are raised to the relevant steering committee. Where this document conflicts with local regulation, the stricter requirement applies. Teams should document any workaround they adopt so that it can be reviewed and, where appropriate, standardised. Metrics for this process are reported quarterly to the leadership team as part of the operating review. Audit and compliance teams may request evidence of adherence at any time.

## Class of Travel

Business class may be booked only for flights longer than 5 hours.

## Compliance and Exceptions

Northwind Analytics values transparency, so material changes are announced on the intranet before they take effect. Questions about this document should be directed to the Finance team through the internal service desk. Contractors and temporary staff are covered unless their agreement states otherwise. This document is reviewed annually and whenever there is a material change to the underlying process. Escalations that cannot be resolved at team level are raised to the relevant steering committee.

## Per Diem

Employees based in United States receive a per diem of USD 50 on approved trips.
"
DOC-000059,Parental Leave Policy - India,policy,HR,136,India,,Confluence,https://confluence.northwind-analytics.example.com/policy/doc-000059,active,5,Internal,2026-06-25,2026-08-01,221,"# Parental Leave Policy - India

**Document ID:** DOC-000059
**Owner:** Oliver Khan
**Department:** Human Resources
**Status:** active
**Version:** 5
**Last updated:** 2026-08-01
**Region:** India

## Entitlement

Birth mothers in India receive 16 weeks of fully paid maternity leave. Partners receive 2 weeks of fully paid paternity leave.

## Review and Maintenance

Questions about this document should be directed to the Human Resources team through the internal service desk. Where this document conflicts with local regulation, the stricter requirement applies. Audit and compliance teams may request evidence of adherence at any time. Training materials supporting this guidance are available on the learning platform.

## Compliance and Exceptions

Escalations that cannot be resolved at team level are raised to the relevant steering committee. Managers are responsible for ensuring that their teams have read and understood these requirements. Training materials supporting this guidance are available on the learning platform. Exceptions must be approved in writing by the department head and recorded in the Human Resources register.

## Reporting and Metrics

Audit and compliance teams may request evidence of adherence at any time. Contractors and temporary staff are covered unless their agreement states otherwise. Managers are responsible for ensuring that their teams have read and understood these requirements. Personal data handled as part of this process must be processed in line with the privacy notice.
"
DOC-000060,Expense Reimbursement Policy - Germany,policy,FIN,49,Germany,,SharePoint,https://sharepoint.northwind-analytics.example.com/policy/doc-000060,archived,4,Internal,2024-08-24,2025-02-23,298,"# Expense Reimbursement Policy - Germany

**Document ID:** DOC-000060
**Owner:** Tom Nair
**Department:** Finance
**Status:** archived
**Version:** 4
**Last updated:** 2025-02-23
**Region:** Germany
**Note:** Superseded - do not use

## Overview

This policy sets the rules for business expenses claimed by Northwind Analytics employees in Germany.

## Limits

The daily meal allowance is EUR 40. Hotel stays are reimbursed up to EUR 125 per night.

## Compliance and Exceptions

Questions about this document should be directed to the Finance team through the internal service desk. Cross-functional dependencies should be identified early and tracked in the shared planning board. All employees are expected to follow this guidance in addition to applicable local laws in Germany. Teams should document any workaround they adopt so that it can be reviewed and, where appropriate, standardised. Feedback and suggested improvements are welcome and are triaged at the monthly process review.

## Receipts

Receipts are required for any single expense above EUR 20.

## Background

All employees are expected to follow this guidance in addition to applicable local laws in Germany. Northwind Analytics values transparency, so material changes are announced on the intranet before they take effect. Where this document conflicts with local regulation, the stricter requirement applies. Metrics for this process are reported quarterly to the leadership team as part of the operating review. Cross-functional dependencies should be identified early and tracked in the shared planning board.

## Approvals and Deadlines

Claims above EUR 2,500 need approval from the department head. Claims must be submitted within 60 days of the expense date.

## Related Resources

Cross-functional dependencies should be identified early and tracked in the shared planning board. Where this document conflicts with local regulation, the stricter requirement applies. Feedback and suggested improvements are welcome and are triaged at the monthly process review.
"
DOC-000061,Expense Reimbursement Policy - Germany,policy,FIN,71,Germany,,SharePoint,https://sharepoint.northwind-analytics.example.com/policy/doc-000061,active,5,Internal,2026-02-03,2026-09-30,300,"# Expense Reimbursement Policy - Germany

**Document ID:** DOC-000061
**Owner:** Pooja Singh
**Department:** Finance
**Status:** active
**Version:** 5
**Last updated:** 2026-09-30
**Region:** Germany

## Overview

This policy sets the rules for business expenses claimed by Northwind Analytics employees in Germany.

## Glossary and Definitions

Contractors and temporary staff are covered unless their agreement states otherwise. Managers are responsible for ensuring that their teams have read and understood these requirements. Metrics for this process are reported quarterly to the leadership team as part of the operating review. Feedback and suggested improvements are welcome and are triaged at the monthly process review. Third-party vendors who support this process must meet the same standards through contractual obligations.

## Limits

The daily meal allowance is EUR 30. Hotel stays are reimbursed up to EUR 100 per night.

## Receipts

Receipts are required for any single expense above EUR 20.

## Review and Maintenance

Training materials supporting this guidance are available on the learning platform. Records related to this process are stored in the approved system of record and retained according to the data retention policy. Managers are responsible for ensuring that their teams have read and understood these requirements. Cross-functional dependencies should be identified early and tracked in the shared planning board. Questions about this document should be directed to the Finance team through the internal service desk.

## Scope and Applicability

Northwind Analytics values transparency, so material changes are announced on the intranet before they take effect. Escalations that cannot be resolved at team level are raised to the relevant steering committee. All employees are expected to follow this guidance in addition to applicable local laws in Germany.

## Approvals and Deadlines

Claims above EUR 500 need approval from the department head. Claims must be submitted within 30 days of the expense date.
"
DOC-000062,Procurement Policy - United States,policy,FIN,7,United States,,SharePoint,https://sharepoint.northwind-analytics.example.com/policy/doc-000062,active,3,Internal,2024-03-17,2024-07-13,269,"# Procurement Policy - United States

**Document ID:** DOC-000062
**Owner:** Oliver Chen
**Department:** Finance
**Status:** active
**Version:** 3
**Last updated:** 2024-07-13
**Region:** United States

## Competitive Quotes

Purchases above USD 5,000 require at least 3 competitive quotes.

## Roles and Responsibilities

Third-party vendors who support this process must meet the same standards through contractual obligations. Metrics for this process are reported quarterly to the leadership team as part of the operating review. Exceptions must be approved in writing by the department head and recorded in the Finance register. All employees are expected to follow this guidance in addition to applicable local laws in United States.

## Review and Maintenance

Audit and compliance teams may request evidence of adherence at any time. This document is reviewed annually and whenever there is a material change to the underlying process. Feedback and suggested improvements are welcome and are triaged at the monthly process review. Teams should document any workaround they adopt so that it can be reviewed and, where appropriate, standardised. Escalations that cannot be resolved at team level are raised to the relevant steering committee.

## Legal Review

Any contract with a value above USD 50,000 must be reviewed by Legal & Compliance before signature.

## Glossary and Definitions

Cross-functional dependencies should be identified early and tracked in the shared planning board. Records related to this process are stored in the approved system of record and retained according to the data retention policy. Northwind Analytics values transparency, so material changes are announced on the intranet before they take effect. Audit and compliance teams may request evidence of adherence at any time.
"
DOC-000063,Information Security Standard - United Kingdom,policy,IT,104,United Kingdom,,Confluence,https://confluence.northwind-analytics.example.com/policy/doc-000063,active,3,Internal,2025-02-24,2025-08-23,286,"# Information Security Standard - United Kingdom

**Document ID:** DOC-000063
**Owner:** Daniel Wilson
**Department:** IT Services
**Status:** active
**Version:** 3
**Last updated:** 2025-08-23
**Region:** United Kingdom

## Roles and Responsibilities

Feedback and suggested improvements are welcome and are triaged at the monthly process review. Where this document conflicts with local regulation, the stricter requirement applies. Managers are responsible for ensuring that their teams have read and understood these requirements. Questions about this document should be directed to the IT Services team through the internal service desk. Metrics for this process are reported quarterly to the leadership team as part of the operating review.

## Passwords

Passwords must be at least 10 characters long and must be changed every 180 days.

## Account Lockout

Accounts are locked after 5 consecutive failed sign-in attempts and can be unlocked through the IT service desk.

## Related Resources

This document is reviewed annually and whenever there is a material change to the underlying process. Training materials supporting this guidance are available on the learning platform. Teams should document any workaround they adopt so that it can be reviewed and, where appropriate, standardised. Northwind Analytics values transparency, so material changes are announced on the intranet before they take effect.

## Frequently Raised Concerns

Records related to this process are stored in the approved system of record and retained according to the data retention policy. Training materials supporting this guidance are available on the learning platform. Questions about this document should be directed to the IT Services team through the internal service desk. Feedback and suggested improvements are welcome and are triaged at the monthly process review.

## Multi-factor Authentication

Multi-factor authentication is mandatory for all corporate systems accessed from United Kingdom.
"
DOC-000064,Information Security Standard - India,policy,IT,9,India,,SharePoint,https://sharepoint.northwind-analytics.example.com/policy/doc-000064,active,3,Internal,2025-10-01,2026-04-29,302,"# Information Security Standard - India

**Document ID:** DOC-000064
**Owner:** Zara Iyer
**Department:** IT Services
**Status:** active
**Version:** 3
**Last updated:** 2026-04-29
**Region:** India

## Passwords

Passwords must be at least 16 characters long and must be changed every 90 days.

## Dependencies

All employees are expected to follow this guidance in addition to applicable local laws in India. Contractors and temporary staff are covered unless their agreement states otherwise. Questions about this document should be directed to the IT Services team through the internal service desk. This document is reviewed annually and whenever there is a material change to the underlying process. Training materials supporting this guidance are available on the learning platform.

## Account Lockout

Accounts are locked after 3 consecutive failed sign-in attempts and can be unlocked through the IT service desk.

## Multi-factor Authentication

Multi-factor authentication is mandatory for all corporate systems accessed from India.

## Related Resources

Records related to this process are stored in the approved system of record and retained according to the data retention policy. Personal data handled as part of this process must be processed in line with the privacy notice. Northwind Analytics values transparency, so material changes are announced on the intranet before they take effect. Contractors and temporary staff are covered unless their agreement states otherwise.

## Frequently Raised Concerns

Personal data handled as part of this process must be processed in line with the privacy notice. Exceptions must be approved in writing by the department head and recorded in the IT Services register. Managers are responsible for ensuring that their teams have read and understood these requirements. All employees are expected to follow this guidance in addition to applicable local laws in India. Questions about this document should be directed to the IT Services team through the internal service desk.
"
DOC-000065,Information Security Standard - Germany,policy,IT,52,Germany,,Confluence,https://confluence.northwind-analytics.example.com/policy/doc-000065,active,3,Internal,2024-06-30,2025-03-18,248,"# Information Security Standard - Germany

**Document ID:** DOC-000065
**Owner:** Chloe Taylor
**Department:** IT Services
**Status:** active
**Version:** 3
**Last updated:** 2025-03-18
**Region:** Germany

## Reporting and Metrics

Northwind Analytics values transparency, so material changes are announced on the intranet before they take effect. Managers are responsible for ensuring that their teams have read and understood these requirements. This document is reviewed annually and whenever there is a material change to the underlying process. All employees are expected to follow this guidance in addition to applicable local laws in Germany.

## Passwords

Passwords must be at least 12 characters long and must be changed every 90 days.

## Account Lockout

Accounts are locked after 10 consecutive failed sign-in attempts and can be unlocked through the IT service desk.

## Multi-factor Authentication

Multi-factor authentication is mandatory for all corporate systems accessed from Germany.

## Review and Maintenance

This document is reviewed annually and whenever there is a material change to the underlying process. Records related to this process are stored in the approved system of record and retained according to the data retention policy. Third-party vendors who support this process must meet the same standards through contractual obligations.

## Compliance and Exceptions

Personal data handled as part of this process must be processed in line with the privacy notice. Cross-functional dependencies should be identified early and tracked in the shared planning board. Teams should document any workaround they adopt so that it can be reviewed and, where appropriate, standardised.
"
DOC-000066,Procurement Policy - India,policy,FIN,7,India,,Confluence,https://confluence.northwind-analytics.example.com/policy/doc-000066,active,3,Confidential,2025-12-11,2026-09-13,207,"# Procurement Policy - India

**Document ID:** DOC-000066
**Owner:** Oliver Chen
**Department:** Finance
**Status:** active
**Version:** 3
**Last updated:** 2026-09-13
**Region:** India

## Dependencies

Personal data handled as part of this process must be processed in line with the privacy notice. Teams should document any workaround they adopt so that it can be reviewed and, where appropriate, standardised. Training materials supporting this guidance are available on the learning platform.

## Competitive Quotes

Purchases above INR 80,000 require at least 2 competitive quotes.

## Scope and Applicability

Northwind Analytics values transparency, so material changes are announced on the intranet before they take effect. Escalations that cannot be resolved at team level are raised to the relevant steering committee. This document is reviewed annually and whenever there is a material change to the underlying process. Where this document conflicts with local regulation, the stricter requirement applies.

## Legal Review

Any contract with a value above INR 4,000,000 must be reviewed by Legal & Compliance before signature.

## Glossary and Definitions

Feedback and suggested improvements are welcome and are triaged at the monthly process review. Third-party vendors who support this process must meet the same standards through contractual obligations. Training materials supporting this guidance are available on the learning platform.
"
DOC-000067,Expense Reimbursement Policy - Singapore,policy,FIN,115,Singapore,,SharePoint,https://sharepoint.northwind-analytics.example.com/policy/doc-000067,active,2,Public,2026-01-31,2026-04-01,267,"# Expense Reimbursement Policy - Singapore

**Document ID:** DOC-000067
**Owner:** Carlos Silva
**Department:** Finance
**Status:** active
**Version:** 2
**Last updated:** 2026-04-01
**Region:** Singapore

## Overview

This policy sets the rules for business expenses claimed by Northwind Analytics employees in Singapore.

## Frequently Raised Concerns

Northwind Analytics values transparency, so material changes are announced on the intranet before they take effect. Where this document conflicts with local regulation, the stricter requirement applies. Teams should document any workaround they adopt so that it can be reviewed and, where appropriate, standardised. Feedback and suggested improvements are welcome and are triaged at the monthly process review.

## Limits

The daily meal allowance is SGD 60. Hotel stays are reimbursed up to SGD 200 per night.

## Receipts

Receipts are required for any single expense above SGD 20.

## Scope and Applicability

Cross-functional dependencies should be identified early and tracked in the shared planning board. Teams should document any workaround they adopt so that it can be reviewed and, where appropriate, standardised. Escalations that cannot be resolved at team level are raised to the relevant steering committee. Contractors and temporary staff are covered unless their agreement states otherwise.

## Approvals and Deadlines

Claims above SGD 500 need approval from the department head. Claims must be submitted within 15 days of the expense date.

## Glossary and Definitions

Managers are responsible for ensuring that their teams have read and understood these requirements. Teams should document any workaround they adopt so that it can be reviewed and, where appropriate, standardised. Feedback and suggested improvements are welcome and are triaged at the monthly process review.
"
DOC-000068,Incident Response Procedure - United Kingdom,policy,IT,104,United Kingdom,,Confluence,https://confluence.northwind-analytics.example.com/policy/doc-000068,active,4,Internal,2025-06-14,2026-04-05,270,"# Incident Response Procedure - United Kingdom

**Document ID:** DOC-000068
**Owner:** Daniel Wilson
**Department:** IT Services
**Status:** active
**Version:** 4
**Last updated:** 2026-04-05
**Region:** United Kingdom

## Review and Maintenance

All employees are expected to follow this guidance in addition to applicable local laws in United Kingdom. Questions about this document should be directed to the IT Services team through the internal service desk. Managers are responsible for ensuring that their teams have read and understood these requirements. Training materials supporting this guidance are available on the learning platform. Contractors and temporary staff are covered unless their agreement states otherwise.

## Compliance and Exceptions

Audit and compliance teams may request evidence of adherence at any time. Exceptions must be approved in writing by the department head and recorded in the IT Services register. Records related to this process are stored in the approved system of record and retained according to the data retention policy. Where this document conflicts with local regulation, the stricter requirement applies.

## Response Targets

Severity 1 incidents must be acknowledged within 10 minutes. Severity 2 incidents must be acknowledged within 60 minutes.

## Related Resources

Records related to this process are stored in the approved system of record and retained according to the data retention policy. This document is reviewed annually and whenever there is a material change to the underlying process. Where this document conflicts with local regulation, the stricter requirement applies. Feedback and suggested improvements are welcome and are triaged at the monthly process review.

## Post-incident Review

A written post-mortem must be published within 7 working days of resolving any Severity 1 incident.
"
DOC-000069,Procurement Policy - Singapore,policy,FIN,115,Singapore,,Confluence,https://confluence.northwind-analytics.example.com/policy/doc-000069,active,2,Internal,2024-04-26,2024-11-17,285,"# Procurement Policy - Singapore

**Document ID:** DOC-000069
**Owner:** Carlos Silva
**Department:** Finance
**Status:** active
**Version:** 2
**Last updated:** 2024-11-17
**Region:** Singapore

## Roles and Responsibilities

Personal data handled as part of this process must be processed in line with the privacy notice. Contractors and temporary staff are covered unless their agreement states otherwise. Where this document conflicts with local regulation, the stricter requirement applies. All employees are expected to follow this guidance in addition to applicable local laws in Singapore. Northwind Analytics values transparency, so material changes are announced on the intranet before they take effect.

## Competitive Quotes

Purchases above SGD 10,000 require at least 2 competitive quotes.

## Related Resources

Personal data handled as part of this process must be processed in line with the privacy notice. Cross-functional dependencies should be identified early and tracked in the shared planning board. Training materials supporting this guidance are available on the learning platform. Contractors and temporary staff are covered unless their agreement states otherwise. Questions about this document should be directed to the Finance team through the internal service desk.

## Legal Review

Any contract with a value above SGD 50,000 must be reviewed by Legal & Compliance before signature.

## Frequently Raised Concerns

Third-party vendors who support this process must meet the same standards through contractual obligations. Metrics for this process are reported quarterly to the leadership team as part of the operating review. All employees are expected to follow this guidance in addition to applicable local laws in Singapore. This document is reviewed annually and whenever there is a material change to the underlying process. Teams should document any workaround they adopt so that it can be reviewed and, where appropriate, standardised.
"
DOC-000070,HR Services FAQ - India,faq,HR,168,India,,Notion,https://notion.northwind-analytics.example.com/faq/doc-000070,active,2,Internal,2024-07-15,2025-08-18,275,"# HR Services FAQ - India

**Document ID:** DOC-000070
**Owner:** Lukas Cohen
**Department:** Human Resources
**Status:** active
**Version:** 2
**Last updated:** 2025-08-18
**Region:** India

## Q: When are payslips released?

Payslips are released on day 25 of each month.

## Review and Maintenance

Escalations that cannot be resolved at team level are raised to the relevant steering committee. Cross-functional dependencies should be identified early and tracked in the shared planning board. Feedback and suggested improvements are welcome and are triaged at the monthly process review. This document is reviewed annually and whenever there is a material change to the underlying process. Contractors and temporary staff are covered unless their agreement states otherwise.

## Q: How many public holidays are there?

Employees in India get 9 public holidays per year.

## Roles and Responsibilities

Metrics for this process are reported quarterly to the leadership team as part of the operating review. Northwind Analytics values transparency, so material changes are announced on the intranet before they take effect. All employees are expected to follow this guidance in addition to applicable local laws in India.

## Scope and Applicability

Questions about this document should be directed to the Human Resources team through the internal service desk. Cross-functional dependencies should be identified early and tracked in the shared planning board. Contractors and temporary staff are covered unless their agreement states otherwise. Escalations that cannot be resolved at team level are raised to the relevant steering committee. Teams should document any workaround they adopt so that it can be reviewed and, where appropriate, standardised.

## Q: Who do I contact for HR questions?

Email hr-india@northwind-analytics.example.com or use the HR portal.
"
DOC-000071,New Joiner Onboarding Guide - United States,policy,HR,193,United States,,Confluence,https://confluence.northwind-analytics.example.com/policy/doc-000071,active,2,Internal,2025-01-18,2025-05-29,251,"# New Joiner Onboarding Guide - United States

**Document ID:** DOC-000071
**Owner:** Li Wagner
**Department:** Human Resources
**Status:** active
**Version:** 2
**Last updated:** 2025-05-29
**Region:** United States

## First Week

New joiners in United States receive their laptop within 1 working days of their start date.

## Support

Every new joiner is paired with an onboarding buddy for 4 weeks.

## Reporting and Metrics

Audit and compliance teams may request evidence of adherence at any time. Metrics for this process are reported quarterly to the leadership team as part of the operating review. Personal data handled as part of this process must be processed in line with the privacy notice.

## Probation

The probation period lasts 6 months.

## Frequently Raised Concerns

Training materials supporting this guidance are available on the learning platform. Cross-functional dependencies should be identified early and tracked in the shared planning board. Audit and compliance teams may request evidence of adherence at any time. Where this document conflicts with local regulation, the stricter requirement applies.

## Scope and Applicability

All employees are expected to follow this guidance in addition to applicable local laws in United States. Third-party vendors who support this process must meet the same standards through contractual obligations. This document is reviewed annually and whenever there is a material change to the underlying process. Managers are responsible for ensuring that their teams have read and understood these requirements. Exceptions must be approved in writing by the department head and recorded in the Human Resources register.
"
DOC-000072,Learning and Development Budget Policy - India,policy,HR,159,India,,SharePoint,https://sharepoint.northwind-analytics.example.com/policy/doc-000072,archived,3,Public,2024-08-31,2025-09-18,223,"# Learning and Development Budget Policy - India

**Document ID:** DOC-000072
**Owner:** Felix Brown
**Department:** Human Resources
**Status:** archived
**Version:** 3
**Last updated:** 2025-09-18
**Region:** India
**Note:** Superseded - do not use

## Reporting and Metrics

Feedback and suggested improvements are welcome and are triaged at the monthly process review. Records related to this process are stored in the approved system of record and retained according to the data retention policy. Where this document conflicts with local regulation, the stricter requirement applies.

## Annual Budget

Each employee in India has an annual learning budget of INR 40,000 and may spend up to 30 working hours on learning each quarter.

## Dependencies

Where this document conflicts with local regulation, the stricter requirement applies. Training materials supporting this guidance are available on the learning platform. Cross-functional dependencies should be identified early and tracked in the shared planning board. Teams should document any workaround they adopt so that it can be reviewed and, where appropriate, standardised.

## Glossary and Definitions

Where this document conflicts with local regulation, the stricter requirement applies. Training materials supporting this guidance are available on the learning platform. Personal data handled as part of this process must be processed in line with the privacy notice. Teams should document any workaround they adopt so that it can be reviewed and, where appropriate, standardised.
"
DOC-000073,Learning and Development Budget Policy - India,policy,HR,74,India,,SharePoint,https://sharepoint.northwind-analytics.example.com/policy/doc-000073,active,4,Public,2026-06-06,2026-08-24,256,"# Learning and Development Budget Policy - India

**Document ID:** DOC-000073
**Owner:** Meera Tan
**Department:** Human Resources
**Status:** active
**Version:** 4
**Last updated:** 2026-08-24
**Region:** India

## Dependencies

Northwind Analytics values transparency, so material changes are announced on the intranet before they take effect. Training materials supporting this guidance are available on the learning platform. Managers are responsible for ensuring that their teams have read and understood these requirements. All employees are expected to follow this guidance in addition to applicable local laws in India.

## Annual Budget

Each employee in India has an annual learning budget of INR 40,000 and may spend up to 40 working hours on learning each quarter.

## Roles and Responsibilities

Feedback and suggested improvements are welcome and are triaged at the monthly process review. Third-party vendors who support this process must meet the same standards through contractual obligations. Records related to this process are stored in the approved system of record and retained according to the data retention policy. Northwind Analytics values transparency, so material changes are announced on the intranet before they take effect. Cross-functional dependencies should be identified early and tracked in the shared planning board.

## Reporting and Metrics

Escalations that cannot be resolved at team level are raised to the relevant steering committee. Audit and compliance teams may request evidence of adherence at any time. Third-party vendors who support this process must meet the same standards through contractual obligations. Metrics for this process are reported quarterly to the leadership team as part of the operating review.
"
DOC-000074,Learning and Development Budget Policy - Germany,policy,HR,193,Germany,,SharePoint,https://sharepoint.northwind-analytics.example.com/policy/doc-000074,active,3,Internal,2025-03-14,2025-05-14,255,"# Learning and Development Budget Policy - Germany

**Document ID:** DOC-000074
**Owner:** Li Wagner
**Department:** Human Resources
**Status:** active
**Version:** 3
**Last updated:** 2025-05-14
**Region:** Germany

## Review and Maintenance

Records related to this process are stored in the approved system of record and retained according to the data retention policy. Feedback and suggested improvements are welcome and are triaged at the monthly process review. Training materials supporting this guidance are available on the learning platform. Managers are responsible for ensuring that their teams have read and understood these requirements.

## Annual Budget

Each employee in Germany has an annual learning budget of EUR 2,000 and may spend up to 30 working hours on learning each quarter.

## Roles and Responsibilities

This document is reviewed annually and whenever there is a material change to the underlying process. Audit and compliance teams may request evidence of adherence at any time. Escalations that cannot be resolved at team level are raised to the relevant steering committee. Contractors and temporary staff are covered unless their agreement states otherwise. Teams should document any workaround they adopt so that it can be reviewed and, where appropriate, standardised.

## Scope and Applicability

Audit and compliance teams may request evidence of adherence at any time. Escalations that cannot be resolved at team level are raised to the relevant steering committee. Records related to this process are stored in the approved system of record and retained according to the data retention policy. Training materials supporting this guidance are available on the learning platform.
"
DOC-000075,Learning and Development Budget Policy - United States,policy,HR,102,United States,,Confluence,https://confluence.northwind-analytics.example.com/policy/doc-000075,archived,4,Internal,2025-06-26,2026-04-16,220,"# Learning and Development Budget Policy - United States

**Document ID:** DOC-000075
**Owner:** Omar Schmidt
**Department:** Human Resources
**Status:** archived
**Version:** 4
**Last updated:** 2026-04-16
**Region:** United States
**Note:** Superseded - do not use

## Scope and Applicability

Personal data handled as part of this process must be processed in line with the privacy notice. Audit and compliance teams may request evidence of adherence at any time. Third-party vendors who support this process must meet the same standards through contractual obligations.

## Annual Budget

Each employee in United States has an annual learning budget of USD 750 and may spend up to 40 working hours on learning each quarter.

## Dependencies

Records related to this process are stored in the approved system of record and retained according to the data retention policy. Teams should document any workaround they adopt so that it can be reviewed and, where appropriate, standardised. Third-party vendors who support this process must meet the same standards through contractual obligations.

## Review and Maintenance

Where this document conflicts with local regulation, the stricter requirement applies. Managers are responsible for ensuring that their teams have read and understood these requirements. Personal data handled as part of this process must be processed in line with the privacy notice. Training materials supporting this guidance are available on the learning platform.
"
DOC-000076,Learning and Development Budget Policy - United States,policy,HR,74,United States,,SharePoint,https://sharepoint.northwind-analytics.example.com/policy/doc-000076,active,5,Internal,2026-06-28,2026-09-30,258,"# Learning and Development Budget Policy - United States

**Document ID:** DOC-000076
**Owner:** Meera Tan
**Department:** Human Resources
**Status:** active
**Version:** 5
**Last updated:** 2026-09-30
**Region:** United States

## Review and Maintenance

This document is reviewed annually and whenever there is a material change to the underlying process. Metrics for this process are reported quarterly to the leadership team as part of the operating review. Audit and compliance teams may request evidence of adherence at any time. Managers are responsible for ensuring that their teams have read and understood these requirements. Records related to this process are stored in the approved system of record and retained according to the data retention policy.

## Background

Cross-functional dependencies should be identified early and tracked in the shared planning board. Feedback and suggested improvements are welcome and are triaged at the monthly process review. Escalations that cannot be resolved at team level are raised to the relevant steering committee. All employees are expected to follow this guidance in addition to applicable local laws in United States.

## Reporting and Metrics

This document is reviewed annually and whenever there is a material change to the underlying process. Escalations that cannot be resolved at team level are raised to the relevant steering committee. Where this document conflicts with local regulation, the stricter requirement applies. Contractors and temporary staff are covered unless their agreement states otherwise.

## Annual Budget

Each employee in United States has an annual learning budget of USD 1,000 and may spend up to 30 working hours on learning each quarter.
"
DOC-000077,Paid Time Off Policy - Germany,policy,HR,96,Germany,,Confluence,https://confluence.northwind-analytics.example.com/policy/doc-000077,active,4,Internal,2025-03-01,2025-05-14,308,"# Paid Time Off Policy - Germany

**Document ID:** DOC-000077
**Owner:** James Gupta
**Department:** Human Resources
**Status:** active
**Version:** 4
**Last updated:** 2025-05-14
**Region:** Germany

## Purpose

This policy explains how Northwind Analytics employees in Germany accrue and use paid time off.

## Entitlement

Full-time employees in Germany receive 25 days of paid time off per calendar year. In addition, employees receive 7 days of paid sick leave.

## Scope and Applicability

Records related to this process are stored in the approved system of record and retained according to the data retention policy. Audit and compliance teams may request evidence of adherence at any time. Training materials supporting this guidance are available on the learning platform.

## Carryover

Unused paid time off may be carried over to the next year up to a maximum of 10 days. Days above this cap expire on 31 March.

## Compliance and Exceptions

Northwind Analytics values transparency, so material changes are announced on the intranet before they take effect. Feedback and suggested improvements are welcome and are triaged at the monthly process review. Metrics for this process are reported quarterly to the leadership team as part of the operating review. Cross-functional dependencies should be identified early and tracked in the shared planning board. Teams should document any workaround they adopt so that it can be reviewed and, where appropriate, standardised.

## Requesting Leave

Leave of more than three consecutive days must be requested at least 10 working days in advance through the HR portal.

## Frequently Raised Concerns

Audit and compliance teams may request evidence of adherence at any time. Contractors and temporary staff are covered unless their agreement states otherwise. Feedback and suggested improvements are welcome and are triaged at the monthly process review. Personal data handled as part of this process must be processed in line with the privacy notice.
"
DOC-000078,Procurement Policy - Germany,policy,FIN,7,Germany,,Confluence,https://confluence.northwind-analytics.example.com/policy/doc-000078,archived,1,Internal,2022-10-23,2023-11-10,270,"# Procurement Policy - Germany

**Document ID:** DOC-000078
**Owner:** Oliver Chen
**Department:** Finance
**Status:** archived
**Version:** 1
**Last updated:** 2023-11-10
**Region:** Germany
**Note:** Superseded - do not use

## Compliance and Exceptions

Cross-functional dependencies should be identified early and tracked in the shared planning board. Exceptions must be approved in writing by the department head and recorded in the Finance register. All employees are expected to follow this guidance in addition to applicable local laws in Germany. Northwind Analytics values transparency, so material changes are announced on the intranet before they take effect.

## Competitive Quotes

Purchases above EUR 5,000 require at least 3 competitive quotes.

## Frequently Raised Concerns

Personal data handled as part of this process must be processed in line with the privacy notice. Questions about this document should be directed to the Finance team through the internal service desk. This document is reviewed annually and whenever there is a material change to the underlying process. Managers are responsible for ensuring that their teams have read and understood these requirements.

## Dependencies

Managers are responsible for ensuring that their teams have read and understood these requirements. Questions about this document should be directed to the Finance team through the internal service desk. Northwind Analytics values transparency, so material changes are announced on the intranet before they take effect. Cross-functional dependencies should be identified early and tracked in the shared planning board. This document is reviewed annually and whenever there is a material change to the underlying process.

## Legal Review

Any contract with a value above EUR 100,000 must be reviewed by Legal & Compliance before signature.
"
DOC-000079,Procurement Policy - Germany,policy,FIN,16,Germany,,SharePoint,https://sharepoint.northwind-analytics.example.com/policy/doc-000079,active,2,Public,2024-08-11,2025-06-27,272,"# Procurement Policy - Germany

**Document ID:** DOC-000079
**Owner:** Maya Lim
**Department:** Finance
**Status:** active
**Version:** 2
**Last updated:** 2025-06-27
**Region:** Germany

## Glossary and Definitions

Teams should document any workaround they adopt so that it can be reviewed and, where appropriate, standardised. Personal data handled as part of this process must be processed in line with the privacy notice. Contractors and temporary staff are covered unless their agreement states otherwise. Metrics for this process are reported quarterly to the leadership team as part of the operating review. Records related to this process are stored in the approved system of record and retained according to the data retention policy.

## Competitive Quotes

Purchases above EUR 25,000 require at least 3 competitive quotes.

## Frequently Raised Concerns

Managers are responsible for ensuring that their teams have read and understood these requirements. Records related to this process are stored in the approved system of record and retained according to the data retention policy. Metrics for this process are reported quarterly to the leadership team as part of the operating review. Audit and compliance teams may request evidence of adherence at any time.

## Roles and Responsibilities

Third-party vendors who support this process must meet the same standards through contractual obligations. Metrics for this process are reported quarterly to the leadership team as part of the operating review. Feedback and suggested improvements are welcome and are triaged at the monthly process review. Cross-functional dependencies should be identified early and tracked in the shared planning board.

## Legal Review

Any contract with a value above EUR 25,000 must be reviewed by Legal & Compliance before signature.
"
DOC-000080,Learning and Development Budget Policy - Singapore,policy,HR,96,Singapore,,Confluence,https://confluence.northwind-analytics.example.com/policy/doc-000080,archived,4,Internal,2024-04-19,2025-01-11,249,"# Learning and Development Budget Policy - Singapore

**Document ID:** DOC-000080
**Owner:** James Gupta
**Department:** Human Resources
**Status:** archived
**Version:** 4
**Last updated:** 2025-01-11
**Region:** Singapore
**Note:** Superseded - do not use

## Dependencies

Contractors and temporary staff are covered unless their agreement states otherwise. All employees are expected to follow this guidance in addition to applicable local laws in Singapore. Teams should document any workaround they adopt so that it can be reviewed and, where appropriate, standardised. Northwind Analytics values transparency, so material changes are announced on the intranet before they take effect.

## Annual Budget

Each employee in Singapore has an annual learning budget of SGD 1,000 and may spend up to 20 working hours on learning each quarter.

## Roles and Responsibilities

Training materials supporting this guidance are available on the learning platform. All employees are expected to follow this guidance in addition to applicable local laws in Singapore. Escalations that cannot be resolved at team level are raised to the relevant steering committee. This document is reviewed annually and whenever there is a material change to the underlying process.

## Reporting and Metrics

Cross-functional dependencies should be identified early and tracked in the shared planning board. Teams should document any workaround they adopt so that it can be reviewed and, where appropriate, standardised. Northwind Analytics values transparency, so material changes are announced on the intranet before they take effect. This document is reviewed annually and whenever there is a material change to the underlying process.
"
DOC-000081,Learning and Development Budget Policy - Singapore,policy,HR,102,Singapore,,Confluence,https://confluence.northwind-analytics.example.com/policy/doc-000081,active,5,Internal,2025-02-13,2025-08-25,211,"# Learning and Development Budget Policy - Singapore

**Document ID:** DOC-000081
**Owner:** Omar Schmidt
**Department:** Human Resources
**Status:** active
**Version:** 5
**Last updated:** 2025-08-25
**Region:** Singapore

## Dependencies

Records related to this process are stored in the approved system of record and retained according to the data retention policy. Managers are responsible for ensuring that their teams have read and understood these requirements. Contractors and temporary staff are covered unless their agreement states otherwise.

## Annual Budget

Each employee in Singapore has an annual learning budget of SGD 1,500 and may spend up to 30 working hours on learning each quarter.

## Background

Metrics for this process are reported quarterly to the leadership team as part of the operating review. Cross-functional dependencies should be identified early and tracked in the shared planning board. Feedback and suggested improvements are welcome and are triaged at the monthly process review.

## Review and Maintenance

Cross-functional dependencies should be identified early and tracked in the shared planning board. Feedback and suggested improvements are welcome and are triaged at the monthly process review. Teams should document any workaround they adopt so that it can be reviewed and, where appropriate, standardised. This document is reviewed annually and whenever there is a material change to the underlying process.
"
DOC-000082,Code Review and Quality Standard - United States,policy,ENG,113,United States,,SharePoint,https://sharepoint.northwind-analytics.example.com/policy/doc-000082,archived,1,Internal,2024-08-06,2025-08-07,246,"# Code Review and Quality Standard - United States

**Document ID:** DOC-000082
**Owner:** Karan Banerjee
**Department:** Engineering
**Status:** archived
**Version:** 1
**Last updated:** 2025-08-07
**Region:** United States
**Note:** Superseded - do not use

## Related Resources

Escalations that cannot be resolved at team level are raised to the relevant steering committee. Metrics for this process are reported quarterly to the leadership team as part of the operating review. Exceptions must be approved in writing by the department head and recorded in the Engineering register. Records related to this process are stored in the approved system of record and retained according to the data retention policy.

## Reviews

Every pull request requires approval from at least 1 reviewer(s) before merging.

## Compliance and Exceptions

Where this document conflicts with local regulation, the stricter requirement applies. Audit and compliance teams may request evidence of adherence at any time. Teams should document any workaround they adopt so that it can be reviewed and, where appropriate, standardised. Managers are responsible for ensuring that their teams have read and understood these requirements.

## Quality Gates

Automated test coverage must remain at or above 80 percent. Pull requests should not exceed 500 changed lines.

## Roles and Responsibilities

Managers are responsible for ensuring that their teams have read and understood these requirements. Exceptions must be approved in writing by the department head and recorded in the Engineering register. Feedback and suggested improvements are welcome and are triaged at the monthly process review.
"
DOC-000083,Code Review and Quality Standard - United States,policy,ENG,41,United States,,Confluence,https://confluence.northwind-analytics.example.com/policy/doc-000083,active,2,Internal,2025-08-05,2026-04-02,260,"# Code Review and Quality Standard - United States

**Document ID:** DOC-000083
**Owner:** Kavya Fischer
**Department:** Engineering
**Status:** active
**Version:** 2
**Last updated:** 2026-04-02
**Region:** United States

## Compliance and Exceptions

Where this document conflicts with local regulation, the stricter requirement applies. Third-party vendors who support this process must meet the same standards through contractual obligations. Northwind Analytics values transparency, so material changes are announced on the intranet before they take effect. Audit and compliance teams may request evidence of adherence at any time. Managers are responsible for ensuring that their teams have read and understood these requirements.

## Reviews

Every pull request requires approval from at least 1 reviewer(s) before merging.

## Roles and Responsibilities

Where this document conflicts with local regulation, the stricter requirement applies. Metrics for this process are reported quarterly to the leadership team as part of the operating review. This document is reviewed annually and whenever there is a material change to the underlying process.

## Scope and Applicability

Training materials supporting this guidance are available on the learning platform. Northwind Analytics values transparency, so material changes are announced on the intranet before they take effect. Metrics for this process are reported quarterly to the leadership team as part of the operating review. This document is reviewed annually and whenever there is a material change to the underlying process. Escalations that cannot be resolved at team level are raised to the relevant steering committee.

## Quality Gates

Automated test coverage must remain at or above 75 percent. Pull requests should not exceed 300 changed lines.
"
DOC-000084,New Joiner Onboarding Guide - United Kingdom,policy,HR,168,United Kingdom,,SharePoint,https://sharepoint.northwind-analytics.example.com/policy/doc-000084,archived,3,Internal,2024-09-25,2025-08-15,271,"# New Joiner Onboarding Guide - United Kingdom

**Document ID:** DOC-000084
**Owner:** Lukas Cohen
**Department:** Human Resources
**Status:** archived
**Version:** 3
**Last updated:** 2025-08-15
**Region:** United Kingdom
**Note:** Superseded - do not use

## First Week

New joiners in United Kingdom receive their laptop within 1 working days of their start date.

## Compliance and Exceptions

Managers are responsible for ensuring that their teams have read and understood these requirements. Escalations that cannot be resolved at team level are raised to the relevant steering committee. Questions about this document should be directed to the Human Resources team through the internal service desk. This document is reviewed annually and whenever there is a material change to the underlying process. Third-party vendors who support this process must meet the same standards through contractual obligations.

## Support

Every new joiner is paired with an onboarding buddy for 6 weeks.

## Background

All employees are expected to follow this guidance in addition to applicable local laws in United Kingdom. Exceptions must be approved in writing by the department head and recorded in the Human Resources register. Third-party vendors who support this process must meet the same standards through contractual obligations.

## Probation

The probation period lasts 3 months.

## Scope and Applicability

Questions about this document should be directed to the Human Resources team through the internal service desk. Audit and compliance teams may request evidence of adherence at any time. Exceptions must be approved in writing by the department head and recorded in the Human Resources register. All employees are expected to follow this guidance in addition to applicable local laws in United Kingdom.
"
DOC-000085,New Joiner Onboarding Guide - United Kingdom,policy,HR,74,United Kingdom,,SharePoint,https://sharepoint.northwind-analytics.example.com/policy/doc-000085,active,4,Public,2025-11-19,2026-08-20,268,"# New Joiner Onboarding Guide - United Kingdom

**Document ID:** DOC-000085
**Owner:** Meera Tan
**Department:** Human Resources
**Status:** active
**Version:** 4
**Last updated:** 2026-08-20
**Region:** United Kingdom

## First Week

New joiners in United Kingdom receive their laptop within 1 working days of their start date.

## Glossary and Definitions

Where this document conflicts with local regulation, the stricter requirement applies. All employees are expected to follow this guidance in addition to applicable local laws in United Kingdom. Northwind Analytics values transparency, so material changes are announced on the intranet before they take effect. Records related to this process are stored in the approved system of record and retained according to the data retention policy.

## Frequently Raised Concerns

Cross-functional dependencies should be identified early and tracked in the shared planning board. Contractors and temporary staff are covered unless their agreement states otherwise. Third-party vendors who support this process must meet the same standards through contractual obligations. This document is reviewed annually and whenever there is a material change to the underlying process.

## Support

Every new joiner is paired with an onboarding buddy for 8 weeks.

## Probation

The probation period lasts 6 months.

## Dependencies

Managers are responsible for ensuring that their teams have read and understood these requirements. Feedback and suggested improvements are welcome and are triaged at the monthly process review. Exceptions must be approved in writing by the department head and recorded in the Human Resources register. Training materials supporting this guidance are available on the learning platform. Escalations that cannot be resolved at team level are raised to the relevant steering committee.
"
DOC-000086,Business Travel Policy - United Kingdom,policy,FIN,49,United Kingdom,,Confluence,https://confluence.northwind-analytics.example.com/policy/doc-000086,archived,2,Internal,2025-05-04,2026-02-05,284,"# Business Travel Policy - United Kingdom

**Document ID:** DOC-000086
**Owner:** Tom Nair
**Department:** Finance
**Status:** archived
**Version:** 2
**Last updated:** 2026-02-05
**Region:** United Kingdom
**Note:** Superseded - do not use

## Glossary and Definitions

Managers are responsible for ensuring that their teams have read and understood these requirements. Contractors and temporary staff are covered unless their agreement states otherwise. Audit and compliance teams may request evidence of adherence at any time. Where this document conflicts with local regulation, the stricter requirement applies. Third-party vendors who support this process must meet the same standards through contractual obligations.

## Roles and Responsibilities

Where this document conflicts with local regulation, the stricter requirement applies. Personal data handled as part of this process must be processed in line with the privacy notice. Third-party vendors who support this process must meet the same standards through contractual obligations. Northwind Analytics values transparency, so material changes are announced on the intranet before they take effect.

## Booking

All travel must be booked at least 7 days in advance through the approved travel portal.

## Class of Travel

Business class may be booked only for flights longer than 8 hours.

## Related Resources

Training materials supporting this guidance are available on the learning platform. Audit and compliance teams may request evidence of adherence at any time. Questions about this document should be directed to the Finance team through the internal service desk. Personal data handled as part of this process must be processed in line with the privacy notice. Feedback and suggested improvements are welcome and are triaged at the monthly process review.

## Per Diem

Employees based in United Kingdom receive a per diem of GBP 50 on approved trips.
"
DOC-000087,Business Travel Policy - United Kingdom,policy,FIN,117,United Kingdom,,SharePoint,https://sharepoint.northwind-analytics.example.com/policy/doc-000087,active,3,Public,2026-07-12,2026-09-30,215,"# Business Travel Policy - United Kingdom

**Document ID:** DOC-000087
**Owner:** Riya Patel
**Department:** Finance
**Status:** active
**Version:** 3
**Last updated:** 2026-09-30
**Region:** United Kingdom

## Related Resources

Third-party vendors who support this process must meet the same standards through contractual obligations. Where this document conflicts with local regulation, the stricter requirement applies. This document is reviewed annually and whenever there is a material change to the underlying process.

## Roles and Responsibilities

Northwind Analytics values transparency, so material changes are announced on the intranet before they take effect. Third-party vendors who support this process must meet the same standards through contractual obligations. Feedback and suggested improvements are welcome and are triaged at the monthly process review.

## Booking

All travel must be booked at least 14 days in advance through the approved travel portal.

## Class of Travel

Business class may be booked only for flights longer than 8 hours.

## Per Diem

Employees based in United Kingdom receive a per diem of GBP 50 on approved trips.

## Review and Maintenance

Escalations that cannot be resolved at team level are raised to the relevant steering committee. Training materials supporting this guidance are available on the learning platform. Questions about this document should be directed to the Finance team through the internal service desk.
"
DOC-000088,New Joiner Onboarding Guide - Germany,policy,HR,168,Germany,,SharePoint,https://sharepoint.northwind-analytics.example.com/policy/doc-000088,active,2,Internal,2026-05-05,2026-09-30,228,"# New Joiner Onboarding Guide - Germany

**Document ID:** DOC-000088
**Owner:** Lukas Cohen
**Department:** Human Resources
**Status:** active
**Version:** 2
**Last updated:** 2026-09-30
**Region:** Germany

## First Week

New joiners in Germany receive their laptop within 5 working days of their start date.

## Frequently Raised Concerns

Questions about this document should be directed to the Human Resources team through the internal service desk. Contractors and temporary staff are covered unless their agreement states otherwise. Cross-functional dependencies should be identified early and tracked in the shared planning board. This document is reviewed annually and whenever there is a material change to the underlying process. Feedback and suggested improvements are welcome and are triaged at the monthly process review.

## Support

Every new joiner is paired with an onboarding buddy for 4 weeks.

## Probation

The probation period lasts 6 months.

## Background

This document is reviewed annually and whenever there is a material change to the underlying process. Training materials supporting this guidance are available on the learning platform. Northwind Analytics values transparency, so material changes are announced on the intranet before they take effect.

## Roles and Responsibilities

Where this document conflicts with local regulation, the stricter requirement applies. Personal data handled as part of this process must be processed in line with the privacy notice. Training materials supporting this guidance are available on the learning platform.
"
DOC-000089,Paid Time Off Policy - Singapore,policy,HR,74,Singapore,,SharePoint,https://sharepoint.northwind-analytics.example.com/policy/doc-000089,active,5,Internal,2025-12-26,2026-08-01,335,"# Paid Time Off Policy - Singapore

**Document ID:** DOC-000089
**Owner:** Meera Tan
**Department:** Human Resources
**Status:** active
**Version:** 5
**Last updated:** 2026-08-01
**Region:** Singapore

## Purpose

This policy explains how Northwind Analytics employees in Singapore accrue and use paid time off.

## Entitlement

Full-time employees in Singapore receive 28 days of paid time off per calendar year. In addition, employees receive 11 days of paid sick leave.

## Glossary and Definitions

Audit and compliance teams may request evidence of adherence at any time. Training materials supporting this guidance are available on the learning platform. Where this document conflicts with local regulation, the stricter requirement applies. Third-party vendors who support this process must meet the same standards through contractual obligations.

## Carryover

Unused paid time off may be carried over to the next year up to a maximum of 4 days. Days above this cap expire on 31 March.

## Requesting Leave

Leave of more than three consecutive days must be requested at least 14 working days in advance through the HR portal.

## Dependencies

Records related to this process are stored in the approved system of record and retained according to the data retention policy. Metrics for this process are reported quarterly to the leadership team as part of the operating review. Escalations that cannot be resolved at team level are raised to the relevant steering committee. Personal data handled as part of this process must be processed in line with the privacy notice. Cross-functional dependencies should be identified early and tracked in the shared planning board.

## Scope and Applicability

Audit and compliance teams may request evidence of adherence at any time. Escalations that cannot be resolved at team level are raised to the relevant steering committee. Teams should document any workaround they adopt so that it can be reviewed and, where appropriate, standardised. Northwind Analytics values transparency, so material changes are announced on the intranet before they take effect. Cross-functional dependencies should be identified early and tracked in the shared planning board.
"
DOC-000090,Data Retention Policy - Singapore,policy,LEG,11,Singapore,,Confluence,https://confluence.northwind-analytics.example.com/policy/doc-000090,active,2,Internal,2024-02-05,2024-12-06,247,"# Data Retention Policy - Singapore

**Document ID:** DOC-000090
**Owner:** Oliver Bose
**Department:** Legal & Compliance
**Status:** active
**Version:** 2
**Last updated:** 2024-12-06
**Region:** Singapore

## Background

Personal data handled as part of this process must be processed in line with the privacy notice. Managers are responsible for ensuring that their teams have read and understood these requirements. This document is reviewed annually and whenever there is a material change to the underlying process. All employees are expected to follow this guidance in addition to applicable local laws in Singapore. Training materials supporting this guidance are available on the learning platform.

## Roles and Responsibilities

Audit and compliance teams may request evidence of adherence at any time. All employees are expected to follow this guidance in addition to applicable local laws in Singapore. Feedback and suggested improvements are welcome and are triaged at the monthly process review.

## Review and Maintenance

Managers are responsible for ensuring that their teams have read and understood these requirements. Cross-functional dependencies should be identified early and tracked in the shared planning board. Feedback and suggested improvements are welcome and are triaged at the monthly process review. Records related to this process are stored in the approved system of record and retained according to the data retention policy.

## Retention Schedule

Contracts are retained for 7 years after expiry. Financial records are retained for 10 years. HR records are retained for 5 years after employment ends. Email is retained for 2 years.
"
DOC-000091,Business Travel Policy - India,policy,FIN,49,India,,SharePoint,https://sharepoint.northwind-analytics.example.com/policy/doc-000091,active,3,Internal,2025-09-09,2026-09-14,241,"# Business Travel Policy - India

**Document ID:** DOC-000091
**Owner:** Tom Nair
**Department:** Finance
**Status:** active
**Version:** 3
**Last updated:** 2026-09-14
**Region:** India

## Reporting and Metrics

Northwind Analytics values transparency, so material changes are announced on the intranet before they take effect. Questions about this document should be directed to the Finance team through the internal service desk. Exceptions must be approved in writing by the department head and recorded in the Finance register.

## Booking

All travel must be booked at least 14 days in advance through the approved travel portal.

## Compliance and Exceptions

Escalations that cannot be resolved at team level are raised to the relevant steering committee. Teams should document any workaround they adopt so that it can be reviewed and, where appropriate, standardised. Personal data handled as part of this process must be processed in line with the privacy notice. Metrics for this process are reported quarterly to the leadership team as part of the operating review.

## Class of Travel

Business class may be booked only for flights longer than 4 hours.

## Background

Training materials supporting this guidance are available on the learning platform. All employees are expected to follow this guidance in addition to applicable local laws in India. Northwind Analytics values transparency, so material changes are announced on the intranet before they take effect.

## Per Diem

Employees based in India receive a per diem of INR 4,800 on approved trips.
"
DOC-000092,Service Overview: ingestion-gateway,service_wiki,ENG,60,,,Confluence,https://confluence.northwind-analytics.example.com/service_wiki/doc-000092,active,3,Internal,2026-03-02,2026-05-17,271,"# Service Overview: ingestion-gateway

**Document ID:** DOC-000092
**Owner:** Pooja Gupta
**Department:** Engineering
**Status:** active
**Version:** 3
**Last updated:** 2026-05-17

## Roles and Responsibilities

Northwind Analytics values transparency, so material changes are announced on the intranet before they take effect. Managers are responsible for ensuring that their teams have read and understood these requirements. Personal data handled as part of this process must be processed in line with the privacy notice. Records related to this process are stored in the approved system of record and retained according to the data retention policy.

## Overview

ingestion-gateway is a tier-3 backend component of the Northwind Analytics platform. Source code lives at https://git.northwind-analytics.example.com/platform/ingestion-gateway.

## Ownership

ingestion-gateway is owned by Pooja Gupta in Engineering.

## Related Resources

Personal data handled as part of this process must be processed in line with the privacy notice. Questions about this document should be directed to the Engineering team through the internal service desk. Training materials supporting this guidance are available on the learning platform. Where this document conflicts with local regulation, the stricter requirement applies.

## Technology Stack

ingestion-gateway is written in Python, stores data in MongoDB and publishes events through RabbitMQ.

## Reliability Targets

The availability SLO for ingestion-gateway is 99.9 percent and the p95 latency target is 450 ms.

## Scope and Applicability

Third-party vendors who support this process must meet the same standards through contractual obligations. Exceptions must be approved in writing by the department head and recorded in the Engineering register. Northwind Analytics values transparency, so material changes are announced on the intranet before they take effect.

## Dependencies

ingestion-gateway depends on: reporting-gateway, notification-hub, shipping-service.
"
DOC-000093,Service Overview: reporting-gateway,service_wiki,ENG,60,,,GitHub Wiki,https://github-wiki.northwind-analytics.example.com/service_wiki/doc-000093,active,5,Internal,2023-10-04,2024-06-06,269,"# Service Overview: reporting-gateway

**Document ID:** DOC-000093
**Owner:** Pooja Gupta
**Department:** Engineering
**Status:** active
**Version:** 5
**Last updated:** 2024-06-06

## Dependencies

Escalations that cannot be resolved at team level are raised to the relevant steering committee. Where this document conflicts with local regulation, the stricter requirement applies. Audit and compliance teams may request evidence of adherence at any time. Records related to this process are stored in the approved system of record and retained according to the data retention policy.

## Overview

reporting-gateway is a tier-3 backend component of the Northwind Analytics platform. Source code lives at https://git.northwind-analytics.example.com/platform/reporting-gateway.

## Ownership

reporting-gateway is owned by Pooja Gupta in Engineering.

## Technology Stack

reporting-gateway is written in Kotlin, stores data in MongoDB and publishes events through Azure Service Bus.

## Reliability Targets

The availability SLO for reporting-gateway is 99.9 percent and the p95 latency target is 900 ms.

## Frequently Raised Concerns

Questions about this document should be directed to the Engineering team through the internal service desk. Feedback and suggested improvements are welcome and are triaged at the monthly process review. Teams should document any workaround they adopt so that it can be reviewed and, where appropriate, standardised.

## Review and Maintenance

Questions about this document should be directed to the Engineering team through the internal service desk. This document is reviewed annually and whenever there is a material change to the underlying process. Teams should document any workaround they adopt so that it can be reviewed and, where appropriate, standardised. Where this document conflicts with local regulation, the stricter requirement applies.

## Dependencies

reporting-gateway depends on: reporting-service, ingestion-sync, analytics-engine.
"
DOC-000094,Service Overview: ingestion-engine,service_wiki,ENG,15,,,Confluence,https://confluence.northwind-analytics.example.com/service_wiki/doc-000094,active,5,Internal,2026-06-16,2026-09-30,248,"# Service Overview: ingestion-engine

**Document ID:** DOC-000094
**Owner:** Sofia Wright
**Department:** Engineering
**Status:** active
**Version:** 5
**Last updated:** 2026-09-30

## Review and Maintenance

Questions about this document should be directed to the Engineering team through the internal service desk. This document is reviewed annually and whenever there is a material change to the underlying process. Exceptions must be approved in writing by the department head and recorded in the Engineering register.

## Overview

ingestion-engine is a tier-1 backend component of the Northwind Analytics platform. Source code lives at https://git.northwind-analytics.example.com/platform/ingestion-engine.

## Frequently Raised Concerns

Managers are responsible for ensuring that their teams have read and understood these requirements. Contractors and temporary staff are covered unless their agreement states otherwise. All employees are expected to follow this guidance in addition to applicable local laws in all regions.

## Glossary and Definitions

This document is reviewed annually and whenever there is a material change to the underlying process. Contractors and temporary staff are covered unless their agreement states otherwise. Metrics for this process are reported quarterly to the leadership team as part of the operating review. Training materials supporting this guidance are available on the learning platform.

## Ownership

ingestion-engine is owned by Sofia Wright in Engineering.

## Technology Stack

ingestion-engine is written in Kotlin, stores data in MongoDB and publishes events through Kafka.

## Reliability Targets

The availability SLO for ingestion-engine is 99.99 percent and the p95 latency target is 120 ms.

## Dependencies

ingestion-engine depends on: profile-engine, search-sync, payments-api.
"
DOC-000095,Service Overview: inventory-engine,service_wiki,ENG,15,,,Confluence,https://confluence.northwind-analytics.example.com/service_wiki/doc-000095,active,3,Internal,2026-01-24,2026-09-30,290,"# Service Overview: inventory-engine

**Document ID:** DOC-000095
**Owner:** Sofia Wright
**Department:** Engineering
**Status:** active
**Version:** 3
**Last updated:** 2026-09-30

## Scope and Applicability

Feedback and suggested improvements are welcome and are triaged at the monthly process review. Exceptions must be approved in writing by the department head and recorded in the Engineering register. Metrics for this process are reported quarterly to the leadership team as part of the operating review. Audit and compliance teams may request evidence of adherence at any time. All employees are expected to follow this guidance in addition to applicable local laws in all regions.

## Roles and Responsibilities

Records related to this process are stored in the approved system of record and retained according to the data retention policy. Exceptions must be approved in writing by the department head and recorded in the Engineering register. Contractors and temporary staff are covered unless their agreement states otherwise. This document is reviewed annually and whenever there is a material change to the underlying process.

## Overview

inventory-engine is a tier-2 backend component of the Northwind Analytics platform. Source code lives at https://git.northwind-analytics.example.com/platform/inventory-engine.

## Ownership

inventory-engine is owned by Sofia Wright in Engineering.

## Frequently Raised Concerns

Northwind Analytics values transparency, so material changes are announced on the intranet before they take effect. Feedback and suggested improvements are welcome and are triaged at the monthly process review. Escalations that cannot be resolved at team level are raised to the relevant steering committee.

## Technology Stack

inventory-engine is written in Go, stores data in Cassandra and publishes events through Azure Service Bus.

## Reliability Targets

The availability SLO for inventory-engine is 99.5 percent and the p95 latency target is 600 ms.

## Dependencies

inventory-engine depends on: shipping-service, ledger-service, auth-api.
"
DOC-000096,Service Overview: analytics-engine,service_wiki,ENG,38,,,GitHub Wiki,https://github-wiki.northwind-analytics.example.com/service_wiki/doc-000096,active,1,Confidential,2025-11-07,2026-09-30,278,"# Service Overview: analytics-engine

**Document ID:** DOC-000096
**Owner:** Arjun Ali
**Department:** Engineering
**Status:** active
**Version:** 1
**Last updated:** 2026-09-30

## Dependencies

All employees are expected to follow this guidance in addition to applicable local laws in all regions. Exceptions must be approved in writing by the department head and recorded in the Engineering register. Training materials supporting this guidance are available on the learning platform. Metrics for this process are reported quarterly to the leadership team as part of the operating review. Feedback and suggested improvements are welcome and are triaged at the monthly process review.

## Overview

analytics-engine is a tier-2 backend component of the Northwind Analytics platform. Source code lives at https://git.northwind-analytics.example.com/platform/analytics-engine.

## Frequently Raised Concerns

Where this document conflicts with local regulation, the stricter requirement applies. Personal data handled as part of this process must be processed in line with the privacy notice. Metrics for this process are reported quarterly to the leadership team as part of the operating review.

## Ownership

analytics-engine is owned by Arjun Ali in Engineering.

## Technology Stack

analytics-engine is written in Node.js, stores data in DynamoDB and publishes events through RabbitMQ.

## Compliance and Exceptions

Audit and compliance teams may request evidence of adherence at any time. Third-party vendors who support this process must meet the same standards through contractual obligations. Northwind Analytics values transparency, so material changes are announced on the intranet before they take effect. Escalations that cannot be resolved at team level are raised to the relevant steering committee.

## Reliability Targets

The availability SLO for analytics-engine is 99.99 percent and the p95 latency target is 300 ms.

## Dependencies

analytics-engine depends on: profile-sync, orders-hub, auth-engine.
"
DOC-000097,Service Overview: search-sync,service_wiki,ENG,25,,,GitHub Wiki,https://github-wiki.northwind-analytics.example.com/service_wiki/doc-000097,active,3,Confidential,2024-04-28,2025-01-09,283,"# Service Overview: search-sync

**Document ID:** DOC-000097
**Owner:** Arjun Park
**Department:** Engineering
**Status:** active
**Version:** 3
**Last updated:** 2025-01-09

## Overview

search-sync is a tier-3 backend component of the Northwind Analytics platform. Source code lives at https://git.northwind-analytics.example.com/platform/search-sync.

## Ownership

search-sync is owned by Arjun Park in Engineering.

## Roles and Responsibilities

Managers are responsible for ensuring that their teams have read and understood these requirements. Questions about this document should be directed to the Engineering team through the internal service desk. Northwind Analytics values transparency, so material changes are announced on the intranet before they take effect. Feedback and suggested improvements are welcome and are triaged at the monthly process review. Audit and compliance teams may request evidence of adherence at any time.

## Technology Stack

search-sync is written in Kotlin, stores data in DynamoDB and publishes events through Kafka.

## Scope and Applicability

Managers are responsible for ensuring that their teams have read and understood these requirements. Audit and compliance teams may request evidence of adherence at any time. Northwind Analytics values transparency, so material changes are announced on the intranet before they take effect.

## Background

Training materials supporting this guidance are available on the learning platform. Teams should document any workaround they adopt so that it can be reviewed and, where appropriate, standardised. Cross-functional dependencies should be identified early and tracked in the shared planning board. Contractors and temporary staff are covered unless their agreement states otherwise. Questions about this document should be directed to the Engineering team through the internal service desk.

## Reliability Targets

The availability SLO for search-sync is 99.95 percent and the p95 latency target is 900 ms.

## Dependencies

search-sync depends on: payments-api, auth-engine, profile-engine.
"
DOC-000098,Service Overview: ledger-service,service_wiki,ENG,30,,,Confluence,https://confluence.northwind-analytics.example.com/service_wiki/doc-000098,active,2,Internal,2024-02-28,2025-01-27,291,"# Service Overview: ledger-service

**Document ID:** DOC-000098
**Owner:** Nikhil Iyer
**Department:** Engineering
**Status:** active
**Version:** 2
**Last updated:** 2025-01-27

## Overview

ledger-service is a tier-1 backend component of the Northwind Analytics platform. Source code lives at https://git.northwind-analytics.example.com/platform/ledger-service.

## Ownership

ledger-service is owned by Nikhil Iyer in Engineering.

## Background

Cross-functional dependencies should be identified early and tracked in the shared planning board. This document is reviewed annually and whenever there is a material change to the underlying process. Records related to this process are stored in the approved system of record and retained according to the data retention policy. Third-party vendors who support this process must meet the same standards through contractual obligations. Teams should document any workaround they adopt so that it can be reviewed and, where appropriate, standardised.

## Technology Stack

ledger-service is written in Python, stores data in PostgreSQL and publishes events through Amazon SQS.

## Related Resources

Managers are responsible for ensuring that their teams have read and understood these requirements. Records related to this process are stored in the approved system of record and retained according to the data retention policy. Audit and compliance teams may request evidence of adherence at any time. Exceptions must be approved in writing by the department head and recorded in the Engineering register.

## Reliability Targets

The availability SLO for ledger-service is 99.99 percent and the p95 latency target is 600 ms.

## Dependencies

ledger-service depends on: recommendation-sync, shipping-service, analytics-engine.

## Frequently Raised Concerns

All employees are expected to follow this guidance in addition to applicable local laws in all regions. Audit and compliance teams may request evidence of adherence at any time. Teams should document any workaround they adopt so that it can be reviewed and, where appropriate, standardised.
"
DOC-000099,Service Overview: orders-hub,service_wiki,ENG,23,,,GitHub Wiki,https://github-wiki.northwind-analytics.example.com/service_wiki/doc-000099,active,2,Internal,2023-08-07,2023-10-13,280,"# Service Overview: orders-hub

**Document ID:** DOC-000099
**Owner:** Jonas Nguyen
**Department:** Engineering
**Status:** active
**Version:** 2
**Last updated:** 2023-10-13

## Overview

orders-hub is a tier-1 backend component of the Northwind Analytics platform. Source code lives at https://git.northwind-analytics.example.com/platform/orders-hub.

## Review and Maintenance

Third-party vendors who support this process must meet the same standards through contractual obligations. Managers are responsible for ensuring that their teams have read and understood these requirements. Cross-functional dependencies should be identified early and tracked in the shared planning board. Escalations that cannot be resolved at team level are raised to the relevant steering committee. Audit and compliance teams may request evidence of adherence at any time.

## Frequently Raised Concerns

All employees are expected to follow this guidance in addition to applicable local laws in all regions. Escalations that cannot be resolved at team level are raised to the relevant steering committee. Questions about this document should be directed to the Engineering team through the internal service desk.

## Dependencies

Records related to this process are stored in the approved system of record and retained according to the data retention policy. Northwind Analytics values transparency, so material changes are announced on the intranet before they take effect. Third-party vendors who support this process must meet the same standards through contractual obligations. Training materials supporting this guidance are available on the learning platform.

## Ownership

orders-hub is owned by Jonas Nguyen in Engineering.

## Technology Stack

orders-hub is written in Node.js, stores data in MongoDB and publishes events through Amazon SQS.

## Reliability Targets

The availability SLO for orders-hub is 99.5 percent and the p95 latency target is 80 ms.

## Dependencies

orders-hub depends on: ledger-sync, analytics-engine, ledger-service.
"
DOC-000100,Service Overview: ledger-sync,service_wiki,ENG,45,,,Confluence,https://confluence.northwind-analytics.example.com/service_wiki/doc-000100,active,4,Internal,2023-01-31,2023-06-18,275,"# Service Overview: ledger-sync

**Document ID:** DOC-000100
**Owner:** William Becker
**Department:** Engineering
**Status:** active
**Version:** 4
**Last updated:** 2023-06-18

## Related Resources

Northwind Analytics values transparency, so material changes are announced on the intranet before they take effect. Audit and compliance teams may request evidence of adherence at any time. Cross-functional dependencies should be identified early and tracked in the shared planning board. Contractors and temporary staff are covered unless their agreement states otherwise. Escalations that cannot be resolved at team level are raised to the relevant steering committee.

## Overview

ledger-sync is a tier-1 backend component of the Northwind Analytics platform. Source code lives at https://git.northwind-analytics.example.com/platform/ledger-sync.

## Ownership

ledger-sync is owned by William Becker in Engineering.

## Technology Stack

ledger-sync is written in Node.js, stores data in MongoDB and publishes events through Amazon SQS.

## Reliability Targets

The availability SLO for ledger-sync is 99.9 percent and the p95 latency target is 80 ms.

## Compliance and Exceptions

Teams should document any workaround they adopt so that it can be reviewed and, where appropriate, standardised. Northwind Analytics values transparency, so material changes are announced on the intranet before they take effect. Exceptions must be approved in writing by the department head and recorded in the Engineering register.

## Review and Maintenance

Third-party vendors who support this process must meet the same standards through contractual obligations. Audit and compliance teams may request evidence of adherence at any time. Metrics for this process are reported quarterly to the leadership team as part of the operating review. Cross-functional dependencies should be identified early and tracked in the shared planning board.

## Dependencies

ledger-sync depends on: orders-hub, reporting-gateway, ingestion-sync.
"
DOC-000101,Service Overview: profile-engine,service_wiki,ENG,25,,,GitHub Wiki,https://github-wiki.northwind-analytics.example.com/service_wiki/doc-000101,active,2,Internal,2025-07-24,2025-08-14,287,"# Service Overview: profile-engine

**Document ID:** DOC-000101
**Owner:** Arjun Park
**Department:** Engineering
**Status:** active
**Version:** 2
**Last updated:** 2025-08-14

## Overview

profile-engine is a tier-1 backend component of the Northwind Analytics platform. Source code lives at https://git.northwind-analytics.example.com/platform/profile-engine.

## Scope and Applicability

Exceptions must be approved in writing by the department head and recorded in the Engineering register. Personal data handled as part of this process must be processed in line with the privacy notice. Managers are responsible for ensuring that their teams have read and understood these requirements. Training materials supporting this guidance are available on the learning platform.

## Ownership

profile-engine is owned by Arjun Park in Engineering.

## Technology Stack

profile-engine is written in Node.js, stores data in DynamoDB and publishes events through Azure Service Bus.

## Dependencies

Contractors and temporary staff are covered unless their agreement states otherwise. Metrics for this process are reported quarterly to the leadership team as part of the operating review. Records related to this process are stored in the approved system of record and retained according to the data retention policy. Where this document conflicts with local regulation, the stricter requirement applies.

## Reliability Targets

The availability SLO for profile-engine is 99.5 percent and the p95 latency target is 80 ms.

## Dependencies

profile-engine depends on: reporting-service, inventory-engine, recommendation-sync.

## Roles and Responsibilities

Exceptions must be approved in writing by the department head and recorded in the Engineering register. Where this document conflicts with local regulation, the stricter requirement applies. Contractors and temporary staff are covered unless their agreement states otherwise. Training materials supporting this guidance are available on the learning platform. Personal data handled as part of this process must be processed in line with the privacy notice.
"
DOC-000102,Service Overview: notification-hub,service_wiki,ENG,50,,,GitHub Wiki,https://github-wiki.northwind-analytics.example.com/service_wiki/doc-000102,active,5,Internal,2026-04-13,2026-09-30,263,"# Service Overview: notification-hub

**Document ID:** DOC-000102
**Owner:** Nikhil Ghosh
**Department:** Engineering
**Status:** active
**Version:** 5
**Last updated:** 2026-09-30

## Overview

notification-hub is a tier-2 backend component of the Northwind Analytics platform. Source code lives at https://git.northwind-analytics.example.com/platform/notification-hub.

## Roles and Responsibilities

This document is reviewed annually and whenever there is a material change to the underlying process. Questions about this document should be directed to the Engineering team through the internal service desk. Cross-functional dependencies should be identified early and tracked in the shared planning board. Escalations that cannot be resolved at team level are raised to the relevant steering committee. Training materials supporting this guidance are available on the learning platform.

## Ownership

notification-hub is owned by Nikhil Ghosh in Engineering.

## Reporting and Metrics

Feedback and suggested improvements are welcome and are triaged at the monthly process review. Audit and compliance teams may request evidence of adherence at any time. Records related to this process are stored in the approved system of record and retained according to the data retention policy.

## Technology Stack

notification-hub is written in Kotlin, stores data in PostgreSQL and publishes events through Amazon SQS.

## Reliability Targets

The availability SLO for notification-hub is 99.5 percent and the p95 latency target is 200 ms.

## Dependencies

notification-hub depends on: reporting-service, inventory-engine, search-sync.

## Glossary and Definitions

Metrics for this process are reported quarterly to the leadership team as part of the operating review. Where this document conflicts with local regulation, the stricter requirement applies. Cross-functional dependencies should be identified early and tracked in the shared planning board.
"
DOC-000103,Service Overview: payments-api,service_wiki,ENG,93,,,Confluence,https://confluence.northwind-analytics.example.com/service_wiki/doc-000103,active,4,Internal,2026-06-07,2026-08-27,293,"# Service Overview: payments-api

**Document ID:** DOC-000103
**Owner:** Layla Joshi
**Department:** Engineering
**Status:** active
**Version:** 4
**Last updated:** 2026-08-27

## Overview

payments-api is a tier-3 backend component of the Northwind Analytics platform. Source code lives at https://git.northwind-analytics.example.com/platform/payments-api.

## Ownership

payments-api is owned by Layla Joshi in Engineering.

## Technology Stack

payments-api is written in Node.js, stores data in PostgreSQL and publishes events through RabbitMQ.

## Reliability Targets

The availability SLO for payments-api is 99.9 percent and the p95 latency target is 600 ms.

## Frequently Raised Concerns

Records related to this process are stored in the approved system of record and retained according to the data retention policy. This document is reviewed annually and whenever there is a material change to the underlying process. Managers are responsible for ensuring that their teams have read and understood these requirements. Personal data handled as part of this process must be processed in line with the privacy notice. All employees are expected to follow this guidance in addition to applicable local laws in all regions.

## Related Resources

Managers are responsible for ensuring that their teams have read and understood these requirements. Records related to this process are stored in the approved system of record and retained according to the data retention policy. Exceptions must be approved in writing by the department head and recorded in the Engineering register.

## Dependencies

payments-api depends on: reporting-service, profile-sync, auth-engine.

## Glossary and Definitions

Contractors and temporary staff are covered unless their agreement states otherwise. Cross-functional dependencies should be identified early and tracked in the shared planning board. Metrics for this process are reported quarterly to the leadership team as part of the operating review. Managers are responsible for ensuring that their teams have read and understood these requirements.
"
DOC-000104,Service Overview: profile-sync,service_wiki,ENG,60,,,GitHub Wiki,https://github-wiki.northwind-analytics.example.com/service_wiki/doc-000104,active,1,Internal,2025-10-18,2026-07-23,311,"# Service Overview: profile-sync

**Document ID:** DOC-000104
**Owner:** Pooja Gupta
**Department:** Engineering
**Status:** active
**Version:** 1
**Last updated:** 2026-07-23

## Reporting and Metrics

Where this document conflicts with local regulation, the stricter requirement applies. Exceptions must be approved in writing by the department head and recorded in the Engineering register. Records related to this process are stored in the approved system of record and retained according to the data retention policy. Questions about this document should be directed to the Engineering team through the internal service desk. All employees are expected to follow this guidance in addition to applicable local laws in all regions.

## Overview

profile-sync is a tier-2 backend component of the Northwind Analytics platform. Source code lives at https://git.northwind-analytics.example.com/platform/profile-sync.

## Ownership

profile-sync is owned by Pooja Gupta in Engineering.

## Frequently Raised Concerns

All employees are expected to follow this guidance in addition to applicable local laws in all regions. Training materials supporting this guidance are available on the learning platform. Feedback and suggested improvements are welcome and are triaged at the monthly process review. Contractors and temporary staff are covered unless their agreement states otherwise. Audit and compliance teams may request evidence of adherence at any time.

## Technology Stack

profile-sync is written in Java, stores data in MySQL and publishes events through Amazon SQS.

## Reliability Targets

The availability SLO for profile-sync is 99.95 percent and the p95 latency target is 300 ms.

## Dependencies

profile-sync depends on: ingestion-gateway, recommendation-sync, ledger-gateway.

## Review and Maintenance

Teams should document any workaround they adopt so that it can be reviewed and, where appropriate, standardised. Metrics for this process are reported quarterly to the leadership team as part of the operating review. Questions about this document should be directed to the Engineering team through the internal service desk. Contractors and temporary staff are covered unless their agreement states otherwise.
"
DOC-000105,Service Overview: ingestion-sync,service_wiki,ENG,23,,,Confluence,https://confluence.northwind-analytics.example.com/service_wiki/doc-000105,active,1,Internal,2024-11-09,2024-12-23,269,"# Service Overview: ingestion-sync

**Document ID:** DOC-000105
**Owner:** Jonas Nguyen
**Department:** Engineering
**Status:** active
**Version:** 1
**Last updated:** 2024-12-23

## Overview

ingestion-sync is a tier-2 backend component of the Northwind Analytics platform. Source code lives at https://git.northwind-analytics.example.com/platform/ingestion-sync.

## Frequently Raised Concerns

Teams should document any workaround they adopt so that it can be reviewed and, where appropriate, standardised. Questions about this document should be directed to the Engineering team through the internal service desk. Contractors and temporary staff are covered unless their agreement states otherwise.

## Background

Audit and compliance teams may request evidence of adherence at any time. Escalations that cannot be resolved at team level are raised to the relevant steering committee. Northwind Analytics values transparency, so material changes are announced on the intranet before they take effect. Teams should document any workaround they adopt so that it can be reviewed and, where appropriate, standardised.

## Ownership

ingestion-sync is owned by Jonas Nguyen in Engineering.

## Technology Stack

ingestion-sync is written in Python, stores data in MySQL and publishes events through Azure Service Bus.

## Related Resources

Escalations that cannot be resolved at team level are raised to the relevant steering committee. Exceptions must be approved in writing by the department head and recorded in the Engineering register. Questions about this document should be directed to the Engineering team through the internal service desk. Northwind Analytics values transparency, so material changes are announced on the intranet before they take effect.

## Reliability Targets

The availability SLO for ingestion-sync is 99.99 percent and the p95 latency target is 200 ms.

## Dependencies

ingestion-sync depends on: analytics-engine, reporting-gateway, profile-engine.
"
DOC-000106,Service Overview: recommendation-sync,service_wiki,ENG,146,,,Confluence,https://confluence.northwind-analytics.example.com/service_wiki/doc-000106,active,2,Internal,2025-04-27,2026-01-20,302,"# Service Overview: recommendation-sync

**Document ID:** DOC-000106
**Owner:** Arjun Smith
**Department:** Engineering
**Status:** active
**Version:** 2
**Last updated:** 2026-01-20

## Overview

recommendation-sync is a tier-1 backend component of the Northwind Analytics platform. Source code lives at https://git.northwind-analytics.example.com/platform/recommendation-sync.

## Compliance and Exceptions

Contractors and temporary staff are covered unless their agreement states otherwise. Teams should document any workaround they adopt so that it can be reviewed and, where appropriate, standardised. Audit and compliance teams may request evidence of adherence at any time. Managers are responsible for ensuring that their teams have read and understood these requirements.

## Ownership

recommendation-sync is owned by Arjun Smith in Engineering.

## Technology Stack

recommendation-sync is written in Python, stores data in MongoDB and publishes events through Amazon SQS.

## Frequently Raised Concerns

Third-party vendors who support this process must meet the same standards through contractual obligations. Cross-functional dependencies should be identified early and tracked in the shared planning board. Records related to this process are stored in the approved system of record and retained according to the data retention policy. Metrics for this process are reported quarterly to the leadership team as part of the operating review. Contractors and temporary staff are covered unless their agreement states otherwise.

## Reliability Targets

The availability SLO for recommendation-sync is 99.99 percent and the p95 latency target is 450 ms.

## Dependencies

Escalations that cannot be resolved at team level are raised to the relevant steering committee. Managers are responsible for ensuring that their teams have read and understood these requirements. Third-party vendors who support this process must meet the same standards through contractual obligations. Feedback and suggested improvements are welcome and are triaged at the monthly process review. Cross-functional dependencies should be identified early and tracked in the shared planning board.

## Dependencies

recommendation-sync depends on: ledger-sync, notification-hub, reporting-service.
"
DOC-000107,Service Overview: ledger-gateway,service_wiki,ENG,195,,,Confluence,https://confluence.northwind-analytics.example.com/service_wiki/doc-000107,active,1,Confidential,2023-02-19,2023-10-15,211,"# Service Overview: ledger-gateway

**Document ID:** DOC-000107
**Owner:** Ava Tan
**Department:** Engineering
**Status:** active
**Version:** 1
**Last updated:** 2023-10-15

## Scope and Applicability

Where this document conflicts with local regulation, the stricter requirement applies. Contractors and temporary staff are covered unless their agreement states otherwise. Feedback and suggested improvements are welcome and are triaged at the monthly process review.

## Frequently Raised Concerns

Audit and compliance teams may request evidence of adherence at any time. Escalations that cannot be resolved at team level are raised to the relevant steering committee. Where this document conflicts with local regulation, the stricter requirement applies.

## Overview

ledger-gateway is a tier-1 backend component of the Northwind Analytics platform. Source code lives at https://git.northwind-analytics.example.com/platform/ledger-gateway.

## Ownership

ledger-gateway is owned by Ava Tan in Engineering.

## Technology Stack

ledger-gateway is written in Java, stores data in DynamoDB and publishes events through Kafka.

## Dependencies

Contractors and temporary staff are covered unless their agreement states otherwise. Cross-functional dependencies should be identified early and tracked in the shared planning board. Audit and compliance teams may request evidence of adherence at any time.

## Reliability Targets

The availability SLO for ledger-gateway is 99.95 percent and the p95 latency target is 80 ms.

## Dependencies

ledger-gateway depends on: ledger-service, ingestion-gateway, inventory-engine.
"
DOC-000108,Service Overview: reporting-service,service_wiki,ENG,60,,,GitHub Wiki,https://github-wiki.northwind-analytics.example.com/service_wiki/doc-000108,active,3,Confidential,2023-12-26,2024-04-03,280,"# Service Overview: reporting-service

**Document ID:** DOC-000108
**Owner:** Pooja Gupta
**Department:** Engineering
**Status:** active
**Version:** 3
**Last updated:** 2024-04-03

## Overview

reporting-service is a tier-2 backend component of the Northwind Analytics platform. Source code lives at https://git.northwind-analytics.example.com/platform/reporting-service.

## Ownership

reporting-service is owned by Pooja Gupta in Engineering.

## Reporting and Metrics

Managers are responsible for ensuring that their teams have read and understood these requirements. Metrics for this process are reported quarterly to the leadership team as part of the operating review. Audit and compliance teams may request evidence of adherence at any time. Training materials supporting this guidance are available on the learning platform.

## Technology Stack

reporting-service is written in Go, stores data in Cassandra and publishes events through Azure Service Bus.

## Reliability Targets

The availability SLO for reporting-service is 99.99 percent and the p95 latency target is 200 ms.

## Related Resources

Audit and compliance teams may request evidence of adherence at any time. All employees are expected to follow this guidance in addition to applicable local laws in all regions. Where this document conflicts with local regulation, the stricter requirement applies. Contractors and temporary staff are covered unless their agreement states otherwise. Cross-functional dependencies should be identified early and tracked in the shared planning board.

## Dependencies

reporting-service depends on: notification-hub, profile-sync, ingestion-gateway.

## Roles and Responsibilities

Exceptions must be approved in writing by the department head and recorded in the Engineering register. Personal data handled as part of this process must be processed in line with the privacy notice. Contractors and temporary staff are covered unless their agreement states otherwise. Third-party vendors who support this process must meet the same standards through contractual obligations.
"
DOC-000109,Service Overview: shipping-service,service_wiki,ENG,93,,,Confluence,https://confluence.northwind-analytics.example.com/service_wiki/doc-000109,active,4,Internal,2023-03-05,2023-08-25,281,"# Service Overview: shipping-service

**Document ID:** DOC-000109
**Owner:** Layla Joshi
**Department:** Engineering
**Status:** active
**Version:** 4
**Last updated:** 2023-08-25

## Overview

shipping-service is a tier-2 backend component of the Northwind Analytics platform. Source code lives at https://git.northwind-analytics.example.com/platform/shipping-service.

## Frequently Raised Concerns

This document is reviewed annually and whenever there is a material change to the underlying process. Contractors and temporary staff are covered unless their agreement states otherwise. Audit and compliance teams may request evidence of adherence at any time. Escalations that cannot be resolved at team level are raised to the relevant steering committee. All employees are expected to follow this guidance in addition to applicable local laws in all regions.

## Ownership

shipping-service is owned by Layla Joshi in Engineering.

## Technology Stack

shipping-service is written in Kotlin, stores data in MySQL and publishes events through Amazon SQS.

## Related Resources

Escalations that cannot be resolved at team level are raised to the relevant steering committee. Metrics for this process are reported quarterly to the leadership team as part of the operating review. Contractors and temporary staff are covered unless their agreement states otherwise.

## Scope and Applicability

Teams should document any workaround they adopt so that it can be reviewed and, where appropriate, standardised. Questions about this document should be directed to the Engineering team through the internal service desk. Third-party vendors who support this process must meet the same standards through contractual obligations. Metrics for this process are reported quarterly to the leadership team as part of the operating review.

## Reliability Targets

The availability SLO for shipping-service is 99.9 percent and the p95 latency target is 300 ms.

## Dependencies

shipping-service depends on: ingestion-engine, analytics-engine, ledger-sync.
"
DOC-000110,Service Overview: auth-api,service_wiki,ENG,46,,,GitHub Wiki,https://github-wiki.northwind-analytics.example.com/service_wiki/doc-000110,active,2,Confidential,2023-03-18,2024-04-19,281,"# Service Overview: auth-api

**Document ID:** DOC-000110
**Owner:** Mei Becker
**Department:** Engineering
**Status:** active
**Version:** 2
**Last updated:** 2024-04-19

## Roles and Responsibilities

Personal data handled as part of this process must be processed in line with the privacy notice. Contractors and temporary staff are covered unless their agreement states otherwise. Audit and compliance teams may request evidence of adherence at any time. Questions about this document should be directed to the Engineering team through the internal service desk. Northwind Analytics values transparency, so material changes are announced on the intranet before they take effect.

## Overview

auth-api is a tier-2 backend component of the Northwind Analytics platform. Source code lives at https://git.northwind-analytics.example.com/platform/auth-api.

## Ownership

auth-api is owned by Mei Becker in Engineering.

## Technology Stack

auth-api is written in Java, stores data in DynamoDB and publishes events through Amazon SQS.

## Reliability Targets

The availability SLO for auth-api is 99.99 percent and the p95 latency target is 450 ms.

## Dependencies

auth-api depends on: search-sync, inventory-engine, payments-api.

## Dependencies

Managers are responsible for ensuring that their teams have read and understood these requirements. Where this document conflicts with local regulation, the stricter requirement applies. Audit and compliance teams may request evidence of adherence at any time. Metrics for this process are reported quarterly to the leadership team as part of the operating review. Training materials supporting this guidance are available on the learning platform.

## Reporting and Metrics

Personal data handled as part of this process must be processed in line with the privacy notice. Managers are responsible for ensuring that their teams have read and understood these requirements. Where this document conflicts with local regulation, the stricter requirement applies.
"
DOC-000111,Service Overview: auth-engine,service_wiki,ENG,30,,,Confluence,https://confluence.northwind-analytics.example.com/service_wiki/doc-000111,active,1,Internal,2023-01-09,2023-06-17,276,"# Service Overview: auth-engine

**Document ID:** DOC-000111
**Owner:** Nikhil Iyer
**Department:** Engineering
**Status:** active
**Version:** 1
**Last updated:** 2023-06-17

## Glossary and Definitions

Personal data handled as part of this process must be processed in line with the privacy notice. Contractors and temporary staff are covered unless their agreement states otherwise. All employees are expected to follow this guidance in addition to applicable local laws in all regions.

## Overview

auth-engine is a tier-2 backend component of the Northwind Analytics platform. Source code lives at https://git.northwind-analytics.example.com/platform/auth-engine.

## Roles and Responsibilities

Feedback and suggested improvements are welcome and are triaged at the monthly process review. Audit and compliance teams may request evidence of adherence at any time. Metrics for this process are reported quarterly to the leadership team as part of the operating review. Personal data handled as part of this process must be processed in line with the privacy notice.

## Reporting and Metrics

Contractors and temporary staff are covered unless their agreement states otherwise. Where this document conflicts with local regulation, the stricter requirement applies. Audit and compliance teams may request evidence of adherence at any time. This document is reviewed annually and whenever there is a material change to the underlying process. Metrics for this process are reported quarterly to the leadership team as part of the operating review.

## Ownership

auth-engine is owned by Nikhil Iyer in Engineering.

## Technology Stack

auth-engine is written in Go, stores data in DynamoDB and publishes events through Amazon SQS.

## Reliability Targets

The availability SLO for auth-engine is 99.95 percent and the p95 latency target is 80 ms.

## Dependencies

auth-engine depends on: profile-sync, reporting-service, inventory-engine.
"
DOC-000112,Runbook: auth-api - Elevated latency,runbook,ENG,46,,,Confluence,https://confluence.northwind-analytics.example.com/runbook/doc-000112,active,5,Internal,2025-08-02,2026-02-23,274,"# Runbook: auth-api - Elevated latency

**Document ID:** DOC-000112
**Owner:** Mei Becker
**Department:** Engineering
**Status:** active
**Version:** 5
**Last updated:** 2026-02-23

## Dependencies

Questions about this document should be directed to the Engineering team through the internal service desk. Audit and compliance teams may request evidence of adherence at any time. Where this document conflicts with local regulation, the stricter requirement applies. Teams should document any workaround they adopt so that it can be reviewed and, where appropriate, standardised.

## Alert

This runbook covers the 'Elevated latency' alert for auth-api. Trigger threshold: 90 (see monitoring dashboard).

## Triage

1. Check the dashboard for auth-api. 2. Review recent deployments. 3. Post updates in #oncall-auth-api.

## Mitigation

If the alert persists, restart the service with: kubectl rollout restart deployment/auth-api

## Reporting and Metrics

Records related to this process are stored in the approved system of record and retained according to the data retention policy. Questions about this document should be directed to the Engineering team through the internal service desk. Third-party vendors who support this process must meet the same standards through contractual obligations.

## Related Resources

Teams should document any workaround they adopt so that it can be reviewed and, where appropriate, standardised. Cross-functional dependencies should be identified early and tracked in the shared planning board. Audit and compliance teams may request evidence of adherence at any time. Feedback and suggested improvements are welcome and are triaged at the monthly process review. Escalations that cannot be resolved at team level are raised to the relevant steering committee.

## Escalation

If the 'Elevated latency' alert is not resolved within 15 minutes, page the secondary on-call engineer.
"
DOC-000113,Runbook: reporting-service - Queue backlog,runbook,ENG,60,,,GitHub Wiki,https://github-wiki.northwind-analytics.example.com/runbook/doc-000113,active,4,Internal,2026-02-10,2026-03-31,266,"# Runbook: reporting-service - Queue backlog

**Document ID:** DOC-000113
**Owner:** Pooja Gupta
**Department:** Engineering
**Status:** active
**Version:** 4
**Last updated:** 2026-03-31

## Alert

This runbook covers the 'Queue backlog' alert for reporting-service. Trigger threshold: 10 (see monitoring dashboard).

## Scope and Applicability

Cross-functional dependencies should be identified early and tracked in the shared planning board. Contractors and temporary staff are covered unless their agreement states otherwise. Northwind Analytics values transparency, so material changes are announced on the intranet before they take effect. Personal data handled as part of this process must be processed in line with the privacy notice.

## Triage

1. Check the dashboard for reporting-service. 2. Review recent deployments. 3. Post updates in #oncall-reporting-service.

## Mitigation

If the alert persists, restart the service with: kubectl rollout restart deployment/reporting-service

## Frequently Raised Concerns

All employees are expected to follow this guidance in addition to applicable local laws in all regions. Managers are responsible for ensuring that their teams have read and understood these requirements. Personal data handled as part of this process must be processed in line with the privacy notice.

## Escalation

If the 'Queue backlog' alert is not resolved within 30 minutes, page the secondary on-call engineer.

## Compliance and Exceptions

Third-party vendors who support this process must meet the same standards through contractual obligations. Exceptions must be approved in writing by the department head and recorded in the Engineering register. Questions about this document should be directed to the Engineering team through the internal service desk. This document is reviewed annually and whenever there is a material change to the underlying process.
"
DOC-000114,Runbook: auth-api - Certificate expiring,runbook,ENG,46,,,GitHub Wiki,https://github-wiki.northwind-analytics.example.com/runbook/doc-000114,active,3,Confidential,2024-09-05,2025-06-23,300,"# Runbook: auth-api - Certificate expiring

**Document ID:** DOC-000114
**Owner:** Mei Becker
**Department:** Engineering
**Status:** active
**Version:** 3
**Last updated:** 2025-06-23

## Glossary and Definitions

Personal data handled as part of this process must be processed in line with the privacy notice. Northwind Analytics values transparency, so material changes are announced on the intranet before they take effect. Managers are responsible for ensuring that their teams have read and understood these requirements. Teams should document any workaround they adopt so that it can be reviewed and, where appropriate, standardised. Third-party vendors who support this process must meet the same standards through contractual obligations.

## Compliance and Exceptions

Escalations that cannot be resolved at team level are raised to the relevant steering committee. Exceptions must be approved in writing by the department head and recorded in the Engineering register. All employees are expected to follow this guidance in addition to applicable local laws in all regions.

## Alert

This runbook covers the 'Certificate expiring' alert for auth-api. Trigger threshold: 10 (see monitoring dashboard).

## Roles and Responsibilities

Cross-functional dependencies should be identified early and tracked in the shared planning board. Escalations that cannot be resolved at team level are raised to the relevant steering committee. This document is reviewed annually and whenever there is a material change to the underlying process. Teams should document any workaround they adopt so that it can be reviewed and, where appropriate, standardised. Managers are responsible for ensuring that their teams have read and understood these requirements.

## Triage

1. Check the dashboard for auth-api. 2. Review recent deployments. 3. Post updates in #oncall-auth-api.

## Mitigation

If the alert persists, restart the service with: kubectl rollout restart deployment/auth-api

## Escalation

If the 'Certificate expiring' alert is not resolved within 10 minutes, page the secondary on-call engineer.
"
DOC-000115,Runbook: profile-engine - Queue backlog,runbook,ENG,25,,,Confluence,https://confluence.northwind-analytics.example.com/runbook/doc-000115,active,4,Internal,2025-02-22,2025-09-17,243,"# Runbook: profile-engine - Queue backlog

**Document ID:** DOC-000115
**Owner:** Arjun Park
**Department:** Engineering
**Status:** active
**Version:** 4
**Last updated:** 2025-09-17

## Alert

This runbook covers the 'Queue backlog' alert for profile-engine. Trigger threshold: 10 (see monitoring dashboard).

## Triage

1. Check the dashboard for profile-engine. 2. Review recent deployments. 3. Post updates in #oncall-profile-engine.

## Mitigation

If the alert persists, restart the service with: kubectl rollout restart deployment/profile-engine

## Frequently Raised Concerns

Questions about this document should be directed to the Engineering team through the internal service desk. All employees are expected to follow this guidance in addition to applicable local laws in all regions. Managers are responsible for ensuring that their teams have read and understood these requirements.

## Related Resources

Cross-functional dependencies should be identified early and tracked in the shared planning board. Northwind Analytics values transparency, so material changes are announced on the intranet before they take effect. Escalations that cannot be resolved at team level are raised to the relevant steering committee.

## Escalation

If the 'Queue backlog' alert is not resolved within 30 minutes, page the secondary on-call engineer.

## Reporting and Metrics

Managers are responsible for ensuring that their teams have read and understood these requirements. Contractors and temporary staff are covered unless their agreement states otherwise. Cross-functional dependencies should be identified early and tracked in the shared planning board. Questions about this document should be directed to the Engineering team through the internal service desk.
"
DOC-000116,Runbook: auth-engine - Certificate expiring,runbook,ENG,30,,,GitHub Wiki,https://github-wiki.northwind-analytics.example.com/runbook/doc-000116,active,4,Confidential,2023-10-09,2024-09-01,300,"# Runbook: auth-engine - Certificate expiring

**Document ID:** DOC-000116
**Owner:** Nikhil Iyer
**Department:** Engineering
**Status:** active
**Version:** 4
**Last updated:** 2024-09-01

## Reporting and Metrics

Training materials supporting this guidance are available on the learning platform. Personal data handled as part of this process must be processed in line with the privacy notice. Feedback and suggested improvements are welcome and are triaged at the monthly process review. Where this document conflicts with local regulation, the stricter requirement applies. Third-party vendors who support this process must meet the same standards through contractual obligations.

## Alert

This runbook covers the 'Certificate expiring' alert for auth-engine. Trigger threshold: 2 (see monitoring dashboard).

## Triage

1. Check the dashboard for auth-engine. 2. Review recent deployments. 3. Post updates in #oncall-auth-engine.

## Related Resources

Teams should document any workaround they adopt so that it can be reviewed and, where appropriate, standardised. All employees are expected to follow this guidance in addition to applicable local laws in all regions. Third-party vendors who support this process must meet the same standards through contractual obligations.

## Mitigation

If the alert persists, restart the service with: kubectl rollout restart deployment/auth-engine

## Escalation

If the 'Certificate expiring' alert is not resolved within 10 minutes, page the secondary on-call engineer.

## Frequently Raised Concerns

Teams should document any workaround they adopt so that it can be reviewed and, where appropriate, standardised. Metrics for this process are reported quarterly to the leadership team as part of the operating review. Northwind Analytics values transparency, so material changes are announced on the intranet before they take effect. Records related to this process are stored in the approved system of record and retained according to the data retention policy. This document is reviewed annually and whenever there is a material change to the underlying process.
"
DOC-000117,Runbook: analytics-engine - Disk usage high,runbook,ENG,38,,,GitHub Wiki,https://github-wiki.northwind-analytics.example.com/runbook/doc-000117,active,3,Internal,2025-09-16,2026-09-11,276,"# Runbook: analytics-engine - Disk usage high

**Document ID:** DOC-000117
**Owner:** Arjun Ali
**Department:** Engineering
**Status:** active
**Version:** 3
**Last updated:** 2026-09-11

## Alert

This runbook covers the 'Disk usage high' alert for analytics-engine. Trigger threshold: 90 (see monitoring dashboard).

## Triage

1. Check the dashboard for analytics-engine. 2. Review recent deployments. 3. Post updates in #oncall-analytics-engine.

## Mitigation

If the alert persists, restart the service with: kubectl rollout restart deployment/analytics-engine

## Related Resources

Questions about this document should be directed to the Engineering team through the internal service desk. Contractors and temporary staff are covered unless their agreement states otherwise. Exceptions must be approved in writing by the department head and recorded in the Engineering register. Metrics for this process are reported quarterly to the leadership team as part of the operating review.

## Background

Cross-functional dependencies should be identified early and tracked in the shared planning board. All employees are expected to follow this guidance in addition to applicable local laws in all regions. Third-party vendors who support this process must meet the same standards through contractual obligations. Training materials supporting this guidance are available on the learning platform.

## Escalation

If the 'Disk usage high' alert is not resolved within 5 minutes, page the secondary on-call engineer.

## Compliance and Exceptions

Personal data handled as part of this process must be processed in line with the privacy notice. Questions about this document should be directed to the Engineering team through the internal service desk. Cross-functional dependencies should be identified early and tracked in the shared planning board. This document is reviewed annually and whenever there is a material change to the underlying process.
"
DOC-000118,Runbook: inventory-engine - Queue backlog,runbook,ENG,15,,,GitHub Wiki,https://github-wiki.northwind-analytics.example.com/runbook/doc-000118,active,3,Internal,2024-12-23,2025-05-22,319,"# Runbook: inventory-engine - Queue backlog

**Document ID:** DOC-000118
**Owner:** Sofia Wright
**Department:** Engineering
**Status:** active
**Version:** 3
**Last updated:** 2025-05-22

## Alert

This runbook covers the 'Queue backlog' alert for inventory-engine. Trigger threshold: 80 (see monitoring dashboard).

## Triage

1. Check the dashboard for inventory-engine. 2. Review recent deployments. 3. Post updates in #oncall-inventory-engine.

## Background

All employees are expected to follow this guidance in addition to applicable local laws in all regions. Contractors and temporary staff are covered unless their agreement states otherwise. Third-party vendors who support this process must meet the same standards through contractual obligations. Exceptions must be approved in writing by the department head and recorded in the Engineering register. Questions about this document should be directed to the Engineering team through the internal service desk.

## Frequently Raised Concerns

Third-party vendors who support this process must meet the same standards through contractual obligations. Records related to this process are stored in the approved system of record and retained according to the data retention policy. Exceptions must be approved in writing by the department head and recorded in the Engineering register. Audit and compliance teams may request evidence of adherence at any time. Managers are responsible for ensuring that their teams have read and understood these requirements.

## Mitigation

If the alert persists, restart the service with: kubectl rollout restart deployment/inventory-engine

## Escalation

If the 'Queue backlog' alert is not resolved within 15 minutes, page the secondary on-call engineer.

## Roles and Responsibilities

Questions about this document should be directed to the Engineering team through the internal service desk. Feedback and suggested improvements are welcome and are triaged at the monthly process review. Personal data handled as part of this process must be processed in line with the privacy notice. Cross-functional dependencies should be identified early and tracked in the shared planning board. Contractors and temporary staff are covered unless their agreement states otherwise.
"
DOC-000119,Runbook: auth-engine - Elevated latency,runbook,ENG,30,,,Confluence,https://confluence.northwind-analytics.example.com/runbook/doc-000119,active,2,Confidential,2023-08-17,2024-06-21,276,"# Runbook: auth-engine - Elevated latency

**Document ID:** DOC-000119
**Owner:** Nikhil Iyer
**Department:** Engineering
**Status:** active
**Version:** 2
**Last updated:** 2024-06-21

## Alert

This runbook covers the 'Elevated latency' alert for auth-engine. Trigger threshold: 2 (see monitoring dashboard).

## Reporting and Metrics

Training materials supporting this guidance are available on the learning platform. Third-party vendors who support this process must meet the same standards through contractual obligations. Records related to this process are stored in the approved system of record and retained according to the data retention policy. Northwind Analytics values transparency, so material changes are announced on the intranet before they take effect.

## Triage

1. Check the dashboard for auth-engine. 2. Review recent deployments. 3. Post updates in #oncall-auth-engine.

## Related Resources

Third-party vendors who support this process must meet the same standards through contractual obligations. Teams should document any workaround they adopt so that it can be reviewed and, where appropriate, standardised. Northwind Analytics values transparency, so material changes are announced on the intranet before they take effect.

## Mitigation

If the alert persists, restart the service with: kubectl rollout restart deployment/auth-engine

## Escalation

If the 'Elevated latency' alert is not resolved within 15 minutes, page the secondary on-call engineer.

## Glossary and Definitions

Exceptions must be approved in writing by the department head and recorded in the Engineering register. Audit and compliance teams may request evidence of adherence at any time. Questions about this document should be directed to the Engineering team through the internal service desk. Third-party vendors who support this process must meet the same standards through contractual obligations. Contractors and temporary staff are covered unless their agreement states otherwise.
"
DOC-000120,Runbook: auth-api - Disk usage high,runbook,ENG,46,,,GitHub Wiki,https://github-wiki.northwind-analytics.example.com/runbook/doc-000120,active,3,Internal,2026-03-29,2026-09-30,279,"# Runbook: auth-api - Disk usage high

**Document ID:** DOC-000120
**Owner:** Mei Becker
**Department:** Engineering
**Status:** active
**Version:** 3
**Last updated:** 2026-09-30

## Roles and Responsibilities

Cross-functional dependencies should be identified early and tracked in the shared planning board. Training materials supporting this guidance are available on the learning platform. Northwind Analytics values transparency, so material changes are announced on the intranet before they take effect. Audit and compliance teams may request evidence of adherence at any time. Escalations that cannot be resolved at team level are raised to the relevant steering committee.

## Alert

This runbook covers the 'Disk usage high' alert for auth-api. Trigger threshold: 5 (see monitoring dashboard).

## Related Resources

Third-party vendors who support this process must meet the same standards through contractual obligations. Feedback and suggested improvements are welcome and are triaged at the monthly process review. Managers are responsible for ensuring that their teams have read and understood these requirements. Personal data handled as part of this process must be processed in line with the privacy notice.

## Triage

1. Check the dashboard for auth-api. 2. Review recent deployments. 3. Post updates in #oncall-auth-api.

## Mitigation

If the alert persists, restart the service with: kubectl rollout restart deployment/auth-api

## Compliance and Exceptions

Northwind Analytics values transparency, so material changes are announced on the intranet before they take effect. Third-party vendors who support this process must meet the same standards through contractual obligations. Contractors and temporary staff are covered unless their agreement states otherwise. Training materials supporting this guidance are available on the learning platform.

## Escalation

If the 'Disk usage high' alert is not resolved within 10 minutes, page the secondary on-call engineer.
"
DOC-000121,Runbook: ledger-service - Queue backlog,runbook,ENG,30,,,GitHub Wiki,https://github-wiki.northwind-analytics.example.com/runbook/doc-000121,active,1,Internal,2024-10-08,2025-07-06,292,"# Runbook: ledger-service - Queue backlog

**Document ID:** DOC-000121
**Owner:** Nikhil Iyer
**Department:** Engineering
**Status:** active
**Version:** 1
**Last updated:** 2025-07-06

## Alert

This runbook covers the 'Queue backlog' alert for ledger-service. Trigger threshold: 80 (see monitoring dashboard).

## Scope and Applicability

Feedback and suggested improvements are welcome and are triaged at the monthly process review. This document is reviewed annually and whenever there is a material change to the underlying process. Cross-functional dependencies should be identified early and tracked in the shared planning board. Audit and compliance teams may request evidence of adherence at any time.

## Background

Northwind Analytics values transparency, so material changes are announced on the intranet before they take effect. Metrics for this process are reported quarterly to the leadership team as part of the operating review. Training materials supporting this guidance are available on the learning platform. Escalations that cannot be resolved at team level are raised to the relevant steering committee. Audit and compliance teams may request evidence of adherence at any time.

## Triage

1. Check the dashboard for ledger-service. 2. Review recent deployments. 3. Post updates in #oncall-ledger-service.

## Glossary and Definitions

Where this document conflicts with local regulation, the stricter requirement applies. Personal data handled as part of this process must be processed in line with the privacy notice. Audit and compliance teams may request evidence of adherence at any time. Third-party vendors who support this process must meet the same standards through contractual obligations. Escalations that cannot be resolved at team level are raised to the relevant steering committee.

## Mitigation

If the alert persists, restart the service with: kubectl rollout restart deployment/ledger-service

## Escalation

If the 'Queue backlog' alert is not resolved within 30 minutes, page the secondary on-call engineer.
"
DOC-000122,Runbook: search-sync - Queue backlog,runbook,ENG,25,,,Confluence,https://confluence.northwind-analytics.example.com/runbook/doc-000122,active,4,Internal,2023-05-20,2023-05-26,281,"# Runbook: search-sync - Queue backlog

**Document ID:** DOC-000122
**Owner:** Arjun Park
**Department:** Engineering
**Status:** active
**Version:** 4
**Last updated:** 2023-05-26

## Alert

This runbook covers the 'Queue backlog' alert for search-sync. Trigger threshold: 2 (see monitoring dashboard).

## Triage

1. Check the dashboard for search-sync. 2. Review recent deployments. 3. Post updates in #oncall-search-sync.

## Mitigation

If the alert persists, restart the service with: kubectl rollout restart deployment/search-sync

## Reporting and Metrics

Contractors and temporary staff are covered unless their agreement states otherwise. Feedback and suggested improvements are welcome and are triaged at the monthly process review. Where this document conflicts with local regulation, the stricter requirement applies. All employees are expected to follow this guidance in addition to applicable local laws in all regions. Metrics for this process are reported quarterly to the leadership team as part of the operating review.

## Escalation

If the 'Queue backlog' alert is not resolved within 5 minutes, page the secondary on-call engineer.

## Glossary and Definitions

Questions about this document should be directed to the Engineering team through the internal service desk. Exceptions must be approved in writing by the department head and recorded in the Engineering register. Where this document conflicts with local regulation, the stricter requirement applies. Contractors and temporary staff are covered unless their agreement states otherwise. Audit and compliance teams may request evidence of adherence at any time.

## Review and Maintenance

This document is reviewed annually and whenever there is a material change to the underlying process. Questions about this document should be directed to the Engineering team through the internal service desk. Managers are responsible for ensuring that their teams have read and understood these requirements.
"
DOC-000123,Runbook: ingestion-gateway - Certificate expiring,runbook,ENG,60,,,Confluence,https://confluence.northwind-analytics.example.com/runbook/doc-000123,active,3,Internal,2024-01-13,2024-05-21,294,"# Runbook: ingestion-gateway - Certificate expiring

**Document ID:** DOC-000123
**Owner:** Pooja Gupta
**Department:** Engineering
**Status:** active
**Version:** 3
**Last updated:** 2024-05-21

## Background

Exceptions must be approved in writing by the department head and recorded in the Engineering register. Northwind Analytics values transparency, so material changes are announced on the intranet before they take effect. Personal data handled as part of this process must be processed in line with the privacy notice. Records related to this process are stored in the approved system of record and retained according to the data retention policy.

## Alert

This runbook covers the 'Certificate expiring' alert for ingestion-gateway. Trigger threshold: 2 (see monitoring dashboard).

## Triage

1. Check the dashboard for ingestion-gateway. 2. Review recent deployments. 3. Post updates in #oncall-ingestion-gateway.

## Scope and Applicability

Feedback and suggested improvements are welcome and are triaged at the monthly process review. Cross-functional dependencies should be identified early and tracked in the shared planning board. Records related to this process are stored in the approved system of record and retained according to the data retention policy.

## Mitigation

If the alert persists, restart the service with: kubectl rollout restart deployment/ingestion-gateway

## Reporting and Metrics

Audit and compliance teams may request evidence of adherence at any time. Feedback and suggested improvements are welcome and are triaged at the monthly process review. Records related to this process are stored in the approved system of record and retained according to the data retention policy. Northwind Analytics values transparency, so material changes are announced on the intranet before they take effect. Exceptions must be approved in writing by the department head and recorded in the Engineering register.

## Escalation

If the 'Certificate expiring' alert is not resolved within 10 minutes, page the secondary on-call engineer.
"
DOC-000124,Runbook: payments-api - Certificate expiring,runbook,ENG,93,,,GitHub Wiki,https://github-wiki.northwind-analytics.example.com/runbook/doc-000124,active,4,Internal,2025-03-15,2025-06-14,301,"# Runbook: payments-api - Certificate expiring

**Document ID:** DOC-000124
**Owner:** Layla Joshi
**Department:** Engineering
**Status:** active
**Version:** 4
**Last updated:** 2025-06-14

## Alert

This runbook covers the 'Certificate expiring' alert for payments-api. Trigger threshold: 90 (see monitoring dashboard).

## Compliance and Exceptions

Feedback and suggested improvements are welcome and are triaged at the monthly process review. Metrics for this process are reported quarterly to the leadership team as part of the operating review. All employees are expected to follow this guidance in addition to applicable local laws in all regions. Personal data handled as part of this process must be processed in line with the privacy notice. Training materials supporting this guidance are available on the learning platform.

## Triage

1. Check the dashboard for payments-api. 2. Review recent deployments. 3. Post updates in #oncall-payments-api.

## Review and Maintenance

Feedback and suggested improvements are welcome and are triaged at the monthly process review. This document is reviewed annually and whenever there is a material change to the underlying process. Exceptions must be approved in writing by the department head and recorded in the Engineering register. Third-party vendors who support this process must meet the same standards through contractual obligations. Metrics for this process are reported quarterly to the leadership team as part of the operating review.

## Mitigation

If the alert persists, restart the service with: kubectl rollout restart deployment/payments-api

## Reporting and Metrics

All employees are expected to follow this guidance in addition to applicable local laws in all regions. Exceptions must be approved in writing by the department head and recorded in the Engineering register. Northwind Analytics values transparency, so material changes are announced on the intranet before they take effect.

## Escalation

If the 'Certificate expiring' alert is not resolved within 10 minutes, page the secondary on-call engineer.
"
DOC-000125,Runbook: ledger-gateway - Elevated latency,runbook,ENG,195,,,GitHub Wiki,https://github-wiki.northwind-analytics.example.com/runbook/doc-000125,active,5,Confidential,2026-03-22,2026-03-23,293,"# Runbook: ledger-gateway - Elevated latency

**Document ID:** DOC-000125
**Owner:** Ava Tan
**Department:** Engineering
**Status:** active
**Version:** 5
**Last updated:** 2026-03-23

## Dependencies

Northwind Analytics values transparency, so material changes are announced on the intranet before they take effect. Exceptions must be approved in writing by the department head and recorded in the Engineering register. Questions about this document should be directed to the Engineering team through the internal service desk. Records related to this process are stored in the approved system of record and retained according to the data retention policy.

## Alert

This runbook covers the 'Elevated latency' alert for ledger-gateway. Trigger threshold: 80 (see monitoring dashboard).

## Triage

1. Check the dashboard for ledger-gateway. 2. Review recent deployments. 3. Post updates in #oncall-ledger-gateway.

## Scope and Applicability

This document is reviewed annually and whenever there is a material change to the underlying process. Escalations that cannot be resolved at team level are raised to the relevant steering committee. Audit and compliance teams may request evidence of adherence at any time. Third-party vendors who support this process must meet the same standards through contractual obligations.

## Mitigation

If the alert persists, restart the service with: kubectl rollout restart deployment/ledger-gateway

## Escalation

If the 'Elevated latency' alert is not resolved within 15 minutes, page the secondary on-call engineer.

## Reporting and Metrics

Questions about this document should be directed to the Engineering team through the internal service desk. Training materials supporting this guidance are available on the learning platform. All employees are expected to follow this guidance in addition to applicable local laws in all regions. Where this document conflicts with local regulation, the stricter requirement applies. Escalations that cannot be resolved at team level are raised to the relevant steering committee.
"
DOC-000126,Runbook: reporting-gateway - Queue backlog,runbook,ENG,60,,,GitHub Wiki,https://github-wiki.northwind-analytics.example.com/runbook/doc-000126,active,2,Confidential,2026-08-19,2026-09-30,258,"# Runbook: reporting-gateway - Queue backlog

**Document ID:** DOC-000126
**Owner:** Pooja Gupta
**Department:** Engineering
**Status:** active
**Version:** 2
**Last updated:** 2026-09-30

## Review and Maintenance

Escalations that cannot be resolved at team level are raised to the relevant steering committee. Third-party vendors who support this process must meet the same standards through contractual obligations. Questions about this document should be directed to the Engineering team through the internal service desk.

## Alert

This runbook covers the 'Queue backlog' alert for reporting-gateway. Trigger threshold: 10 (see monitoring dashboard).

## Triage

1. Check the dashboard for reporting-gateway. 2. Review recent deployments. 3. Post updates in #oncall-reporting-gateway.

## Mitigation

If the alert persists, restart the service with: kubectl rollout restart deployment/reporting-gateway

## Background

Metrics for this process are reported quarterly to the leadership team as part of the operating review. Where this document conflicts with local regulation, the stricter requirement applies. Managers are responsible for ensuring that their teams have read and understood these requirements. All employees are expected to follow this guidance in addition to applicable local laws in all regions. This document is reviewed annually and whenever there is a material change to the underlying process.

## Scope and Applicability

Training materials supporting this guidance are available on the learning platform. Third-party vendors who support this process must meet the same standards through contractual obligations. Northwind Analytics values transparency, so material changes are announced on the intranet before they take effect.

## Escalation

If the 'Queue backlog' alert is not resolved within 30 minutes, page the secondary on-call engineer.
"
DOC-000127,Runbook: shipping-service - High error rate,runbook,ENG,93,,,Confluence,https://confluence.northwind-analytics.example.com/runbook/doc-000127,active,1,Internal,2025-12-29,2026-08-16,263,"# Runbook: shipping-service - High error rate

**Document ID:** DOC-000127
**Owner:** Layla Joshi
**Department:** Engineering
**Status:** active
**Version:** 1
**Last updated:** 2026-08-16

## Scope and Applicability

Managers are responsible for ensuring that their teams have read and understood these requirements. Third-party vendors who support this process must meet the same standards through contractual obligations. All employees are expected to follow this guidance in addition to applicable local laws in all regions.

## Alert

This runbook covers the 'High error rate' alert for shipping-service. Trigger threshold: 80 (see monitoring dashboard).

## Triage

1. Check the dashboard for shipping-service. 2. Review recent deployments. 3. Post updates in #oncall-shipping-service.

## Mitigation

If the alert persists, restart the service with: kubectl rollout restart deployment/shipping-service

## Glossary and Definitions

Where this document conflicts with local regulation, the stricter requirement applies. Personal data handled as part of this process must be processed in line with the privacy notice. Metrics for this process are reported quarterly to the leadership team as part of the operating review.

## Roles and Responsibilities

Cross-functional dependencies should be identified early and tracked in the shared planning board. Managers are responsible for ensuring that their teams have read and understood these requirements. Training materials supporting this guidance are available on the learning platform. Metrics for this process are reported quarterly to the leadership team as part of the operating review. Exceptions must be approved in writing by the department head and recorded in the Engineering register.

## Escalation

If the 'High error rate' alert is not resolved within 15 minutes, page the secondary on-call engineer.
"
DOC-000128,Runbook: auth-engine - Disk usage high,runbook,ENG,30,,,Confluence,https://confluence.northwind-analytics.example.com/runbook/doc-000128,active,1,Confidential,2023-01-30,2023-04-28,254,"# Runbook: auth-engine - Disk usage high

**Document ID:** DOC-000128
**Owner:** Nikhil Iyer
**Department:** Engineering
**Status:** active
**Version:** 1
**Last updated:** 2023-04-28

## Alert

This runbook covers the 'Disk usage high' alert for auth-engine. Trigger threshold: 5 (see monitoring dashboard).

## Related Resources

Where this document conflicts with local regulation, the stricter requirement applies. Teams should document any workaround they adopt so that it can be reviewed and, where appropriate, standardised. Audit and compliance teams may request evidence of adherence at any time.

## Compliance and Exceptions

Northwind Analytics values transparency, so material changes are announced on the intranet before they take effect. Audit and compliance teams may request evidence of adherence at any time. This document is reviewed annually and whenever there is a material change to the underlying process. Personal data handled as part of this process must be processed in line with the privacy notice. Contractors and temporary staff are covered unless their agreement states otherwise.

## Triage

1. Check the dashboard for auth-engine. 2. Review recent deployments. 3. Post updates in #oncall-auth-engine.

## Mitigation

If the alert persists, restart the service with: kubectl rollout restart deployment/auth-engine

## Escalation

If the 'Disk usage high' alert is not resolved within 10 minutes, page the secondary on-call engineer.

## Reporting and Metrics

This document is reviewed annually and whenever there is a material change to the underlying process. Third-party vendors who support this process must meet the same standards through contractual obligations. Training materials supporting this guidance are available on the learning platform.
"
DOC-000129,Runbook: recommendation-sync - Queue backlog,runbook,ENG,146,,,GitHub Wiki,https://github-wiki.northwind-analytics.example.com/runbook/doc-000129,active,3,Internal,2026-04-29,2026-07-26,271,"# Runbook: recommendation-sync - Queue backlog

**Document ID:** DOC-000129
**Owner:** Arjun Smith
**Department:** Engineering
**Status:** active
**Version:** 3
**Last updated:** 2026-07-26

## Scope and Applicability

Managers are responsible for ensuring that their teams have read and understood these requirements. This document is reviewed annually and whenever there is a material change to the underlying process. Northwind Analytics values transparency, so material changes are announced on the intranet before they take effect.

## Frequently Raised Concerns

All employees are expected to follow this guidance in addition to applicable local laws in all regions. Third-party vendors who support this process must meet the same standards through contractual obligations. Questions about this document should be directed to the Engineering team through the internal service desk.

## Related Resources

Escalations that cannot be resolved at team level are raised to the relevant steering committee. Records related to this process are stored in the approved system of record and retained according to the data retention policy. Metrics for this process are reported quarterly to the leadership team as part of the operating review. This document is reviewed annually and whenever there is a material change to the underlying process. Contractors and temporary staff are covered unless their agreement states otherwise.

## Alert

This runbook covers the 'Queue backlog' alert for recommendation-sync. Trigger threshold: 2 (see monitoring dashboard).

## Triage

1. Check the dashboard for recommendation-sync. 2. Review recent deployments. 3. Post updates in #oncall-recommendation-sync.

## Mitigation

If the alert persists, restart the service with: kubectl rollout restart deployment/recommendation-sync

## Escalation

If the 'Queue backlog' alert is not resolved within 10 minutes, page the secondary on-call engineer.
"
DOC-000130,Runbook: search-sync - High error rate,runbook,ENG,25,,,Confluence,https://confluence.northwind-analytics.example.com/runbook/doc-000130,active,4,Confidential,2024-08-04,2025-03-05,260,"# Runbook: search-sync - High error rate

**Document ID:** DOC-000130
**Owner:** Arjun Park
**Department:** Engineering
**Status:** active
**Version:** 4
**Last updated:** 2025-03-05

## Reporting and Metrics

Teams should document any workaround they adopt so that it can be reviewed and, where appropriate, standardised. All employees are expected to follow this guidance in addition to applicable local laws in all regions. Training materials supporting this guidance are available on the learning platform. This document is reviewed annually and whenever there is a material change to the underlying process.

## Related Resources

Training materials supporting this guidance are available on the learning platform. Records related to this process are stored in the approved system of record and retained according to the data retention policy. Exceptions must be approved in writing by the department head and recorded in the Engineering register. Contractors and temporary staff are covered unless their agreement states otherwise.

## Alert

This runbook covers the 'High error rate' alert for search-sync. Trigger threshold: 90 (see monitoring dashboard).

## Triage

1. Check the dashboard for search-sync. 2. Review recent deployments. 3. Post updates in #oncall-search-sync.

## Mitigation

If the alert persists, restart the service with: kubectl rollout restart deployment/search-sync

## Background

Third-party vendors who support this process must meet the same standards through contractual obligations. Questions about this document should be directed to the Engineering team through the internal service desk. Contractors and temporary staff are covered unless their agreement states otherwise.

## Escalation

If the 'High error rate' alert is not resolved within 5 minutes, page the secondary on-call engineer.
"
DOC-000131,Runbook: ingestion-gateway - Queue backlog,runbook,ENG,60,,,Confluence,https://confluence.northwind-analytics.example.com/runbook/doc-000131,active,4,Confidential,2025-11-05,2026-02-25,261,"# Runbook: ingestion-gateway - Queue backlog

**Document ID:** DOC-000131
**Owner:** Pooja Gupta
**Department:** Engineering
**Status:** active
**Version:** 4
**Last updated:** 2026-02-25

## Alert

This runbook covers the 'Queue backlog' alert for ingestion-gateway. Trigger threshold: 90 (see monitoring dashboard).

## Triage

1. Check the dashboard for ingestion-gateway. 2. Review recent deployments. 3. Post updates in #oncall-ingestion-gateway.

## Background

Managers are responsible for ensuring that their teams have read and understood these requirements. Third-party vendors who support this process must meet the same standards through contractual obligations. Personal data handled as part of this process must be processed in line with the privacy notice.

## Mitigation

If the alert persists, restart the service with: kubectl rollout restart deployment/ingestion-gateway

## Roles and Responsibilities

Records related to this process are stored in the approved system of record and retained according to the data retention policy. Exceptions must be approved in writing by the department head and recorded in the Engineering register. Personal data handled as part of this process must be processed in line with the privacy notice.

## Escalation

If the 'Queue backlog' alert is not resolved within 15 minutes, page the secondary on-call engineer.

## Review and Maintenance

Escalations that cannot be resolved at team level are raised to the relevant steering committee. Contractors and temporary staff are covered unless their agreement states otherwise. Where this document conflicts with local regulation, the stricter requirement applies. Third-party vendors who support this process must meet the same standards through contractual obligations. Managers are responsible for ensuring that their teams have read and understood these requirements.
"
DOC-000132,Runbook: ingestion-gateway - High error rate,runbook,ENG,60,,,Confluence,https://confluence.northwind-analytics.example.com/runbook/doc-000132,active,1,Confidential,2023-08-02,2024-08-15,297,"# Runbook: ingestion-gateway - High error rate

**Document ID:** DOC-000132
**Owner:** Pooja Gupta
**Department:** Engineering
**Status:** active
**Version:** 1
**Last updated:** 2024-08-15

## Related Resources

This document is reviewed annually and whenever there is a material change to the underlying process. Questions about this document should be directed to the Engineering team through the internal service desk. Training materials supporting this guidance are available on the learning platform. Escalations that cannot be resolved at team level are raised to the relevant steering committee. Third-party vendors who support this process must meet the same standards through contractual obligations.

## Roles and Responsibilities

Audit and compliance teams may request evidence of adherence at any time. Teams should document any workaround they adopt so that it can be reviewed and, where appropriate, standardised. Where this document conflicts with local regulation, the stricter requirement applies. Escalations that cannot be resolved at team level are raised to the relevant steering committee. Cross-functional dependencies should be identified early and tracked in the shared planning board.

## Alert

This runbook covers the 'High error rate' alert for ingestion-gateway. Trigger threshold: 2 (see monitoring dashboard).

## Triage

1. Check the dashboard for ingestion-gateway. 2. Review recent deployments. 3. Post updates in #oncall-ingestion-gateway.

## Mitigation

If the alert persists, restart the service with: kubectl rollout restart deployment/ingestion-gateway

## Reporting and Metrics

Training materials supporting this guidance are available on the learning platform. This document is reviewed annually and whenever there is a material change to the underlying process. Audit and compliance teams may request evidence of adherence at any time. Personal data handled as part of this process must be processed in line with the privacy notice.

## Escalation

If the 'High error rate' alert is not resolved within 30 minutes, page the secondary on-call engineer.
"
DOC-000133,Runbook: inventory-engine - High error rate,runbook,ENG,15,,,GitHub Wiki,https://github-wiki.northwind-analytics.example.com/runbook/doc-000133,active,1,Internal,2025-02-08,2025-05-31,262,"# Runbook: inventory-engine - High error rate

**Document ID:** DOC-000133
**Owner:** Sofia Wright
**Department:** Engineering
**Status:** active
**Version:** 1
**Last updated:** 2025-05-31

## Roles and Responsibilities

Metrics for this process are reported quarterly to the leadership team as part of the operating review. Records related to this process are stored in the approved system of record and retained according to the data retention policy. Northwind Analytics values transparency, so material changes are announced on the intranet before they take effect.

## Alert

This runbook covers the 'High error rate' alert for inventory-engine. Trigger threshold: 5 (see monitoring dashboard).

## Triage

1. Check the dashboard for inventory-engine. 2. Review recent deployments. 3. Post updates in #oncall-inventory-engine.

## Mitigation

If the alert persists, restart the service with: kubectl rollout restart deployment/inventory-engine

## Related Resources

Feedback and suggested improvements are welcome and are triaged at the monthly process review. Where this document conflicts with local regulation, the stricter requirement applies. Audit and compliance teams may request evidence of adherence at any time. Questions about this document should be directed to the Engineering team through the internal service desk.

## Escalation

If the 'High error rate' alert is not resolved within 30 minutes, page the secondary on-call engineer.

## Scope and Applicability

Managers are responsible for ensuring that their teams have read and understood these requirements. Metrics for this process are reported quarterly to the leadership team as part of the operating review. Where this document conflicts with local regulation, the stricter requirement applies. Audit and compliance teams may request evidence of adherence at any time.
"
DOC-000134,Runbook: ledger-service - Disk usage high,runbook,ENG,30,,,Confluence,https://confluence.northwind-analytics.example.com/runbook/doc-000134,active,4,Internal,2023-10-07,2023-12-02,299,"# Runbook: ledger-service - Disk usage high

**Document ID:** DOC-000134
**Owner:** Nikhil Iyer
**Department:** Engineering
**Status:** active
**Version:** 4
**Last updated:** 2023-12-02

## Alert

This runbook covers the 'Disk usage high' alert for ledger-service. Trigger threshold: 10 (see monitoring dashboard).

## Triage

1. Check the dashboard for ledger-service. 2. Review recent deployments. 3. Post updates in #oncall-ledger-service.

## Glossary and Definitions

Records related to this process are stored in the approved system of record and retained according to the data retention policy. Cross-functional dependencies should be identified early and tracked in the shared planning board. Training materials supporting this guidance are available on the learning platform. Exceptions must be approved in writing by the department head and recorded in the Engineering register. Where this document conflicts with local regulation, the stricter requirement applies.

## Review and Maintenance

Third-party vendors who support this process must meet the same standards through contractual obligations. Where this document conflicts with local regulation, the stricter requirement applies. Cross-functional dependencies should be identified early and tracked in the shared planning board. Teams should document any workaround they adopt so that it can be reviewed and, where appropriate, standardised. Training materials supporting this guidance are available on the learning platform.

## Background

All employees are expected to follow this guidance in addition to applicable local laws in all regions. Teams should document any workaround they adopt so that it can be reviewed and, where appropriate, standardised. Training materials supporting this guidance are available on the learning platform. This document is reviewed annually and whenever there is a material change to the underlying process.

## Mitigation

If the alert persists, restart the service with: kubectl rollout restart deployment/ledger-service

## Escalation

If the 'Disk usage high' alert is not resolved within 5 minutes, page the secondary on-call engineer.
"
DOC-000135,Runbook: analytics-engine - Certificate expiring,runbook,ENG,38,,,Confluence,https://confluence.northwind-analytics.example.com/runbook/doc-000135,active,1,Internal,2023-11-02,2024-08-21,317,"# Runbook: analytics-engine - Certificate expiring

**Document ID:** DOC-000135
**Owner:** Arjun Ali
**Department:** Engineering
**Status:** active
**Version:** 1
**Last updated:** 2024-08-21

## Alert

This runbook covers the 'Certificate expiring' alert for analytics-engine. Trigger threshold: 90 (see monitoring dashboard).

## Reporting and Metrics

This document is reviewed annually and whenever there is a material change to the underlying process. Metrics for this process are reported quarterly to the leadership team as part of the operating review. Third-party vendors who support this process must meet the same standards through contractual obligations. Cross-functional dependencies should be identified early and tracked in the shared planning board. Exceptions must be approved in writing by the department head and recorded in the Engineering register.

## Triage

1. Check the dashboard for analytics-engine. 2. Review recent deployments. 3. Post updates in #oncall-analytics-engine.

## Roles and Responsibilities

Personal data handled as part of this process must be processed in line with the privacy notice. Northwind Analytics values transparency, so material changes are announced on the intranet before they take effect. Third-party vendors who support this process must meet the same standards through contractual obligations. Cross-functional dependencies should be identified early and tracked in the shared planning board.

## Mitigation

If the alert persists, restart the service with: kubectl rollout restart deployment/analytics-engine

## Frequently Raised Concerns

All employees are expected to follow this guidance in addition to applicable local laws in all regions. Teams should document any workaround they adopt so that it can be reviewed and, where appropriate, standardised. Where this document conflicts with local regulation, the stricter requirement applies. Questions about this document should be directed to the Engineering team through the internal service desk. Records related to this process are stored in the approved system of record and retained according to the data retention policy.

## Escalation

If the 'Certificate expiring' alert is not resolved within 10 minutes, page the secondary on-call engineer.
"
DOC-000136,Runbook: ingestion-engine - High error rate,runbook,ENG,15,,,GitHub Wiki,https://github-wiki.northwind-analytics.example.com/runbook/doc-000136,active,3,Internal,2025-09-09,2026-08-17,301,"# Runbook: ingestion-engine - High error rate

**Document ID:** DOC-000136
**Owner:** Sofia Wright
**Department:** Engineering
**Status:** active
**Version:** 3
**Last updated:** 2026-08-17

## Alert

This runbook covers the 'High error rate' alert for ingestion-engine. Trigger threshold: 2 (see monitoring dashboard).

## Triage

1. Check the dashboard for ingestion-engine. 2. Review recent deployments. 3. Post updates in #oncall-ingestion-engine.

## Frequently Raised Concerns

Managers are responsible for ensuring that their teams have read and understood these requirements. Northwind Analytics values transparency, so material changes are announced on the intranet before they take effect. Records related to this process are stored in the approved system of record and retained according to the data retention policy. Personal data handled as part of this process must be processed in line with the privacy notice.

## Mitigation

If the alert persists, restart the service with: kubectl rollout restart deployment/ingestion-engine

## Reporting and Metrics

Audit and compliance teams may request evidence of adherence at any time. Personal data handled as part of this process must be processed in line with the privacy notice. Exceptions must be approved in writing by the department head and recorded in the Engineering register. Managers are responsible for ensuring that their teams have read and understood these requirements. Where this document conflicts with local regulation, the stricter requirement applies.

## Escalation

If the 'High error rate' alert is not resolved within 5 minutes, page the secondary on-call engineer.

## Roles and Responsibilities

Metrics for this process are reported quarterly to the leadership team as part of the operating review. All employees are expected to follow this guidance in addition to applicable local laws in all regions. Questions about this document should be directed to the Engineering team through the internal service desk. Where this document conflicts with local regulation, the stricter requirement applies.
"
DOC-000137,Runbook: profile-sync - Certificate expiring,runbook,ENG,60,,,GitHub Wiki,https://github-wiki.northwind-analytics.example.com/runbook/doc-000137,active,1,Internal,2026-06-24,2026-09-30,247,"# Runbook: profile-sync - Certificate expiring

**Document ID:** DOC-000137
**Owner:** Pooja Gupta
**Department:** Engineering
**Status:** active
**Version:** 1
**Last updated:** 2026-09-30

## Alert

This runbook covers the 'Certificate expiring' alert for profile-sync. Trigger threshold: 2 (see monitoring dashboard).

## Triage

1. Check the dashboard for profile-sync. 2. Review recent deployments. 3. Post updates in #oncall-profile-sync.

## Mitigation

If the alert persists, restart the service with: kubectl rollout restart deployment/profile-sync

## Roles and Responsibilities

Metrics for this process are reported quarterly to the leadership team as part of the operating review. Exceptions must be approved in writing by the department head and recorded in the Engineering register. Escalations that cannot be resolved at team level are raised to the relevant steering committee. Records related to this process are stored in the approved system of record and retained according to the data retention policy.

## Escalation

If the 'Certificate expiring' alert is not resolved within 10 minutes, page the secondary on-call engineer.

## Compliance and Exceptions

Cross-functional dependencies should be identified early and tracked in the shared planning board. Questions about this document should be directed to the Engineering team through the internal service desk. Where this document conflicts with local regulation, the stricter requirement applies.

## Scope and Applicability

Audit and compliance teams may request evidence of adherence at any time. Training materials supporting this guidance are available on the learning platform. This document is reviewed annually and whenever there is a material change to the underlying process.
"
DOC-000138,Runbook: notification-hub - Queue backlog,runbook,ENG,50,,,GitHub Wiki,https://github-wiki.northwind-analytics.example.com/runbook/doc-000138,active,3,Internal,2024-10-18,2025-04-16,286,"# Runbook: notification-hub - Queue backlog

**Document ID:** DOC-000138
**Owner:** Nikhil Ghosh
**Department:** Engineering
**Status:** active
**Version:** 3
**Last updated:** 2025-04-16

## Background

Escalations that cannot be resolved at team level are raised to the relevant steering committee. Metrics for this process are reported quarterly to the leadership team as part of the operating review. Third-party vendors who support this process must meet the same standards through contractual obligations. Feedback and suggested improvements are welcome and are triaged at the monthly process review.

## Compliance and Exceptions

Questions about this document should be directed to the Engineering team through the internal service desk. Where this document conflicts with local regulation, the stricter requirement applies. Metrics for this process are reported quarterly to the leadership team as part of the operating review. Exceptions must be approved in writing by the department head and recorded in the Engineering register.

## Alert

This runbook covers the 'Queue backlog' alert for notification-hub. Trigger threshold: 5 (see monitoring dashboard).

## Triage

1. Check the dashboard for notification-hub. 2. Review recent deployments. 3. Post updates in #oncall-notification-hub.

## Roles and Responsibilities

This document is reviewed annually and whenever there is a material change to the underlying process. Third-party vendors who support this process must meet the same standards through contractual obligations. Contractors and temporary staff are covered unless their agreement states otherwise. Training materials supporting this guidance are available on the learning platform. Personal data handled as part of this process must be processed in line with the privacy notice.

## Mitigation

If the alert persists, restart the service with: kubectl rollout restart deployment/notification-hub

## Escalation

If the 'Queue backlog' alert is not resolved within 10 minutes, page the secondary on-call engineer.
"
DOC-000139,Runbook: ledger-sync - Elevated latency,runbook,ENG,45,,,Confluence,https://confluence.northwind-analytics.example.com/runbook/doc-000139,active,3,Internal,2023-08-12,2023-11-04,270,"# Runbook: ledger-sync - Elevated latency

**Document ID:** DOC-000139
**Owner:** William Becker
**Department:** Engineering
**Status:** active
**Version:** 3
**Last updated:** 2023-11-04

## Reporting and Metrics

All employees are expected to follow this guidance in addition to applicable local laws in all regions. Contractors and temporary staff are covered unless their agreement states otherwise. Teams should document any workaround they adopt so that it can be reviewed and, where appropriate, standardised. Audit and compliance teams may request evidence of adherence at any time. Feedback and suggested improvements are welcome and are triaged at the monthly process review.

## Related Resources

Third-party vendors who support this process must meet the same standards through contractual obligations. Escalations that cannot be resolved at team level are raised to the relevant steering committee. Teams should document any workaround they adopt so that it can be reviewed and, where appropriate, standardised.

## Alert

This runbook covers the 'Elevated latency' alert for ledger-sync. Trigger threshold: 2 (see monitoring dashboard).

## Triage

1. Check the dashboard for ledger-sync. 2. Review recent deployments. 3. Post updates in #oncall-ledger-sync.

## Mitigation

If the alert persists, restart the service with: kubectl rollout restart deployment/ledger-sync

## Escalation

If the 'Elevated latency' alert is not resolved within 15 minutes, page the secondary on-call engineer.

## Review and Maintenance

All employees are expected to follow this guidance in addition to applicable local laws in all regions. Contractors and temporary staff are covered unless their agreement states otherwise. Where this document conflicts with local regulation, the stricter requirement applies. Exceptions must be approved in writing by the department head and recorded in the Engineering register.
"
DOC-000140,Runbook: ingestion-sync - Disk usage high,runbook,ENG,23,,,GitHub Wiki,https://github-wiki.northwind-analytics.example.com/runbook/doc-000140,active,3,Internal,2026-03-31,2026-09-22,291,"# Runbook: ingestion-sync - Disk usage high

**Document ID:** DOC-000140
**Owner:** Jonas Nguyen
**Department:** Engineering
**Status:** active
**Version:** 3
**Last updated:** 2026-09-22

## Alert

This runbook covers the 'Disk usage high' alert for ingestion-sync. Trigger threshold: 80 (see monitoring dashboard).

## Related Resources

Metrics for this process are reported quarterly to the leadership team as part of the operating review. Records related to this process are stored in the approved system of record and retained according to the data retention policy. Personal data handled as part of this process must be processed in line with the privacy notice. Escalations that cannot be resolved at team level are raised to the relevant steering committee.

## Triage

1. Check the dashboard for ingestion-sync. 2. Review recent deployments. 3. Post updates in #oncall-ingestion-sync.

## Background

Contractors and temporary staff are covered unless their agreement states otherwise. Exceptions must be approved in writing by the department head and recorded in the Engineering register. Managers are responsible for ensuring that their teams have read and understood these requirements. Records related to this process are stored in the approved system of record and retained according to the data retention policy.

## Mitigation

If the alert persists, restart the service with: kubectl rollout restart deployment/ingestion-sync

## Escalation

If the 'Disk usage high' alert is not resolved within 15 minutes, page the secondary on-call engineer.

## Reporting and Metrics

Records related to this process are stored in the approved system of record and retained according to the data retention policy. Feedback and suggested improvements are welcome and are triaged at the monthly process review. Training materials supporting this guidance are available on the learning platform. Third-party vendors who support this process must meet the same standards through contractual obligations.
"
DOC-000141,Runbook: ingestion-sync - Elevated latency,runbook,ENG,23,,,GitHub Wiki,https://github-wiki.northwind-analytics.example.com/runbook/doc-000141,active,1,Internal,2023-11-27,2024-03-27,300,"# Runbook: ingestion-sync - Elevated latency

**Document ID:** DOC-000141
**Owner:** Jonas Nguyen
**Department:** Engineering
**Status:** active
**Version:** 1
**Last updated:** 2024-03-27

## Frequently Raised Concerns

Escalations that cannot be resolved at team level are raised to the relevant steering committee. Records related to this process are stored in the approved system of record and retained according to the data retention policy. Where this document conflicts with local regulation, the stricter requirement applies. Feedback and suggested improvements are welcome and are triaged at the monthly process review.

## Alert

This runbook covers the 'Elevated latency' alert for ingestion-sync. Trigger threshold: 5 (see monitoring dashboard).

## Triage

1. Check the dashboard for ingestion-sync. 2. Review recent deployments. 3. Post updates in #oncall-ingestion-sync.

## Reporting and Metrics

Cross-functional dependencies should be identified early and tracked in the shared planning board. Records related to this process are stored in the approved system of record and retained according to the data retention policy. Contractors and temporary staff are covered unless their agreement states otherwise. Exceptions must be approved in writing by the department head and recorded in the Engineering register.

## Related Resources

Exceptions must be approved in writing by the department head and recorded in the Engineering register. Audit and compliance teams may request evidence of adherence at any time. Escalations that cannot be resolved at team level are raised to the relevant steering committee. Questions about this document should be directed to the Engineering team through the internal service desk. Records related to this process are stored in the approved system of record and retained according to the data retention policy.

## Mitigation

If the alert persists, restart the service with: kubectl rollout restart deployment/ingestion-sync

## Escalation

If the 'Elevated latency' alert is not resolved within 10 minutes, page the secondary on-call engineer.
"
DOC-000142,Runbook: ledger-gateway - Queue backlog,runbook,ENG,195,,,GitHub Wiki,https://github-wiki.northwind-analytics.example.com/runbook/doc-000142,active,1,Restricted,2024-10-17,2025-01-04,285,"# Runbook: ledger-gateway - Queue backlog

**Document ID:** DOC-000142
**Owner:** Ava Tan
**Department:** Engineering
**Status:** active
**Version:** 1
**Last updated:** 2025-01-04

## Alert

This runbook covers the 'Queue backlog' alert for ledger-gateway. Trigger threshold: 80 (see monitoring dashboard).

## Reporting and Metrics

Third-party vendors who support this process must meet the same standards through contractual obligations. Exceptions must be approved in writing by the department head and recorded in the Engineering register. Managers are responsible for ensuring that their teams have read and understood these requirements. Audit and compliance teams may request evidence of adherence at any time. Feedback and suggested improvements are welcome and are triaged at the monthly process review.

## Triage

1. Check the dashboard for ledger-gateway. 2. Review recent deployments. 3. Post updates in #oncall-ledger-gateway.

## Frequently Raised Concerns

Contractors and temporary staff are covered unless their agreement states otherwise. All employees are expected to follow this guidance in addition to applicable local laws in all regions. Northwind Analytics values transparency, so material changes are announced on the intranet before they take effect.

## Mitigation

If the alert persists, restart the service with: kubectl rollout restart deployment/ledger-gateway

## Escalation

If the 'Queue backlog' alert is not resolved within 10 minutes, page the secondary on-call engineer.

## Background

Managers are responsible for ensuring that their teams have read and understood these requirements. Metrics for this process are reported quarterly to the leadership team as part of the operating review. Audit and compliance teams may request evidence of adherence at any time. Escalations that cannot be resolved at team level are raised to the relevant steering committee. Exceptions must be approved in writing by the department head and recorded in the Engineering register.
"
DOC-000143,Runbook: reporting-service - Disk usage high,runbook,ENG,60,,,Confluence,https://confluence.northwind-analytics.example.com/runbook/doc-000143,active,5,Confidential,2024-10-30,2024-11-27,294,"# Runbook: reporting-service - Disk usage high

**Document ID:** DOC-000143
**Owner:** Pooja Gupta
**Department:** Engineering
**Status:** active
**Version:** 5
**Last updated:** 2024-11-27

## Alert

This runbook covers the 'Disk usage high' alert for reporting-service. Trigger threshold: 2 (see monitoring dashboard).

## Triage

1. Check the dashboard for reporting-service. 2. Review recent deployments. 3. Post updates in #oncall-reporting-service.

## Review and Maintenance

Northwind Analytics values transparency, so material changes are announced on the intranet before they take effect. Where this document conflicts with local regulation, the stricter requirement applies. Third-party vendors who support this process must meet the same standards through contractual obligations. Records related to this process are stored in the approved system of record and retained according to the data retention policy. Contractors and temporary staff are covered unless their agreement states otherwise.

## Roles and Responsibilities

Personal data handled as part of this process must be processed in line with the privacy notice. Exceptions must be approved in writing by the department head and recorded in the Engineering register. Escalations that cannot be resolved at team level are raised to the relevant steering committee. Where this document conflicts with local regulation, the stricter requirement applies. Questions about this document should be directed to the Engineering team through the internal service desk.

## Mitigation

If the alert persists, restart the service with: kubectl rollout restart deployment/reporting-service

## Background

Cross-functional dependencies should be identified early and tracked in the shared planning board. Metrics for this process are reported quarterly to the leadership team as part of the operating review. Questions about this document should be directed to the Engineering team through the internal service desk.

## Escalation

If the 'Disk usage high' alert is not resolved within 15 minutes, page the secondary on-call engineer.
"
DOC-000144,Runbook: reporting-service - High error rate,runbook,ENG,60,,,GitHub Wiki,https://github-wiki.northwind-analytics.example.com/runbook/doc-000144,active,3,Internal,2024-08-05,2025-01-28,318,"# Runbook: reporting-service - High error rate

**Document ID:** DOC-000144
**Owner:** Pooja Gupta
**Department:** Engineering
**Status:** active
**Version:** 3
**Last updated:** 2025-01-28

## Review and Maintenance

Questions about this document should be directed to the Engineering team through the internal service desk. Managers are responsible for ensuring that their teams have read and understood these requirements. Where this document conflicts with local regulation, the stricter requirement applies. Personal data handled as part of this process must be processed in line with the privacy notice. Training materials supporting this guidance are available on the learning platform.

## Alert

This runbook covers the 'High error rate' alert for reporting-service. Trigger threshold: 2 (see monitoring dashboard).

## Triage

1. Check the dashboard for reporting-service. 2. Review recent deployments. 3. Post updates in #oncall-reporting-service.

## Compliance and Exceptions

Teams should document any workaround they adopt so that it can be reviewed and, where appropriate, standardised. Cross-functional dependencies should be identified early and tracked in the shared planning board. Managers are responsible for ensuring that their teams have read and understood these requirements. Personal data handled as part of this process must be processed in line with the privacy notice. Contractors and temporary staff are covered unless their agreement states otherwise.

## Mitigation

If the alert persists, restart the service with: kubectl rollout restart deployment/reporting-service

## Escalation

If the 'High error rate' alert is not resolved within 15 minutes, page the secondary on-call engineer.

## Dependencies

Metrics for this process are reported quarterly to the leadership team as part of the operating review. Teams should document any workaround they adopt so that it can be reviewed and, where appropriate, standardised. Cross-functional dependencies should be identified early and tracked in the shared planning board. Managers are responsible for ensuring that their teams have read and understood these requirements. Questions about this document should be directed to the Engineering team through the internal service desk.
"
DOC-000145,Runbook: profile-engine - Elevated latency,runbook,ENG,25,,,GitHub Wiki,https://github-wiki.northwind-analytics.example.com/runbook/doc-000145,active,3,Internal,2023-01-14,2023-08-11,252,"# Runbook: profile-engine - Elevated latency

**Document ID:** DOC-000145
**Owner:** Arjun Park
**Department:** Engineering
**Status:** active
**Version:** 3
**Last updated:** 2023-08-11

## Alert

This runbook covers the 'Elevated latency' alert for profile-engine. Trigger threshold: 2 (see monitoring dashboard).

## Frequently Raised Concerns

Northwind Analytics values transparency, so material changes are announced on the intranet before they take effect. Contractors and temporary staff are covered unless their agreement states otherwise. Third-party vendors who support this process must meet the same standards through contractual obligations.

## Review and Maintenance

Metrics for this process are reported quarterly to the leadership team as part of the operating review. Training materials supporting this guidance are available on the learning platform. All employees are expected to follow this guidance in addition to applicable local laws in all regions. Northwind Analytics values transparency, so material changes are announced on the intranet before they take effect. Third-party vendors who support this process must meet the same standards through contractual obligations.

## Related Resources

Contractors and temporary staff are covered unless their agreement states otherwise. Cross-functional dependencies should be identified early and tracked in the shared planning board. Third-party vendors who support this process must meet the same standards through contractual obligations.

## Triage

1. Check the dashboard for profile-engine. 2. Review recent deployments. 3. Post updates in #oncall-profile-engine.

## Mitigation

If the alert persists, restart the service with: kubectl rollout restart deployment/profile-engine

## Escalation

If the 'Elevated latency' alert is not resolved within 30 minutes, page the secondary on-call engineer.
"
DOC-000146,Runbook: auth-engine - Queue backlog,runbook,ENG,30,,,GitHub Wiki,https://github-wiki.northwind-analytics.example.com/runbook/doc-000146,active,3,Internal,2026-09-01,2026-09-30,264,"# Runbook: auth-engine - Queue backlog

**Document ID:** DOC-000146
**Owner:** Nikhil Iyer
**Department:** Engineering
**Status:** active
**Version:** 3
**Last updated:** 2026-09-30

## Alert

This runbook covers the 'Queue backlog' alert for auth-engine. Trigger threshold: 2 (see monitoring dashboard).

## Roles and Responsibilities

Teams should document any workaround they adopt so that it can be reviewed and, where appropriate, standardised. Feedback and suggested improvements are welcome and are triaged at the monthly process review. Third-party vendors who support this process must meet the same standards through contractual obligations. Escalations that cannot be resolved at team level are raised to the relevant steering committee.

## Triage

1. Check the dashboard for auth-engine. 2. Review recent deployments. 3. Post updates in #oncall-auth-engine.

## Review and Maintenance

Third-party vendors who support this process must meet the same standards through contractual obligations. Questions about this document should be directed to the Engineering team through the internal service desk. Escalations that cannot be resolved at team level are raised to the relevant steering committee. Contractors and temporary staff are covered unless their agreement states otherwise.

## Compliance and Exceptions

Escalations that cannot be resolved at team level are raised to the relevant steering committee. Personal data handled as part of this process must be processed in line with the privacy notice. All employees are expected to follow this guidance in addition to applicable local laws in all regions.

## Mitigation

If the alert persists, restart the service with: kubectl rollout restart deployment/auth-engine

## Escalation

If the 'Queue backlog' alert is not resolved within 30 minutes, page the secondary on-call engineer.
"
DOC-000147,Runbook: ledger-service - High error rate,runbook,ENG,30,,,Confluence,https://confluence.northwind-analytics.example.com/runbook/doc-000147,active,2,Internal,2024-10-16,2025-06-09,291,"# Runbook: ledger-service - High error rate

**Document ID:** DOC-000147
**Owner:** Nikhil Iyer
**Department:** Engineering
**Status:** active
**Version:** 2
**Last updated:** 2025-06-09

## Alert

This runbook covers the 'High error rate' alert for ledger-service. Trigger threshold: 5 (see monitoring dashboard).

## Triage

1. Check the dashboard for ledger-service. 2. Review recent deployments. 3. Post updates in #oncall-ledger-service.

## Background

Escalations that cannot be resolved at team level are raised to the relevant steering committee. Exceptions must be approved in writing by the department head and recorded in the Engineering register. Contractors and temporary staff are covered unless their agreement states otherwise. Managers are responsible for ensuring that their teams have read and understood these requirements. Feedback and suggested improvements are welcome and are triaged at the monthly process review.

## Mitigation

If the alert persists, restart the service with: kubectl rollout restart deployment/ledger-service

## Escalation

If the 'High error rate' alert is not resolved within 5 minutes, page the secondary on-call engineer.

## Glossary and Definitions

Questions about this document should be directed to the Engineering team through the internal service desk. Personal data handled as part of this process must be processed in line with the privacy notice. Where this document conflicts with local regulation, the stricter requirement applies. Northwind Analytics values transparency, so material changes are announced on the intranet before they take effect. Audit and compliance teams may request evidence of adherence at any time.

## Scope and Applicability

This document is reviewed annually and whenever there is a material change to the underlying process. Records related to this process are stored in the approved system of record and retained according to the data retention policy. Audit and compliance teams may request evidence of adherence at any time.
"
DOC-000148,Runbook: profile-sync - Elevated latency,runbook,ENG,60,,,Confluence,https://confluence.northwind-analytics.example.com/runbook/doc-000148,active,5,Confidential,2025-01-12,2025-03-02,265,"# Runbook: profile-sync - Elevated latency

**Document ID:** DOC-000148
**Owner:** Pooja Gupta
**Department:** Engineering
**Status:** active
**Version:** 5
**Last updated:** 2025-03-02

## Related Resources

This document is reviewed annually and whenever there is a material change to the underlying process. Where this document conflicts with local regulation, the stricter requirement applies. Managers are responsible for ensuring that their teams have read and understood these requirements.

## Roles and Responsibilities

Third-party vendors who support this process must meet the same standards through contractual obligations. Teams should document any workaround they adopt so that it can be reviewed and, where appropriate, standardised. Audit and compliance teams may request evidence of adherence at any time. Metrics for this process are reported quarterly to the leadership team as part of the operating review.

## Alert

This runbook covers the 'Elevated latency' alert for profile-sync. Trigger threshold: 10 (see monitoring dashboard).

## Triage

1. Check the dashboard for profile-sync. 2. Review recent deployments. 3. Post updates in #oncall-profile-sync.

## Mitigation

If the alert persists, restart the service with: kubectl rollout restart deployment/profile-sync

## Escalation

If the 'Elevated latency' alert is not resolved within 15 minutes, page the secondary on-call engineer.

## Background

Training materials supporting this guidance are available on the learning platform. Where this document conflicts with local regulation, the stricter requirement applies. This document is reviewed annually and whenever there is a material change to the underlying process. Personal data handled as part of this process must be processed in line with the privacy notice. Cross-functional dependencies should be identified early and tracked in the shared planning board.
"
DOC-000149,Runbook: notification-hub - Elevated latency,runbook,ENG,50,,,Confluence,https://confluence.northwind-analytics.example.com/runbook/doc-000149,active,3,Confidential,2025-09-09,2026-03-06,233,"# Runbook: notification-hub - Elevated latency

**Document ID:** DOC-000149
**Owner:** Nikhil Ghosh
**Department:** Engineering
**Status:** active
**Version:** 3
**Last updated:** 2026-03-06

## Alert

This runbook covers the 'Elevated latency' alert for notification-hub. Trigger threshold: 2 (see monitoring dashboard).

## Triage

1. Check the dashboard for notification-hub. 2. Review recent deployments. 3. Post updates in #oncall-notification-hub.

## Mitigation

If the alert persists, restart the service with: kubectl rollout restart deployment/notification-hub

## Reporting and Metrics

Contractors and temporary staff are covered unless their agreement states otherwise. All employees are expected to follow this guidance in addition to applicable local laws in all regions. This document is reviewed annually and whenever there is a material change to the underlying process.

## Escalation

If the 'Elevated latency' alert is not resolved within 10 minutes, page the secondary on-call engineer.

## Dependencies

Managers are responsible for ensuring that their teams have read and understood these requirements. Cross-functional dependencies should be identified early and tracked in the shared planning board. Training materials supporting this guidance are available on the learning platform.

## Glossary and Definitions

Managers are responsible for ensuring that their teams have read and understood these requirements. Where this document conflicts with local regulation, the stricter requirement applies. Cross-functional dependencies should be identified early and tracked in the shared planning board. Exceptions must be approved in writing by the department head and recorded in the Engineering register.
"
DOC-000150,Runbook: payments-api - Disk usage high,runbook,ENG,93,,,Confluence,https://confluence.northwind-analytics.example.com/runbook/doc-000150,active,4,Confidential,2023-02-08,2024-03-10,264,"# Runbook: payments-api - Disk usage high

**Document ID:** DOC-000150
**Owner:** Layla Joshi
**Department:** Engineering
**Status:** active
**Version:** 4
**Last updated:** 2024-03-10

## Alert

This runbook covers the 'Disk usage high' alert for payments-api. Trigger threshold: 2 (see monitoring dashboard).

## Review and Maintenance

Personal data handled as part of this process must be processed in line with the privacy notice. Exceptions must be approved in writing by the department head and recorded in the Engineering register. Third-party vendors who support this process must meet the same standards through contractual obligations. Cross-functional dependencies should be identified early and tracked in the shared planning board. Managers are responsible for ensuring that their teams have read and understood these requirements.

## Roles and Responsibilities

This document is reviewed annually and whenever there is a material change to the underlying process. Where this document conflicts with local regulation, the stricter requirement applies. Personal data handled as part of this process must be processed in line with the privacy notice.

## Triage

1. Check the dashboard for payments-api. 2. Review recent deployments. 3. Post updates in #oncall-payments-api.

## Mitigation

If the alert persists, restart the service with: kubectl rollout restart deployment/payments-api

## Escalation

If the 'Disk usage high' alert is not resolved within 5 minutes, page the secondary on-call engineer.

## Compliance and Exceptions

Questions about this document should be directed to the Engineering team through the internal service desk. Contractors and temporary staff are covered unless their agreement states otherwise. All employees are expected to follow this guidance in addition to applicable local laws in all regions.
"
DOC-000151,Runbook: ingestion-sync - Queue backlog,runbook,ENG,23,,,GitHub Wiki,https://github-wiki.northwind-analytics.example.com/runbook/doc-000151,active,3,Confidential,2023-10-26,2024-11-11,329,"# Runbook: ingestion-sync - Queue backlog

**Document ID:** DOC-000151
**Owner:** Jonas Nguyen
**Department:** Engineering
**Status:** active
**Version:** 3
**Last updated:** 2024-11-11

## Alert

This runbook covers the 'Queue backlog' alert for ingestion-sync. Trigger threshold: 2 (see monitoring dashboard).

## Triage

1. Check the dashboard for ingestion-sync. 2. Review recent deployments. 3. Post updates in #oncall-ingestion-sync.

## Related Resources

Where this document conflicts with local regulation, the stricter requirement applies. Contractors and temporary staff are covered unless their agreement states otherwise. Records related to this process are stored in the approved system of record and retained according to the data retention policy. Metrics for this process are reported quarterly to the leadership team as part of the operating review. Northwind Analytics values transparency, so material changes are announced on the intranet before they take effect.

## Mitigation

If the alert persists, restart the service with: kubectl rollout restart deployment/ingestion-sync

## Glossary and Definitions

Questions about this document should be directed to the Engineering team through the internal service desk. This document is reviewed annually and whenever there is a material change to the underlying process. All employees are expected to follow this guidance in addition to applicable local laws in all regions. Feedback and suggested improvements are welcome and are triaged at the monthly process review. Personal data handled as part of this process must be processed in line with the privacy notice.

## Review and Maintenance

All employees are expected to follow this guidance in addition to applicable local laws in all regions. This document is reviewed annually and whenever there is a material change to the underlying process. Where this document conflicts with local regulation, the stricter requirement applies. Metrics for this process are reported quarterly to the leadership team as part of the operating review. Feedback and suggested improvements are welcome and are triaged at the monthly process review.

## Escalation

If the 'Queue backlog' alert is not resolved within 5 minutes, page the secondary on-call engineer.
"
DOC-000152,Runbook: payments-api - High error rate,runbook,ENG,93,,,GitHub Wiki,https://github-wiki.northwind-analytics.example.com/runbook/doc-000152,active,3,Restricted,2023-08-08,2023-11-08,261,"# Runbook: payments-api - High error rate

**Document ID:** DOC-000152
**Owner:** Layla Joshi
**Department:** Engineering
**Status:** active
**Version:** 3
**Last updated:** 2023-11-08

## Dependencies

Personal data handled as part of this process must be processed in line with the privacy notice. Managers are responsible for ensuring that their teams have read and understood these requirements. Third-party vendors who support this process must meet the same standards through contractual obligations.

## Alert

This runbook covers the 'High error rate' alert for payments-api. Trigger threshold: 80 (see monitoring dashboard).

## Triage

1. Check the dashboard for payments-api. 2. Review recent deployments. 3. Post updates in #oncall-payments-api.

## Frequently Raised Concerns

Contractors and temporary staff are covered unless their agreement states otherwise. Exceptions must be approved in writing by the department head and recorded in the Engineering register. Questions about this document should be directed to the Engineering team through the internal service desk. Records related to this process are stored in the approved system of record and retained according to the data retention policy.

## Mitigation

If the alert persists, restart the service with: kubectl rollout restart deployment/payments-api

## Review and Maintenance

This document is reviewed annually and whenever there is a material change to the underlying process. Audit and compliance teams may request evidence of adherence at any time. Cross-functional dependencies should be identified early and tracked in the shared planning board. Training materials supporting this guidance are available on the learning platform.

## Escalation

If the 'High error rate' alert is not resolved within 10 minutes, page the secondary on-call engineer.
"
DOC-000153,Runbook: profile-engine - Disk usage high,runbook,ENG,25,,,GitHub Wiki,https://github-wiki.northwind-analytics.example.com/runbook/doc-000153,active,3,Confidential,2026-05-14,2026-09-30,289,"# Runbook: profile-engine - Disk usage high

**Document ID:** DOC-000153
**Owner:** Arjun Park
**Department:** Engineering
**Status:** active
**Version:** 3
**Last updated:** 2026-09-30

## Dependencies

Escalations that cannot be resolved at team level are raised to the relevant steering committee. Records related to this process are stored in the approved system of record and retained according to the data retention policy. All employees are expected to follow this guidance in addition to applicable local laws in all regions. Audit and compliance teams may request evidence of adherence at any time.

## Scope and Applicability

This document is reviewed annually and whenever there is a material change to the underlying process. Northwind Analytics values transparency, so material changes are announced on the intranet before they take effect. Metrics for this process are reported quarterly to the leadership team as part of the operating review. Feedback and suggested improvements are welcome and are triaged at the monthly process review.

## Review and Maintenance

Teams should document any workaround they adopt so that it can be reviewed and, where appropriate, standardised. Where this document conflicts with local regulation, the stricter requirement applies. Questions about this document should be directed to the Engineering team through the internal service desk. Metrics for this process are reported quarterly to the leadership team as part of the operating review.

## Alert

This runbook covers the 'Disk usage high' alert for profile-engine. Trigger threshold: 80 (see monitoring dashboard).

## Triage

1. Check the dashboard for profile-engine. 2. Review recent deployments. 3. Post updates in #oncall-profile-engine.

## Mitigation

If the alert persists, restart the service with: kubectl rollout restart deployment/profile-engine

## Escalation

If the 'Disk usage high' alert is not resolved within 15 minutes, page the secondary on-call engineer.
"
DOC-000154,Runbook: reporting-gateway - Disk usage high,runbook,ENG,60,,,Confluence,https://confluence.northwind-analytics.example.com/runbook/doc-000154,active,2,Internal,2026-04-24,2026-06-15,273,"# Runbook: reporting-gateway - Disk usage high

**Document ID:** DOC-000154
**Owner:** Pooja Gupta
**Department:** Engineering
**Status:** active
**Version:** 2
**Last updated:** 2026-06-15

## Scope and Applicability

Northwind Analytics values transparency, so material changes are announced on the intranet before they take effect. Third-party vendors who support this process must meet the same standards through contractual obligations. Feedback and suggested improvements are welcome and are triaged at the monthly process review. Questions about this document should be directed to the Engineering team through the internal service desk. Cross-functional dependencies should be identified early and tracked in the shared planning board.

## Review and Maintenance

Feedback and suggested improvements are welcome and are triaged at the monthly process review. Northwind Analytics values transparency, so material changes are announced on the intranet before they take effect. Escalations that cannot be resolved at team level are raised to the relevant steering committee. Training materials supporting this guidance are available on the learning platform.

## Alert

This runbook covers the 'Disk usage high' alert for reporting-gateway. Trigger threshold: 80 (see monitoring dashboard).

## Triage

1. Check the dashboard for reporting-gateway. 2. Review recent deployments. 3. Post updates in #oncall-reporting-gateway.

## Mitigation

If the alert persists, restart the service with: kubectl rollout restart deployment/reporting-gateway

## Glossary and Definitions

Training materials supporting this guidance are available on the learning platform. Teams should document any workaround they adopt so that it can be reviewed and, where appropriate, standardised. Third-party vendors who support this process must meet the same standards through contractual obligations.

## Escalation

If the 'Disk usage high' alert is not resolved within 30 minutes, page the secondary on-call engineer.
"
DOC-000155,Runbook: reporting-service - Certificate expiring,runbook,ENG,60,,,Confluence,https://confluence.northwind-analytics.example.com/runbook/doc-000155,active,2,Internal,2025-10-15,2026-02-10,250,"# Runbook: reporting-service - Certificate expiring

**Document ID:** DOC-000155
**Owner:** Pooja Gupta
**Department:** Engineering
**Status:** active
**Version:** 2
**Last updated:** 2026-02-10

## Alert

This runbook covers the 'Certificate expiring' alert for reporting-service. Trigger threshold: 80 (see monitoring dashboard).

## Triage

1. Check the dashboard for reporting-service. 2. Review recent deployments. 3. Post updates in #oncall-reporting-service.

## Reporting and Metrics

This document is reviewed annually and whenever there is a material change to the underlying process. Questions about this document should be directed to the Engineering team through the internal service desk. Third-party vendors who support this process must meet the same standards through contractual obligations. Northwind Analytics values transparency, so material changes are announced on the intranet before they take effect.

## Mitigation

If the alert persists, restart the service with: kubectl rollout restart deployment/reporting-service

## Roles and Responsibilities

Where this document conflicts with local regulation, the stricter requirement applies. Contractors and temporary staff are covered unless their agreement states otherwise. Third-party vendors who support this process must meet the same standards through contractual obligations. Training materials supporting this guidance are available on the learning platform.

## Escalation

If the 'Certificate expiring' alert is not resolved within 15 minutes, page the secondary on-call engineer.

## Compliance and Exceptions

Northwind Analytics values transparency, so material changes are announced on the intranet before they take effect. Audit and compliance teams may request evidence of adherence at any time. Managers are responsible for ensuring that their teams have read and understood these requirements.
"
DOC-000156,Runbook: search-sync - Certificate expiring,runbook,ENG,25,,,Confluence,https://confluence.northwind-analytics.example.com/runbook/doc-000156,active,1,Restricted,2026-01-24,2026-02-02,264,"# Runbook: search-sync - Certificate expiring

**Document ID:** DOC-000156
**Owner:** Arjun Park
**Department:** Engineering
**Status:** active
**Version:** 1
**Last updated:** 2026-02-02

## Alert

This runbook covers the 'Certificate expiring' alert for search-sync. Trigger threshold: 90 (see monitoring dashboard).

## Triage

1. Check the dashboard for search-sync. 2. Review recent deployments. 3. Post updates in #oncall-search-sync.

## Mitigation

If the alert persists, restart the service with: kubectl rollout restart deployment/search-sync

## Reporting and Metrics

Cross-functional dependencies should be identified early and tracked in the shared planning board. Contractors and temporary staff are covered unless their agreement states otherwise. Records related to this process are stored in the approved system of record and retained according to the data retention policy.

## Scope and Applicability

Metrics for this process are reported quarterly to the leadership team as part of the operating review. Cross-functional dependencies should be identified early and tracked in the shared planning board. Exceptions must be approved in writing by the department head and recorded in the Engineering register. All employees are expected to follow this guidance in addition to applicable local laws in all regions.

## Escalation

If the 'Certificate expiring' alert is not resolved within 15 minutes, page the secondary on-call engineer.

## Glossary and Definitions

Teams should document any workaround they adopt so that it can be reviewed and, where appropriate, standardised. Managers are responsible for ensuring that their teams have read and understood these requirements. Contractors and temporary staff are covered unless their agreement states otherwise. Escalations that cannot be resolved at team level are raised to the relevant steering committee.
"
DOC-000157,Project Brief: Project Harbor,project_brief,MKT,137,,PRJ-0001,Google Drive,https://google-drive.northwind-analytics.example.com/project_brief/doc-000157,active,5,Internal,2026-06-30,2026-08-25,266,"# Project Brief: Project Harbor

**Document ID:** DOC-000157
**Owner:** Kavya Das
**Department:** Marketing
**Status:** active
**Version:** 5
**Last updated:** 2026-08-25

## Related Resources

Exceptions must be approved in writing by the department head and recorded in the Marketing register. Managers are responsible for ensuring that their teams have read and understood these requirements. Escalations that cannot be resolved at team level are raised to the relevant steering committee.

## Goal

Project Harbor aims to improve efficiency in Marketing and reduce operating cost.

## Timeline

The project starts on 30 June 2026 and the target launch date is 11 September 2027.

## Reporting and Metrics

Exceptions must be approved in writing by the department head and recorded in the Marketing register. Northwind Analytics values transparency, so material changes are announced on the intranet before they take effect. Feedback and suggested improvements are welcome and are triaged at the monthly process review. Training materials supporting this guidance are available on the learning platform. Contractors and temporary staff are covered unless their agreement states otherwise.

## Budget

The approved budget for Project Harbor is USD 655,000.

## Stakeholders

The project owner is Lukas Bose. The executive sponsor is Nikhil Nair.

## Risks

Key risks include resourcing constraints, vendor delays and changing requirements.

## Dependencies

Escalations that cannot be resolved at team level are raised to the relevant steering committee. Contractors and temporary staff are covered unless their agreement states otherwise. Audit and compliance teams may request evidence of adherence at any time. All employees are expected to follow this guidance in addition to applicable local laws in all regions.
"
DOC-000158,Project Brief: Project Orion,project_brief,OPS,140,,PRJ-0002,Google Drive,https://google-drive.northwind-analytics.example.com/project_brief/doc-000158,active,3,Internal,2025-11-08,2026-09-30,267,"# Project Brief: Project Orion

**Document ID:** DOC-000158
**Owner:** Priya Reddy
**Department:** Operations
**Status:** active
**Version:** 3
**Last updated:** 2026-09-30

## Frequently Raised Concerns

Audit and compliance teams may request evidence of adherence at any time. Records related to this process are stored in the approved system of record and retained according to the data retention policy. All employees are expected to follow this guidance in addition to applicable local laws in all regions.

## Goal

Project Orion aims to improve efficiency in Operations and reduce operating cost.

## Timeline

The project starts on 8 November 2025 and the target launch date is 30 August 2026.

## Scope and Applicability

Contractors and temporary staff are covered unless their agreement states otherwise. Questions about this document should be directed to the Operations team through the internal service desk. Personal data handled as part of this process must be processed in line with the privacy notice. Teams should document any workaround they adopt so that it can be reviewed and, where appropriate, standardised. Managers are responsible for ensuring that their teams have read and understood these requirements.

## Budget

The approved budget for Project Orion is USD 255,000.

## Stakeholders

The project owner is Lukas Banerjee. The executive sponsor is Aarav Park.

## Glossary and Definitions

Training materials supporting this guidance are available on the learning platform. Cross-functional dependencies should be identified early and tracked in the shared planning board. Personal data handled as part of this process must be processed in line with the privacy notice.

## Risks

Key risks include resourcing constraints, vendor delays and changing requirements.
"
DOC-000159,Project Brief: Project Indigo,project_brief,SUP,164,,PRJ-0003,Google Drive,https://google-drive.northwind-analytics.example.com/project_brief/doc-000159,active,4,Internal,2025-11-21,2026-07-14,293,"# Project Brief: Project Indigo

**Document ID:** DOC-000159
**Owner:** Sourav Mehta
**Department:** Customer Support
**Status:** active
**Version:** 4
**Last updated:** 2026-07-14

## Goal

Project Indigo aims to improve efficiency in Customer Support and reduce operating cost.

## Timeline

The project starts on 21 November 2025 and the target launch date is 1 May 2026.

## Reporting and Metrics

Where this document conflicts with local regulation, the stricter requirement applies. Audit and compliance teams may request evidence of adherence at any time. Third-party vendors who support this process must meet the same standards through contractual obligations. Feedback and suggested improvements are welcome and are triaged at the monthly process review. Northwind Analytics values transparency, so material changes are announced on the intranet before they take effect.

## Roles and Responsibilities

This document is reviewed annually and whenever there is a material change to the underlying process. Third-party vendors who support this process must meet the same standards through contractual obligations. Cross-functional dependencies should be identified early and tracked in the shared planning board. Escalations that cannot be resolved at team level are raised to the relevant steering committee.

## Budget

The approved budget for Project Indigo is USD 4,815,000.

## Stakeholders

The project owner is James Hughes. The executive sponsor is Zara Silva.

## Risks

Key risks include resourcing constraints, vendor delays and changing requirements.

## Background

All employees are expected to follow this guidance in addition to applicable local laws in all regions. Audit and compliance teams may request evidence of adherence at any time. Northwind Analytics values transparency, so material changes are announced on the intranet before they take effect. Contractors and temporary staff are covered unless their agreement states otherwise. Where this document conflicts with local regulation, the stricter requirement applies.
"
DOC-000160,Project Brief: Project Nebula,project_brief,IT,104,,PRJ-0004,SharePoint,https://sharepoint.northwind-analytics.example.com/project_brief/doc-000160,active,3,Restricted,2024-09-05,2025-07-16,270,"# Project Brief: Project Nebula

**Document ID:** DOC-000160
**Owner:** Daniel Wilson
**Department:** IT Services
**Status:** active
**Version:** 3
**Last updated:** 2025-07-16

## Goal

Project Nebula aims to improve efficiency in IT Services and reduce operating cost.

## Review and Maintenance

Feedback and suggested improvements are welcome and are triaged at the monthly process review. Questions about this document should be directed to the IT Services team through the internal service desk. Third-party vendors who support this process must meet the same standards through contractual obligations. Where this document conflicts with local regulation, the stricter requirement applies.

## Reporting and Metrics

Feedback and suggested improvements are welcome and are triaged at the monthly process review. Exceptions must be approved in writing by the department head and recorded in the IT Services register. Contractors and temporary staff are covered unless their agreement states otherwise. Third-party vendors who support this process must meet the same standards through contractual obligations.

## Compliance and Exceptions

Training materials supporting this guidance are available on the learning platform. Questions about this document should be directed to the IT Services team through the internal service desk. This document is reviewed annually and whenever there is a material change to the underlying process. Contractors and temporary staff are covered unless their agreement states otherwise.

## Timeline

The project starts on 5 September 2024 and the target launch date is 4 August 2025.

## Budget

The approved budget for Project Nebula is USD 1,935,000.

## Stakeholders

The project owner is Meera Mehta. The executive sponsor is Zara Iyer.

## Risks

Key risks include resourcing constraints, vendor delays and changing requirements.
"
DOC-000161,Project Brief: Project Kestrel,project_brief,IT,154,,PRJ-0005,Google Drive,https://google-drive.northwind-analytics.example.com/project_brief/doc-000161,active,3,Confidential,2025-12-09,2026-09-30,281,"# Project Brief: Project Kestrel

**Document ID:** DOC-000161
**Owner:** Felix Das
**Department:** IT Services
**Status:** active
**Version:** 3
**Last updated:** 2026-09-30

## Review and Maintenance

Metrics for this process are reported quarterly to the leadership team as part of the operating review. Feedback and suggested improvements are welcome and are triaged at the monthly process review. Teams should document any workaround they adopt so that it can be reviewed and, where appropriate, standardised.

## Goal

Project Kestrel aims to improve efficiency in IT Services and reduce operating cost.

## Timeline

The project starts on 9 December 2025 and the target launch date is 25 January 2027.

## Budget

The approved budget for Project Kestrel is USD 4,015,000.

## Stakeholders

The project owner is Sourav Ali. The executive sponsor is Zara Iyer.

## Dependencies

Northwind Analytics values transparency, so material changes are announced on the intranet before they take effect. Feedback and suggested improvements are welcome and are triaged at the monthly process review. Metrics for this process are reported quarterly to the leadership team as part of the operating review. Audit and compliance teams may request evidence of adherence at any time.

## Glossary and Definitions

Records related to this process are stored in the approved system of record and retained according to the data retention policy. All employees are expected to follow this guidance in addition to applicable local laws in all regions. Cross-functional dependencies should be identified early and tracked in the shared planning board. Contractors and temporary staff are covered unless their agreement states otherwise. Training materials supporting this guidance are available on the learning platform.

## Risks

Key risks include resourcing constraints, vendor delays and changing requirements.
"
DOC-000162,Project Brief: Project Yonder,project_brief,FIN,49,,PRJ-0006,SharePoint,https://sharepoint.northwind-analytics.example.com/project_brief/doc-000162,active,2,Internal,2023-11-07,2024-07-31,286,"# Project Brief: Project Yonder

**Document ID:** DOC-000162
**Owner:** Tom Nair
**Department:** Finance
**Status:** active
**Version:** 2
**Last updated:** 2024-07-31

## Background

Feedback and suggested improvements are welcome and are triaged at the monthly process review. Contractors and temporary staff are covered unless their agreement states otherwise. Records related to this process are stored in the approved system of record and retained according to the data retention policy. Managers are responsible for ensuring that their teams have read and understood these requirements.

## Goal

Project Yonder aims to improve efficiency in Finance and reduce operating cost.

## Related Resources

Audit and compliance teams may request evidence of adherence at any time. Questions about this document should be directed to the Finance team through the internal service desk. Where this document conflicts with local regulation, the stricter requirement applies. Teams should document any workaround they adopt so that it can be reviewed and, where appropriate, standardised.

## Scope and Applicability

Training materials supporting this guidance are available on the learning platform. Northwind Analytics values transparency, so material changes are announced on the intranet before they take effect. Cross-functional dependencies should be identified early and tracked in the shared planning board. Exceptions must be approved in writing by the department head and recorded in the Finance register. Questions about this document should be directed to the Finance team through the internal service desk.

## Timeline

The project starts on 7 November 2023 and the target launch date is 3 September 2024.

## Budget

The approved budget for Project Yonder is USD 2,150,000.

## Stakeholders

The project owner is Carlos Silva. The executive sponsor is Oliver Chen.

## Risks

Key risks include resourcing constraints, vendor delays and changing requirements.
"
DOC-000163,Project Brief: Project Cascade,project_brief,SUP,133,,PRJ-0007,Google Drive,https://google-drive.northwind-analytics.example.com/project_brief/doc-000163,active,4,Internal,2025-12-27,2026-06-03,287,"# Project Brief: Project Cascade

**Document ID:** DOC-000163
**Owner:** Meera Silva
**Department:** Customer Support
**Status:** active
**Version:** 4
**Last updated:** 2026-06-03

## Goal

Project Cascade aims to improve efficiency in Customer Support and reduce operating cost.

## Review and Maintenance

All employees are expected to follow this guidance in addition to applicable local laws in all regions. Exceptions must be approved in writing by the department head and recorded in the Customer Support register. Questions about this document should be directed to the Customer Support team through the internal service desk. Records related to this process are stored in the approved system of record and retained according to the data retention policy.

## Timeline

The project starts on 27 December 2025 and the target launch date is 18 September 2026.

## Roles and Responsibilities

Feedback and suggested improvements are welcome and are triaged at the monthly process review. Records related to this process are stored in the approved system of record and retained according to the data retention policy. Exceptions must be approved in writing by the department head and recorded in the Customer Support register. Escalations that cannot be resolved at team level are raised to the relevant steering committee.

## Budget

The approved budget for Project Cascade is USD 1,860,000.

## Stakeholders

The project owner is Michael Wagner. The executive sponsor is Zara Silva.

## Scope and Applicability

Feedback and suggested improvements are welcome and are triaged at the monthly process review. Managers are responsible for ensuring that their teams have read and understood these requirements. All employees are expected to follow this guidance in addition to applicable local laws in all regions.

## Risks

Key risks include resourcing constraints, vendor delays and changing requirements.
"
DOC-000164,Project Brief: Project Aurora,project_brief,FIN,117,,PRJ-0008,SharePoint,https://sharepoint.northwind-analytics.example.com/project_brief/doc-000164,active,3,Internal,2024-12-15,2025-07-11,262,"# Project Brief: Project Aurora

**Document ID:** DOC-000164
**Owner:** Riya Patel
**Department:** Finance
**Status:** active
**Version:** 3
**Last updated:** 2025-07-11

## Goal

Project Aurora aims to improve efficiency in Finance and reduce operating cost.

## Related Resources

Questions about this document should be directed to the Finance team through the internal service desk. Training materials supporting this guidance are available on the learning platform. This document is reviewed annually and whenever there is a material change to the underlying process. Northwind Analytics values transparency, so material changes are announced on the intranet before they take effect.

## Review and Maintenance

Audit and compliance teams may request evidence of adherence at any time. Northwind Analytics values transparency, so material changes are announced on the intranet before they take effect. Training materials supporting this guidance are available on the learning platform. Metrics for this process are reported quarterly to the leadership team as part of the operating review.

## Timeline

The project starts on 15 December 2024 and the target launch date is 26 December 2025.

## Budget

The approved budget for Project Aurora is USD 1,520,000.

## Scope and Applicability

Personal data handled as part of this process must be processed in line with the privacy notice. This document is reviewed annually and whenever there is a material change to the underlying process. Feedback and suggested improvements are welcome and are triaged at the monthly process review.

## Stakeholders

The project owner is Carlos Silva. The executive sponsor is Oliver Chen.

## Risks

Key risks include resourcing constraints, vendor delays and changing requirements.
"
DOC-000165,Project Brief: Project Quartz,project_brief,IT,42,,PRJ-0009,Google Drive,https://google-drive.northwind-analytics.example.com/project_brief/doc-000165,active,2,Restricted,2024-02-18,2024-04-12,280,"# Project Brief: Project Quartz

**Document ID:** DOC-000165
**Owner:** Jonas Novak
**Department:** IT Services
**Status:** active
**Version:** 2
**Last updated:** 2024-04-12

## Roles and Responsibilities

Escalations that cannot be resolved at team level are raised to the relevant steering committee. Third-party vendors who support this process must meet the same standards through contractual obligations. Cross-functional dependencies should be identified early and tracked in the shared planning board.

## Background

Teams should document any workaround they adopt so that it can be reviewed and, where appropriate, standardised. Third-party vendors who support this process must meet the same standards through contractual obligations. Training materials supporting this guidance are available on the learning platform. Managers are responsible for ensuring that their teams have read and understood these requirements. Northwind Analytics values transparency, so material changes are announced on the intranet before they take effect.

## Goal

Project Quartz aims to improve efficiency in IT Services and reduce operating cost.

## Timeline

The project starts on 18 February 2024 and the target launch date is 15 July 2025.

## Scope and Applicability

Cross-functional dependencies should be identified early and tracked in the shared planning board. Escalations that cannot be resolved at team level are raised to the relevant steering committee. This document is reviewed annually and whenever there is a material change to the underlying process. Records related to this process are stored in the approved system of record and retained according to the data retention policy.

## Budget

The approved budget for Project Quartz is USD 1,435,000.

## Stakeholders

The project owner is Sourav Ali. The executive sponsor is Zara Iyer.

## Risks

Key risks include resourcing constraints, vendor delays and changing requirements.
"
DOC-000166,Project Brief: Project Xenon,project_brief,IT,188,,PRJ-0010,SharePoint,https://sharepoint.northwind-analytics.example.com/project_brief/doc-000166,active,1,Confidential,2023-10-09,2024-10-21,274,"# Project Brief: Project Xenon

**Document ID:** DOC-000166
**Owner:** Meera Mehta
**Department:** IT Services
**Status:** active
**Version:** 1
**Last updated:** 2024-10-21

## Goal

Project Xenon aims to improve efficiency in IT Services and reduce operating cost.

## Background

Escalations that cannot be resolved at team level are raised to the relevant steering committee. This document is reviewed annually and whenever there is a material change to the underlying process. Training materials supporting this guidance are available on the learning platform. Teams should document any workaround they adopt so that it can be reviewed and, where appropriate, standardised.

## Scope and Applicability

Contractors and temporary staff are covered unless their agreement states otherwise. Questions about this document should be directed to the IT Services team through the internal service desk. Training materials supporting this guidance are available on the learning platform. Managers are responsible for ensuring that their teams have read and understood these requirements.

## Timeline

The project starts on 9 October 2023 and the target launch date is 9 January 2024.

## Budget

The approved budget for Project Xenon is USD 4,805,000.

## Stakeholders

The project owner is Zara Iyer. The executive sponsor is Zara Iyer.

## Risks

Key risks include resourcing constraints, vendor delays and changing requirements.

## Dependencies

Northwind Analytics values transparency, so material changes are announced on the intranet before they take effect. All employees are expected to follow this guidance in addition to applicable local laws in all regions. Cross-functional dependencies should be identified early and tracked in the shared planning board. Metrics for this process are reported quarterly to the leadership team as part of the operating review.
"
DOC-000167,Project Brief: Project Summit,project_brief,OPS,157,,PRJ-0011,Google Drive,https://google-drive.northwind-analytics.example.com/project_brief/doc-000167,active,3,Confidential,2023-03-18,2023-10-28,284,"# Project Brief: Project Summit

**Document ID:** DOC-000167
**Owner:** Jun Das
**Department:** Operations
**Status:** active
**Version:** 3
**Last updated:** 2023-10-28

## Dependencies

Teams should document any workaround they adopt so that it can be reviewed and, where appropriate, standardised. Audit and compliance teams may request evidence of adherence at any time. Metrics for this process are reported quarterly to the leadership team as part of the operating review. Escalations that cannot be resolved at team level are raised to the relevant steering committee.

## Compliance and Exceptions

Teams should document any workaround they adopt so that it can be reviewed and, where appropriate, standardised. Audit and compliance teams may request evidence of adherence at any time. Cross-functional dependencies should be identified early and tracked in the shared planning board. Metrics for this process are reported quarterly to the leadership team as part of the operating review. Third-party vendors who support this process must meet the same standards through contractual obligations.

## Goal

Project Summit aims to improve efficiency in Operations and reduce operating cost.

## Timeline

The project starts on 18 March 2023 and the target launch date is 13 September 2023.

## Budget

The approved budget for Project Summit is USD 4,565,000.

## Stakeholders

The project owner is Lukas Banerjee. The executive sponsor is Aarav Park.

## Risks

Key risks include resourcing constraints, vendor delays and changing requirements.

## Reporting and Metrics

Records related to this process are stored in the approved system of record and retained according to the data retention policy. Feedback and suggested improvements are welcome and are triaged at the monthly process review. Questions about this document should be directed to the Operations team through the internal service desk.
"
DOC-000168,Project Brief: Project Keystone,project_brief,DAT,151,,PRJ-0012,SharePoint,https://sharepoint.northwind-analytics.example.com/project_brief/doc-000168,active,2,Confidential,2026-05-19,2026-09-30,288,"# Project Brief: Project Keystone

**Document ID:** DOC-000168
**Owner:** William Iyer
**Department:** Data & Analytics
**Status:** active
**Version:** 2
**Last updated:** 2026-09-30

## Goal

Project Keystone aims to improve efficiency in Data & Analytics and reduce operating cost.

## Roles and Responsibilities

Contractors and temporary staff are covered unless their agreement states otherwise. Audit and compliance teams may request evidence of adherence at any time. Questions about this document should be directed to the Data & Analytics team through the internal service desk. Exceptions must be approved in writing by the department head and recorded in the Data & Analytics register. Third-party vendors who support this process must meet the same standards through contractual obligations.

## Timeline

The project starts on 19 May 2026 and the target launch date is 10 October 2026.

## Budget

The approved budget for Project Keystone is USD 1,505,000.

## Stakeholders

The project owner is William Iyer. The executive sponsor is Kavya Park.

## Review and Maintenance

Metrics for this process are reported quarterly to the leadership team as part of the operating review. Third-party vendors who support this process must meet the same standards through contractual obligations. Managers are responsible for ensuring that their teams have read and understood these requirements. Personal data handled as part of this process must be processed in line with the privacy notice.

## Scope and Applicability

Personal data handled as part of this process must be processed in line with the privacy notice. Managers are responsible for ensuring that their teams have read and understood these requirements. Teams should document any workaround they adopt so that it can be reviewed and, where appropriate, standardised.

## Risks

Key risks include resourcing constraints, vendor delays and changing requirements.
"
DOC-000169,Project Brief: Project Lotus,project_brief,DAT,26,,PRJ-0013,SharePoint,https://sharepoint.northwind-analytics.example.com/project_brief/doc-000169,active,2,Internal,2024-01-31,2024-06-23,277,"# Project Brief: Project Lotus

**Document ID:** DOC-000169
**Owner:** Sourav Rao
**Department:** Data & Analytics
**Status:** active
**Version:** 2
**Last updated:** 2024-06-23

## Goal

Project Lotus aims to improve efficiency in Data & Analytics and reduce operating cost.

## Review and Maintenance

Teams should document any workaround they adopt so that it can be reviewed and, where appropriate, standardised. Feedback and suggested improvements are welcome and are triaged at the monthly process review. Managers are responsible for ensuring that their teams have read and understood these requirements. Exceptions must be approved in writing by the department head and recorded in the Data & Analytics register.

## Frequently Raised Concerns

Where this document conflicts with local regulation, the stricter requirement applies. Feedback and suggested improvements are welcome and are triaged at the monthly process review. Records related to this process are stored in the approved system of record and retained according to the data retention policy. All employees are expected to follow this guidance in addition to applicable local laws in all regions.

## Timeline

The project starts on 31 January 2024 and the target launch date is 28 July 2024.

## Scope and Applicability

All employees are expected to follow this guidance in addition to applicable local laws in all regions. Training materials supporting this guidance are available on the learning platform. Questions about this document should be directed to the Data & Analytics team through the internal service desk.

## Budget

The approved budget for Project Lotus is USD 4,430,000.

## Stakeholders

The project owner is William Iyer. The executive sponsor is Kavya Park.

## Risks

Key risks include resourcing constraints, vendor delays and changing requirements.
"
DOC-000170,Project Brief: Project Glacier,project_brief,ENG,111,,PRJ-0014,Google Drive,https://google-drive.northwind-analytics.example.com/project_brief/doc-000170,active,5,Confidential,2025-02-24,2025-03-03,264,"# Project Brief: Project Glacier

**Document ID:** DOC-000170
**Owner:** Layla Wagner
**Department:** Engineering
**Status:** active
**Version:** 5
**Last updated:** 2025-03-03

## Goal

Project Glacier aims to improve efficiency in Engineering and reduce operating cost.

## Compliance and Exceptions

Northwind Analytics values transparency, so material changes are announced on the intranet before they take effect. Managers are responsible for ensuring that their teams have read and understood these requirements. Teams should document any workaround they adopt so that it can be reviewed and, where appropriate, standardised. Third-party vendors who support this process must meet the same standards through contractual obligations.

## Timeline

The project starts on 24 February 2025 and the target launch date is 22 September 2025.

## Budget

The approved budget for Project Glacier is USD 3,905,000.

## Reporting and Metrics

Where this document conflicts with local regulation, the stricter requirement applies. Cross-functional dependencies should be identified early and tracked in the shared planning board. Feedback and suggested improvements are welcome and are triaged at the monthly process review. Managers are responsible for ensuring that their teams have read and understood these requirements. Escalations that cannot be resolved at team level are raised to the relevant steering committee.

## Stakeholders

The project owner is Arjun Ali. The executive sponsor is Layla Kim.

## Review and Maintenance

Where this document conflicts with local regulation, the stricter requirement applies. Contractors and temporary staff are covered unless their agreement states otherwise. Cross-functional dependencies should be identified early and tracked in the shared planning board.

## Risks

Key risks include resourcing constraints, vendor delays and changing requirements.
"
DOC-000171,Project Brief: Project Meridian,project_brief,IT,52,,PRJ-0015,SharePoint,https://sharepoint.northwind-analytics.example.com/project_brief/doc-000171,active,1,Restricted,2023-11-24,2024-02-06,285,"# Project Brief: Project Meridian

**Document ID:** DOC-000171
**Owner:** Chloe Taylor
**Department:** IT Services
**Status:** active
**Version:** 1
**Last updated:** 2024-02-06

## Review and Maintenance

Northwind Analytics values transparency, so material changes are announced on the intranet before they take effect. Teams should document any workaround they adopt so that it can be reviewed and, where appropriate, standardised. Feedback and suggested improvements are welcome and are triaged at the monthly process review. Exceptions must be approved in writing by the department head and recorded in the IT Services register. Metrics for this process are reported quarterly to the leadership team as part of the operating review.

## Reporting and Metrics

Audit and compliance teams may request evidence of adherence at any time. Northwind Analytics values transparency, so material changes are announced on the intranet before they take effect. Where this document conflicts with local regulation, the stricter requirement applies.

## Goal

Project Meridian aims to improve efficiency in IT Services and reduce operating cost.

## Timeline

The project starts on 24 November 2023 and the target launch date is 16 September 2024.

## Budget

The approved budget for Project Meridian is USD 4,775,000.

## Stakeholders

The project owner is Jonas Novak. The executive sponsor is Zara Iyer.

## Frequently Raised Concerns

Metrics for this process are reported quarterly to the leadership team as part of the operating review. Questions about this document should be directed to the IT Services team through the internal service desk. All employees are expected to follow this guidance in addition to applicable local laws in all regions. Training materials supporting this guidance are available on the learning platform.

## Risks

Key risks include resourcing constraints, vendor delays and changing requirements.
"
DOC-000172,Project Brief: Project Lantern,project_brief,SUP,133,,PRJ-0016,SharePoint,https://sharepoint.northwind-analytics.example.com/project_brief/doc-000172,active,2,Confidential,2026-05-25,2026-09-30,306,"# Project Brief: Project Lantern

**Document ID:** DOC-000172
**Owner:** Meera Silva
**Department:** Customer Support
**Status:** active
**Version:** 2
**Last updated:** 2026-09-30

## Goal

Project Lantern aims to improve efficiency in Customer Support and reduce operating cost.

## Timeline

The project starts on 25 May 2026 and the target launch date is 2 March 2027.

## Roles and Responsibilities

Northwind Analytics values transparency, so material changes are announced on the intranet before they take effect. Escalations that cannot be resolved at team level are raised to the relevant steering committee. Managers are responsible for ensuring that their teams have read and understood these requirements. Metrics for this process are reported quarterly to the leadership team as part of the operating review.

## Budget

The approved budget for Project Lantern is USD 3,640,000.

## Stakeholders

The project owner is Michael Wagner. The executive sponsor is Zara Silva.

## Background

Exceptions must be approved in writing by the department head and recorded in the Customer Support register. Records related to this process are stored in the approved system of record and retained according to the data retention policy. Feedback and suggested improvements are welcome and are triaged at the monthly process review. Questions about this document should be directed to the Customer Support team through the internal service desk. Third-party vendors who support this process must meet the same standards through contractual obligations.

## Scope and Applicability

Audit and compliance teams may request evidence of adherence at any time. Metrics for this process are reported quarterly to the leadership team as part of the operating review. Managers are responsible for ensuring that their teams have read and understood these requirements. Exceptions must be approved in writing by the department head and recorded in the Customer Support register.

## Risks

Key risks include resourcing constraints, vendor delays and changing requirements.
"
DOC-000173,Project Brief: Project Ibis,project_brief,SAL,28,,PRJ-0017,SharePoint,https://sharepoint.northwind-analytics.example.com/project_brief/doc-000173,active,3,Internal,2023-05-07,2023-07-18,283,"# Project Brief: Project Ibis

**Document ID:** DOC-000173
**Owner:** Sophie Evans
**Department:** Sales
**Status:** active
**Version:** 3
**Last updated:** 2023-07-18

## Background

Teams should document any workaround they adopt so that it can be reviewed and, where appropriate, standardised. Records related to this process are stored in the approved system of record and retained according to the data retention policy. Audit and compliance teams may request evidence of adherence at any time. Escalations that cannot be resolved at team level are raised to the relevant steering committee.

## Goal

Project Ibis aims to improve efficiency in Sales and reduce operating cost.

## Reporting and Metrics

Contractors and temporary staff are covered unless their agreement states otherwise. Feedback and suggested improvements are welcome and are triaged at the monthly process review. Personal data handled as part of this process must be processed in line with the privacy notice. Third-party vendors who support this process must meet the same standards through contractual obligations.

## Glossary and Definitions

Managers are responsible for ensuring that their teams have read and understood these requirements. Metrics for this process are reported quarterly to the leadership team as part of the operating review. Exceptions must be approved in writing by the department head and recorded in the Sales register. This document is reviewed annually and whenever there is a material change to the underlying process.

## Timeline

The project starts on 7 May 2023 and the target launch date is 2 October 2024.

## Budget

The approved budget for Project Ibis is USD 4,670,000.

## Stakeholders

The project owner is Rahul Fischer. The executive sponsor is Sneha Bose.

## Risks

Key risks include resourcing constraints, vendor delays and changing requirements.
"
DOC-000174,Project Brief: Project Ember,project_brief,OPS,171,,PRJ-0018,Google Drive,https://google-drive.northwind-analytics.example.com/project_brief/doc-000174,active,1,Internal,2026-04-09,2026-07-11,258,"# Project Brief: Project Ember

**Document ID:** DOC-000174
**Owner:** Chloe Sharma
**Department:** Operations
**Status:** active
**Version:** 1
**Last updated:** 2026-07-11

## Goal

Project Ember aims to improve efficiency in Operations and reduce operating cost.

## Scope and Applicability

Metrics for this process are reported quarterly to the leadership team as part of the operating review. Escalations that cannot be resolved at team level are raised to the relevant steering committee. Third-party vendors who support this process must meet the same standards through contractual obligations.

## Timeline

The project starts on 9 April 2026 and the target launch date is 15 March 2027.

## Budget

The approved budget for Project Ember is USD 4,650,000.

## Reporting and Metrics

Questions about this document should be directed to the Operations team through the internal service desk. Where this document conflicts with local regulation, the stricter requirement applies. Contractors and temporary staff are covered unless their agreement states otherwise. Cross-functional dependencies should be identified early and tracked in the shared planning board.

## Stakeholders

The project owner is Meera Verma. The executive sponsor is Aarav Park.

## Compliance and Exceptions

Third-party vendors who support this process must meet the same standards through contractual obligations. This document is reviewed annually and whenever there is a material change to the underlying process. Managers are responsible for ensuring that their teams have read and understood these requirements. Exceptions must be approved in writing by the department head and recorded in the Operations register.

## Risks

Key risks include resourcing constraints, vendor delays and changing requirements.
"
DOC-000175,Project Brief: Project Jade,project_brief,DAT,57,,PRJ-0019,SharePoint,https://sharepoint.northwind-analytics.example.com/project_brief/doc-000175,active,5,Internal,2023-01-07,2023-10-22,257,"# Project Brief: Project Jade

**Document ID:** DOC-000175
**Owner:** Felix Khan
**Department:** Data & Analytics
**Status:** active
**Version:** 5
**Last updated:** 2023-10-22

## Dependencies

Training materials supporting this guidance are available on the learning platform. Third-party vendors who support this process must meet the same standards through contractual obligations. This document is reviewed annually and whenever there is a material change to the underlying process.

## Goal

Project Jade aims to improve efficiency in Data & Analytics and reduce operating cost.

## Timeline

The project starts on 7 January 2023 and the target launch date is 22 April 2024.

## Related Resources

All employees are expected to follow this guidance in addition to applicable local laws in all regions. Contractors and temporary staff are covered unless their agreement states otherwise. This document is reviewed annually and whenever there is a material change to the underlying process. Where this document conflicts with local regulation, the stricter requirement applies.

## Budget

The approved budget for Project Jade is USD 3,010,000.

## Stakeholders

The project owner is Felix Becker. The executive sponsor is Kavya Park.

## Risks

Key risks include resourcing constraints, vendor delays and changing requirements.

## Scope and Applicability

This document is reviewed annually and whenever there is a material change to the underlying process. Audit and compliance teams may request evidence of adherence at any time. Managers are responsible for ensuring that their teams have read and understood these requirements. All employees are expected to follow this guidance in addition to applicable local laws in all regions.
"
DOC-000176,Project Brief: Project Dynamo,project_brief,SAL,145,,PRJ-0020,Google Drive,https://google-drive.northwind-analytics.example.com/project_brief/doc-000176,active,3,Internal,2023-03-06,2023-10-24,304,"# Project Brief: Project Dynamo

**Document ID:** DOC-000176
**Owner:** Daniel Wagner
**Department:** Sales
**Status:** active
**Version:** 3
**Last updated:** 2023-10-24

## Goal

Project Dynamo aims to improve efficiency in Sales and reduce operating cost.

## Roles and Responsibilities

Managers are responsible for ensuring that their teams have read and understood these requirements. Where this document conflicts with local regulation, the stricter requirement applies. Exceptions must be approved in writing by the department head and recorded in the Sales register. Northwind Analytics values transparency, so material changes are announced on the intranet before they take effect. Audit and compliance teams may request evidence of adherence at any time.

## Timeline

The project starts on 6 March 2023 and the target launch date is 28 October 2023.

## Budget

The approved budget for Project Dynamo is USD 970,000.

## Stakeholders

The project owner is Mei Chen. The executive sponsor is Sneha Bose.

## Risks

Key risks include resourcing constraints, vendor delays and changing requirements.

## Glossary and Definitions

Northwind Analytics values transparency, so material changes are announced on the intranet before they take effect. Questions about this document should be directed to the Sales team through the internal service desk. Cross-functional dependencies should be identified early and tracked in the shared planning board. Managers are responsible for ensuring that their teams have read and understood these requirements. Personal data handled as part of this process must be processed in line with the privacy notice.

## Reporting and Metrics

Audit and compliance teams may request evidence of adherence at any time. Exceptions must be approved in writing by the department head and recorded in the Sales register. Questions about this document should be directed to the Sales team through the internal service desk. Feedback and suggested improvements are welcome and are triaged at the monthly process review.
"
DOC-000177,Project Brief: Project Atlas,project_brief,SUP,67,,PRJ-0021,Google Drive,https://google-drive.northwind-analytics.example.com/project_brief/doc-000177,active,1,Internal,2024-04-01,2024-05-16,314,"# Project Brief: Project Atlas

**Document ID:** DOC-000177
**Owner:** Hannah Larsen
**Department:** Customer Support
**Status:** active
**Version:** 1
**Last updated:** 2024-05-16

## Goal

Project Atlas aims to improve efficiency in Customer Support and reduce operating cost.

## Timeline

The project starts on 1 April 2024 and the target launch date is 31 August 2025.

## Related Resources

Managers are responsible for ensuring that their teams have read and understood these requirements. Escalations that cannot be resolved at team level are raised to the relevant steering committee. This document is reviewed annually and whenever there is a material change to the underlying process. Teams should document any workaround they adopt so that it can be reviewed and, where appropriate, standardised. Records related to this process are stored in the approved system of record and retained according to the data retention policy.

## Budget

The approved budget for Project Atlas is USD 3,920,000.

## Background

Third-party vendors who support this process must meet the same standards through contractual obligations. Teams should document any workaround they adopt so that it can be reviewed and, where appropriate, standardised. Contractors and temporary staff are covered unless their agreement states otherwise. Metrics for this process are reported quarterly to the leadership team as part of the operating review.

## Stakeholders

The project owner is Tom Muller. The executive sponsor is Zara Silva.

## Compliance and Exceptions

Where this document conflicts with local regulation, the stricter requirement applies. Third-party vendors who support this process must meet the same standards through contractual obligations. Metrics for this process are reported quarterly to the leadership team as part of the operating review. Personal data handled as part of this process must be processed in line with the privacy notice. Cross-functional dependencies should be identified early and tracked in the shared planning board.

## Risks

Key risks include resourcing constraints, vendor delays and changing requirements.
"
DOC-000178,Project Brief: Project Rift,project_brief,FIN,49,,PRJ-0022,Google Drive,https://google-drive.northwind-analytics.example.com/project_brief/doc-000178,active,4,Internal,2024-07-18,2024-09-02,293,"# Project Brief: Project Rift

**Document ID:** DOC-000178
**Owner:** Tom Nair
**Department:** Finance
**Status:** active
**Version:** 4
**Last updated:** 2024-09-02

## Goal

Project Rift aims to improve efficiency in Finance and reduce operating cost.

## Scope and Applicability

Audit and compliance teams may request evidence of adherence at any time. Metrics for this process are reported quarterly to the leadership team as part of the operating review. Training materials supporting this guidance are available on the learning platform. Cross-functional dependencies should be identified early and tracked in the shared planning board. Personal data handled as part of this process must be processed in line with the privacy notice.

## Timeline

The project starts on 18 July 2024 and the target launch date is 20 January 2025.

## Budget

The approved budget for Project Rift is USD 210,000.

## Roles and Responsibilities

Questions about this document should be directed to the Finance team through the internal service desk. Third-party vendors who support this process must meet the same standards through contractual obligations. Contractors and temporary staff are covered unless their agreement states otherwise. Cross-functional dependencies should be identified early and tracked in the shared planning board.

## Stakeholders

The project owner is Maya Lim. The executive sponsor is Oliver Chen.

## Compliance and Exceptions

Managers are responsible for ensuring that their teams have read and understood these requirements. Third-party vendors who support this process must meet the same standards through contractual obligations. Questions about this document should be directed to the Finance team through the internal service desk. Cross-functional dependencies should be identified early and tracked in the shared planning board. Training materials supporting this guidance are available on the learning platform.

## Risks

Key risks include resourcing constraints, vendor delays and changing requirements.
"
DOC-000179,Project Brief: Project Comet,project_brief,OPS,157,,PRJ-0023,SharePoint,https://sharepoint.northwind-analytics.example.com/project_brief/doc-000179,active,5,Internal,2023-04-01,2023-08-06,279,"# Project Brief: Project Comet

**Document ID:** DOC-000179
**Owner:** Jun Das
**Department:** Operations
**Status:** active
**Version:** 5
**Last updated:** 2023-08-06

## Goal

Project Comet aims to improve efficiency in Operations and reduce operating cost.

## Timeline

The project starts on 1 April 2023 and the target launch date is 21 January 2024.

## Budget

The approved budget for Project Comet is USD 1,245,000.

## Stakeholders

The project owner is Meera Verma. The executive sponsor is Aarav Park.

## Risks

Key risks include resourcing constraints, vendor delays and changing requirements.

## Compliance and Exceptions

Feedback and suggested improvements are welcome and are triaged at the monthly process review. Escalations that cannot be resolved at team level are raised to the relevant steering committee. Cross-functional dependencies should be identified early and tracked in the shared planning board. Contractors and temporary staff are covered unless their agreement states otherwise.

## Dependencies

This document is reviewed annually and whenever there is a material change to the underlying process. Personal data handled as part of this process must be processed in line with the privacy notice. Teams should document any workaround they adopt so that it can be reviewed and, where appropriate, standardised. Where this document conflicts with local regulation, the stricter requirement applies. Exceptions must be approved in writing by the department head and recorded in the Operations register.

## Roles and Responsibilities

Personal data handled as part of this process must be processed in line with the privacy notice. All employees are expected to follow this guidance in addition to applicable local laws in all regions. This document is reviewed annually and whenever there is a material change to the underlying process.
"
DOC-000180,Project Brief: Project Beacon,project_brief,FIN,71,,PRJ-0024,Google Drive,https://google-drive.northwind-analytics.example.com/project_brief/doc-000180,active,2,Internal,2026-05-09,2026-08-08,297,"# Project Brief: Project Beacon

**Document ID:** DOC-000180
**Owner:** Pooja Singh
**Department:** Finance
**Status:** active
**Version:** 2
**Last updated:** 2026-08-08

## Background

Metrics for this process are reported quarterly to the leadership team as part of the operating review. Feedback and suggested improvements are welcome and are triaged at the monthly process review. Audit and compliance teams may request evidence of adherence at any time. Cross-functional dependencies should be identified early and tracked in the shared planning board. Teams should document any workaround they adopt so that it can be reviewed and, where appropriate, standardised.

## Reporting and Metrics

Feedback and suggested improvements are welcome and are triaged at the monthly process review. This document is reviewed annually and whenever there is a material change to the underlying process. Teams should document any workaround they adopt so that it can be reviewed and, where appropriate, standardised. Cross-functional dependencies should be identified early and tracked in the shared planning board. All employees are expected to follow this guidance in addition to applicable local laws in all regions.

## Goal

Project Beacon aims to improve efficiency in Finance and reduce operating cost.

## Timeline

The project starts on 9 May 2026 and the target launch date is 6 September 2027.

## Glossary and Definitions

Where this document conflicts with local regulation, the stricter requirement applies. Records related to this process are stored in the approved system of record and retained according to the data retention policy. Questions about this document should be directed to the Finance team through the internal service desk.

## Budget

The approved budget for Project Beacon is USD 1,260,000.

## Stakeholders

The project owner is Riya Patel. The executive sponsor is Oliver Chen.

## Risks

Key risks include resourcing constraints, vendor delays and changing requirements.
"
DOC-000181,Project Brief: Project Vertex,project_brief,LEG,190,,PRJ-0025,Google Drive,https://google-drive.northwind-analytics.example.com/project_brief/doc-000181,active,2,Internal,2026-07-06,2026-07-12,266,"# Project Brief: Project Vertex

**Document ID:** DOC-000181
**Owner:** Arjun Singh
**Department:** Legal & Compliance
**Status:** active
**Version:** 2
**Last updated:** 2026-07-12

## Goal

Project Vertex aims to improve efficiency in Legal & Compliance and reduce operating cost.

## Timeline

The project starts on 6 July 2026 and the target launch date is 16 September 2027.

## Background

Where this document conflicts with local regulation, the stricter requirement applies. All employees are expected to follow this guidance in addition to applicable local laws in all regions. Cross-functional dependencies should be identified early and tracked in the shared planning board.

## Budget

The approved budget for Project Vertex is USD 2,895,000.

## Frequently Raised Concerns

Escalations that cannot be resolved at team level are raised to the relevant steering committee. Northwind Analytics values transparency, so material changes are announced on the intranet before they take effect. Contractors and temporary staff are covered unless their agreement states otherwise. Exceptions must be approved in writing by the department head and recorded in the Legal & Compliance register. Questions about this document should be directed to the Legal & Compliance team through the internal service desk.

## Stakeholders

The project owner is Lena Ghosh. The executive sponsor is Oliver Bose.

## Reporting and Metrics

All employees are expected to follow this guidance in addition to applicable local laws in all regions. Where this document conflicts with local regulation, the stricter requirement applies. This document is reviewed annually and whenever there is a material change to the underlying process.

## Risks

Key risks include resourcing constraints, vendor delays and changing requirements.
"
DOC-000182,Project Brief: Project Umbra,project_brief,HR,168,,PRJ-0026,SharePoint,https://sharepoint.northwind-analytics.example.com/project_brief/doc-000182,active,2,Confidential,2023-11-02,2024-09-29,260,"# Project Brief: Project Umbra

**Document ID:** DOC-000182
**Owner:** Lukas Cohen
**Department:** Human Resources
**Status:** active
**Version:** 2
**Last updated:** 2024-09-29

## Goal

Project Umbra aims to improve efficiency in Human Resources and reduce operating cost.

## Background

Records related to this process are stored in the approved system of record and retained according to the data retention policy. Managers are responsible for ensuring that their teams have read and understood these requirements. Metrics for this process are reported quarterly to the leadership team as part of the operating review.

## Compliance and Exceptions

Third-party vendors who support this process must meet the same standards through contractual obligations. Teams should document any workaround they adopt so that it can be reviewed and, where appropriate, standardised. All employees are expected to follow this guidance in addition to applicable local laws in all regions.

## Timeline

The project starts on 2 November 2023 and the target launch date is 2 July 2024.

## Reporting and Metrics

Third-party vendors who support this process must meet the same standards through contractual obligations. All employees are expected to follow this guidance in addition to applicable local laws in all regions. Metrics for this process are reported quarterly to the leadership team as part of the operating review. Contractors and temporary staff are covered unless their agreement states otherwise.

## Budget

The approved budget for Project Umbra is USD 990,000.

## Stakeholders

The project owner is Anna Fischer. The executive sponsor is Daniel Reddy.

## Risks

Key risks include resourcing constraints, vendor delays and changing requirements.
"
DOC-000183,Project Brief: Project Tundra,project_brief,SUP,24,,PRJ-0027,SharePoint,https://sharepoint.northwind-analytics.example.com/project_brief/doc-000183,active,4,Internal,2024-05-12,2025-02-27,274,"# Project Brief: Project Tundra

**Document ID:** DOC-000183
**Owner:** Sophie Sen
**Department:** Customer Support
**Status:** active
**Version:** 4
**Last updated:** 2025-02-27

## Goal

Project Tundra aims to improve efficiency in Customer Support and reduce operating cost.

## Reporting and Metrics

Personal data handled as part of this process must be processed in line with the privacy notice. All employees are expected to follow this guidance in addition to applicable local laws in all regions. Teams should document any workaround they adopt so that it can be reviewed and, where appropriate, standardised.

## Timeline

The project starts on 12 May 2024 and the target launch date is 18 December 2024.

## Frequently Raised Concerns

Personal data handled as part of this process must be processed in line with the privacy notice. Third-party vendors who support this process must meet the same standards through contractual obligations. Training materials supporting this guidance are available on the learning platform. Escalations that cannot be resolved at team level are raised to the relevant steering committee.

## Budget

The approved budget for Project Tundra is USD 1,740,000.

## Stakeholders

The project owner is Michael Wagner. The executive sponsor is Zara Silva.

## Scope and Applicability

Cross-functional dependencies should be identified early and tracked in the shared planning board. Contractors and temporary staff are covered unless their agreement states otherwise. Exceptions must be approved in writing by the department head and recorded in the Customer Support register. Training materials supporting this guidance are available on the learning platform. Where this document conflicts with local regulation, the stricter requirement applies.

## Risks

Key risks include resourcing constraints, vendor delays and changing requirements.
"
DOC-000184,Project Brief: Project Horizon,project_brief,DAT,176,,PRJ-0028,Google Drive,https://google-drive.northwind-analytics.example.com/project_brief/doc-000184,active,4,Internal,2026-05-23,2026-09-30,271,"# Project Brief: Project Horizon

**Document ID:** DOC-000184
**Owner:** Amit Chatterjee
**Department:** Data & Analytics
**Status:** active
**Version:** 4
**Last updated:** 2026-09-30

## Goal

Project Horizon aims to improve efficiency in Data & Analytics and reduce operating cost.

## Timeline

The project starts on 23 May 2026 and the target launch date is 25 June 2027.

## Budget

The approved budget for Project Horizon is USD 4,520,000.

## Stakeholders

The project owner is Ethan Fischer. The executive sponsor is Kavya Park.

## Risks

Key risks include resourcing constraints, vendor delays and changing requirements.

## Scope and Applicability

Metrics for this process are reported quarterly to the leadership team as part of the operating review. Training materials supporting this guidance are available on the learning platform. Personal data handled as part of this process must be processed in line with the privacy notice. Contractors and temporary staff are covered unless their agreement states otherwise.

## Roles and Responsibilities

Audit and compliance teams may request evidence of adherence at any time. Metrics for this process are reported quarterly to the leadership team as part of the operating review. Managers are responsible for ensuring that their teams have read and understood these requirements. Personal data handled as part of this process must be processed in line with the privacy notice. Third-party vendors who support this process must meet the same standards through contractual obligations.

## Reporting and Metrics

Contractors and temporary staff are covered unless their agreement states otherwise. Where this document conflicts with local regulation, the stricter requirement applies. Third-party vendors who support this process must meet the same standards through contractual obligations.
"
DOC-000185,Project Brief: Project Juniper,project_brief,FIN,71,,PRJ-0029,SharePoint,https://sharepoint.northwind-analytics.example.com/project_brief/doc-000185,active,3,Confidential,2023-02-01,2023-09-02,266,"# Project Brief: Project Juniper

**Document ID:** DOC-000185
**Owner:** Pooja Singh
**Department:** Finance
**Status:** active
**Version:** 3
**Last updated:** 2023-09-02

## Review and Maintenance

Third-party vendors who support this process must meet the same standards through contractual obligations. This document is reviewed annually and whenever there is a material change to the underlying process. Teams should document any workaround they adopt so that it can be reviewed and, where appropriate, standardised.

## Frequently Raised Concerns

Questions about this document should be directed to the Finance team through the internal service desk. Third-party vendors who support this process must meet the same standards through contractual obligations. Managers are responsible for ensuring that their teams have read and understood these requirements. Cross-functional dependencies should be identified early and tracked in the shared planning board. This document is reviewed annually and whenever there is a material change to the underlying process.

## Goal

Project Juniper aims to improve efficiency in Finance and reduce operating cost.

## Timeline

The project starts on 1 February 2023 and the target launch date is 18 August 2023.

## Budget

The approved budget for Project Juniper is USD 4,975,000.

## Background

Contractors and temporary staff are covered unless their agreement states otherwise. Training materials supporting this guidance are available on the learning platform. Where this document conflicts with local regulation, the stricter requirement applies. Feedback and suggested improvements are welcome and are triaged at the monthly process review.

## Stakeholders

The project owner is Pooja Singh. The executive sponsor is Oliver Chen.

## Risks

Key risks include resourcing constraints, vendor delays and changing requirements.
"
DOC-000186,Project Brief: Project Eclipse,project_brief,HR,96,,PRJ-0030,SharePoint,https://sharepoint.northwind-analytics.example.com/project_brief/doc-000186,active,3,Internal,2026-02-04,2026-06-17,241,"# Project Brief: Project Eclipse

**Document ID:** DOC-000186
**Owner:** James Gupta
**Department:** Human Resources
**Status:** active
**Version:** 3
**Last updated:** 2026-06-17

## Goal

Project Eclipse aims to improve efficiency in Human Resources and reduce operating cost.

## Scope and Applicability

Cross-functional dependencies should be identified early and tracked in the shared planning board. Feedback and suggested improvements are welcome and are triaged at the monthly process review. Managers are responsible for ensuring that their teams have read and understood these requirements.

## Timeline

The project starts on 4 February 2026 and the target launch date is 16 October 2026.

## Budget

The approved budget for Project Eclipse is USD 1,995,000.

## Stakeholders

The project owner is Daniel Reddy. The executive sponsor is Daniel Reddy.

## Risks

Key risks include resourcing constraints, vendor delays and changing requirements.

## Compliance and Exceptions

Training materials supporting this guidance are available on the learning platform. This document is reviewed annually and whenever there is a material change to the underlying process. Cross-functional dependencies should be identified early and tracked in the shared planning board.

## Glossary and Definitions

Feedback and suggested improvements are welcome and are triaged at the monthly process review. Audit and compliance teams may request evidence of adherence at any time. Escalations that cannot be resolved at team level are raised to the relevant steering committee. Northwind Analytics values transparency, so material changes are announced on the intranet before they take effect.
"
DOC-000187,Meeting Notes: Project Comet - Steering Sync 26 April 2023,meeting_notes,OPS,86,,PRJ-0023,Google Drive,https://google-drive.northwind-analytics.example.com/meeting_notes/doc-000187,active,1,Confidential,2023-04-26,2024-03-13,273,"# Meeting Notes: Project Comet - Steering Sync 26 April 2023

**Document ID:** DOC-000187
**Owner:** Neha Reddy
**Department:** Operations
**Status:** active
**Version:** 1
**Last updated:** 2024-03-13

## Attendees

Karan Banerjee, Arjun Das, Jun Johnson, Mei Becker

## Dependencies

All employees are expected to follow this guidance in addition to applicable local laws in all regions. Training materials supporting this guidance are available on the learning platform. Third-party vendors who support this process must meet the same standards through contractual obligations. Records related to this process are stored in the approved system of record and retained according to the data retention policy.

## Discussion

The group reviewed progress on Project Comet, open risks and upcoming milestones.

## Background

This document is reviewed annually and whenever there is a material change to the underlying process. Managers are responsible for ensuring that their teams have read and understood these requirements. Escalations that cannot be resolved at team level are raised to the relevant steering committee. Records related to this process are stored in the approved system of record and retained according to the data retention policy. Teams should document any workaround they adopt so that it can be reviewed and, where appropriate, standardised.

## Decisions

The team agreed to move the launch date to 15 April 2024. Karan Banerjee will deliver the security review by 13 May 2023.

## Reporting and Metrics

This document is reviewed annually and whenever there is a material change to the underlying process. Where this document conflicts with local regulation, the stricter requirement applies. Metrics for this process are reported quarterly to the leadership team as part of the operating review.
"
DOC-000188,Meeting Notes: Project Indigo - Steering Sync 28 January 2026,meeting_notes,SUP,65,,PRJ-0003,Notion,https://notion.northwind-analytics.example.com/meeting_notes/doc-000188,active,2,Confidential,2026-01-28,2026-08-31,285,"# Meeting Notes: Project Indigo - Steering Sync 28 January 2026

**Document ID:** DOC-000188
**Owner:** Mei Cohen
**Department:** Customer Support
**Status:** active
**Version:** 2
**Last updated:** 2026-08-31

## Scope and Applicability

Metrics for this process are reported quarterly to the leadership team as part of the operating review. Managers are responsible for ensuring that their teams have read and understood these requirements. All employees are expected to follow this guidance in addition to applicable local laws in all regions.

## Reporting and Metrics

Personal data handled as part of this process must be processed in line with the privacy notice. Questions about this document should be directed to the Customer Support team through the internal service desk. Cross-functional dependencies should be identified early and tracked in the shared planning board. Records related to this process are stored in the approved system of record and retained according to the data retention policy. Metrics for this process are reported quarterly to the leadership team as part of the operating review.

## Attendees

James Gupta, Arjun Tan, Jun Johnson, Noah Schmidt

## Discussion

The group reviewed progress on Project Indigo, open risks and upcoming milestones.

## Glossary and Definitions

Records related to this process are stored in the approved system of record and retained according to the data retention policy. Teams should document any workaround they adopt so that it can be reviewed and, where appropriate, standardised. Exceptions must be approved in writing by the department head and recorded in the Customer Support register. Where this document conflicts with local regulation, the stricter requirement applies.

## Decisions

The team agreed to move the launch date to 3 June 2026. The sponsor approved an additional budget of USD 150,000.
"
DOC-000189,Meeting Notes: Project Orion - Steering Sync 1 August 2026,meeting_notes,OPS,79,,PRJ-0002,Notion,https://notion.northwind-analytics.example.com/meeting_notes/doc-000189,active,5,Confidential,2026-08-01,2026-09-30,274,"# Meeting Notes: Project Orion - Steering Sync 1 August 2026

**Document ID:** DOC-000189
**Owner:** Michael Schmidt
**Department:** Operations
**Status:** active
**Version:** 5
**Last updated:** 2026-09-30

## Attendees

Jonas Nguyen, Vikram Park, James Mehta, Tom Muller

## Discussion

The group reviewed progress on Project Orion, open risks and upcoming milestones.

## Reporting and Metrics

Managers are responsible for ensuring that their teams have read and understood these requirements. Personal data handled as part of this process must be processed in line with the privacy notice. Contractors and temporary staff are covered unless their agreement states otherwise. This document is reviewed annually and whenever there is a material change to the underlying process. Exceptions must be approved in writing by the department head and recorded in the Operations register.

## Review and Maintenance

Escalations that cannot be resolved at team level are raised to the relevant steering committee. Northwind Analytics values transparency, so material changes are announced on the intranet before they take effect. Where this document conflicts with local regulation, the stricter requirement applies. Metrics for this process are reported quarterly to the leadership team as part of the operating review. Managers are responsible for ensuring that their teams have read and understood these requirements.

## Decisions

The sponsor approved an additional budget of USD 75,000. James Mehta will deliver the data migration plan by 25 August 2026.

## Dependencies

Exceptions must be approved in writing by the department head and recorded in the Operations register. Audit and compliance teams may request evidence of adherence at any time. Northwind Analytics values transparency, so material changes are announced on the intranet before they take effect.
"
DOC-000190,Meeting Notes: Project Vertex - Steering Sync 25 September 2026,meeting_notes,LEG,83,,PRJ-0025,SharePoint,https://sharepoint.northwind-analytics.example.com/meeting_notes/doc-000190,active,1,Internal,2026-09-25,2026-09-30,269,"# Meeting Notes: Project Vertex - Steering Sync 25 September 2026

**Document ID:** DOC-000190
**Owner:** Neha Sharma
**Department:** Legal & Compliance
**Status:** active
**Version:** 1
**Last updated:** 2026-09-30

## Attendees

Kavya Fischer, Kavya Park, Daniel Reddy, Neha Johnson

## Glossary and Definitions

This document is reviewed annually and whenever there is a material change to the underlying process. Metrics for this process are reported quarterly to the leadership team as part of the operating review. Contractors and temporary staff are covered unless their agreement states otherwise. Third-party vendors who support this process must meet the same standards through contractual obligations. Escalations that cannot be resolved at team level are raised to the relevant steering committee.

## Discussion

The group reviewed progress on Project Vertex, open risks and upcoming milestones.

## Compliance and Exceptions

Metrics for this process are reported quarterly to the leadership team as part of the operating review. Audit and compliance teams may request evidence of adherence at any time. Training materials supporting this guidance are available on the learning platform.

## Roles and Responsibilities

Cross-functional dependencies should be identified early and tracked in the shared planning board. Training materials supporting this guidance are available on the learning platform. Escalations that cannot be resolved at team level are raised to the relevant steering committee. Managers are responsible for ensuring that their teams have read and understood these requirements. Metrics for this process are reported quarterly to the leadership team as part of the operating review.

## Decisions

The sponsor approved an additional budget of USD 50,000. Daniel Reddy will deliver the rollout checklist by 3 November 2026.
"
DOC-000191,Meeting Notes: Project Beacon - Steering Sync 11 July 2026,meeting_notes,FIN,71,,PRJ-0024,Google Drive,https://google-drive.northwind-analytics.example.com/meeting_notes/doc-000191,active,4,Internal,2026-07-11,2026-09-24,283,"# Meeting Notes: Project Beacon - Steering Sync 11 July 2026

**Document ID:** DOC-000191
**Owner:** Pooja Singh
**Department:** Finance
**Status:** active
**Version:** 4
**Last updated:** 2026-09-24

## Attendees

Noah Larsen, Anna Nair, Meera Silva, Ava Garcia

## Reporting and Metrics

Third-party vendors who support this process must meet the same standards through contractual obligations. Teams should document any workaround they adopt so that it can be reviewed and, where appropriate, standardised. Metrics for this process are reported quarterly to the leadership team as part of the operating review. Escalations that cannot be resolved at team level are raised to the relevant steering committee. Training materials supporting this guidance are available on the learning platform.

## Related Resources

Personal data handled as part of this process must be processed in line with the privacy notice. Northwind Analytics values transparency, so material changes are announced on the intranet before they take effect. Cross-functional dependencies should be identified early and tracked in the shared planning board. Teams should document any workaround they adopt so that it can be reviewed and, where appropriate, standardised. Managers are responsible for ensuring that their teams have read and understood these requirements.

## Discussion

The group reviewed progress on Project Beacon, open risks and upcoming milestones.

## Decisions

The team agreed to move the launch date to 17 November 2027. The sponsor approved an additional budget of USD 25,000.

## Scope and Applicability

Metrics for this process are reported quarterly to the leadership team as part of the operating review. Questions about this document should be directed to the Finance team through the internal service desk. Escalations that cannot be resolved at team level are raised to the relevant steering committee.
"
DOC-000192,Meeting Notes: Project Ibis - Steering Sync 14 September 2023,meeting_notes,SAL,138,,PRJ-0017,Google Drive,https://google-drive.northwind-analytics.example.com/meeting_notes/doc-000192,active,2,Internal,2023-09-14,2024-09-30,266,"# Meeting Notes: Project Ibis - Steering Sync 14 September 2023

**Document ID:** DOC-000192
**Owner:** Chloe Becker
**Department:** Sales
**Status:** active
**Version:** 2
**Last updated:** 2024-09-30

## Attendees

Kavya Silva, Arjun Menon, Arjun Das, Arjun Evans

## Scope and Applicability

Managers are responsible for ensuring that their teams have read and understood these requirements. This document is reviewed annually and whenever there is a material change to the underlying process. Escalations that cannot be resolved at team level are raised to the relevant steering committee. Cross-functional dependencies should be identified early and tracked in the shared planning board. Records related to this process are stored in the approved system of record and retained according to the data retention policy.

## Frequently Raised Concerns

Escalations that cannot be resolved at team level are raised to the relevant steering committee. Contractors and temporary staff are covered unless their agreement states otherwise. Exceptions must be approved in writing by the department head and recorded in the Sales register.

## Discussion

The group reviewed progress on Project Ibis, open risks and upcoming milestones.

## Compliance and Exceptions

Contractors and temporary staff are covered unless their agreement states otherwise. Third-party vendors who support this process must meet the same standards through contractual obligations. All employees are expected to follow this guidance in addition to applicable local laws in all regions. Northwind Analytics values transparency, so material changes are announced on the intranet before they take effect.

## Decisions

The team agreed to move the launch date to 12 November 2024. Arjun Evans will deliver the cost forecast by 23 September 2023.
"
DOC-000193,Meeting Notes: Project Glacier - Steering Sync 8 March 2025,meeting_notes,ENG,124,,PRJ-0014,SharePoint,https://sharepoint.northwind-analytics.example.com/meeting_notes/doc-000193,active,4,Internal,2025-03-08,2025-03-30,275,"# Meeting Notes: Project Glacier - Steering Sync 8 March 2025

**Document ID:** DOC-000193
**Owner:** Sophie Nair
**Department:** Engineering
**Status:** active
**Version:** 4
**Last updated:** 2025-03-30

## Scope and Applicability

Teams should document any workaround they adopt so that it can be reviewed and, where appropriate, standardised. Northwind Analytics values transparency, so material changes are announced on the intranet before they take effect. Training materials supporting this guidance are available on the learning platform. Metrics for this process are reported quarterly to the leadership team as part of the operating review. Where this document conflicts with local regulation, the stricter requirement applies.

## Attendees

Michael Schmidt, Daniel Clarke, Mei Chen, Pooja Khan

## Discussion

The group reviewed progress on Project Glacier, open risks and upcoming milestones.

## Reporting and Metrics

Managers are responsible for ensuring that their teams have read and understood these requirements. Cross-functional dependencies should be identified early and tracked in the shared planning board. Metrics for this process are reported quarterly to the leadership team as part of the operating review. Northwind Analytics values transparency, so material changes are announced on the intranet before they take effect.

## Decisions

The sponsor approved an additional budget of USD 25,000. Michael Schmidt will deliver the API specification by 19 March 2025.

## Glossary and Definitions

Metrics for this process are reported quarterly to the leadership team as part of the operating review. Managers are responsible for ensuring that their teams have read and understood these requirements. Audit and compliance teams may request evidence of adherence at any time. Exceptions must be approved in writing by the department head and recorded in the Engineering register.
"
DOC-000194,Meeting Notes: Project Rift - Steering Sync 8 November 2024,meeting_notes,FIN,115,,PRJ-0022,Google Drive,https://google-drive.northwind-analytics.example.com/meeting_notes/doc-000194,active,2,Internal,2024-11-08,2024-12-21,276,"# Meeting Notes: Project Rift - Steering Sync 8 November 2024

**Document ID:** DOC-000194
**Owner:** Carlos Silva
**Department:** Finance
**Status:** active
**Version:** 2
**Last updated:** 2024-12-21

## Review and Maintenance

Metrics for this process are reported quarterly to the leadership team as part of the operating review. Questions about this document should be directed to the Finance team through the internal service desk. Audit and compliance teams may request evidence of adherence at any time.

## Attendees

Lena Singh, Jun Kim, Nikhil Evans, Jonas Nguyen

## Discussion

The group reviewed progress on Project Rift, open risks and upcoming milestones.

## Decisions

The team agreed to move the launch date to 17 April 2025. Nikhil Evans will deliver the security review by 20 December 2024.

## Frequently Raised Concerns

Personal data handled as part of this process must be processed in line with the privacy notice. All employees are expected to follow this guidance in addition to applicable local laws in all regions. This document is reviewed annually and whenever there is a material change to the underlying process. Audit and compliance teams may request evidence of adherence at any time.

## Dependencies

Records related to this process are stored in the approved system of record and retained according to the data retention policy. All employees are expected to follow this guidance in addition to applicable local laws in all regions. Feedback and suggested improvements are welcome and are triaged at the monthly process review. Northwind Analytics values transparency, so material changes are announced on the intranet before they take effect. This document is reviewed annually and whenever there is a material change to the underlying process.
"
DOC-000195,Meeting Notes: Project Lantern - Steering Sync 30 May 2026,meeting_notes,SUP,62,,PRJ-0016,Notion,https://notion.northwind-analytics.example.com/meeting_notes/doc-000195,active,1,Internal,2026-05-30,2026-07-15,287,"# Meeting Notes: Project Lantern - Steering Sync 30 May 2026

**Document ID:** DOC-000195
**Owner:** Pooja Garcia
**Department:** Customer Support
**Status:** active
**Version:** 1
**Last updated:** 2026-07-15

## Attendees

Omar Reddy, Neha Mehta, Pooja Khan, Noah Schmidt

## Related Resources

Managers are responsible for ensuring that their teams have read and understood these requirements. Contractors and temporary staff are covered unless their agreement states otherwise. Teams should document any workaround they adopt so that it can be reviewed and, where appropriate, standardised.

## Background

Exceptions must be approved in writing by the department head and recorded in the Customer Support register. Contractors and temporary staff are covered unless their agreement states otherwise. Northwind Analytics values transparency, so material changes are announced on the intranet before they take effect. Cross-functional dependencies should be identified early and tracked in the shared planning board. Records related to this process are stored in the approved system of record and retained according to the data retention policy.

## Discussion

The group reviewed progress on Project Lantern, open risks and upcoming milestones.

## Frequently Raised Concerns

Records related to this process are stored in the approved system of record and retained according to the data retention policy. Exceptions must be approved in writing by the department head and recorded in the Customer Support register. Audit and compliance teams may request evidence of adherence at any time. Questions about this document should be directed to the Customer Support team through the internal service desk. All employees are expected to follow this guidance in addition to applicable local laws in all regions.

## Decisions

The team agreed to move the launch date to 3 May 2027. The sponsor approved an additional budget of USD 75,000.
"
DOC-000196,Meeting Notes: Project Quartz - Steering Sync 8 March 2025,meeting_notes,IT,109,,PRJ-0009,Google Drive,https://google-drive.northwind-analytics.example.com/meeting_notes/doc-000196,active,3,Internal,2025-03-08,2025-04-08,282,"# Meeting Notes: Project Quartz - Steering Sync 8 March 2025

**Document ID:** DOC-000196
**Owner:** Chloe Das
**Department:** IT Services
**Status:** active
**Version:** 3
**Last updated:** 2025-04-08

## Attendees

Anna Bose, James Clarke, Chloe Taylor, Pooja Garcia

## Reporting and Metrics

Training materials supporting this guidance are available on the learning platform. All employees are expected to follow this guidance in addition to applicable local laws in all regions. Feedback and suggested improvements are welcome and are triaged at the monthly process review. Third-party vendors who support this process must meet the same standards through contractual obligations. Contractors and temporary staff are covered unless their agreement states otherwise.

## Roles and Responsibilities

This document is reviewed annually and whenever there is a material change to the underlying process. Training materials supporting this guidance are available on the learning platform. Managers are responsible for ensuring that their teams have read and understood these requirements. Third-party vendors who support this process must meet the same standards through contractual obligations. Contractors and temporary staff are covered unless their agreement states otherwise.

## Discussion

The group reviewed progress on Project Quartz, open risks and upcoming milestones.

## Scope and Applicability

Metrics for this process are reported quarterly to the leadership team as part of the operating review. Questions about this document should be directed to the IT Services team through the internal service desk. Where this document conflicts with local regulation, the stricter requirement applies. Northwind Analytics values transparency, so material changes are announced on the intranet before they take effect.

## Decisions

The team agreed to move the launch date to 30 September 2025. Pooja Garcia will deliver the security review by 1 April 2025.
"
DOC-000197,Meeting Notes: Project Yonder - Steering Sync 11 March 2024,meeting_notes,FIN,49,,PRJ-0006,SharePoint,https://sharepoint.northwind-analytics.example.com/meeting_notes/doc-000197,active,4,Internal,2024-03-11,2024-04-10,274,"# Meeting Notes: Project Yonder - Steering Sync 11 March 2024

**Document ID:** DOC-000197
**Owner:** Tom Nair
**Department:** Finance
**Status:** active
**Version:** 4
**Last updated:** 2024-04-10

## Attendees

Chloe Becker, Chloe Das, Karan Ali, James Kim

## Scope and Applicability

Personal data handled as part of this process must be processed in line with the privacy notice. Contractors and temporary staff are covered unless their agreement states otherwise. Exceptions must be approved in writing by the department head and recorded in the Finance register. Questions about this document should be directed to the Finance team through the internal service desk. Escalations that cannot be resolved at team level are raised to the relevant steering committee.

## Discussion

The group reviewed progress on Project Yonder, open risks and upcoming milestones.

## Decisions

The team agreed to move the launch date to 15 November 2024. Karan Ali will deliver the load test report by 18 March 2024.

## Review and Maintenance

Managers are responsible for ensuring that their teams have read and understood these requirements. Feedback and suggested improvements are welcome and are triaged at the monthly process review. Teams should document any workaround they adopt so that it can be reviewed and, where appropriate, standardised.

## Glossary and Definitions

Questions about this document should be directed to the Finance team through the internal service desk. Contractors and temporary staff are covered unless their agreement states otherwise. Cross-functional dependencies should be identified early and tracked in the shared planning board. Where this document conflicts with local regulation, the stricter requirement applies. Escalations that cannot be resolved at team level are raised to the relevant steering committee.
"
DOC-000198,Meeting Notes: Project Umbra - Steering Sync 22 January 2024,meeting_notes,HR,200,,PRJ-0026,SharePoint,https://sharepoint.northwind-analytics.example.com/meeting_notes/doc-000198,active,4,Internal,2024-01-22,2024-05-08,295,"# Meeting Notes: Project Umbra - Steering Sync 22 January 2024

**Document ID:** DOC-000198
**Owner:** Anna Fischer
**Department:** Human Resources
**Status:** active
**Version:** 4
**Last updated:** 2024-05-08

## Attendees

Tom Muller, Omar Reddy, Neha Muller, Hannah Larsen

## Discussion

The group reviewed progress on Project Umbra, open risks and upcoming milestones.

## Related Resources

All employees are expected to follow this guidance in addition to applicable local laws in all regions. Records related to this process are stored in the approved system of record and retained according to the data retention policy. Teams should document any workaround they adopt so that it can be reviewed and, where appropriate, standardised.

## Roles and Responsibilities

Third-party vendors who support this process must meet the same standards through contractual obligations. Northwind Analytics values transparency, so material changes are announced on the intranet before they take effect. Questions about this document should be directed to the Human Resources team through the internal service desk. Personal data handled as part of this process must be processed in line with the privacy notice. Audit and compliance teams may request evidence of adherence at any time.

## Reporting and Metrics

Questions about this document should be directed to the Human Resources team through the internal service desk. All employees are expected to follow this guidance in addition to applicable local laws in all regions. Metrics for this process are reported quarterly to the leadership team as part of the operating review. Audit and compliance teams may request evidence of adherence at any time. Exceptions must be approved in writing by the department head and recorded in the Human Resources register.

## Decisions

The sponsor approved an additional budget of USD 75,000. Omar Reddy will deliver the API specification by 19 February 2024.
"
DOC-000199,Meeting Notes: Project Keystone - Steering Sync 26 August 2026,meeting_notes,DAT,58,,PRJ-0012,Notion,https://notion.northwind-analytics.example.com/meeting_notes/doc-000199,active,1,Confidential,2026-08-26,2026-09-30,243,"# Meeting Notes: Project Keystone - Steering Sync 26 August 2026

**Document ID:** DOC-000199
**Owner:** Pooja Muller
**Department:** Data & Analytics
**Status:** active
**Version:** 1
**Last updated:** 2026-09-30

## Attendees

Mei Becker, Emily Chen, Marta Joshi, Sneha Bose

## Discussion

The group reviewed progress on Project Keystone, open risks and upcoming milestones.

## Glossary and Definitions

Contractors and temporary staff are covered unless their agreement states otherwise. Training materials supporting this guidance are available on the learning platform. Personal data handled as part of this process must be processed in line with the privacy notice. Third-party vendors who support this process must meet the same standards through contractual obligations. Records related to this process are stored in the approved system of record and retained according to the data retention policy.

## Decisions

The team agreed to move the launch date to 10 December 2026. The sponsor approved an additional budget of USD 50,000.

## Compliance and Exceptions

Where this document conflicts with local regulation, the stricter requirement applies. Northwind Analytics values transparency, so material changes are announced on the intranet before they take effect. This document is reviewed annually and whenever there is a material change to the underlying process.

## Review and Maintenance

Feedback and suggested improvements are welcome and are triaged at the monthly process review. Third-party vendors who support this process must meet the same standards through contractual obligations. Where this document conflicts with local regulation, the stricter requirement applies.
"
DOC-000200,Meeting Notes: Project Lantern - Steering Sync 7 July 2026,meeting_notes,SUP,80,,PRJ-0016,SharePoint,https://sharepoint.northwind-analytics.example.com/meeting_notes/doc-000200,active,5,Confidential,2026-07-07,2026-09-30,290,"# Meeting Notes: Project Lantern - Steering Sync 7 July 2026

**Document ID:** DOC-000200
**Owner:** Pooja Sen
**Department:** Customer Support
**Status:** active
**Version:** 5
**Last updated:** 2026-09-30

## Roles and Responsibilities

This document is reviewed annually and whenever there is a material change to the underlying process. Personal data handled as part of this process must be processed in line with the privacy notice. Metrics for this process are reported quarterly to the leadership team as part of the operating review. Training materials supporting this guidance are available on the learning platform.

## Attendees

Omar Hughes, Nikhil Ghosh, Ishita Becker, Arjun Singh

## Discussion

The group reviewed progress on Project Lantern, open risks and upcoming milestones.

## Background

Cross-functional dependencies should be identified early and tracked in the shared planning board. Feedback and suggested improvements are welcome and are triaged at the monthly process review. Metrics for this process are reported quarterly to the leadership team as part of the operating review. All employees are expected to follow this guidance in addition to applicable local laws in all regions. Where this document conflicts with local regulation, the stricter requirement applies.

## Decisions

The team agreed to move the launch date to 24 March 2027. Nikhil Ghosh will deliver the security review by 22 July 2026.

## Review and Maintenance

Exceptions must be approved in writing by the department head and recorded in the Customer Support register. Audit and compliance teams may request evidence of adherence at any time. Teams should document any workaround they adopt so that it can be reviewed and, where appropriate, standardised. Third-party vendors who support this process must meet the same standards through contractual obligations. Where this document conflicts with local regulation, the stricter requirement applies.
"
DOC-000201,Meeting Notes: Project Juniper - Steering Sync 4 August 2023,meeting_notes,FIN,115,,PRJ-0029,SharePoint,https://sharepoint.northwind-analytics.example.com/meeting_notes/doc-000201,active,1,Confidential,2023-08-04,2024-01-22,247,"# Meeting Notes: Project Juniper - Steering Sync 4 August 2023

**Document ID:** DOC-000201
**Owner:** Carlos Silva
**Department:** Finance
**Status:** active
**Version:** 1
**Last updated:** 2024-01-22

## Review and Maintenance

Where this document conflicts with local regulation, the stricter requirement applies. Records related to this process are stored in the approved system of record and retained according to the data retention policy. Audit and compliance teams may request evidence of adherence at any time.

## Compliance and Exceptions

All employees are expected to follow this guidance in addition to applicable local laws in all regions. Audit and compliance teams may request evidence of adherence at any time. Feedback and suggested improvements are welcome and are triaged at the monthly process review. This document is reviewed annually and whenever there is a material change to the underlying process.

## Attendees

Pooja Muller, Lena Ghosh, Jun Kim, Vikram Park

## Discussion

The group reviewed progress on Project Juniper, open risks and upcoming milestones.

## Scope and Applicability

Questions about this document should be directed to the Finance team through the internal service desk. This document is reviewed annually and whenever there is a material change to the underlying process. All employees are expected to follow this guidance in addition to applicable local laws in all regions. Training materials supporting this guidance are available on the learning platform.

## Decisions

The sponsor approved an additional budget of USD 75,000. Pooja Muller will deliver the rollout checklist by 23 August 2023.
"
DOC-000202,Meeting Notes: Project Summit - Steering Sync 31 March 2023,meeting_notes,OPS,140,,PRJ-0011,SharePoint,https://sharepoint.northwind-analytics.example.com/meeting_notes/doc-000202,active,1,Internal,2023-03-31,2023-05-01,246,"# Meeting Notes: Project Summit - Steering Sync 31 March 2023

**Document ID:** DOC-000202
**Owner:** Priya Reddy
**Department:** Operations
**Status:** active
**Version:** 1
**Last updated:** 2023-05-01

## Compliance and Exceptions

Exceptions must be approved in writing by the department head and recorded in the Operations register. Contractors and temporary staff are covered unless their agreement states otherwise. Teams should document any workaround they adopt so that it can be reviewed and, where appropriate, standardised. Cross-functional dependencies should be identified early and tracked in the shared planning board.

## Attendees

Neha Reddy, James Hughes, Ethan Fischer, Marta Rao

## Discussion

The group reviewed progress on Project Summit, open risks and upcoming milestones.

## Roles and Responsibilities

Northwind Analytics values transparency, so material changes are announced on the intranet before they take effect. This document is reviewed annually and whenever there is a material change to the underlying process. Teams should document any workaround they adopt so that it can be reviewed and, where appropriate, standardised. Personal data handled as part of this process must be processed in line with the privacy notice.

## Related Resources

Exceptions must be approved in writing by the department head and recorded in the Operations register. Cross-functional dependencies should be identified early and tracked in the shared planning board. Contractors and temporary staff are covered unless their agreement states otherwise.

## Decisions

The sponsor approved an additional budget of USD 25,000. Marta Rao will deliver the security review by 12 April 2023.
"
DOC-000203,Meeting Notes: Project Meridian - Steering Sync 30 June 2024,meeting_notes,IT,178,,PRJ-0015,SharePoint,https://sharepoint.northwind-analytics.example.com/meeting_notes/doc-000203,active,1,Confidential,2024-06-30,2024-08-21,241,"# Meeting Notes: Project Meridian - Steering Sync 30 June 2024

**Document ID:** DOC-000203
**Owner:** Hannah Kim
**Department:** IT Services
**Status:** active
**Version:** 1
**Last updated:** 2024-08-21

## Attendees

Felix Brown, Sourav Rao, William Sen, Sophie Ghosh

## Discussion

The group reviewed progress on Project Meridian, open risks and upcoming milestones.

## Review and Maintenance

Teams should document any workaround they adopt so that it can be reviewed and, where appropriate, standardised. Third-party vendors who support this process must meet the same standards through contractual obligations. Metrics for this process are reported quarterly to the leadership team as part of the operating review. Questions about this document should be directed to the IT Services team through the internal service desk.

## Decisions

The team agreed to move the launch date to 27 November 2024. William Sen will deliver the vendor contract by 13 July 2024.

## Background

Contractors and temporary staff are covered unless their agreement states otherwise. Teams should document any workaround they adopt so that it can be reviewed and, where appropriate, standardised. Escalations that cannot be resolved at team level are raised to the relevant steering committee.

## Related Resources

Managers are responsible for ensuring that their teams have read and understood these requirements. Exceptions must be approved in writing by the department head and recorded in the IT Services register. Personal data handled as part of this process must be processed in line with the privacy notice.
"
DOC-000204,Meeting Notes: Project Vertex - Steering Sync 24 July 2026,meeting_notes,LEG,163,,PRJ-0025,Notion,https://notion.northwind-analytics.example.com/meeting_notes/doc-000204,active,5,Confidential,2026-07-24,2026-09-30,281,"# Meeting Notes: Project Vertex - Steering Sync 24 July 2026

**Document ID:** DOC-000204
**Owner:** Neha Muller
**Department:** Legal & Compliance
**Status:** active
**Version:** 5
**Last updated:** 2026-09-30

## Review and Maintenance

Metrics for this process are reported quarterly to the leadership team as part of the operating review. Audit and compliance teams may request evidence of adherence at any time. Personal data handled as part of this process must be processed in line with the privacy notice. Contractors and temporary staff are covered unless their agreement states otherwise.

## Attendees

Arjun Ali, Michael Gupta, Pooja Sen, William Evans

## Discussion

The group reviewed progress on Project Vertex, open risks and upcoming milestones.

## Dependencies

Teams should document any workaround they adopt so that it can be reviewed and, where appropriate, standardised. Audit and compliance teams may request evidence of adherence at any time. Records related to this process are stored in the approved system of record and retained according to the data retention policy. Exceptions must be approved in writing by the department head and recorded in the Legal & Compliance register.

## Decisions

The sponsor approved an additional budget of USD 75,000. Arjun Ali will deliver the load test report by 3 August 2026.

## Glossary and Definitions

Where this document conflicts with local regulation, the stricter requirement applies. Questions about this document should be directed to the Legal & Compliance team through the internal service desk. Audit and compliance teams may request evidence of adherence at any time. This document is reviewed annually and whenever there is a material change to the underlying process. Third-party vendors who support this process must meet the same standards through contractual obligations.
"
DOC-000205,Meeting Notes: Project Aurora - Steering Sync 16 December 2024,meeting_notes,FIN,117,,PRJ-0008,Notion,https://notion.northwind-analytics.example.com/meeting_notes/doc-000205,active,3,Internal,2024-12-16,2025-12-27,278,"# Meeting Notes: Project Aurora - Steering Sync 16 December 2024

**Document ID:** DOC-000205
**Owner:** Riya Patel
**Department:** Finance
**Status:** active
**Version:** 3
**Last updated:** 2025-12-27

## Attendees

Sourav Mehta, Pooja Muller, Hannah Kim, Tom Sharma

## Glossary and Definitions

Escalations that cannot be resolved at team level are raised to the relevant steering committee. Exceptions must be approved in writing by the department head and recorded in the Finance register. All employees are expected to follow this guidance in addition to applicable local laws in all regions. This document is reviewed annually and whenever there is a material change to the underlying process. Metrics for this process are reported quarterly to the leadership team as part of the operating review.

## Roles and Responsibilities

This document is reviewed annually and whenever there is a material change to the underlying process. Managers are responsible for ensuring that their teams have read and understood these requirements. Contractors and temporary staff are covered unless their agreement states otherwise. Training materials supporting this guidance are available on the learning platform. Cross-functional dependencies should be identified early and tracked in the shared planning board.

## Discussion

The group reviewed progress on Project Aurora, open risks and upcoming milestones.

## Related Resources

Questions about this document should be directed to the Finance team through the internal service desk. Escalations that cannot be resolved at team level are raised to the relevant steering committee. All employees are expected to follow this guidance in addition to applicable local laws in all regions.

## Decisions

The team agreed to move the launch date to 8 February 2026. The sponsor approved an additional budget of USD 100,000.
"
DOC-000206,Meeting Notes: Project Juniper - Steering Sync 9 April 2023,meeting_notes,FIN,117,,PRJ-0029,SharePoint,https://sharepoint.northwind-analytics.example.com/meeting_notes/doc-000206,active,1,Internal,2023-04-09,2023-05-30,295,"# Meeting Notes: Project Juniper - Steering Sync 9 April 2023

**Document ID:** DOC-000206
**Owner:** Riya Patel
**Department:** Finance
**Status:** active
**Version:** 1
**Last updated:** 2023-05-30

## Attendees

Anna Weber, William Becker, William Sen, Omar Hughes

## Glossary and Definitions

Records related to this process are stored in the approved system of record and retained according to the data retention policy. Personal data handled as part of this process must be processed in line with the privacy notice. Teams should document any workaround they adopt so that it can be reviewed and, where appropriate, standardised. Metrics for this process are reported quarterly to the leadership team as part of the operating review.

## Compliance and Exceptions

Metrics for this process are reported quarterly to the leadership team as part of the operating review. Training materials supporting this guidance are available on the learning platform. Escalations that cannot be resolved at team level are raised to the relevant steering committee. Northwind Analytics values transparency, so material changes are announced on the intranet before they take effect.

## Discussion

The group reviewed progress on Project Juniper, open risks and upcoming milestones.

## Review and Maintenance

Questions about this document should be directed to the Finance team through the internal service desk. This document is reviewed annually and whenever there is a material change to the underlying process. Managers are responsible for ensuring that their teams have read and understood these requirements. Metrics for this process are reported quarterly to the leadership team as part of the operating review. Cross-functional dependencies should be identified early and tracked in the shared planning board.

## Decisions

The team agreed to move the launch date to 26 September 2023. Anna Weber will deliver the load test report by 2 May 2023.
"
DOC-000207,Meeting Notes: Project Lotus - Steering Sync 26 July 2024,meeting_notes,DAT,20,,PRJ-0013,Notion,https://notion.northwind-analytics.example.com/meeting_notes/doc-000207,active,2,Internal,2024-07-26,2025-01-09,249,"# Meeting Notes: Project Lotus - Steering Sync 26 July 2024

**Document ID:** DOC-000207
**Owner:** Jonas Park
**Department:** Data & Analytics
**Status:** active
**Version:** 2
**Last updated:** 2025-01-09

## Attendees

James Gupta, Maya Muller, Felix Das, Pooja Schmidt

## Discussion

The group reviewed progress on Project Lotus, open risks and upcoming milestones.

## Related Resources

Questions about this document should be directed to the Data & Analytics team through the internal service desk. Third-party vendors who support this process must meet the same standards through contractual obligations. Cross-functional dependencies should be identified early and tracked in the shared planning board.

## Decisions

The team agreed to move the launch date to 16 August 2024. Maya Muller will deliver the user training deck by 11 August 2024.

## Dependencies

Personal data handled as part of this process must be processed in line with the privacy notice. Northwind Analytics values transparency, so material changes are announced on the intranet before they take effect. Escalations that cannot be resolved at team level are raised to the relevant steering committee.

## Reporting and Metrics

Personal data handled as part of this process must be processed in line with the privacy notice. Metrics for this process are reported quarterly to the leadership team as part of the operating review. Records related to this process are stored in the approved system of record and retained according to the data retention policy. Third-party vendors who support this process must meet the same standards through contractual obligations.
"
DOC-000208,Meeting Notes: Project Lantern - Steering Sync 28 September 2026,meeting_notes,SUP,67,,PRJ-0016,Notion,https://notion.northwind-analytics.example.com/meeting_notes/doc-000208,active,4,Internal,2026-09-28,2026-09-30,236,"# Meeting Notes: Project Lantern - Steering Sync 28 September 2026

**Document ID:** DOC-000208
**Owner:** Hannah Larsen
**Department:** Customer Support
**Status:** active
**Version:** 4
**Last updated:** 2026-09-30

## Attendees

Rahul Wilson, Emily Park, Oliver Taylor, James Mehta

## Discussion

The group reviewed progress on Project Lantern, open risks and upcoming milestones.

## Decisions

The team agreed to move the launch date to 11 April 2027. Emily Park will deliver the vendor contract by 2 November 2026.

## Glossary and Definitions

Exceptions must be approved in writing by the department head and recorded in the Customer Support register. Metrics for this process are reported quarterly to the leadership team as part of the operating review. Audit and compliance teams may request evidence of adherence at any time.

## Related Resources

Contractors and temporary staff are covered unless their agreement states otherwise. Metrics for this process are reported quarterly to the leadership team as part of the operating review. Escalations that cannot be resolved at team level are raised to the relevant steering committee.

## Frequently Raised Concerns

Cross-functional dependencies should be identified early and tracked in the shared planning board. Questions about this document should be directed to the Customer Support team through the internal service desk. Managers are responsible for ensuring that their teams have read and understood these requirements. Northwind Analytics values transparency, so material changes are announced on the intranet before they take effect.
"
DOC-000209,Meeting Notes: Project Glacier - Steering Sync 8 June 2025,meeting_notes,ENG,153,,PRJ-0014,Google Drive,https://google-drive.northwind-analytics.example.com/meeting_notes/doc-000209,active,3,Internal,2025-06-08,2025-10-05,265,"# Meeting Notes: Project Glacier - Steering Sync 8 June 2025

**Document ID:** DOC-000209
**Owner:** Felix Wilson
**Department:** Engineering
**Status:** active
**Version:** 3
**Last updated:** 2025-10-05

## Attendees

Emily Walker, Pooja Lim, Maya Muller, Oliver Ghosh

## Dependencies

Exceptions must be approved in writing by the department head and recorded in the Engineering register. Where this document conflicts with local regulation, the stricter requirement applies. Audit and compliance teams may request evidence of adherence at any time. This document is reviewed annually and whenever there is a material change to the underlying process.

## Discussion

The group reviewed progress on Project Glacier, open risks and upcoming milestones.

## Background

Training materials supporting this guidance are available on the learning platform. This document is reviewed annually and whenever there is a material change to the underlying process. Personal data handled as part of this process must be processed in line with the privacy notice. Exceptions must be approved in writing by the department head and recorded in the Engineering register.

## Decisions

The team agreed to move the launch date to 28 October 2025. The sponsor approved an additional budget of USD 100,000.

## Compliance and Exceptions

Audit and compliance teams may request evidence of adherence at any time. Feedback and suggested improvements are welcome and are triaged at the monthly process review. Contractors and temporary staff are covered unless their agreement states otherwise. Escalations that cannot be resolved at team level are raised to the relevant steering committee. Teams should document any workaround they adopt so that it can be reviewed and, where appropriate, standardised.
"
DOC-000210,Meeting Notes: Project Dynamo - Steering Sync 10 April 2023,meeting_notes,SAL,95,,PRJ-0020,SharePoint,https://sharepoint.northwind-analytics.example.com/meeting_notes/doc-000210,active,4,Confidential,2023-04-10,2023-10-04,236,"# Meeting Notes: Project Dynamo - Steering Sync 10 April 2023

**Document ID:** DOC-000210
**Owner:** Emily Walker
**Department:** Sales
**Status:** active
**Version:** 4
**Last updated:** 2023-10-04

## Attendees

Li Wagner, Arjun Tan, Arjun Singh, Priya Reddy

## Reporting and Metrics

Personal data handled as part of this process must be processed in line with the privacy notice. Metrics for this process are reported quarterly to the leadership team as part of the operating review. Cross-functional dependencies should be identified early and tracked in the shared planning board.

## Discussion

The group reviewed progress on Project Dynamo, open risks and upcoming milestones.

## Related Resources

Questions about this document should be directed to the Sales team through the internal service desk. Audit and compliance teams may request evidence of adherence at any time. Where this document conflicts with local regulation, the stricter requirement applies. Third-party vendors who support this process must meet the same standards through contractual obligations.

## Decisions

The team agreed to move the launch date to 19 December 2023. The sponsor approved an additional budget of USD 75,000.

## Roles and Responsibilities

Training materials supporting this guidance are available on the learning platform. Cross-functional dependencies should be identified early and tracked in the shared planning board. Where this document conflicts with local regulation, the stricter requirement applies. Personal data handled as part of this process must be processed in line with the privacy notice.
"
DOC-000211,Meeting Notes: Project Meridian - Steering Sync 4 September 2024,meeting_notes,IT,104,,PRJ-0015,Notion,https://notion.northwind-analytics.example.com/meeting_notes/doc-000211,active,3,Internal,2024-09-04,2025-08-07,241,"# Meeting Notes: Project Meridian - Steering Sync 4 September 2024

**Document ID:** DOC-000211
**Owner:** Daniel Wilson
**Department:** IT Services
**Status:** active
**Version:** 3
**Last updated:** 2025-08-07

## Dependencies

Northwind Analytics values transparency, so material changes are announced on the intranet before they take effect. Cross-functional dependencies should be identified early and tracked in the shared planning board. Where this document conflicts with local regulation, the stricter requirement applies. Third-party vendors who support this process must meet the same standards through contractual obligations.

## Attendees

Daniel Reddy, James Gupta, Tom Larsen, Neha Kim

## Background

Cross-functional dependencies should be identified early and tracked in the shared planning board. Northwind Analytics values transparency, so material changes are announced on the intranet before they take effect. Where this document conflicts with local regulation, the stricter requirement applies.

## Discussion

The group reviewed progress on Project Meridian, open risks and upcoming milestones.

## Decisions

The team agreed to move the launch date to 1 October 2024. The sponsor approved an additional budget of USD 100,000.

## Scope and Applicability

All employees are expected to follow this guidance in addition to applicable local laws in all regions. Exceptions must be approved in writing by the department head and recorded in the IT Services register. Managers are responsible for ensuring that their teams have read and understood these requirements. Questions about this document should be directed to the IT Services team through the internal service desk.
"
DOC-000212,Meeting Notes: Project Jade - Steering Sync 26 August 2023,meeting_notes,DAT,97,,PRJ-0019,Google Drive,https://google-drive.northwind-analytics.example.com/meeting_notes/doc-000212,active,1,Internal,2023-08-26,2023-12-05,270,"# Meeting Notes: Project Jade - Steering Sync 26 August 2023

**Document ID:** DOC-000212
**Owner:** Sophie Wong
**Department:** Data & Analytics
**Status:** active
**Version:** 1
**Last updated:** 2023-12-05

## Background

Exceptions must be approved in writing by the department head and recorded in the Data & Analytics register. Escalations that cannot be resolved at team level are raised to the relevant steering committee. All employees are expected to follow this guidance in addition to applicable local laws in all regions. Questions about this document should be directed to the Data & Analytics team through the internal service desk.

## Compliance and Exceptions

Cross-functional dependencies should be identified early and tracked in the shared planning board. Teams should document any workaround they adopt so that it can be reviewed and, where appropriate, standardised. Third-party vendors who support this process must meet the same standards through contractual obligations.

## Attendees

Sourav Mehta, Oliver Rao, Sophie Sen, Ananya Reddy

## Discussion

The group reviewed progress on Project Jade, open risks and upcoming milestones.

## Dependencies

Teams should document any workaround they adopt so that it can be reviewed and, where appropriate, standardised. Northwind Analytics values transparency, so material changes are announced on the intranet before they take effect. Records related to this process are stored in the approved system of record and retained according to the data retention policy. Exceptions must be approved in writing by the department head and recorded in the Data & Analytics register.

## Decisions

The team agreed to move the launch date to 10 May 2024. Ananya Reddy will deliver the data migration plan by 13 September 2023.
"
DOC-000213,Meeting Notes: Project Kestrel - Steering Sync 24 March 2026,meeting_notes,IT,154,,PRJ-0005,Notion,https://notion.northwind-analytics.example.com/meeting_notes/doc-000213,active,2,Confidential,2026-03-24,2026-09-30,264,"# Meeting Notes: Project Kestrel - Steering Sync 24 March 2026

**Document ID:** DOC-000213
**Owner:** Felix Das
**Department:** IT Services
**Status:** active
**Version:** 2
**Last updated:** 2026-09-30

## Background

Metrics for this process are reported quarterly to the leadership team as part of the operating review. Questions about this document should be directed to the IT Services team through the internal service desk. Northwind Analytics values transparency, so material changes are announced on the intranet before they take effect.

## Attendees

Pooja Sen, Layla Wagner, Hannah Brown, Chloe Sharma

## Review and Maintenance

Training materials supporting this guidance are available on the learning platform. Personal data handled as part of this process must be processed in line with the privacy notice. Audit and compliance teams may request evidence of adherence at any time. Metrics for this process are reported quarterly to the leadership team as part of the operating review. Contractors and temporary staff are covered unless their agreement states otherwise.

## Discussion

The group reviewed progress on Project Kestrel, open risks and upcoming milestones.

## Decisions

The team agreed to move the launch date to 22 April 2027. The sponsor approved an additional budget of USD 75,000.

## Roles and Responsibilities

Metrics for this process are reported quarterly to the leadership team as part of the operating review. Cross-functional dependencies should be identified early and tracked in the shared planning board. Exceptions must be approved in writing by the department head and recorded in the IT Services register. Escalations that cannot be resolved at team level are raised to the relevant steering committee.
"
DOC-000214,Meeting Notes: Project Juniper - Steering Sync 28 May 2023,meeting_notes,FIN,117,,PRJ-0029,Notion,https://notion.northwind-analytics.example.com/meeting_notes/doc-000214,active,5,Internal,2023-05-28,2023-08-27,284,"# Meeting Notes: Project Juniper - Steering Sync 28 May 2023

**Document ID:** DOC-000214
**Owner:** Riya Patel
**Department:** Finance
**Status:** active
**Version:** 5
**Last updated:** 2023-08-27

## Related Resources

Exceptions must be approved in writing by the department head and recorded in the Finance register. Training materials supporting this guidance are available on the learning platform. Records related to this process are stored in the approved system of record and retained according to the data retention policy. Managers are responsible for ensuring that their teams have read and understood these requirements. Audit and compliance teams may request evidence of adherence at any time.

## Attendees

Nikhil Verma, Vikram Reddy, Arjun Menon, Pooja Park

## Scope and Applicability

Cross-functional dependencies should be identified early and tracked in the shared planning board. This document is reviewed annually and whenever there is a material change to the underlying process. Escalations that cannot be resolved at team level are raised to the relevant steering committee. Exceptions must be approved in writing by the department head and recorded in the Finance register.

## Discussion

The group reviewed progress on Project Juniper, open risks and upcoming milestones.

## Decisions

The team agreed to move the launch date to 24 October 2023. The sponsor approved an additional budget of USD 50,000.

## Compliance and Exceptions

Contractors and temporary staff are covered unless their agreement states otherwise. Questions about this document should be directed to the Finance team through the internal service desk. Where this document conflicts with local regulation, the stricter requirement applies. Metrics for this process are reported quarterly to the leadership team as part of the operating review. Training materials supporting this guidance are available on the learning platform.
"
DOC-000215,Meeting Notes: Project Glacier - Steering Sync 19 June 2025,meeting_notes,ENG,98,,PRJ-0014,Notion,https://notion.northwind-analytics.example.com/meeting_notes/doc-000215,active,4,Internal,2025-06-19,2026-05-12,230,"# Meeting Notes: Project Glacier - Steering Sync 19 June 2025

**Document ID:** DOC-000215
**Owner:** Anna Gupta
**Department:** Engineering
**Status:** active
**Version:** 4
**Last updated:** 2026-05-12

## Attendees

Vikram Kim, Mei Cohen, Ethan Sen, Omar Weber

## Review and Maintenance

Feedback and suggested improvements are welcome and are triaged at the monthly process review. This document is reviewed annually and whenever there is a material change to the underlying process. Managers are responsible for ensuring that their teams have read and understood these requirements.

## Roles and Responsibilities

Cross-functional dependencies should be identified early and tracked in the shared planning board. Training materials supporting this guidance are available on the learning platform. Metrics for this process are reported quarterly to the leadership team as part of the operating review.

## Discussion

The group reviewed progress on Project Glacier, open risks and upcoming milestones.

## Scope and Applicability

Metrics for this process are reported quarterly to the leadership team as part of the operating review. Third-party vendors who support this process must meet the same standards through contractual obligations. Cross-functional dependencies should be identified early and tracked in the shared planning board. Exceptions must be approved in writing by the department head and recorded in the Engineering register.

## Decisions

The team agreed to move the launch date to 9 October 2025. The sponsor approved an additional budget of USD 25,000.
"
DOC-000216,Meeting Notes: Project Tundra - Steering Sync 22 June 2024,meeting_notes,SUP,66,,PRJ-0027,Google Drive,https://google-drive.northwind-analytics.example.com/meeting_notes/doc-000216,active,4,Internal,2024-06-22,2025-07-06,300,"# Meeting Notes: Project Tundra - Steering Sync 22 June 2024

**Document ID:** DOC-000216
**Owner:** Michael Wagner
**Department:** Customer Support
**Status:** active
**Version:** 4
**Last updated:** 2025-07-06

## Related Resources

Cross-functional dependencies should be identified early and tracked in the shared planning board. Where this document conflicts with local regulation, the stricter requirement applies. Metrics for this process are reported quarterly to the leadership team as part of the operating review. Escalations that cannot be resolved at team level are raised to the relevant steering committee. All employees are expected to follow this guidance in addition to applicable local laws in all regions.

## Attendees

Ananya Reddy, Aarav Park, Ananya Garcia, Sourav Rao

## Discussion

The group reviewed progress on Project Tundra, open risks and upcoming milestones.

## Decisions

The team agreed to move the launch date to 16 January 2025. The sponsor approved an additional budget of USD 150,000.

## Reporting and Metrics

Personal data handled as part of this process must be processed in line with the privacy notice. This document is reviewed annually and whenever there is a material change to the underlying process. Northwind Analytics values transparency, so material changes are announced on the intranet before they take effect. Escalations that cannot be resolved at team level are raised to the relevant steering committee. Managers are responsible for ensuring that their teams have read and understood these requirements.

## Background

Records related to this process are stored in the approved system of record and retained according to the data retention policy. Where this document conflicts with local regulation, the stricter requirement applies. Exceptions must be approved in writing by the department head and recorded in the Customer Support register. Metrics for this process are reported quarterly to the leadership team as part of the operating review.
"
DOC-000217,Meeting Notes: Project Harbor - Steering Sync 6 July 2026,meeting_notes,MKT,114,,PRJ-0001,Google Drive,https://google-drive.northwind-analytics.example.com/meeting_notes/doc-000217,active,1,Internal,2026-07-06,2026-08-21,246,"# Meeting Notes: Project Harbor - Steering Sync 6 July 2026

**Document ID:** DOC-000217
**Owner:** Oliver Ghosh
**Department:** Marketing
**Status:** active
**Version:** 1
**Last updated:** 2026-08-21

## Compliance and Exceptions

Audit and compliance teams may request evidence of adherence at any time. Where this document conflicts with local regulation, the stricter requirement applies. Personal data handled as part of this process must be processed in line with the privacy notice. Metrics for this process are reported quarterly to the leadership team as part of the operating review.

## Attendees

Felix Becker, Sophie Wong, Emily Chen, Chloe Taylor

## Discussion

The group reviewed progress on Project Harbor, open risks and upcoming milestones.

## Decisions

The team agreed to move the launch date to 25 October 2027. The sponsor approved an additional budget of USD 50,000.

## Review and Maintenance

Teams should document any workaround they adopt so that it can be reviewed and, where appropriate, standardised. Personal data handled as part of this process must be processed in line with the privacy notice. This document is reviewed annually and whenever there is a material change to the underlying process.

## Glossary and Definitions

This document is reviewed annually and whenever there is a material change to the underlying process. Records related to this process are stored in the approved system of record and retained according to the data retention policy. Personal data handled as part of this process must be processed in line with the privacy notice.
"
DOC-000218,Meeting Notes: Project Aurora - Steering Sync 3 April 2025,meeting_notes,FIN,71,,PRJ-0008,SharePoint,https://sharepoint.northwind-analytics.example.com/meeting_notes/doc-000218,active,2,Internal,2025-04-03,2025-10-19,282,"# Meeting Notes: Project Aurora - Steering Sync 3 April 2025

**Document ID:** DOC-000218
**Owner:** Pooja Singh
**Department:** Finance
**Status:** active
**Version:** 2
**Last updated:** 2025-10-19

## Roles and Responsibilities

Audit and compliance teams may request evidence of adherence at any time. Northwind Analytics values transparency, so material changes are announced on the intranet before they take effect. Managers are responsible for ensuring that their teams have read and understood these requirements. Records related to this process are stored in the approved system of record and retained according to the data retention policy. Questions about this document should be directed to the Finance team through the internal service desk.

## Attendees

Sophie Evans, Chloe Kim, Neha Sharma, William Becker

## Discussion

The group reviewed progress on Project Aurora, open risks and upcoming milestones.

## Background

Where this document conflicts with local regulation, the stricter requirement applies. Teams should document any workaround they adopt so that it can be reviewed and, where appropriate, standardised. Contractors and temporary staff are covered unless their agreement states otherwise.

## Glossary and Definitions

Third-party vendors who support this process must meet the same standards through contractual obligations. This document is reviewed annually and whenever there is a material change to the underlying process. Records related to this process are stored in the approved system of record and retained according to the data retention policy. Managers are responsible for ensuring that their teams have read and understood these requirements. Exceptions must be approved in writing by the department head and recorded in the Finance register.

## Decisions

The team agreed to move the launch date to 18 February 2026. The sponsor approved an additional budget of USD 25,000.
"
DOC-000219,Meeting Notes: Project Summit - Steering Sync 22 March 2023,meeting_notes,OPS,108,,PRJ-0011,Notion,https://notion.northwind-analytics.example.com/meeting_notes/doc-000219,active,1,Internal,2023-03-22,2024-01-31,248,"# Meeting Notes: Project Summit - Steering Sync 22 March 2023

**Document ID:** DOC-000219
**Owner:** Vikram Park
**Department:** Operations
**Status:** active
**Version:** 1
**Last updated:** 2024-01-31

## Attendees

Ananya Garcia, Ava Garcia, Carlos Silva, Anna Gupta

## Review and Maintenance

Escalations that cannot be resolved at team level are raised to the relevant steering committee. Third-party vendors who support this process must meet the same standards through contractual obligations. Contractors and temporary staff are covered unless their agreement states otherwise.

## Roles and Responsibilities

Exceptions must be approved in writing by the department head and recorded in the Operations register. Training materials supporting this guidance are available on the learning platform. Metrics for this process are reported quarterly to the leadership team as part of the operating review. Escalations that cannot be resolved at team level are raised to the relevant steering committee. Records related to this process are stored in the approved system of record and retained according to the data retention policy.

## Compliance and Exceptions

Managers are responsible for ensuring that their teams have read and understood these requirements. Northwind Analytics values transparency, so material changes are announced on the intranet before they take effect. Where this document conflicts with local regulation, the stricter requirement applies.

## Discussion

The group reviewed progress on Project Summit, open risks and upcoming milestones.

## Decisions

The team agreed to move the launch date to 30 November 2023. Ananya Garcia will deliver the vendor contract by 30 March 2023.
"
DOC-000220,Meeting Notes: Project Atlas - Steering Sync 11 May 2024,meeting_notes,SUP,175,,PRJ-0021,SharePoint,https://sharepoint.northwind-analytics.example.com/meeting_notes/doc-000220,active,1,Restricted,2024-05-11,2025-02-11,238,"# Meeting Notes: Project Atlas - Steering Sync 11 May 2024

**Document ID:** DOC-000220
**Owner:** Tom Muller
**Department:** Customer Support
**Status:** active
**Version:** 1
**Last updated:** 2025-02-11

## Attendees

James Hughes, Noah Schmidt, Nikhil Evans, Meera Tan

## Review and Maintenance

Metrics for this process are reported quarterly to the leadership team as part of the operating review. All employees are expected to follow this guidance in addition to applicable local laws in all regions. Questions about this document should be directed to the Customer Support team through the internal service desk.

## Discussion

The group reviewed progress on Project Atlas, open risks and upcoming milestones.

## Decisions

The team agreed to move the launch date to 26 October 2025. Nikhil Evans will deliver the vendor contract by 31 May 2024.

## Glossary and Definitions

Where this document conflicts with local regulation, the stricter requirement applies. Managers are responsible for ensuring that their teams have read and understood these requirements. Questions about this document should be directed to the Customer Support team through the internal service desk.

## Scope and Applicability

Questions about this document should be directed to the Customer Support team through the internal service desk. Where this document conflicts with local regulation, the stricter requirement applies. Exceptions must be approved in writing by the department head and recorded in the Customer Support register. Audit and compliance teams may request evidence of adherence at any time.
"
DOC-000221,Meeting Notes: Project Tundra - Steering Sync 1 December 2024,meeting_notes,SUP,166,,PRJ-0027,Notion,https://notion.northwind-analytics.example.com/meeting_notes/doc-000221,active,2,Internal,2024-12-01,2025-07-06,283,"# Meeting Notes: Project Tundra - Steering Sync 1 December 2024

**Document ID:** DOC-000221
**Owner:** Nikhil Evans
**Department:** Customer Support
**Status:** active
**Version:** 2
**Last updated:** 2025-07-06

## Review and Maintenance

Teams should document any workaround they adopt so that it can be reviewed and, where appropriate, standardised. Managers are responsible for ensuring that their teams have read and understood these requirements. Third-party vendors who support this process must meet the same standards through contractual obligations. All employees are expected to follow this guidance in addition to applicable local laws in all regions. Northwind Analytics values transparency, so material changes are announced on the intranet before they take effect.

## Attendees

Aarav Weber, Ethan Fischer, Omar Weber, Grace Sharma

## Discussion

The group reviewed progress on Project Tundra, open risks and upcoming milestones.

## Decisions

The sponsor approved an additional budget of USD 75,000. Ethan Fischer will deliver the vendor contract by 23 December 2024.

## Reporting and Metrics

Records related to this process are stored in the approved system of record and retained according to the data retention policy. Third-party vendors who support this process must meet the same standards through contractual obligations. Metrics for this process are reported quarterly to the leadership team as part of the operating review. Where this document conflicts with local regulation, the stricter requirement applies.

## Frequently Raised Concerns

Third-party vendors who support this process must meet the same standards through contractual obligations. Questions about this document should be directed to the Customer Support team through the internal service desk. Escalations that cannot be resolved at team level are raised to the relevant steering committee. Where this document conflicts with local regulation, the stricter requirement applies.
"
DOC-000222,Meeting Notes: Project Vertex - Steering Sync 13 August 2026,meeting_notes,LEG,112,,PRJ-0025,Notion,https://notion.northwind-analytics.example.com/meeting_notes/doc-000222,active,3,Internal,2026-08-13,2026-09-30,270,"# Meeting Notes: Project Vertex - Steering Sync 13 August 2026

**Document ID:** DOC-000222
**Owner:** Neha Mehta
**Department:** Legal & Compliance
**Status:** active
**Version:** 3
**Last updated:** 2026-09-30

## Attendees

Felix Wilson, Chloe Becker, Sofia Sen, Omar Hughes

## Discussion

The group reviewed progress on Project Vertex, open risks and upcoming milestones.

## Compliance and Exceptions

Third-party vendors who support this process must meet the same standards through contractual obligations. Where this document conflicts with local regulation, the stricter requirement applies. Managers are responsible for ensuring that their teams have read and understood these requirements. Metrics for this process are reported quarterly to the leadership team as part of the operating review. This document is reviewed annually and whenever there is a material change to the underlying process.

## Related Resources

Northwind Analytics values transparency, so material changes are announced on the intranet before they take effect. Teams should document any workaround they adopt so that it can be reviewed and, where appropriate, standardised. Cross-functional dependencies should be identified early and tracked in the shared planning board. Escalations that cannot be resolved at team level are raised to the relevant steering committee.

## Glossary and Definitions

All employees are expected to follow this guidance in addition to applicable local laws in all regions. Personal data handled as part of this process must be processed in line with the privacy notice. Escalations that cannot be resolved at team level are raised to the relevant steering committee.

## Decisions

The team agreed to move the launch date to 1 November 2027. Omar Hughes will deliver the cost forecast by 8 September 2026.
"
DOC-000223,Meeting Notes: Project Xenon - Steering Sync 30 December 2023,meeting_notes,IT,52,,PRJ-0010,SharePoint,https://sharepoint.northwind-analytics.example.com/meeting_notes/doc-000223,active,4,Confidential,2023-12-30,2024-04-07,288,"# Meeting Notes: Project Xenon - Steering Sync 30 December 2023

**Document ID:** DOC-000223
**Owner:** Chloe Taylor
**Department:** IT Services
**Status:** active
**Version:** 4
**Last updated:** 2024-04-07

## Attendees

William Iyer, Marta Rao, William Nair, Nikhil Nair

## Dependencies

Training materials supporting this guidance are available on the learning platform. Cross-functional dependencies should be identified early and tracked in the shared planning board. Third-party vendors who support this process must meet the same standards through contractual obligations. All employees are expected to follow this guidance in addition to applicable local laws in all regions. Teams should document any workaround they adopt so that it can be reviewed and, where appropriate, standardised.

## Reporting and Metrics

All employees are expected to follow this guidance in addition to applicable local laws in all regions. Managers are responsible for ensuring that their teams have read and understood these requirements. Feedback and suggested improvements are welcome and are triaged at the monthly process review. Contractors and temporary staff are covered unless their agreement states otherwise.

## Discussion

The group reviewed progress on Project Xenon, open risks and upcoming milestones.

## Decisions

The team agreed to move the launch date to 4 April 2024. The sponsor approved an additional budget of USD 50,000.

## Glossary and Definitions

Escalations that cannot be resolved at team level are raised to the relevant steering committee. Exceptions must be approved in writing by the department head and recorded in the IT Services register. Northwind Analytics values transparency, so material changes are announced on the intranet before they take effect. Metrics for this process are reported quarterly to the leadership team as part of the operating review. Where this document conflicts with local regulation, the stricter requirement applies.
"
DOC-000224,Meeting Notes: Project Aurora - Steering Sync 19 October 2025,meeting_notes,FIN,16,,PRJ-0008,Notion,https://notion.northwind-analytics.example.com/meeting_notes/doc-000224,active,4,Confidential,2025-10-19,2026-01-23,304,"# Meeting Notes: Project Aurora - Steering Sync 19 October 2025

**Document ID:** DOC-000224
**Owner:** Maya Lim
**Department:** Finance
**Status:** active
**Version:** 4
**Last updated:** 2026-01-23

## Scope and Applicability

Northwind Analytics values transparency, so material changes are announced on the intranet before they take effect. Contractors and temporary staff are covered unless their agreement states otherwise. All employees are expected to follow this guidance in addition to applicable local laws in all regions. Questions about this document should be directed to the Finance team through the internal service desk. Teams should document any workaround they adopt so that it can be reviewed and, where appropriate, standardised.

## Dependencies

Escalations that cannot be resolved at team level are raised to the relevant steering committee. Managers are responsible for ensuring that their teams have read and understood these requirements. Feedback and suggested improvements are welcome and are triaged at the monthly process review. Cross-functional dependencies should be identified early and tracked in the shared planning board. This document is reviewed annually and whenever there is a material change to the underlying process.

## Attendees

Oliver Taylor, Li Wright, Jonas Novak, Zara Silva

## Discussion

The group reviewed progress on Project Aurora, open risks and upcoming milestones.

## Decisions

The team agreed to move the launch date to 27 February 2026. Zara Silva will deliver the security review by 28 November 2025.

## Background

Contractors and temporary staff are covered unless their agreement states otherwise. Teams should document any workaround they adopt so that it can be reviewed and, where appropriate, standardised. Questions about this document should be directed to the Finance team through the internal service desk. Exceptions must be approved in writing by the department head and recorded in the Finance register. Audit and compliance teams may request evidence of adherence at any time.
"
DOC-000225,Meeting Notes: Project Indigo - Steering Sync 7 March 2026,meeting_notes,SUP,67,,PRJ-0003,SharePoint,https://sharepoint.northwind-analytics.example.com/meeting_notes/doc-000225,active,2,Internal,2026-03-07,2026-09-30,267,"# Meeting Notes: Project Indigo - Steering Sync 7 March 2026

**Document ID:** DOC-000225
**Owner:** Hannah Larsen
**Department:** Customer Support
**Status:** active
**Version:** 2
**Last updated:** 2026-09-30

## Reporting and Metrics

Feedback and suggested improvements are welcome and are triaged at the monthly process review. Teams should document any workaround they adopt so that it can be reviewed and, where appropriate, standardised. Metrics for this process are reported quarterly to the leadership team as part of the operating review.

## Attendees

Sneha Reddy, Noah Schmidt, Lukas Cohen, Meera Tan

## Review and Maintenance

This document is reviewed annually and whenever there is a material change to the underlying process. Records related to this process are stored in the approved system of record and retained according to the data retention policy. Questions about this document should be directed to the Customer Support team through the internal service desk. Managers are responsible for ensuring that their teams have read and understood these requirements. Exceptions must be approved in writing by the department head and recorded in the Customer Support register.

## Discussion

The group reviewed progress on Project Indigo, open risks and upcoming milestones.

## Decisions

The sponsor approved an additional budget of USD 50,000. Noah Schmidt will deliver the API specification by 25 March 2026.

## Compliance and Exceptions

Where this document conflicts with local regulation, the stricter requirement applies. Exceptions must be approved in writing by the department head and recorded in the Customer Support register. Records related to this process are stored in the approved system of record and retained according to the data retention policy.
"
DOC-000226,Meeting Notes: Project Indigo - Steering Sync 16 February 2026,meeting_notes,SUP,175,,PRJ-0003,Google Drive,https://google-drive.northwind-analytics.example.com/meeting_notes/doc-000226,active,1,Internal,2026-02-16,2026-07-02,254,"# Meeting Notes: Project Indigo - Steering Sync 16 February 2026

**Document ID:** DOC-000226
**Owner:** Tom Muller
**Department:** Customer Support
**Status:** active
**Version:** 1
**Last updated:** 2026-07-02

## Attendees

Daniel Reddy, Ava Garcia, Ethan Fischer, Anna Wong

## Discussion

The group reviewed progress on Project Indigo, open risks and upcoming milestones.

## Decisions

The team agreed to move the launch date to 16 May 2026. The sponsor approved an additional budget of USD 25,000.

## Review and Maintenance

Teams should document any workaround they adopt so that it can be reviewed and, where appropriate, standardised. Audit and compliance teams may request evidence of adherence at any time. Escalations that cannot be resolved at team level are raised to the relevant steering committee. Personal data handled as part of this process must be processed in line with the privacy notice.

## Roles and Responsibilities

Audit and compliance teams may request evidence of adherence at any time. Training materials supporting this guidance are available on the learning platform. Escalations that cannot be resolved at team level are raised to the relevant steering committee. Cross-functional dependencies should be identified early and tracked in the shared planning board.

## Compliance and Exceptions

Personal data handled as part of this process must be processed in line with the privacy notice. Feedback and suggested improvements are welcome and are triaged at the monthly process review. Third-party vendors who support this process must meet the same standards through contractual obligations. Training materials supporting this guidance are available on the learning platform.
"
DOC-000227,Meeting Notes: Project Orion - Steering Sync 9 May 2026,meeting_notes,OPS,123,,PRJ-0002,SharePoint,https://sharepoint.northwind-analytics.example.com/meeting_notes/doc-000227,active,2,Internal,2026-05-09,2026-09-29,292,"# Meeting Notes: Project Orion - Steering Sync 9 May 2026

**Document ID:** DOC-000227
**Owner:** Anna Wong
**Department:** Operations
**Status:** active
**Version:** 2
**Last updated:** 2026-09-29

## Dependencies

Exceptions must be approved in writing by the department head and recorded in the Operations register. Audit and compliance teams may request evidence of adherence at any time. Metrics for this process are reported quarterly to the leadership team as part of the operating review. This document is reviewed annually and whenever there is a material change to the underlying process.

## Attendees

Lukas Gupta, Sourav Rao, Priya Kim, Riya Patel

## Discussion

The group reviewed progress on Project Orion, open risks and upcoming milestones.

## Decisions

The sponsor approved an additional budget of USD 50,000. Lukas Gupta will deliver the security review by 18 June 2026.

## Reporting and Metrics

Where this document conflicts with local regulation, the stricter requirement applies. All employees are expected to follow this guidance in addition to applicable local laws in all regions. Audit and compliance teams may request evidence of adherence at any time. Personal data handled as part of this process must be processed in line with the privacy notice. Third-party vendors who support this process must meet the same standards through contractual obligations.

## Scope and Applicability

Third-party vendors who support this process must meet the same standards through contractual obligations. Northwind Analytics values transparency, so material changes are announced on the intranet before they take effect. Questions about this document should be directed to the Operations team through the internal service desk. Records related to this process are stored in the approved system of record and retained according to the data retention policy. Where this document conflicts with local regulation, the stricter requirement applies.
"
DOC-000228,Meeting Notes: Project Lotus - Steering Sync 15 April 2024,meeting_notes,DAT,151,,PRJ-0013,Notion,https://notion.northwind-analytics.example.com/meeting_notes/doc-000228,active,5,Internal,2024-04-15,2025-03-25,250,"# Meeting Notes: Project Lotus - Steering Sync 15 April 2024

**Document ID:** DOC-000228
**Owner:** William Iyer
**Department:** Data & Analytics
**Status:** active
**Version:** 5
**Last updated:** 2025-03-25

## Attendees

Ananya Garcia, Nikhil Ghosh, Arjun Menon, Ananya Mukherjee

## Discussion

The group reviewed progress on Project Lotus, open risks and upcoming milestones.

## Compliance and Exceptions

Where this document conflicts with local regulation, the stricter requirement applies. Records related to this process are stored in the approved system of record and retained according to the data retention policy. Questions about this document should be directed to the Data & Analytics team through the internal service desk.

## Reporting and Metrics

Teams should document any workaround they adopt so that it can be reviewed and, where appropriate, standardised. All employees are expected to follow this guidance in addition to applicable local laws in all regions. Records related to this process are stored in the approved system of record and retained according to the data retention policy.

## Decisions

The team agreed to move the launch date to 27 August 2024. Ananya Mukherjee will deliver the security review by 11 May 2024.

## Review and Maintenance

Northwind Analytics values transparency, so material changes are announced on the intranet before they take effect. Feedback and suggested improvements are welcome and are triaged at the monthly process review. Training materials supporting this guidance are available on the learning platform. Escalations that cannot be resolved at team level are raised to the relevant steering committee.
"
DOC-000229,Meeting Notes: Project Nebula - Steering Sync 13 November 2024,meeting_notes,IT,18,,PRJ-0004,Notion,https://notion.northwind-analytics.example.com/meeting_notes/doc-000229,active,5,Internal,2024-11-13,2025-12-10,268,"# Meeting Notes: Project Nebula - Steering Sync 13 November 2024

**Document ID:** DOC-000229
**Owner:** Sourav Ali
**Department:** IT Services
**Status:** active
**Version:** 5
**Last updated:** 2025-12-10

## Attendees

Kavya Das, Neha Muller, Karan Cohen, Noah Becker

## Discussion

The group reviewed progress on Project Nebula, open risks and upcoming milestones.

## Scope and Applicability

Training materials supporting this guidance are available on the learning platform. Feedback and suggested improvements are welcome and are triaged at the monthly process review. This document is reviewed annually and whenever there is a material change to the underlying process.

## Dependencies

Questions about this document should be directed to the IT Services team through the internal service desk. This document is reviewed annually and whenever there is a material change to the underlying process. Cross-functional dependencies should be identified early and tracked in the shared planning board. Records related to this process are stored in the approved system of record and retained according to the data retention policy.

## Frequently Raised Concerns

Where this document conflicts with local regulation, the stricter requirement applies. This document is reviewed annually and whenever there is a material change to the underlying process. Escalations that cannot be resolved at team level are raised to the relevant steering committee. Questions about this document should be directed to the IT Services team through the internal service desk. Teams should document any workaround they adopt so that it can be reviewed and, where appropriate, standardised.

## Decisions

The team agreed to move the launch date to 15 September 2025. The sponsor approved an additional budget of USD 150,000.
"
DOC-000230,Meeting Notes: Project Beacon - Steering Sync 9 May 2026,meeting_notes,FIN,117,,PRJ-0024,Google Drive,https://google-drive.northwind-analytics.example.com/meeting_notes/doc-000230,active,3,Confidential,2026-05-09,2026-09-30,278,"# Meeting Notes: Project Beacon - Steering Sync 9 May 2026

**Document ID:** DOC-000230
**Owner:** Riya Patel
**Department:** Finance
**Status:** active
**Version:** 3
**Last updated:** 2026-09-30

## Attendees

Pooja Sen, Maya Lim, Grace Evans, Chloe Becker

## Discussion

The group reviewed progress on Project Beacon, open risks and upcoming milestones.

## Dependencies

All employees are expected to follow this guidance in addition to applicable local laws in all regions. Metrics for this process are reported quarterly to the leadership team as part of the operating review. Audit and compliance teams may request evidence of adherence at any time. Questions about this document should be directed to the Finance team through the internal service desk.

## Decisions

The team agreed to move the launch date to 13 November 2027. The sponsor approved an additional budget of USD 75,000.

## Review and Maintenance

Training materials supporting this guidance are available on the learning platform. Third-party vendors who support this process must meet the same standards through contractual obligations. Metrics for this process are reported quarterly to the leadership team as part of the operating review. Questions about this document should be directed to the Finance team through the internal service desk.

## Compliance and Exceptions

Contractors and temporary staff are covered unless their agreement states otherwise. Managers are responsible for ensuring that their teams have read and understood these requirements. Exceptions must be approved in writing by the department head and recorded in the Finance register. Cross-functional dependencies should be identified early and tracked in the shared planning board. Records related to this process are stored in the approved system of record and retained according to the data retention policy.
"
DOC-000231,Meeting Notes: Project Nebula - Steering Sync 23 January 2025,meeting_notes,IT,33,,PRJ-0004,Google Drive,https://google-drive.northwind-analytics.example.com/meeting_notes/doc-000231,active,3,Confidential,2025-01-23,2025-02-22,283,"# Meeting Notes: Project Nebula - Steering Sync 23 January 2025

**Document ID:** DOC-000231
**Owner:** Emily Nair
**Department:** IT Services
**Status:** active
**Version:** 3
**Last updated:** 2025-02-22

## Attendees

William Chatterjee, Li Wright, Anna Wong, Rohan Walker

## Discussion

The group reviewed progress on Project Nebula, open risks and upcoming milestones.

## Roles and Responsibilities

Northwind Analytics values transparency, so material changes are announced on the intranet before they take effect. Audit and compliance teams may request evidence of adherence at any time. Teams should document any workaround they adopt so that it can be reviewed and, where appropriate, standardised. Personal data handled as part of this process must be processed in line with the privacy notice. Training materials supporting this guidance are available on the learning platform.

## Review and Maintenance

Northwind Analytics values transparency, so material changes are announced on the intranet before they take effect. Contractors and temporary staff are covered unless their agreement states otherwise. Records related to this process are stored in the approved system of record and retained according to the data retention policy. All employees are expected to follow this guidance in addition to applicable local laws in all regions.

## Decisions

The team agreed to move the launch date to 24 September 2025. The sponsor approved an additional budget of USD 100,000.

## Related Resources

Northwind Analytics values transparency, so material changes are announced on the intranet before they take effect. Cross-functional dependencies should be identified early and tracked in the shared planning board. Questions about this document should be directed to the IT Services team through the internal service desk. Feedback and suggested improvements are welcome and are triaged at the monthly process review.
"
DOC-000232,Meeting Notes: Project Eclipse - Steering Sync 25 March 2026,meeting_notes,HR,192,,PRJ-0030,SharePoint,https://sharepoint.northwind-analytics.example.com/meeting_notes/doc-000232,active,3,Internal,2026-03-25,2026-09-30,284,"# Meeting Notes: Project Eclipse - Steering Sync 25 March 2026

**Document ID:** DOC-000232
**Owner:** Zara Ghosh
**Department:** Human Resources
**Status:** active
**Version:** 3
**Last updated:** 2026-09-30

## Dependencies

This document is reviewed annually and whenever there is a material change to the underlying process. Managers are responsible for ensuring that their teams have read and understood these requirements. Northwind Analytics values transparency, so material changes are announced on the intranet before they take effect. Where this document conflicts with local regulation, the stricter requirement applies. Audit and compliance teams may request evidence of adherence at any time.

## Reporting and Metrics

Where this document conflicts with local regulation, the stricter requirement applies. All employees are expected to follow this guidance in addition to applicable local laws in all regions. Escalations that cannot be resolved at team level are raised to the relevant steering committee. Third-party vendors who support this process must meet the same standards through contractual obligations. Teams should document any workaround they adopt so that it can be reviewed and, where appropriate, standardised.

## Attendees

Vikram Reddy, Wei Chen, Riya Nguyen, Arjun Park

## Related Resources

Managers are responsible for ensuring that their teams have read and understood these requirements. Where this document conflicts with local regulation, the stricter requirement applies. Personal data handled as part of this process must be processed in line with the privacy notice. Northwind Analytics values transparency, so material changes are announced on the intranet before they take effect.

## Discussion

The group reviewed progress on Project Eclipse, open risks and upcoming milestones.

## Decisions

The team agreed to move the launch date to 12 January 2027. The sponsor approved an additional budget of USD 25,000.
"
DOC-000233,Meeting Notes: Project Keystone - Steering Sync 17 September 2026,meeting_notes,DAT,40,,PRJ-0012,Notion,https://notion.northwind-analytics.example.com/meeting_notes/doc-000233,active,1,Internal,2026-09-17,2026-09-30,282,"# Meeting Notes: Project Keystone - Steering Sync 17 September 2026

**Document ID:** DOC-000233
**Owner:** Sofia Sen
**Department:** Data & Analytics
**Status:** active
**Version:** 1
**Last updated:** 2026-09-30

## Background

Questions about this document should be directed to the Data & Analytics team through the internal service desk. Metrics for this process are reported quarterly to the leadership team as part of the operating review. Northwind Analytics values transparency, so material changes are announced on the intranet before they take effect. Managers are responsible for ensuring that their teams have read and understood these requirements. Audit and compliance teams may request evidence of adherence at any time.

## Attendees

Mei Becker, James Clarke, Anna Bose, Mei Becker

## Discussion

The group reviewed progress on Project Keystone, open risks and upcoming milestones.

## Decisions

The sponsor approved an additional budget of USD 150,000. Mei Becker will deliver the load test report by 19 October 2026.

## Scope and Applicability

This document is reviewed annually and whenever there is a material change to the underlying process. Third-party vendors who support this process must meet the same standards through contractual obligations. Training materials supporting this guidance are available on the learning platform.

## Related Resources

Metrics for this process are reported quarterly to the leadership team as part of the operating review. Escalations that cannot be resolved at team level are raised to the relevant steering committee. All employees are expected to follow this guidance in addition to applicable local laws in all regions. Exceptions must be approved in writing by the department head and recorded in the Data & Analytics register. Cross-functional dependencies should be identified early and tracked in the shared planning board.
"
DOC-000234,Meeting Notes: Project Jade - Steering Sync 9 September 2023,meeting_notes,DAT,40,,PRJ-0019,SharePoint,https://sharepoint.northwind-analytics.example.com/meeting_notes/doc-000234,active,2,Internal,2023-09-09,2024-06-27,290,"# Meeting Notes: Project Jade - Steering Sync 9 September 2023

**Document ID:** DOC-000234
**Owner:** Sofia Sen
**Department:** Data & Analytics
**Status:** active
**Version:** 2
**Last updated:** 2024-06-27

## Scope and Applicability

Records related to this process are stored in the approved system of record and retained according to the data retention policy. All employees are expected to follow this guidance in addition to applicable local laws in all regions. Metrics for this process are reported quarterly to the leadership team as part of the operating review.

## Related Resources

Cross-functional dependencies should be identified early and tracked in the shared planning board. This document is reviewed annually and whenever there is a material change to the underlying process. Where this document conflicts with local regulation, the stricter requirement applies. Audit and compliance teams may request evidence of adherence at any time. Exceptions must be approved in writing by the department head and recorded in the Data & Analytics register.

## Attendees

Pooja Singh, Hannah Kim, Debjani Nguyen, Arjun Park

## Discussion

The group reviewed progress on Project Jade, open risks and upcoming milestones.

## Dependencies

All employees are expected to follow this guidance in addition to applicable local laws in all regions. Northwind Analytics values transparency, so material changes are announced on the intranet before they take effect. Third-party vendors who support this process must meet the same standards through contractual obligations. Exceptions must be approved in writing by the department head and recorded in the Data & Analytics register. Feedback and suggested improvements are welcome and are triaged at the monthly process review.

## Decisions

The team agreed to move the launch date to 24 June 2024. Arjun Park will deliver the rollout checklist by 5 October 2023.
"
DOC-000235,Meeting Notes: Project Kestrel - Steering Sync 29 September 2026,meeting_notes,IT,154,,PRJ-0005,SharePoint,https://sharepoint.northwind-analytics.example.com/meeting_notes/doc-000235,active,3,Internal,2026-09-29,2026-09-30,242,"# Meeting Notes: Project Kestrel - Steering Sync 29 September 2026

**Document ID:** DOC-000235
**Owner:** Felix Das
**Department:** IT Services
**Status:** active
**Version:** 3
**Last updated:** 2026-09-30

## Background

Cross-functional dependencies should be identified early and tracked in the shared planning board. Personal data handled as part of this process must be processed in line with the privacy notice. Where this document conflicts with local regulation, the stricter requirement applies. Escalations that cannot be resolved at team level are raised to the relevant steering committee. Exceptions must be approved in writing by the department head and recorded in the IT Services register.

## Roles and Responsibilities

Personal data handled as part of this process must be processed in line with the privacy notice. Contractors and temporary staff are covered unless their agreement states otherwise. Metrics for this process are reported quarterly to the leadership team as part of the operating review.

## Review and Maintenance

Third-party vendors who support this process must meet the same standards through contractual obligations. Audit and compliance teams may request evidence of adherence at any time. Escalations that cannot be resolved at team level are raised to the relevant steering committee.

## Attendees

Aarav Weber, Lukas Cohen, Jonas Novak, Jonas Nguyen

## Discussion

The group reviewed progress on Project Kestrel, open risks and upcoming milestones.

## Decisions

The sponsor approved an additional budget of USD 25,000. Aarav Weber will deliver the security review by 7 November 2026.
"
DOC-000236,Meeting Notes: Project Cascade - Steering Sync 9 March 2026,meeting_notes,SUP,106,,PRJ-0007,Notion,https://notion.northwind-analytics.example.com/meeting_notes/doc-000236,active,5,Internal,2026-03-09,2026-09-30,263,"# Meeting Notes: Project Cascade - Steering Sync 9 March 2026

**Document ID:** DOC-000236
**Owner:** Sanjay Johnson
**Department:** Customer Support
**Status:** active
**Version:** 5
**Last updated:** 2026-09-30

## Attendees

Pooja Park, Mei Chen, Lukas Bose, William Evans

## Related Resources

Feedback and suggested improvements are welcome and are triaged at the monthly process review. Where this document conflicts with local regulation, the stricter requirement applies. Escalations that cannot be resolved at team level are raised to the relevant steering committee. Contractors and temporary staff are covered unless their agreement states otherwise. Audit and compliance teams may request evidence of adherence at any time.

## Background

Metrics for this process are reported quarterly to the leadership team as part of the operating review. Questions about this document should be directed to the Customer Support team through the internal service desk. Feedback and suggested improvements are welcome and are triaged at the monthly process review. Audit and compliance teams may request evidence of adherence at any time.

## Discussion

The group reviewed progress on Project Cascade, open risks and upcoming milestones.

## Scope and Applicability

Managers are responsible for ensuring that their teams have read and understood these requirements. Where this document conflicts with local regulation, the stricter requirement applies. Questions about this document should be directed to the Customer Support team through the internal service desk. Audit and compliance teams may request evidence of adherence at any time.

## Decisions

The team agreed to move the launch date to 16 December 2026. Lukas Bose will deliver the user training deck by 24 March 2026.
"
DOC-000237,Meeting Notes: Project Summit - Steering Sync 7 July 2023,meeting_notes,OPS,157,,PRJ-0011,SharePoint,https://sharepoint.northwind-analytics.example.com/meeting_notes/doc-000237,active,5,Internal,2023-07-07,2023-09-01,227,"# Meeting Notes: Project Summit - Steering Sync 7 July 2023

**Document ID:** DOC-000237
**Owner:** Jun Das
**Department:** Operations
**Status:** active
**Version:** 5
**Last updated:** 2023-09-01

## Glossary and Definitions

Northwind Analytics values transparency, so material changes are announced on the intranet before they take effect. Training materials supporting this guidance are available on the learning platform. Cross-functional dependencies should be identified early and tracked in the shared planning board.

## Attendees

Anna Gupta, Oliver Chen, William Evans, Arjun Walker

## Discussion

The group reviewed progress on Project Summit, open risks and upcoming milestones.

## Decisions

The team agreed to move the launch date to 12 October 2023. The sponsor approved an additional budget of USD 150,000.

## Dependencies

This document is reviewed annually and whenever there is a material change to the underlying process. Records related to this process are stored in the approved system of record and retained according to the data retention policy. Contractors and temporary staff are covered unless their agreement states otherwise.

## Compliance and Exceptions

Managers are responsible for ensuring that their teams have read and understood these requirements. Training materials supporting this guidance are available on the learning platform. Feedback and suggested improvements are welcome and are triaged at the monthly process review. All employees are expected to follow this guidance in addition to applicable local laws in all regions.
"
DOC-000238,Meeting Notes: Project Keystone - Steering Sync 30 July 2026,meeting_notes,DAT,198,,PRJ-0012,Notion,https://notion.northwind-analytics.example.com/meeting_notes/doc-000238,active,5,Internal,2026-07-30,2026-09-30,252,"# Meeting Notes: Project Keystone - Steering Sync 30 July 2026

**Document ID:** DOC-000238
**Owner:** Felix Becker
**Department:** Data & Analytics
**Status:** active
**Version:** 5
**Last updated:** 2026-09-30

## Attendees

Omar Hughes, Oliver Ghosh, Ananya Garcia, Sourav Rao

## Reporting and Metrics

Personal data handled as part of this process must be processed in line with the privacy notice. Managers are responsible for ensuring that their teams have read and understood these requirements. Cross-functional dependencies should be identified early and tracked in the shared planning board.

## Background

Escalations that cannot be resolved at team level are raised to the relevant steering committee. Training materials supporting this guidance are available on the learning platform. Teams should document any workaround they adopt so that it can be reviewed and, where appropriate, standardised. Cross-functional dependencies should be identified early and tracked in the shared planning board. Personal data handled as part of this process must be processed in line with the privacy notice.

## Discussion

The group reviewed progress on Project Keystone, open risks and upcoming milestones.

## Related Resources

Northwind Analytics values transparency, so material changes are announced on the intranet before they take effect. Feedback and suggested improvements are welcome and are triaged at the monthly process review. Exceptions must be approved in writing by the department head and recorded in the Data & Analytics register.

## Decisions

The team agreed to move the launch date to 3 December 2026. Sourav Rao will deliver the load test report by 28 August 2026.
"
DOC-000239,Meeting Notes: Project Umbra - Steering Sync 29 February 2024,meeting_notes,HR,74,,PRJ-0026,Google Drive,https://google-drive.northwind-analytics.example.com/meeting_notes/doc-000239,active,3,Internal,2024-02-29,2025-03-29,264,"# Meeting Notes: Project Umbra - Steering Sync 29 February 2024

**Document ID:** DOC-000239
**Owner:** Meera Tan
**Department:** Human Resources
**Status:** active
**Version:** 3
**Last updated:** 2025-03-29

## Review and Maintenance

Exceptions must be approved in writing by the department head and recorded in the Human Resources register. Questions about this document should be directed to the Human Resources team through the internal service desk. Contractors and temporary staff are covered unless their agreement states otherwise. Feedback and suggested improvements are welcome and are triaged at the monthly process review. Training materials supporting this guidance are available on the learning platform.

## Related Resources

Third-party vendors who support this process must meet the same standards through contractual obligations. Personal data handled as part of this process must be processed in line with the privacy notice. This document is reviewed annually and whenever there is a material change to the underlying process. Where this document conflicts with local regulation, the stricter requirement applies.

## Attendees

Lukas Evans, Meera Tan, Pooja Singh, Pooja Schmidt

## Discussion

The group reviewed progress on Project Umbra, open risks and upcoming milestones.

## Decisions

The team agreed to move the launch date to 24 August 2024. Lukas Evans will deliver the user training deck by 2 April 2024.

## Compliance and Exceptions

Teams should document any workaround they adopt so that it can be reviewed and, where appropriate, standardised. Personal data handled as part of this process must be processed in line with the privacy notice. Managers are responsible for ensuring that their teams have read and understood these requirements.
"
DOC-000240,Meeting Notes: Project Eclipse - Steering Sync 4 September 2026,meeting_notes,HR,102,,PRJ-0030,Notion,https://notion.northwind-analytics.example.com/meeting_notes/doc-000240,active,5,Internal,2026-09-04,2026-09-30,237,"# Meeting Notes: Project Eclipse - Steering Sync 4 September 2026

**Document ID:** DOC-000240
**Owner:** Omar Schmidt
**Department:** Human Resources
**Status:** active
**Version:** 5
**Last updated:** 2026-09-30

## Attendees

Debjani Nguyen, Layla Kim, Arjun Menon, Chloe Das

## Glossary and Definitions

Training materials supporting this guidance are available on the learning platform. This document is reviewed annually and whenever there is a material change to the underlying process. Contractors and temporary staff are covered unless their agreement states otherwise. Managers are responsible for ensuring that their teams have read and understood these requirements. Cross-functional dependencies should be identified early and tracked in the shared planning board.

## Discussion

The group reviewed progress on Project Eclipse, open risks and upcoming milestones.

## Dependencies

Escalations that cannot be resolved at team level are raised to the relevant steering committee. This document is reviewed annually and whenever there is a material change to the underlying process. Audit and compliance teams may request evidence of adherence at any time.

## Related Resources

Teams should document any workaround they adopt so that it can be reviewed and, where appropriate, standardised. Third-party vendors who support this process must meet the same standards through contractual obligations. Northwind Analytics values transparency, so material changes are announced on the intranet before they take effect.

## Decisions

The sponsor approved an additional budget of USD 50,000. Debjani Nguyen will deliver the cost forecast by 21 September 2026.
"
DOC-000241,Meeting Notes: Project Harbor - Steering Sync 18 September 2026,meeting_notes,MKT,118,,PRJ-0001,Notion,https://notion.northwind-analytics.example.com/meeting_notes/doc-000241,active,5,Internal,2026-09-18,2026-09-21,303,"# Meeting Notes: Project Harbor - Steering Sync 18 September 2026

**Document ID:** DOC-000241
**Owner:** Arjun Das
**Department:** Marketing
**Status:** active
**Version:** 5
**Last updated:** 2026-09-21

## Compliance and Exceptions

Records related to this process are stored in the approved system of record and retained according to the data retention policy. Northwind Analytics values transparency, so material changes are announced on the intranet before they take effect. Escalations that cannot be resolved at team level are raised to the relevant steering committee. All employees are expected to follow this guidance in addition to applicable local laws in all regions. Exceptions must be approved in writing by the department head and recorded in the Marketing register.

## Roles and Responsibilities

Third-party vendors who support this process must meet the same standards through contractual obligations. Where this document conflicts with local regulation, the stricter requirement applies. Questions about this document should be directed to the Marketing team through the internal service desk. Feedback and suggested improvements are welcome and are triaged at the monthly process review.

## Attendees

Arjun Smith, Riya Nguyen, Mei Chen, Michael Schmidt

## Discussion

The group reviewed progress on Project Harbor, open risks and upcoming milestones.

## Decisions

The team agreed to move the launch date to 23 November 2027. Michael Schmidt will deliver the data migration plan by 17 October 2026.

## Glossary and Definitions

Managers are responsible for ensuring that their teams have read and understood these requirements. Teams should document any workaround they adopt so that it can be reviewed and, where appropriate, standardised. This document is reviewed annually and whenever there is a material change to the underlying process. Metrics for this process are reported quarterly to the leadership team as part of the operating review. Training materials supporting this guidance are available on the learning platform.
"
DOC-000242,Meeting Notes: Project Quartz - Steering Sync 6 October 2024,meeting_notes,IT,33,,PRJ-0009,SharePoint,https://sharepoint.northwind-analytics.example.com/meeting_notes/doc-000242,active,4,Internal,2024-10-06,2025-09-07,247,"# Meeting Notes: Project Quartz - Steering Sync 6 October 2024

**Document ID:** DOC-000242
**Owner:** Emily Nair
**Department:** IT Services
**Status:** active
**Version:** 4
**Last updated:** 2025-09-07

## Roles and Responsibilities

Northwind Analytics values transparency, so material changes are announced on the intranet before they take effect. Teams should document any workaround they adopt so that it can be reviewed and, where appropriate, standardised. Audit and compliance teams may request evidence of adherence at any time.

## Attendees

Michael Gupta, Omar Schmidt, James Gupta, Pooja Park

## Discussion

The group reviewed progress on Project Quartz, open risks and upcoming milestones.

## Glossary and Definitions

Records related to this process are stored in the approved system of record and retained according to the data retention policy. Where this document conflicts with local regulation, the stricter requirement applies. Third-party vendors who support this process must meet the same standards through contractual obligations.

## Scope and Applicability

Where this document conflicts with local regulation, the stricter requirement applies. This document is reviewed annually and whenever there is a material change to the underlying process. Cross-functional dependencies should be identified early and tracked in the shared planning board. Managers are responsible for ensuring that their teams have read and understood these requirements. All employees are expected to follow this guidance in addition to applicable local laws in all regions.

## Decisions

The sponsor approved an additional budget of USD 50,000. James Gupta will deliver the security review by 10 November 2024.
"
DOC-000243,Meeting Notes: Project Lantern - Steering Sync 28 September 2026,meeting_notes,SUP,94,,PRJ-0016,SharePoint,https://sharepoint.northwind-analytics.example.com/meeting_notes/doc-000243,active,2,Internal,2026-09-28,2026-09-30,292,"# Meeting Notes: Project Lantern - Steering Sync 28 September 2026

**Document ID:** DOC-000243
**Owner:** Chloe Garcia
**Department:** Customer Support
**Status:** active
**Version:** 2
**Last updated:** 2026-09-30

## Review and Maintenance

All employees are expected to follow this guidance in addition to applicable local laws in all regions. Teams should document any workaround they adopt so that it can be reviewed and, where appropriate, standardised. Third-party vendors who support this process must meet the same standards through contractual obligations. Managers are responsible for ensuring that their teams have read and understood these requirements.

## Attendees

Tom Muller, Arjun Menon, Emily Nair, Anna Nair

## Roles and Responsibilities

Third-party vendors who support this process must meet the same standards through contractual obligations. Questions about this document should be directed to the Customer Support team through the internal service desk. Teams should document any workaround they adopt so that it can be reviewed and, where appropriate, standardised. This document is reviewed annually and whenever there is a material change to the underlying process.

## Discussion

The group reviewed progress on Project Lantern, open risks and upcoming milestones.

## Decisions

The sponsor approved an additional budget of USD 50,000. Tom Muller will deliver the security review by 6 October 2026.

## Glossary and Definitions

Managers are responsible for ensuring that their teams have read and understood these requirements. Personal data handled as part of this process must be processed in line with the privacy notice. Records related to this process are stored in the approved system of record and retained according to the data retention policy. This document is reviewed annually and whenever there is a material change to the underlying process. Cross-functional dependencies should be identified early and tracked in the shared planning board.
"
DOC-000244,Meeting Notes: Project Aurora - Steering Sync 21 November 2025,meeting_notes,FIN,7,,PRJ-0008,Google Drive,https://google-drive.northwind-analytics.example.com/meeting_notes/doc-000244,active,4,Internal,2025-11-21,2026-01-27,292,"# Meeting Notes: Project Aurora - Steering Sync 21 November 2025

**Document ID:** DOC-000244
**Owner:** Oliver Chen
**Department:** Finance
**Status:** active
**Version:** 4
**Last updated:** 2026-01-27

## Roles and Responsibilities

Exceptions must be approved in writing by the department head and recorded in the Finance register. Personal data handled as part of this process must be processed in line with the privacy notice. Teams should document any workaround they adopt so that it can be reviewed and, where appropriate, standardised. Audit and compliance teams may request evidence of adherence at any time.

## Related Resources

Where this document conflicts with local regulation, the stricter requirement applies. Questions about this document should be directed to the Finance team through the internal service desk. Exceptions must be approved in writing by the department head and recorded in the Finance register. Cross-functional dependencies should be identified early and tracked in the shared planning board. Metrics for this process are reported quarterly to the leadership team as part of the operating review.

## Attendees

Pooja Schmidt, Hannah Ali, Rahul Wilson, William Chatterjee

## Scope and Applicability

Contractors and temporary staff are covered unless their agreement states otherwise. Training materials supporting this guidance are available on the learning platform. Personal data handled as part of this process must be processed in line with the privacy notice. Records related to this process are stored in the approved system of record and retained according to the data retention policy. Where this document conflicts with local regulation, the stricter requirement applies.

## Discussion

The group reviewed progress on Project Aurora, open risks and upcoming milestones.

## Decisions

The team agreed to move the launch date to 2 February 2026. Hannah Ali will deliver the vendor contract by 5 December 2025.
"
DOC-000245,Meeting Notes: Project Quartz - Steering Sync 24 February 2025,meeting_notes,IT,9,,PRJ-0009,Notion,https://notion.northwind-analytics.example.com/meeting_notes/doc-000245,active,1,Internal,2025-02-24,2025-03-16,250,"# Meeting Notes: Project Quartz - Steering Sync 24 February 2025

**Document ID:** DOC-000245
**Owner:** Zara Iyer
**Department:** IT Services
**Status:** active
**Version:** 1
**Last updated:** 2025-03-16

## Attendees

Jun Kim, Jonas Ghosh, Arjun Menon, Vikram Park

## Discussion

The group reviewed progress on Project Quartz, open risks and upcoming milestones.

## Background

Escalations that cannot be resolved at team level are raised to the relevant steering committee. Audit and compliance teams may request evidence of adherence at any time. Contractors and temporary staff are covered unless their agreement states otherwise. Exceptions must be approved in writing by the department head and recorded in the IT Services register.

## Review and Maintenance

This document is reviewed annually and whenever there is a material change to the underlying process. Teams should document any workaround they adopt so that it can be reviewed and, where appropriate, standardised. Records related to this process are stored in the approved system of record and retained according to the data retention policy. Managers are responsible for ensuring that their teams have read and understood these requirements.

## Decisions

The team agreed to move the launch date to 4 August 2025. The sponsor approved an additional budget of USD 50,000.

## Reporting and Metrics

All employees are expected to follow this guidance in addition to applicable local laws in all regions. Managers are responsible for ensuring that their teams have read and understood these requirements. Audit and compliance teams may request evidence of adherence at any time.
"
DOC-000246,Meeting Notes: Project Vertex - Steering Sync 19 September 2026,meeting_notes,LEG,13,,PRJ-0025,SharePoint,https://sharepoint.northwind-analytics.example.com/meeting_notes/doc-000246,active,5,Internal,2026-09-19,2026-09-30,247,"# Meeting Notes: Project Vertex - Steering Sync 19 September 2026

**Document ID:** DOC-000246
**Owner:** Lena Ghosh
**Department:** Legal & Compliance
**Status:** active
**Version:** 5
**Last updated:** 2026-09-30

## Attendees

Oliver Khan, William Evans, James Gupta, Ethan Fischer

## Discussion

The group reviewed progress on Project Vertex, open risks and upcoming milestones.

## Review and Maintenance

Questions about this document should be directed to the Legal & Compliance team through the internal service desk. Audit and compliance teams may request evidence of adherence at any time. Contractors and temporary staff are covered unless their agreement states otherwise.

## Frequently Raised Concerns

Third-party vendors who support this process must meet the same standards through contractual obligations. Where this document conflicts with local regulation, the stricter requirement applies. Managers are responsible for ensuring that their teams have read and understood these requirements. All employees are expected to follow this guidance in addition to applicable local laws in all regions. Questions about this document should be directed to the Legal & Compliance team through the internal service desk.

## Decisions

The sponsor approved an additional budget of USD 50,000. Ethan Fischer will deliver the security review by 2 October 2026.

## Reporting and Metrics

Teams should document any workaround they adopt so that it can be reviewed and, where appropriate, standardised. Feedback and suggested improvements are welcome and are triaged at the monthly process review. Escalations that cannot be resolved at team level are raised to the relevant steering committee.
"
DOC-000247,Meeting Notes: Project Comet - Steering Sync 31 May 2023,meeting_notes,OPS,12,,PRJ-0023,SharePoint,https://sharepoint.northwind-analytics.example.com/meeting_notes/doc-000247,active,5,Confidential,2023-05-31,2023-06-23,281,"# Meeting Notes: Project Comet - Steering Sync 31 May 2023

**Document ID:** DOC-000247
**Owner:** Ethan Menon
**Department:** Operations
**Status:** active
**Version:** 5
**Last updated:** 2023-06-23

## Attendees

Neha Mehta, Sourav Ali, Sophie Nair, Vikram Park

## Review and Maintenance

Cross-functional dependencies should be identified early and tracked in the shared planning board. Personal data handled as part of this process must be processed in line with the privacy notice. Questions about this document should be directed to the Operations team through the internal service desk. Third-party vendors who support this process must meet the same standards through contractual obligations. Training materials supporting this guidance are available on the learning platform.

## Discussion

The group reviewed progress on Project Comet, open risks and upcoming milestones.

## Decisions

The team agreed to move the launch date to 25 February 2024. Sophie Nair will deliver the load test report by 25 June 2023.

## Scope and Applicability

Northwind Analytics values transparency, so material changes are announced on the intranet before they take effect. Cross-functional dependencies should be identified early and tracked in the shared planning board. Personal data handled as part of this process must be processed in line with the privacy notice. Contractors and temporary staff are covered unless their agreement states otherwise. Managers are responsible for ensuring that their teams have read and understood these requirements.

## Reporting and Metrics

Records related to this process are stored in the approved system of record and retained according to the data retention policy. All employees are expected to follow this guidance in addition to applicable local laws in all regions. Cross-functional dependencies should be identified early and tracked in the shared planning board.
"
DOC-000248,Meeting Notes: Project Harbor - Steering Sync 3 September 2026,meeting_notes,MKT,35,,PRJ-0001,SharePoint,https://sharepoint.northwind-analytics.example.com/meeting_notes/doc-000248,active,1,Internal,2026-09-03,2026-09-30,233,"# Meeting Notes: Project Harbor - Steering Sync 3 September 2026

**Document ID:** DOC-000248
**Owner:** Lukas Bose
**Department:** Marketing
**Status:** active
**Version:** 1
**Last updated:** 2026-09-30

## Review and Maintenance

Managers are responsible for ensuring that their teams have read and understood these requirements. Feedback and suggested improvements are welcome and are triaged at the monthly process review. Cross-functional dependencies should be identified early and tracked in the shared planning board. Third-party vendors who support this process must meet the same standards through contractual obligations. Teams should document any workaround they adopt so that it can be reviewed and, where appropriate, standardised.

## Attendees

Riya Patel, Lukas Evans, Hannah Brown, Anna Weber

## Roles and Responsibilities

Escalations that cannot be resolved at team level are raised to the relevant steering committee. Cross-functional dependencies should be identified early and tracked in the shared planning board. Audit and compliance teams may request evidence of adherence at any time.

## Discussion

The group reviewed progress on Project Harbor, open risks and upcoming milestones.

## Decisions

The sponsor approved an additional budget of USD 75,000. Lukas Evans will deliver the user training deck by 27 September 2026.

## Background

Training materials supporting this guidance are available on the learning platform. Where this document conflicts with local regulation, the stricter requirement applies. This document is reviewed annually and whenever there is a material change to the underlying process.
"
DOC-000249,Meeting Notes: Project Beacon - Steering Sync 12 June 2026,meeting_notes,FIN,115,,PRJ-0024,SharePoint,https://sharepoint.northwind-analytics.example.com/meeting_notes/doc-000249,active,1,Internal,2026-06-12,2026-09-30,262,"# Meeting Notes: Project Beacon - Steering Sync 12 June 2026

**Document ID:** DOC-000249
**Owner:** Carlos Silva
**Department:** Finance
**Status:** active
**Version:** 1
**Last updated:** 2026-09-30

## Scope and Applicability

Where this document conflicts with local regulation, the stricter requirement applies. Northwind Analytics values transparency, so material changes are announced on the intranet before they take effect. Managers are responsible for ensuring that their teams have read and understood these requirements. Training materials supporting this guidance are available on the learning platform.

## Attendees

William Nair, Jun Das, Jonas Nguyen, Anna Nair

## Discussion

The group reviewed progress on Project Beacon, open risks and upcoming milestones.

## Background

Teams should document any workaround they adopt so that it can be reviewed and, where appropriate, standardised. Escalations that cannot be resolved at team level are raised to the relevant steering committee. Managers are responsible for ensuring that their teams have read and understood these requirements.

## Decisions

The team agreed to move the launch date to 4 November 2027. Jun Das will deliver the user training deck by 30 June 2026.

## Compliance and Exceptions

Cross-functional dependencies should be identified early and tracked in the shared planning board. Where this document conflicts with local regulation, the stricter requirement applies. Metrics for this process are reported quarterly to the leadership team as part of the operating review. This document is reviewed annually and whenever there is a material change to the underlying process. Records related to this process are stored in the approved system of record and retained according to the data retention policy.
"
DOC-000250,Meeting Notes: Project Yonder - Steering Sync 29 June 2024,meeting_notes,FIN,16,,PRJ-0006,SharePoint,https://sharepoint.northwind-analytics.example.com/meeting_notes/doc-000250,active,2,Confidential,2024-06-29,2024-12-04,239,"# Meeting Notes: Project Yonder - Steering Sync 29 June 2024

**Document ID:** DOC-000250
**Owner:** Maya Lim
**Department:** Finance
**Status:** active
**Version:** 2
**Last updated:** 2024-12-04

## Compliance and Exceptions

This document is reviewed annually and whenever there is a material change to the underlying process. Northwind Analytics values transparency, so material changes are announced on the intranet before they take effect. Personal data handled as part of this process must be processed in line with the privacy notice.

## Review and Maintenance

Northwind Analytics values transparency, so material changes are announced on the intranet before they take effect. This document is reviewed annually and whenever there is a material change to the underlying process. Managers are responsible for ensuring that their teams have read and understood these requirements. Escalations that cannot be resolved at team level are raised to the relevant steering committee.

## Frequently Raised Concerns

Questions about this document should be directed to the Finance team through the internal service desk. Teams should document any workaround they adopt so that it can be reviewed and, where appropriate, standardised. Training materials supporting this guidance are available on the learning platform.

## Attendees

Debjani Walker, Mei Becker, Tom Nair, Arjun Smith

## Discussion

The group reviewed progress on Project Yonder, open risks and upcoming milestones.

## Decisions

The team agreed to move the launch date to 23 October 2024. The sponsor approved an additional budget of USD 25,000.
"
DOC-000251,Meeting Notes: Project Vertex - Steering Sync 26 September 2026,meeting_notes,LEG,13,,PRJ-0025,Notion,https://notion.northwind-analytics.example.com/meeting_notes/doc-000251,active,1,Internal,2026-09-26,2026-09-30,287,"# Meeting Notes: Project Vertex - Steering Sync 26 September 2026

**Document ID:** DOC-000251
**Owner:** Lena Ghosh
**Department:** Legal & Compliance
**Status:** active
**Version:** 1
**Last updated:** 2026-09-30

## Compliance and Exceptions

Metrics for this process are reported quarterly to the leadership team as part of the operating review. Records related to this process are stored in the approved system of record and retained according to the data retention policy. Contractors and temporary staff are covered unless their agreement states otherwise. Personal data handled as part of this process must be processed in line with the privacy notice.

## Attendees

Ethan Menon, Arjun Evans, Arjun Walker, Felix Becker

## Related Resources

Feedback and suggested improvements are welcome and are triaged at the monthly process review. This document is reviewed annually and whenever there is a material change to the underlying process. All employees are expected to follow this guidance in addition to applicable local laws in all regions. Teams should document any workaround they adopt so that it can be reviewed and, where appropriate, standardised. Third-party vendors who support this process must meet the same standards through contractual obligations.

## Discussion

The group reviewed progress on Project Vertex, open risks and upcoming milestones.

## Decisions

The team agreed to move the launch date to 18 October 2027. The sponsor approved an additional budget of USD 150,000.

## Review and Maintenance

Managers are responsible for ensuring that their teams have read and understood these requirements. Training materials supporting this guidance are available on the learning platform. Exceptions must be approved in writing by the department head and recorded in the Legal & Compliance register. Feedback and suggested improvements are welcome and are triaged at the monthly process review.
"
DOC-000252,Meeting Notes: Project Nebula - Steering Sync 24 May 2025,meeting_notes,IT,42,,PRJ-0004,SharePoint,https://sharepoint.northwind-analytics.example.com/meeting_notes/doc-000252,active,3,Confidential,2025-05-24,2026-04-24,251,"# Meeting Notes: Project Nebula - Steering Sync 24 May 2025

**Document ID:** DOC-000252
**Owner:** Jonas Novak
**Department:** IT Services
**Status:** active
**Version:** 3
**Last updated:** 2026-04-24

## Attendees

Noah Schmidt, Ananya Mukherjee, Priya Kim, Pooja Muller

## Discussion

The group reviewed progress on Project Nebula, open risks and upcoming milestones.

## Reporting and Metrics

Questions about this document should be directed to the IT Services team through the internal service desk. Exceptions must be approved in writing by the department head and recorded in the IT Services register. Managers are responsible for ensuring that their teams have read and understood these requirements. Cross-functional dependencies should be identified early and tracked in the shared planning board.

## Decisions

The team agreed to move the launch date to 11 October 2025. Pooja Muller will deliver the load test report by 22 June 2025.

## Scope and Applicability

This document is reviewed annually and whenever there is a material change to the underlying process. Training materials supporting this guidance are available on the learning platform. Cross-functional dependencies should be identified early and tracked in the shared planning board.

## Compliance and Exceptions

Escalations that cannot be resolved at team level are raised to the relevant steering committee. Questions about this document should be directed to the IT Services team through the internal service desk. Audit and compliance teams may request evidence of adherence at any time. Exceptions must be approved in writing by the department head and recorded in the IT Services register.
"
DOC-000253,Meeting Notes: Project Dynamo - Steering Sync 21 April 2023,meeting_notes,SAL,156,,PRJ-0020,Notion,https://notion.northwind-analytics.example.com/meeting_notes/doc-000253,active,4,Internal,2023-04-21,2023-09-06,291,"# Meeting Notes: Project Dynamo - Steering Sync 21 April 2023

**Document ID:** DOC-000253
**Owner:** Ananya Garcia
**Department:** Sales
**Status:** active
**Version:** 4
**Last updated:** 2023-09-06

## Attendees

Maya Park, Chloe Das, Wei Weber, Chloe Sharma

## Compliance and Exceptions

Managers are responsible for ensuring that their teams have read and understood these requirements. Audit and compliance teams may request evidence of adherence at any time. Cross-functional dependencies should be identified early and tracked in the shared planning board. Where this document conflicts with local regulation, the stricter requirement applies. Training materials supporting this guidance are available on the learning platform.

## Related Resources

Feedback and suggested improvements are welcome and are triaged at the monthly process review. Managers are responsible for ensuring that their teams have read and understood these requirements. Questions about this document should be directed to the Sales team through the internal service desk. Records related to this process are stored in the approved system of record and retained according to the data retention policy. Third-party vendors who support this process must meet the same standards through contractual obligations.

## Discussion

The group reviewed progress on Project Dynamo, open risks and upcoming milestones.

## Roles and Responsibilities

Third-party vendors who support this process must meet the same standards through contractual obligations. Questions about this document should be directed to the Sales team through the internal service desk. This document is reviewed annually and whenever there is a material change to the underlying process. Contractors and temporary staff are covered unless their agreement states otherwise. Where this document conflicts with local regulation, the stricter requirement applies.

## Decisions

The sponsor approved an additional budget of USD 150,000. Wei Weber will deliver the API specification by 4 May 2023.
"
DOC-000254,Meeting Notes: Project Summit - Steering Sync 22 July 2023,meeting_notes,OPS,194,,PRJ-0011,SharePoint,https://sharepoint.northwind-analytics.example.com/meeting_notes/doc-000254,active,4,Internal,2023-07-22,2024-04-28,245,"# Meeting Notes: Project Summit - Steering Sync 22 July 2023

**Document ID:** DOC-000254
**Owner:** Jun Johnson
**Department:** Operations
**Status:** active
**Version:** 4
**Last updated:** 2024-04-28

## Review and Maintenance

Questions about this document should be directed to the Operations team through the internal service desk. Training materials supporting this guidance are available on the learning platform. Escalations that cannot be resolved at team level are raised to the relevant steering committee. All employees are expected to follow this guidance in addition to applicable local laws in all regions. This document is reviewed annually and whenever there is a material change to the underlying process.

## Dependencies

Teams should document any workaround they adopt so that it can be reviewed and, where appropriate, standardised. Personal data handled as part of this process must be processed in line with the privacy notice. Training materials supporting this guidance are available on the learning platform.

## Scope and Applicability

Escalations that cannot be resolved at team level are raised to the relevant steering committee. Third-party vendors who support this process must meet the same standards through contractual obligations. Managers are responsible for ensuring that their teams have read and understood these requirements.

## Attendees

Chloe Das, Sophie Nair, Hannah Kim, Sanjay Johnson

## Discussion

The group reviewed progress on Project Summit, open risks and upcoming milestones.

## Decisions

The sponsor approved an additional budget of USD 50,000. Sophie Nair will deliver the rollout checklist by 24 August 2023.
"
DOC-000255,Meeting Notes: Project Keystone - Steering Sync 23 June 2026,meeting_notes,DAT,40,,PRJ-0012,SharePoint,https://sharepoint.northwind-analytics.example.com/meeting_notes/doc-000255,active,2,Restricted,2026-06-23,2026-07-21,311,"# Meeting Notes: Project Keystone - Steering Sync 23 June 2026

**Document ID:** DOC-000255
**Owner:** Sofia Sen
**Department:** Data & Analytics
**Status:** active
**Version:** 2
**Last updated:** 2026-07-21

## Related Resources

Teams should document any workaround they adopt so that it can be reviewed and, where appropriate, standardised. Escalations that cannot be resolved at team level are raised to the relevant steering committee. Exceptions must be approved in writing by the department head and recorded in the Data & Analytics register. Personal data handled as part of this process must be processed in line with the privacy notice. Third-party vendors who support this process must meet the same standards through contractual obligations.

## Attendees

Jonas Nguyen, Arjun Das, Ananya Mukherjee, Omar Hughes

## Discussion

The group reviewed progress on Project Keystone, open risks and upcoming milestones.

## Roles and Responsibilities

Managers are responsible for ensuring that their teams have read and understood these requirements. Questions about this document should be directed to the Data & Analytics team through the internal service desk. Training materials supporting this guidance are available on the learning platform. Exceptions must be approved in writing by the department head and recorded in the Data & Analytics register.

## Decisions

The team agreed to move the launch date to 19 November 2026. The sponsor approved an additional budget of USD 50,000.

## Scope and Applicability

Questions about this document should be directed to the Data & Analytics team through the internal service desk. Third-party vendors who support this process must meet the same standards through contractual obligations. Records related to this process are stored in the approved system of record and retained according to the data retention policy. All employees are expected to follow this guidance in addition to applicable local laws in all regions. Cross-functional dependencies should be identified early and tracked in the shared planning board.
"
DOC-000256,Meeting Notes: Project Kestrel - Steering Sync 12 March 2026,meeting_notes,IT,52,,PRJ-0005,Google Drive,https://google-drive.northwind-analytics.example.com/meeting_notes/doc-000256,active,1,Internal,2026-03-12,2026-09-30,274,"# Meeting Notes: Project Kestrel - Steering Sync 12 March 2026

**Document ID:** DOC-000256
**Owner:** Chloe Taylor
**Department:** IT Services
**Status:** active
**Version:** 1
**Last updated:** 2026-09-30

## Attendees

Michael Gupta, Debjani Nguyen, Tom Larsen, Zara Ghosh

## Related Resources

Feedback and suggested improvements are welcome and are triaged at the monthly process review. Personal data handled as part of this process must be processed in line with the privacy notice. Contractors and temporary staff are covered unless their agreement states otherwise. Escalations that cannot be resolved at team level are raised to the relevant steering committee. This document is reviewed annually and whenever there is a material change to the underlying process.

## Discussion

The group reviewed progress on Project Kestrel, open risks and upcoming milestones.

## Decisions

The sponsor approved an additional budget of USD 100,000. Zara Ghosh will deliver the API specification by 16 April 2026.

## Roles and Responsibilities

Northwind Analytics values transparency, so material changes are announced on the intranet before they take effect. Teams should document any workaround they adopt so that it can be reviewed and, where appropriate, standardised. Metrics for this process are reported quarterly to the leadership team as part of the operating review.

## Dependencies

Records related to this process are stored in the approved system of record and retained according to the data retention policy. Feedback and suggested improvements are welcome and are triaged at the monthly process review. Questions about this document should be directed to the IT Services team through the internal service desk. Personal data handled as part of this process must be processed in line with the privacy notice.
"
DOC-000257,Meeting Notes: Project Cascade - Steering Sync 20 July 2026,meeting_notes,SUP,24,,PRJ-0007,SharePoint,https://sharepoint.northwind-analytics.example.com/meeting_notes/doc-000257,active,2,Confidential,2026-07-20,2026-09-30,277,"# Meeting Notes: Project Cascade - Steering Sync 20 July 2026

**Document ID:** DOC-000257
**Owner:** Sophie Sen
**Department:** Customer Support
**Status:** active
**Version:** 2
**Last updated:** 2026-09-30

## Attendees

Felix Brown, Sofia Wright, Felix Khan, Riya Nguyen

## Review and Maintenance

Audit and compliance teams may request evidence of adherence at any time. All employees are expected to follow this guidance in addition to applicable local laws in all regions. Training materials supporting this guidance are available on the learning platform. Managers are responsible for ensuring that their teams have read and understood these requirements. Questions about this document should be directed to the Customer Support team through the internal service desk.

## Discussion

The group reviewed progress on Project Cascade, open risks and upcoming milestones.

## Scope and Applicability

This document is reviewed annually and whenever there is a material change to the underlying process. Questions about this document should be directed to the Customer Support team through the internal service desk. Escalations that cannot be resolved at team level are raised to the relevant steering committee.

## Background

This document is reviewed annually and whenever there is a material change to the underlying process. Questions about this document should be directed to the Customer Support team through the internal service desk. Where this document conflicts with local regulation, the stricter requirement applies. Contractors and temporary staff are covered unless their agreement states otherwise. All employees are expected to follow this guidance in addition to applicable local laws in all regions.

## Decisions

The team agreed to move the launch date to 30 November 2026. Riya Nguyen will deliver the API specification by 21 August 2026.
"
DOC-000258,Meeting Notes: Project Cascade - Steering Sync 12 January 2026,meeting_notes,SUP,85,,PRJ-0007,Notion,https://notion.northwind-analytics.example.com/meeting_notes/doc-000258,active,1,Internal,2026-01-12,2026-06-22,301,"# Meeting Notes: Project Cascade - Steering Sync 12 January 2026

**Document ID:** DOC-000258
**Owner:** Lukas Gupta
**Department:** Customer Support
**Status:** active
**Version:** 1
**Last updated:** 2026-06-22

## Attendees

Pooja Garcia, Emily Park, Felix Nair, Arjun Smith

## Discussion

The group reviewed progress on Project Cascade, open risks and upcoming milestones.

## Decisions

The team agreed to move the launch date to 13 December 2026. Arjun Smith will deliver the data migration plan by 22 January 2026.

## Scope and Applicability

This document is reviewed annually and whenever there is a material change to the underlying process. Audit and compliance teams may request evidence of adherence at any time. Teams should document any workaround they adopt so that it can be reviewed and, where appropriate, standardised. Metrics for this process are reported quarterly to the leadership team as part of the operating review. Escalations that cannot be resolved at team level are raised to the relevant steering committee.

## Review and Maintenance

This document is reviewed annually and whenever there is a material change to the underlying process. Personal data handled as part of this process must be processed in line with the privacy notice. Managers are responsible for ensuring that their teams have read and understood these requirements. All employees are expected to follow this guidance in addition to applicable local laws in all regions. Contractors and temporary staff are covered unless their agreement states otherwise.

## Background

Northwind Analytics values transparency, so material changes are announced on the intranet before they take effect. Escalations that cannot be resolved at team level are raised to the relevant steering committee. Managers are responsible for ensuring that their teams have read and understood these requirements. Personal data handled as part of this process must be processed in line with the privacy notice.
"
DOC-000259,Meeting Notes: Project Horizon - Steering Sync 1 June 2026,meeting_notes,DAT,44,,PRJ-0028,SharePoint,https://sharepoint.northwind-analytics.example.com/meeting_notes/doc-000259,active,2,Restricted,2026-06-01,2026-09-19,307,"# Meeting Notes: Project Horizon - Steering Sync 1 June 2026

**Document ID:** DOC-000259
**Owner:** Ananya Reddy
**Department:** Data & Analytics
**Status:** active
**Version:** 2
**Last updated:** 2026-09-19

## Dependencies

Managers are responsible for ensuring that their teams have read and understood these requirements. Audit and compliance teams may request evidence of adherence at any time. Contractors and temporary staff are covered unless their agreement states otherwise. Records related to this process are stored in the approved system of record and retained according to the data retention policy.

## Frequently Raised Concerns

Teams should document any workaround they adopt so that it can be reviewed and, where appropriate, standardised. Exceptions must be approved in writing by the department head and recorded in the Data & Analytics register. Northwind Analytics values transparency, so material changes are announced on the intranet before they take effect. This document is reviewed annually and whenever there is a material change to the underlying process. Metrics for this process are reported quarterly to the leadership team as part of the operating review.

## Glossary and Definitions

Questions about this document should be directed to the Data & Analytics team through the internal service desk. Managers are responsible for ensuring that their teams have read and understood these requirements. Third-party vendors who support this process must meet the same standards through contractual obligations. Exceptions must be approved in writing by the department head and recorded in the Data & Analytics register. Northwind Analytics values transparency, so material changes are announced on the intranet before they take effect.

## Attendees

Anna Nair, Jonas Novak, Wei Weber, Tom Muller

## Discussion

The group reviewed progress on Project Horizon, open risks and upcoming milestones.

## Decisions

The team agreed to move the launch date to 20 July 2027. The sponsor approved an additional budget of USD 50,000.
"
DOC-000260,Meeting Notes: Project Ember - Steering Sync 1 May 2026,meeting_notes,OPS,123,,PRJ-0018,Google Drive,https://google-drive.northwind-analytics.example.com/meeting_notes/doc-000260,active,5,Internal,2026-05-01,2026-09-21,288,"# Meeting Notes: Project Ember - Steering Sync 1 May 2026

**Document ID:** DOC-000260
**Owner:** Anna Wong
**Department:** Operations
**Status:** active
**Version:** 5
**Last updated:** 2026-09-21

## Background

Teams should document any workaround they adopt so that it can be reviewed and, where appropriate, standardised. Managers are responsible for ensuring that their teams have read and understood these requirements. Metrics for this process are reported quarterly to the leadership team as part of the operating review. Records related to this process are stored in the approved system of record and retained according to the data retention policy.

## Attendees

Pooja Lim, Arjun Park, Riya Patel, Riya Sen

## Discussion

The group reviewed progress on Project Ember, open risks and upcoming milestones.

## Reporting and Metrics

Third-party vendors who support this process must meet the same standards through contractual obligations. Exceptions must be approved in writing by the department head and recorded in the Operations register. Escalations that cannot be resolved at team level are raised to the relevant steering committee. Teams should document any workaround they adopt so that it can be reviewed and, where appropriate, standardised. Managers are responsible for ensuring that their teams have read and understood these requirements.

## Related Resources

Feedback and suggested improvements are welcome and are triaged at the monthly process review. Metrics for this process are reported quarterly to the leadership team as part of the operating review. Managers are responsible for ensuring that their teams have read and understood these requirements. Exceptions must be approved in writing by the department head and recorded in the Operations register.

## Decisions

The team agreed to move the launch date to 18 April 2027. The sponsor approved an additional budget of USD 25,000.
"
DOC-000261,Meeting Notes: Project Rift - Steering Sync 31 October 2024,meeting_notes,FIN,16,,PRJ-0022,Google Drive,https://google-drive.northwind-analytics.example.com/meeting_notes/doc-000261,active,4,Internal,2024-10-31,2025-03-28,281,"# Meeting Notes: Project Rift - Steering Sync 31 October 2024

**Document ID:** DOC-000261
**Owner:** Maya Lim
**Department:** Finance
**Status:** active
**Version:** 4
**Last updated:** 2025-03-28

## Reporting and Metrics

Northwind Analytics values transparency, so material changes are announced on the intranet before they take effect. Teams should document any workaround they adopt so that it can be reviewed and, where appropriate, standardised. Where this document conflicts with local regulation, the stricter requirement applies.

## Attendees

Omar Weber, James Kim, Priya Reddy, Tom Muller

## Discussion

The group reviewed progress on Project Rift, open risks and upcoming milestones.

## Scope and Applicability

Metrics for this process are reported quarterly to the leadership team as part of the operating review. This document is reviewed annually and whenever there is a material change to the underlying process. Questions about this document should be directed to the Finance team through the internal service desk. Third-party vendors who support this process must meet the same standards through contractual obligations. Escalations that cannot be resolved at team level are raised to the relevant steering committee.

## Decisions

The team agreed to move the launch date to 6 March 2025. Omar Weber will deliver the load test report by 13 November 2024.

## Review and Maintenance

Questions about this document should be directed to the Finance team through the internal service desk. Escalations that cannot be resolved at team level are raised to the relevant steering committee. Metrics for this process are reported quarterly to the leadership team as part of the operating review. Training materials supporting this guidance are available on the learning platform. Audit and compliance teams may request evidence of adherence at any time.
"
DOC-000262,Meeting Notes: Project Summit - Steering Sync 13 June 2023,meeting_notes,OPS,171,,PRJ-0011,Google Drive,https://google-drive.northwind-analytics.example.com/meeting_notes/doc-000262,active,2,Internal,2023-06-13,2024-03-18,250,"# Meeting Notes: Project Summit - Steering Sync 13 June 2023

**Document ID:** DOC-000262
**Owner:** Chloe Sharma
**Department:** Operations
**Status:** active
**Version:** 2
**Last updated:** 2024-03-18

## Scope and Applicability

Teams should document any workaround they adopt so that it can be reviewed and, where appropriate, standardised. Feedback and suggested improvements are welcome and are triaged at the monthly process review. Personal data handled as part of this process must be processed in line with the privacy notice. Audit and compliance teams may request evidence of adherence at any time. Questions about this document should be directed to the Operations team through the internal service desk.

## Glossary and Definitions

Escalations that cannot be resolved at team level are raised to the relevant steering committee. Teams should document any workaround they adopt so that it can be reviewed and, where appropriate, standardised. Third-party vendors who support this process must meet the same standards through contractual obligations.

## Roles and Responsibilities

Exceptions must be approved in writing by the department head and recorded in the Operations register. Where this document conflicts with local regulation, the stricter requirement applies. All employees are expected to follow this guidance in addition to applicable local laws in all regions.

## Attendees

William Evans, Kavya Silva, Omar Wilson, Vikram Reddy

## Discussion

The group reviewed progress on Project Summit, open risks and upcoming milestones.

## Decisions

The sponsor approved an additional budget of USD 25,000. Omar Wilson will deliver the cost forecast by 22 June 2023.
"
DOC-000263,Meeting Notes: Project Quartz - Steering Sync 7 April 2025,meeting_notes,IT,107,,PRJ-0009,Notion,https://notion.northwind-analytics.example.com/meeting_notes/doc-000263,active,1,Internal,2025-04-07,2025-05-04,285,"# Meeting Notes: Project Quartz - Steering Sync 7 April 2025

**Document ID:** DOC-000263
**Owner:** Noah Schmidt
**Department:** IT Services
**Status:** active
**Version:** 1
**Last updated:** 2025-05-04

## Review and Maintenance

Escalations that cannot be resolved at team level are raised to the relevant steering committee. Northwind Analytics values transparency, so material changes are announced on the intranet before they take effect. All employees are expected to follow this guidance in addition to applicable local laws in all regions. Feedback and suggested improvements are welcome and are triaged at the monthly process review.

## Glossary and Definitions

Where this document conflicts with local regulation, the stricter requirement applies. Questions about this document should be directed to the IT Services team through the internal service desk. Managers are responsible for ensuring that their teams have read and understood these requirements. Records related to this process are stored in the approved system of record and retained according to the data retention policy. Audit and compliance teams may request evidence of adherence at any time.

## Attendees

Grace Sharma, Pooja Park, Arjun Menon, James Kim

## Discussion

The group reviewed progress on Project Quartz, open risks and upcoming milestones.

## Related Resources

Third-party vendors who support this process must meet the same standards through contractual obligations. Cross-functional dependencies should be identified early and tracked in the shared planning board. Records related to this process are stored in the approved system of record and retained according to the data retention policy. Escalations that cannot be resolved at team level are raised to the relevant steering committee.

## Decisions

The team agreed to move the launch date to 31 August 2025. The sponsor approved an additional budget of USD 50,000.
"
DOC-000264,Meeting Notes: Project Juniper - Steering Sync 29 May 2023,meeting_notes,FIN,117,,PRJ-0029,Google Drive,https://google-drive.northwind-analytics.example.com/meeting_notes/doc-000264,active,4,Restricted,2023-05-29,2024-04-17,269,"# Meeting Notes: Project Juniper - Steering Sync 29 May 2023

**Document ID:** DOC-000264
**Owner:** Riya Patel
**Department:** Finance
**Status:** active
**Version:** 4
**Last updated:** 2024-04-17

## Roles and Responsibilities

Cross-functional dependencies should be identified early and tracked in the shared planning board. Records related to this process are stored in the approved system of record and retained according to the data retention policy. Northwind Analytics values transparency, so material changes are announced on the intranet before they take effect. This document is reviewed annually and whenever there is a material change to the underlying process.

## Attendees

Arjun Ali, Pooja Lim, Maya Muller, Nikhil Iyer

## Discussion

The group reviewed progress on Project Juniper, open risks and upcoming milestones.

## Review and Maintenance

Where this document conflicts with local regulation, the stricter requirement applies. Cross-functional dependencies should be identified early and tracked in the shared planning board. All employees are expected to follow this guidance in addition to applicable local laws in all regions. Records related to this process are stored in the approved system of record and retained according to the data retention policy.

## Decisions

The sponsor approved an additional budget of USD 75,000. Arjun Ali will deliver the cost forecast by 13 June 2023.

## Dependencies

All employees are expected to follow this guidance in addition to applicable local laws in all regions. Contractors and temporary staff are covered unless their agreement states otherwise. Personal data handled as part of this process must be processed in line with the privacy notice. Feedback and suggested improvements are welcome and are triaged at the monthly process review.
"
DOC-000265,Meeting Notes: Project Meridian - Steering Sync 22 June 2024,meeting_notes,IT,154,,PRJ-0015,SharePoint,https://sharepoint.northwind-analytics.example.com/meeting_notes/doc-000265,active,2,Internal,2024-06-22,2024-12-30,258,"# Meeting Notes: Project Meridian - Steering Sync 22 June 2024

**Document ID:** DOC-000265
**Owner:** Felix Das
**Department:** IT Services
**Status:** active
**Version:** 2
**Last updated:** 2024-12-30

## Scope and Applicability

Teams should document any workaround they adopt so that it can be reviewed and, where appropriate, standardised. Contractors and temporary staff are covered unless their agreement states otherwise. This document is reviewed annually and whenever there is a material change to the underlying process. Exceptions must be approved in writing by the department head and recorded in the IT Services register. Northwind Analytics values transparency, so material changes are announced on the intranet before they take effect.

## Attendees

Sanjay Johnson, Grace Cohen, Neha Johnson, Pooja Schmidt

## Frequently Raised Concerns

Questions about this document should be directed to the IT Services team through the internal service desk. All employees are expected to follow this guidance in addition to applicable local laws in all regions. Teams should document any workaround they adopt so that it can be reviewed and, where appropriate, standardised.

## Background

Third-party vendors who support this process must meet the same standards through contractual obligations. This document is reviewed annually and whenever there is a material change to the underlying process. Metrics for this process are reported quarterly to the leadership team as part of the operating review.

## Discussion

The group reviewed progress on Project Meridian, open risks and upcoming milestones.

## Decisions

The sponsor approved an additional budget of USD 25,000. Grace Cohen will deliver the cost forecast by 26 July 2024.
"
DOC-000266,Meeting Notes: Project Cascade - Steering Sync 20 April 2026,meeting_notes,SUP,4,,PRJ-0007,Google Drive,https://google-drive.northwind-analytics.example.com/meeting_notes/doc-000266,active,4,Confidential,2026-04-20,2026-09-30,246,"# Meeting Notes: Project Cascade - Steering Sync 20 April 2026

**Document ID:** DOC-000266
**Owner:** Zara Silva
**Department:** Customer Support
**Status:** active
**Version:** 4
**Last updated:** 2026-09-30

## Attendees

Daniel Wong, Riya Patel, Omar Hughes, Anna Gupta

## Background

Teams should document any workaround they adopt so that it can be reviewed and, where appropriate, standardised. Exceptions must be approved in writing by the department head and recorded in the Customer Support register. All employees are expected to follow this guidance in addition to applicable local laws in all regions.

## Discussion

The group reviewed progress on Project Cascade, open risks and upcoming milestones.

## Dependencies

Feedback and suggested improvements are welcome and are triaged at the monthly process review. Contractors and temporary staff are covered unless their agreement states otherwise. Teams should document any workaround they adopt so that it can be reviewed and, where appropriate, standardised. Audit and compliance teams may request evidence of adherence at any time. This document is reviewed annually and whenever there is a material change to the underlying process.

## Frequently Raised Concerns

Managers are responsible for ensuring that their teams have read and understood these requirements. Escalations that cannot be resolved at team level are raised to the relevant steering committee. Audit and compliance teams may request evidence of adherence at any time.

## Decisions

The team agreed to move the launch date to 1 December 2026. Daniel Wong will deliver the API specification by 26 May 2026.
"
DOC-000267,Meeting Notes: Project Glacier - Steering Sync 26 April 2025,meeting_notes,ENG,101,,PRJ-0014,SharePoint,https://sharepoint.northwind-analytics.example.com/meeting_notes/doc-000267,active,2,Confidential,2025-04-26,2026-05-03,262,"# Meeting Notes: Project Glacier - Steering Sync 26 April 2025

**Document ID:** DOC-000267
**Owner:** Riya Nguyen
**Department:** Engineering
**Status:** active
**Version:** 2
**Last updated:** 2026-05-03

## Related Resources

Managers are responsible for ensuring that their teams have read and understood these requirements. Personal data handled as part of this process must be processed in line with the privacy notice. This document is reviewed annually and whenever there is a material change to the underlying process.

## Review and Maintenance

Questions about this document should be directed to the Engineering team through the internal service desk. All employees are expected to follow this guidance in addition to applicable local laws in all regions. Teams should document any workaround they adopt so that it can be reviewed and, where appropriate, standardised.

## Attendees

Karan Ali, Riya Nguyen, Nikhil Ghosh, Sneha Sen

## Discussion

The group reviewed progress on Project Glacier, open risks and upcoming milestones.

## Decisions

The sponsor approved an additional budget of USD 25,000. Sneha Sen will deliver the load test report by 27 May 2025.

## Scope and Applicability

Northwind Analytics values transparency, so material changes are announced on the intranet before they take effect. Feedback and suggested improvements are welcome and are triaged at the monthly process review. Records related to this process are stored in the approved system of record and retained according to the data retention policy. Third-party vendors who support this process must meet the same standards through contractual obligations. This document is reviewed annually and whenever there is a material change to the underlying process.
"
DOC-000268,Meeting Notes: Project Harbor - Steering Sync 17 September 2026,meeting_notes,MKT,35,,PRJ-0001,Google Drive,https://google-drive.northwind-analytics.example.com/meeting_notes/doc-000268,active,3,Internal,2026-09-17,2026-09-30,262,"# Meeting Notes: Project Harbor - Steering Sync 17 September 2026

**Document ID:** DOC-000268
**Owner:** Lukas Bose
**Department:** Marketing
**Status:** active
**Version:** 3
**Last updated:** 2026-09-30

## Dependencies

This document is reviewed annually and whenever there is a material change to the underlying process. Cross-functional dependencies should be identified early and tracked in the shared planning board. Managers are responsible for ensuring that their teams have read and understood these requirements. Third-party vendors who support this process must meet the same standards through contractual obligations.

## Attendees

Hannah Brown, Priya Reddy, Grace Sharma, Li Wright

## Review and Maintenance

All employees are expected to follow this guidance in addition to applicable local laws in all regions. This document is reviewed annually and whenever there is a material change to the underlying process. Personal data handled as part of this process must be processed in line with the privacy notice.

## Discussion

The group reviewed progress on Project Harbor, open risks and upcoming milestones.

## Background

Northwind Analytics values transparency, so material changes are announced on the intranet before they take effect. Feedback and suggested improvements are welcome and are triaged at the monthly process review. Exceptions must be approved in writing by the department head and recorded in the Marketing register. Managers are responsible for ensuring that their teams have read and understood these requirements. Third-party vendors who support this process must meet the same standards through contractual obligations.

## Decisions

The team agreed to move the launch date to 11 October 2027. The sponsor approved an additional budget of USD 100,000.
"
DOC-000269,Meeting Notes: Project Indigo - Steering Sync 27 March 2026,meeting_notes,SUP,67,,PRJ-0003,Notion,https://notion.northwind-analytics.example.com/meeting_notes/doc-000269,active,1,Internal,2026-03-27,2026-09-30,291,"# Meeting Notes: Project Indigo - Steering Sync 27 March 2026

**Document ID:** DOC-000269
**Owner:** Hannah Larsen
**Department:** Customer Support
**Status:** active
**Version:** 1
**Last updated:** 2026-09-30

## Reporting and Metrics

Exceptions must be approved in writing by the department head and recorded in the Customer Support register. This document is reviewed annually and whenever there is a material change to the underlying process. Audit and compliance teams may request evidence of adherence at any time. Records related to this process are stored in the approved system of record and retained according to the data retention policy. Training materials supporting this guidance are available on the learning platform.

## Related Resources

Cross-functional dependencies should be identified early and tracked in the shared planning board. All employees are expected to follow this guidance in addition to applicable local laws in all regions. Records related to this process are stored in the approved system of record and retained according to the data retention policy. Feedback and suggested improvements are welcome and are triaged at the monthly process review. Escalations that cannot be resolved at team level are raised to the relevant steering committee.

## Attendees

Layla Joshi, Ethan Sen, Riya Nguyen, Sourav Rao

## Discussion

The group reviewed progress on Project Indigo, open risks and upcoming milestones.

## Glossary and Definitions

Contractors and temporary staff are covered unless their agreement states otherwise. All employees are expected to follow this guidance in addition to applicable local laws in all regions. Records related to this process are stored in the approved system of record and retained according to the data retention policy.

## Decisions

The team agreed to move the launch date to 6 July 2026. The sponsor approved an additional budget of USD 25,000.
"
DOC-000270,Meeting Notes: Project Dynamo - Steering Sync 13 March 2023,meeting_notes,SAL,53,,PRJ-0020,SharePoint,https://sharepoint.northwind-analytics.example.com/meeting_notes/doc-000270,active,2,Internal,2023-03-13,2023-08-27,267,"# Meeting Notes: Project Dynamo - Steering Sync 13 March 2023

**Document ID:** DOC-000270
**Owner:** Aarav Weber
**Department:** Sales
**Status:** active
**Version:** 2
**Last updated:** 2023-08-27

## Dependencies

Where this document conflicts with local regulation, the stricter requirement applies. Feedback and suggested improvements are welcome and are triaged at the monthly process review. Records related to this process are stored in the approved system of record and retained according to the data retention policy. This document is reviewed annually and whenever there is a material change to the underlying process.

## Attendees

Chloe Becker, Kavya Park, Meera Silva, Mei Becker

## Discussion

The group reviewed progress on Project Dynamo, open risks and upcoming milestones.

## Related Resources

Where this document conflicts with local regulation, the stricter requirement applies. Questions about this document should be directed to the Sales team through the internal service desk. Escalations that cannot be resolved at team level are raised to the relevant steering committee. Third-party vendors who support this process must meet the same standards through contractual obligations.

## Background

Contractors and temporary staff are covered unless their agreement states otherwise. Metrics for this process are reported quarterly to the leadership team as part of the operating review. Third-party vendors who support this process must meet the same standards through contractual obligations. Where this document conflicts with local regulation, the stricter requirement applies. Feedback and suggested improvements are welcome and are triaged at the monthly process review.

## Decisions

The team agreed to move the launch date to 27 December 2023. Chloe Becker will deliver the vendor contract by 21 March 2023.
"
DOC-000271,Meeting Notes: Project Jade - Steering Sync 17 February 2024,meeting_notes,DAT,59,,PRJ-0019,SharePoint,https://sharepoint.northwind-analytics.example.com/meeting_notes/doc-000271,active,5,Confidential,2024-02-17,2024-09-20,249,"# Meeting Notes: Project Jade - Steering Sync 17 February 2024

**Document ID:** DOC-000271
**Owner:** Tom Sharma
**Department:** Data & Analytics
**Status:** active
**Version:** 5
**Last updated:** 2024-09-20

## Scope and Applicability

Records related to this process are stored in the approved system of record and retained according to the data retention policy. Exceptions must be approved in writing by the department head and recorded in the Data & Analytics register. Feedback and suggested improvements are welcome and are triaged at the monthly process review. Contractors and temporary staff are covered unless their agreement states otherwise.

## Dependencies

Contractors and temporary staff are covered unless their agreement states otherwise. Personal data handled as part of this process must be processed in line with the privacy notice. Escalations that cannot be resolved at team level are raised to the relevant steering committee. Where this document conflicts with local regulation, the stricter requirement applies.

## Compliance and Exceptions

Escalations that cannot be resolved at team level are raised to the relevant steering committee. Cross-functional dependencies should be identified early and tracked in the shared planning board. Questions about this document should be directed to the Data & Analytics team through the internal service desk.

## Attendees

Emily Chen, William Iyer, Pooja Sen, Vikram Kim

## Discussion

The group reviewed progress on Project Jade, open risks and upcoming milestones.

## Decisions

The team agreed to move the launch date to 30 June 2024. The sponsor approved an additional budget of USD 100,000.
"
DOC-000272,Meeting Notes: Project Umbra - Steering Sync 23 January 2024,meeting_notes,HR,159,,PRJ-0026,SharePoint,https://sharepoint.northwind-analytics.example.com/meeting_notes/doc-000272,active,1,Internal,2024-01-23,2024-03-25,298,"# Meeting Notes: Project Umbra - Steering Sync 23 January 2024

**Document ID:** DOC-000272
**Owner:** Felix Brown
**Department:** Human Resources
**Status:** active
**Version:** 1
**Last updated:** 2024-03-25

## Attendees

Pooja Schmidt, Debjani Walker, Chloe Kim, Riya Johnson

## Reporting and Metrics

Questions about this document should be directed to the Human Resources team through the internal service desk. Teams should document any workaround they adopt so that it can be reviewed and, where appropriate, standardised. Personal data handled as part of this process must be processed in line with the privacy notice. Records related to this process are stored in the approved system of record and retained according to the data retention policy.

## Review and Maintenance

Where this document conflicts with local regulation, the stricter requirement applies. Personal data handled as part of this process must be processed in line with the privacy notice. Cross-functional dependencies should be identified early and tracked in the shared planning board. Exceptions must be approved in writing by the department head and recorded in the Human Resources register. Feedback and suggested improvements are welcome and are triaged at the monthly process review.

## Discussion

The group reviewed progress on Project Umbra, open risks and upcoming milestones.

## Glossary and Definitions

Audit and compliance teams may request evidence of adherence at any time. Training materials supporting this guidance are available on the learning platform. Questions about this document should be directed to the Human Resources team through the internal service desk. Where this document conflicts with local regulation, the stricter requirement applies. Managers are responsible for ensuring that their teams have read and understood these requirements.

## Decisions

The team agreed to move the launch date to 1 September 2024. Chloe Kim will deliver the load test report by 19 February 2024.
"
DOC-000273,Meeting Notes: Project Orion - Steering Sync 18 July 2026,meeting_notes,OPS,5,,PRJ-0002,SharePoint,https://sharepoint.northwind-analytics.example.com/meeting_notes/doc-000273,active,2,Internal,2026-07-18,2026-09-30,273,"# Meeting Notes: Project Orion - Steering Sync 18 July 2026

**Document ID:** DOC-000273
**Owner:** Aarav Park
**Department:** Operations
**Status:** active
**Version:** 2
**Last updated:** 2026-09-30

## Attendees

Pooja Lim, Ethan Menon, Pooja Singh, Vikram Park

## Discussion

The group reviewed progress on Project Orion, open risks and upcoming milestones.

## Reporting and Metrics

Third-party vendors who support this process must meet the same standards through contractual obligations. This document is reviewed annually and whenever there is a material change to the underlying process. Teams should document any workaround they adopt so that it can be reviewed and, where appropriate, standardised.

## Roles and Responsibilities

Personal data handled as part of this process must be processed in line with the privacy notice. Exceptions must be approved in writing by the department head and recorded in the Operations register. Audit and compliance teams may request evidence of adherence at any time. Third-party vendors who support this process must meet the same standards through contractual obligations. All employees are expected to follow this guidance in addition to applicable local laws in all regions.

## Frequently Raised Concerns

Managers are responsible for ensuring that their teams have read and understood these requirements. Northwind Analytics values transparency, so material changes are announced on the intranet before they take effect. Exceptions must be approved in writing by the department head and recorded in the Operations register. Metrics for this process are reported quarterly to the leadership team as part of the operating review.

## Decisions

The team agreed to move the launch date to 9 November 2026. Ethan Menon will deliver the API specification by 31 August 2026.
"
DOC-000274,Meeting Notes: Project Vertex - Steering Sync 19 August 2026,meeting_notes,LEG,155,,PRJ-0025,Google Drive,https://google-drive.northwind-analytics.example.com/meeting_notes/doc-000274,active,4,Confidential,2026-08-19,2026-09-30,219,"# Meeting Notes: Project Vertex - Steering Sync 19 August 2026

**Document ID:** DOC-000274
**Owner:** William Evans
**Department:** Legal & Compliance
**Status:** active
**Version:** 4
**Last updated:** 2026-09-30

## Compliance and Exceptions

Audit and compliance teams may request evidence of adherence at any time. Teams should document any workaround they adopt so that it can be reviewed and, where appropriate, standardised. Training materials supporting this guidance are available on the learning platform.

## Glossary and Definitions

Exceptions must be approved in writing by the department head and recorded in the Legal & Compliance register. All employees are expected to follow this guidance in addition to applicable local laws in all regions. Managers are responsible for ensuring that their teams have read and understood these requirements.

## Roles and Responsibilities

Questions about this document should be directed to the Legal & Compliance team through the internal service desk. Where this document conflicts with local regulation, the stricter requirement applies. Escalations that cannot be resolved at team level are raised to the relevant steering committee.

## Attendees

James Mehta, Grace Sharma, Karan Ali, Daniel Wong

## Discussion

The group reviewed progress on Project Vertex, open risks and upcoming milestones.

## Decisions

The sponsor approved an additional budget of USD 150,000. James Mehta will deliver the rollout checklist by 14 September 2026.
"
DOC-000275,Meeting Notes: Project Juniper - Steering Sync 12 February 2023,meeting_notes,FIN,71,,PRJ-0029,Notion,https://notion.northwind-analytics.example.com/meeting_notes/doc-000275,active,5,Internal,2023-02-12,2023-04-23,281,"# Meeting Notes: Project Juniper - Steering Sync 12 February 2023

**Document ID:** DOC-000275
**Owner:** Pooja Singh
**Department:** Finance
**Status:** active
**Version:** 5
**Last updated:** 2023-04-23

## Scope and Applicability

Third-party vendors who support this process must meet the same standards through contractual obligations. Feedback and suggested improvements are welcome and are triaged at the monthly process review. Audit and compliance teams may request evidence of adherence at any time. Northwind Analytics values transparency, so material changes are announced on the intranet before they take effect. Escalations that cannot be resolved at team level are raised to the relevant steering committee.

## Attendees

Mei Becker, Lena Ghosh, Oliver Rao, Jonas Park

## Reporting and Metrics

Training materials supporting this guidance are available on the learning platform. Questions about this document should be directed to the Finance team through the internal service desk. Feedback and suggested improvements are welcome and are triaged at the monthly process review. Northwind Analytics values transparency, so material changes are announced on the intranet before they take effect.

## Discussion

The group reviewed progress on Project Juniper, open risks and upcoming milestones.

## Related Resources

This document is reviewed annually and whenever there is a material change to the underlying process. Personal data handled as part of this process must be processed in line with the privacy notice. Training materials supporting this guidance are available on the learning platform. Contractors and temporary staff are covered unless their agreement states otherwise. Third-party vendors who support this process must meet the same standards through contractual obligations.

## Decisions

The sponsor approved an additional budget of USD 150,000. Jonas Park will deliver the user training deck by 1 March 2023.
"
DOC-000276,Meeting Notes: Project Ember - Steering Sync 10 June 2026,meeting_notes,OPS,165,,PRJ-0018,Google Drive,https://google-drive.northwind-analytics.example.com/meeting_notes/doc-000276,active,2,Confidential,2026-06-10,2026-06-16,232,"# Meeting Notes: Project Ember - Steering Sync 10 June 2026

**Document ID:** DOC-000276
**Owner:** Meera Verma
**Department:** Operations
**Status:** active
**Version:** 2
**Last updated:** 2026-06-16

## Attendees

Ishita Becker, Nikhil Evans, Lena Singh, Aarav Weber

## Discussion

The group reviewed progress on Project Ember, open risks and upcoming milestones.

## Decisions

The team agreed to move the launch date to 7 April 2027. Aarav Weber will deliver the data migration plan by 30 June 2026.

## Reporting and Metrics

Personal data handled as part of this process must be processed in line with the privacy notice. Cross-functional dependencies should be identified early and tracked in the shared planning board. Audit and compliance teams may request evidence of adherence at any time.

## Glossary and Definitions

Training materials supporting this guidance are available on the learning platform. Escalations that cannot be resolved at team level are raised to the relevant steering committee. Northwind Analytics values transparency, so material changes are announced on the intranet before they take effect.

## Compliance and Exceptions

Metrics for this process are reported quarterly to the leadership team as part of the operating review. Managers are responsible for ensuring that their teams have read and understood these requirements. This document is reviewed annually and whenever there is a material change to the underlying process. Cross-functional dependencies should be identified early and tracked in the shared planning board.
"
DOC-000277,Meeting Notes: Project Cascade - Steering Sync 19 July 2026,meeting_notes,SUP,62,,PRJ-0007,Google Drive,https://google-drive.northwind-analytics.example.com/meeting_notes/doc-000277,active,4,Confidential,2026-07-19,2026-09-30,260,"# Meeting Notes: Project Cascade - Steering Sync 19 July 2026

**Document ID:** DOC-000277
**Owner:** Pooja Garcia
**Department:** Customer Support
**Status:** active
**Version:** 4
**Last updated:** 2026-09-30

## Reporting and Metrics

This document is reviewed annually and whenever there is a material change to the underlying process. Questions about this document should be directed to the Customer Support team through the internal service desk. Escalations that cannot be resolved at team level are raised to the relevant steering committee. Where this document conflicts with local regulation, the stricter requirement applies.

## Attendees

Tom Nair, Sourav Ali, Jun Kim, Chloe Das

## Discussion

The group reviewed progress on Project Cascade, open risks and upcoming milestones.

## Related Resources

Managers are responsible for ensuring that their teams have read and understood these requirements. Northwind Analytics values transparency, so material changes are announced on the intranet before they take effect. Teams should document any workaround they adopt so that it can be reviewed and, where appropriate, standardised.

## Roles and Responsibilities

All employees are expected to follow this guidance in addition to applicable local laws in all regions. Third-party vendors who support this process must meet the same standards through contractual obligations. Metrics for this process are reported quarterly to the leadership team as part of the operating review. Records related to this process are stored in the approved system of record and retained according to the data retention policy.

## Decisions

The team agreed to move the launch date to 14 December 2026. The sponsor approved an additional budget of USD 25,000.
"
DOC-000278,Meeting Notes: Project Quartz - Steering Sync 2 March 2025,meeting_notes,IT,52,,PRJ-0009,Notion,https://notion.northwind-analytics.example.com/meeting_notes/doc-000278,active,5,Internal,2025-03-02,2025-05-31,239,"# Meeting Notes: Project Quartz - Steering Sync 2 March 2025

**Document ID:** DOC-000278
**Owner:** Chloe Taylor
**Department:** IT Services
**Status:** active
**Version:** 5
**Last updated:** 2025-05-31

## Attendees

Sourav Rao, Lena Ghosh, Sophie Ghosh, Anna Gupta

## Dependencies

Exceptions must be approved in writing by the department head and recorded in the IT Services register. Training materials supporting this guidance are available on the learning platform. This document is reviewed annually and whenever there is a material change to the underlying process. Third-party vendors who support this process must meet the same standards through contractual obligations. Cross-functional dependencies should be identified early and tracked in the shared planning board.

## Discussion

The group reviewed progress on Project Quartz, open risks and upcoming milestones.

## Decisions

The sponsor approved an additional budget of USD 50,000. Sophie Ghosh will deliver the vendor contract by 3 April 2025.

## Scope and Applicability

Exceptions must be approved in writing by the department head and recorded in the IT Services register. Feedback and suggested improvements are welcome and are triaged at the monthly process review. Training materials supporting this guidance are available on the learning platform.

## Compliance and Exceptions

Cross-functional dependencies should be identified early and tracked in the shared planning board. This document is reviewed annually and whenever there is a material change to the underlying process. Feedback and suggested improvements are welcome and are triaged at the monthly process review.
"
DOC-000279,Meeting Notes: Project Comet - Steering Sync 25 October 2023,meeting_notes,OPS,108,,PRJ-0023,Google Drive,https://google-drive.northwind-analytics.example.com/meeting_notes/doc-000279,active,3,Confidential,2023-10-25,2024-04-19,253,"# Meeting Notes: Project Comet - Steering Sync 25 October 2023

**Document ID:** DOC-000279
**Owner:** Vikram Park
**Department:** Operations
**Status:** active
**Version:** 3
**Last updated:** 2024-04-19

## Dependencies

Records related to this process are stored in the approved system of record and retained according to the data retention policy. Cross-functional dependencies should be identified early and tracked in the shared planning board. Audit and compliance teams may request evidence of adherence at any time.

## Reporting and Metrics

Managers are responsible for ensuring that their teams have read and understood these requirements. All employees are expected to follow this guidance in addition to applicable local laws in all regions. Third-party vendors who support this process must meet the same standards through contractual obligations. Where this document conflicts with local regulation, the stricter requirement applies.

## Attendees

Riya Nguyen, Sourav Rao, Felix Khan, Meera Mehta

## Discussion

The group reviewed progress on Project Comet, open risks and upcoming milestones.

## Related Resources

Contractors and temporary staff are covered unless their agreement states otherwise. Training materials supporting this guidance are available on the learning platform. Records related to this process are stored in the approved system of record and retained according to the data retention policy. Third-party vendors who support this process must meet the same standards through contractual obligations. Audit and compliance teams may request evidence of adherence at any time.

## Decisions

The sponsor approved an additional budget of USD 100,000. Sourav Rao will deliver the load test report by 14 November 2023.
"
DOC-000280,Meeting Notes: Project Quartz - Steering Sync 6 May 2024,meeting_notes,IT,9,,PRJ-0009,SharePoint,https://sharepoint.northwind-analytics.example.com/meeting_notes/doc-000280,active,1,Confidential,2024-05-06,2025-01-02,274,"# Meeting Notes: Project Quartz - Steering Sync 6 May 2024

**Document ID:** DOC-000280
**Owner:** Zara Iyer
**Department:** IT Services
**Status:** active
**Version:** 1
**Last updated:** 2025-01-02

## Background

This document is reviewed annually and whenever there is a material change to the underlying process. Cross-functional dependencies should be identified early and tracked in the shared planning board. Contractors and temporary staff are covered unless their agreement states otherwise.

## Attendees

Ananya Reddy, Maya Park, Ava Tan, Sneha Bose

## Related Resources

Feedback and suggested improvements are welcome and are triaged at the monthly process review. Third-party vendors who support this process must meet the same standards through contractual obligations. Cross-functional dependencies should be identified early and tracked in the shared planning board. Records related to this process are stored in the approved system of record and retained according to the data retention policy. Training materials supporting this guidance are available on the learning platform.

## Review and Maintenance

Audit and compliance teams may request evidence of adherence at any time. Metrics for this process are reported quarterly to the leadership team as part of the operating review. Third-party vendors who support this process must meet the same standards through contractual obligations. Escalations that cannot be resolved at team level are raised to the relevant steering committee. Records related to this process are stored in the approved system of record and retained according to the data retention policy.

## Discussion

The group reviewed progress on Project Quartz, open risks and upcoming milestones.

## Decisions

The sponsor approved an additional budget of USD 100,000. Ananya Reddy will deliver the cost forecast by 28 May 2024.
"
DOC-000281,Meeting Notes: Project Comet - Steering Sync 18 September 2023,meeting_notes,OPS,79,,PRJ-0023,Google Drive,https://google-drive.northwind-analytics.example.com/meeting_notes/doc-000281,active,1,Restricted,2023-09-18,2024-09-24,248,"# Meeting Notes: Project Comet - Steering Sync 18 September 2023

**Document ID:** DOC-000281
**Owner:** Michael Schmidt
**Department:** Operations
**Status:** active
**Version:** 1
**Last updated:** 2024-09-24

## Attendees

Meera Silva, Daniel Wong, Li Wright, Felix Wilson

## Related Resources

Training materials supporting this guidance are available on the learning platform. Teams should document any workaround they adopt so that it can be reviewed and, where appropriate, standardised. Escalations that cannot be resolved at team level are raised to the relevant steering committee.

## Glossary and Definitions

Questions about this document should be directed to the Operations team through the internal service desk. Where this document conflicts with local regulation, the stricter requirement applies. Northwind Analytics values transparency, so material changes are announced on the intranet before they take effect.

## Discussion

The group reviewed progress on Project Comet, open risks and upcoming milestones.

## Decisions

The team agreed to move the launch date to 9 March 2024. The sponsor approved an additional budget of USD 150,000.

## Reporting and Metrics

This document is reviewed annually and whenever there is a material change to the underlying process. Feedback and suggested improvements are welcome and are triaged at the monthly process review. Metrics for this process are reported quarterly to the leadership team as part of the operating review. Third-party vendors who support this process must meet the same standards through contractual obligations. Personal data handled as part of this process must be processed in line with the privacy notice.
"
DOC-000282,Meeting Notes: Project Keystone - Steering Sync 11 August 2026,meeting_notes,DAT,40,,PRJ-0012,Notion,https://notion.northwind-analytics.example.com/meeting_notes/doc-000282,active,3,Internal,2026-08-11,2026-09-30,264,"# Meeting Notes: Project Keystone - Steering Sync 11 August 2026

**Document ID:** DOC-000282
**Owner:** Sofia Sen
**Department:** Data & Analytics
**Status:** active
**Version:** 3
**Last updated:** 2026-09-30

## Glossary and Definitions

Managers are responsible for ensuring that their teams have read and understood these requirements. Personal data handled as part of this process must be processed in line with the privacy notice. Contractors and temporary staff are covered unless their agreement states otherwise. Third-party vendors who support this process must meet the same standards through contractual obligations.

## Attendees

Riya Nguyen, William Iyer, Noah Schmidt, Pooja Singh

## Discussion

The group reviewed progress on Project Keystone, open risks and upcoming milestones.

## Background

Records related to this process are stored in the approved system of record and retained according to the data retention policy. Contractors and temporary staff are covered unless their agreement states otherwise. Third-party vendors who support this process must meet the same standards through contractual obligations. Managers are responsible for ensuring that their teams have read and understood these requirements. Exceptions must be approved in writing by the department head and recorded in the Data & Analytics register.

## Frequently Raised Concerns

All employees are expected to follow this guidance in addition to applicable local laws in all regions. Third-party vendors who support this process must meet the same standards through contractual obligations. Managers are responsible for ensuring that their teams have read and understood these requirements.

## Decisions

The team agreed to move the launch date to 29 October 2026. The sponsor approved an additional budget of USD 150,000.
"
DOC-000283,Meeting Notes: Project Orion - Steering Sync 27 February 2026,meeting_notes,OPS,79,,PRJ-0002,Notion,https://notion.northwind-analytics.example.com/meeting_notes/doc-000283,active,3,Internal,2026-02-27,2026-03-24,228,"# Meeting Notes: Project Orion - Steering Sync 27 February 2026

**Document ID:** DOC-000283
**Owner:** Michael Schmidt
**Department:** Operations
**Status:** active
**Version:** 3
**Last updated:** 2026-03-24

## Frequently Raised Concerns

Questions about this document should be directed to the Operations team through the internal service desk. Contractors and temporary staff are covered unless their agreement states otherwise. Training materials supporting this guidance are available on the learning platform. All employees are expected to follow this guidance in addition to applicable local laws in all regions.

## Attendees

Daniel Clarke, Grace Evans, Omar Hughes, James Clarke

## Related Resources

Escalations that cannot be resolved at team level are raised to the relevant steering committee. Training materials supporting this guidance are available on the learning platform. Northwind Analytics values transparency, so material changes are announced on the intranet before they take effect. Where this document conflicts with local regulation, the stricter requirement applies.

## Discussion

The group reviewed progress on Project Orion, open risks and upcoming milestones.

## Decisions

The sponsor approved an additional budget of USD 25,000. James Clarke will deliver the API specification by 6 March 2026.

## Dependencies

Feedback and suggested improvements are welcome and are triaged at the monthly process review. Managers are responsible for ensuring that their teams have read and understood these requirements. Where this document conflicts with local regulation, the stricter requirement applies.
"
DOC-000284,Meeting Notes: Project Eclipse - Steering Sync 22 April 2026,meeting_notes,HR,193,,PRJ-0030,Notion,https://notion.northwind-analytics.example.com/meeting_notes/doc-000284,active,4,Internal,2026-04-22,2026-06-30,309,"# Meeting Notes: Project Eclipse - Steering Sync 22 April 2026

**Document ID:** DOC-000284
**Owner:** Li Wagner
**Department:** Human Resources
**Status:** active
**Version:** 4
**Last updated:** 2026-06-30

## Reporting and Metrics

Metrics for this process are reported quarterly to the leadership team as part of the operating review. Teams should document any workaround they adopt so that it can be reviewed and, where appropriate, standardised. Personal data handled as part of this process must be processed in line with the privacy notice. Training materials supporting this guidance are available on the learning platform.

## Compliance and Exceptions

Records related to this process are stored in the approved system of record and retained according to the data retention policy. Northwind Analytics values transparency, so material changes are announced on the intranet before they take effect. Teams should document any workaround they adopt so that it can be reviewed and, where appropriate, standardised. Exceptions must be approved in writing by the department head and recorded in the Human Resources register. Questions about this document should be directed to the Human Resources team through the internal service desk.

## Attendees

Felix Wilson, Pooja Sen, William Becker, Daniel Wagner

## Discussion

The group reviewed progress on Project Eclipse, open risks and upcoming milestones.

## Decisions

The sponsor approved an additional budget of USD 150,000. Pooja Sen will deliver the vendor contract by 15 May 2026.

## Background

Metrics for this process are reported quarterly to the leadership team as part of the operating review. Audit and compliance teams may request evidence of adherence at any time. Escalations that cannot be resolved at team level are raised to the relevant steering committee. Training materials supporting this guidance are available on the learning platform. Records related to this process are stored in the approved system of record and retained according to the data retention policy.
"
DOC-000285,Meeting Notes: Project Vertex - Steering Sync 28 August 2026,meeting_notes,LEG,177,,PRJ-0025,SharePoint,https://sharepoint.northwind-analytics.example.com/meeting_notes/doc-000285,active,2,Internal,2026-08-28,2026-09-30,291,"# Meeting Notes: Project Vertex - Steering Sync 28 August 2026

**Document ID:** DOC-000285
**Owner:** Amit Verma
**Department:** Legal & Compliance
**Status:** active
**Version:** 2
**Last updated:** 2026-09-30

## Scope and Applicability

This document is reviewed annually and whenever there is a material change to the underlying process. Audit and compliance teams may request evidence of adherence at any time. Cross-functional dependencies should be identified early and tracked in the shared planning board. Teams should document any workaround they adopt so that it can be reviewed and, where appropriate, standardised. Managers are responsible for ensuring that their teams have read and understood these requirements.

## Attendees

Jonas Nguyen, Jun Johnson, Tom Larsen, Sneha Sen

## Discussion

The group reviewed progress on Project Vertex, open risks and upcoming milestones.

## Roles and Responsibilities

Metrics for this process are reported quarterly to the leadership team as part of the operating review. Exceptions must be approved in writing by the department head and recorded in the Legal & Compliance register. Questions about this document should be directed to the Legal & Compliance team through the internal service desk. All employees are expected to follow this guidance in addition to applicable local laws in all regions. Managers are responsible for ensuring that their teams have read and understood these requirements.

## Decisions

The team agreed to move the launch date to 13 December 2027. The sponsor approved an additional budget of USD 150,000.

## Background

Northwind Analytics values transparency, so material changes are announced on the intranet before they take effect. All employees are expected to follow this guidance in addition to applicable local laws in all regions. Metrics for this process are reported quarterly to the leadership team as part of the operating review.
"
DOC-000286,Meeting Notes: Project Nebula - Steering Sync 1 July 2025,meeting_notes,IT,52,,PRJ-0004,SharePoint,https://sharepoint.northwind-analytics.example.com/meeting_notes/doc-000286,active,2,Internal,2025-07-01,2025-10-23,261,"# Meeting Notes: Project Nebula - Steering Sync 1 July 2025

**Document ID:** DOC-000286
**Owner:** Chloe Taylor
**Department:** IT Services
**Status:** active
**Version:** 2
**Last updated:** 2025-10-23

## Review and Maintenance

Third-party vendors who support this process must meet the same standards through contractual obligations. All employees are expected to follow this guidance in addition to applicable local laws in all regions. Metrics for this process are reported quarterly to the leadership team as part of the operating review.

## Reporting and Metrics

This document is reviewed annually and whenever there is a material change to the underlying process. Personal data handled as part of this process must be processed in line with the privacy notice. Cross-functional dependencies should be identified early and tracked in the shared planning board. Third-party vendors who support this process must meet the same standards through contractual obligations. Metrics for this process are reported quarterly to the leadership team as part of the operating review.

## Attendees

Sanjay Kim, Anna Novak, Arjun Singh, Arjun Tan

## Discussion

The group reviewed progress on Project Nebula, open risks and upcoming milestones.

## Decisions

The team agreed to move the launch date to 23 October 2025. Anna Novak will deliver the cost forecast by 16 July 2025.

## Roles and Responsibilities

Questions about this document should be directed to the IT Services team through the internal service desk. All employees are expected to follow this guidance in addition to applicable local laws in all regions. Managers are responsible for ensuring that their teams have read and understood these requirements.
"
DOC-000287,Meeting Notes: Project Xenon - Steering Sync 29 November 2023,meeting_notes,IT,33,,PRJ-0010,SharePoint,https://sharepoint.northwind-analytics.example.com/meeting_notes/doc-000287,active,1,Internal,2023-11-29,2024-10-19,241,"# Meeting Notes: Project Xenon - Steering Sync 29 November 2023

**Document ID:** DOC-000287
**Owner:** Emily Nair
**Department:** IT Services
**Status:** active
**Version:** 1
**Last updated:** 2024-10-19

## Frequently Raised Concerns

Northwind Analytics values transparency, so material changes are announced on the intranet before they take effect. This document is reviewed annually and whenever there is a material change to the underlying process. Metrics for this process are reported quarterly to the leadership team as part of the operating review. Where this document conflicts with local regulation, the stricter requirement applies.

## Attendees

Sophie Nair, Debjani Walker, Ethan Fischer, Priya Reddy

## Related Resources

Third-party vendors who support this process must meet the same standards through contractual obligations. Escalations that cannot be resolved at team level are raised to the relevant steering committee. Feedback and suggested improvements are welcome and are triaged at the monthly process review.

## Discussion

The group reviewed progress on Project Xenon, open risks and upcoming milestones.

## Decisions

The sponsor approved an additional budget of USD 150,000. Sophie Nair will deliver the rollout checklist by 15 December 2023.

## Review and Maintenance

Third-party vendors who support this process must meet the same standards through contractual obligations. Contractors and temporary staff are covered unless their agreement states otherwise. Personal data handled as part of this process must be processed in line with the privacy notice. Audit and compliance teams may request evidence of adherence at any time.
"
DOC-000288,Meeting Notes: Project Xenon - Steering Sync 6 December 2023,meeting_notes,IT,188,,PRJ-0010,Google Drive,https://google-drive.northwind-analytics.example.com/meeting_notes/doc-000288,active,4,Internal,2023-12-06,2024-02-15,259,"# Meeting Notes: Project Xenon - Steering Sync 6 December 2023

**Document ID:** DOC-000288
**Owner:** Meera Mehta
**Department:** IT Services
**Status:** active
**Version:** 4
**Last updated:** 2024-02-15

## Related Resources

Personal data handled as part of this process must be processed in line with the privacy notice. Northwind Analytics values transparency, so material changes are announced on the intranet before they take effect. Questions about this document should be directed to the IT Services team through the internal service desk. Third-party vendors who support this process must meet the same standards through contractual obligations.

## Attendees

Anna Bose, Daniel Wagner, Lukas Menon, Sneha Bose

## Discussion

The group reviewed progress on Project Xenon, open risks and upcoming milestones.

## Review and Maintenance

Feedback and suggested improvements are welcome and are triaged at the monthly process review. Contractors and temporary staff are covered unless their agreement states otherwise. Northwind Analytics values transparency, so material changes are announced on the intranet before they take effect.

## Glossary and Definitions

Managers are responsible for ensuring that their teams have read and understood these requirements. Escalations that cannot be resolved at team level are raised to the relevant steering committee. Audit and compliance teams may request evidence of adherence at any time. Training materials supporting this guidance are available on the learning platform. Personal data handled as part of this process must be processed in line with the privacy notice.

## Decisions

The sponsor approved an additional budget of USD 25,000. Sneha Bose will deliver the data migration plan by 4 January 2024.
"
DOC-000289,Meeting Notes: Project Lantern - Steering Sync 10 July 2026,meeting_notes,SUP,31,,PRJ-0016,SharePoint,https://sharepoint.northwind-analytics.example.com/meeting_notes/doc-000289,active,4,Internal,2026-07-10,2026-09-30,294,"# Meeting Notes: Project Lantern - Steering Sync 10 July 2026

**Document ID:** DOC-000289
**Owner:** Anna Bose
**Department:** Customer Support
**Status:** active
**Version:** 4
**Last updated:** 2026-09-30

## Compliance and Exceptions

Northwind Analytics values transparency, so material changes are announced on the intranet before they take effect. Teams should document any workaround they adopt so that it can be reviewed and, where appropriate, standardised. Questions about this document should be directed to the Customer Support team through the internal service desk. All employees are expected to follow this guidance in addition to applicable local laws in all regions. Contractors and temporary staff are covered unless their agreement states otherwise.

## Review and Maintenance

Training materials supporting this guidance are available on the learning platform. This document is reviewed annually and whenever there is a material change to the underlying process. Records related to this process are stored in the approved system of record and retained according to the data retention policy.

## Attendees

Neha Kim, Hannah Brown, Omar Weber, Daniel Wong

## Discussion

The group reviewed progress on Project Lantern, open risks and upcoming milestones.

## Related Resources

This document is reviewed annually and whenever there is a material change to the underlying process. Third-party vendors who support this process must meet the same standards through contractual obligations. Personal data handled as part of this process must be processed in line with the privacy notice. Records related to this process are stored in the approved system of record and retained according to the data retention policy. Northwind Analytics values transparency, so material changes are announced on the intranet before they take effect.

## Decisions

The sponsor approved an additional budget of USD 50,000. Omar Weber will deliver the API specification by 23 August 2026.
"
DOC-000290,Meeting Notes: Project Horizon - Steering Sync 10 June 2026,meeting_notes,DAT,198,,PRJ-0028,Notion,https://notion.northwind-analytics.example.com/meeting_notes/doc-000290,active,2,Internal,2026-06-10,2026-09-30,254,"# Meeting Notes: Project Horizon - Steering Sync 10 June 2026

**Document ID:** DOC-000290
**Owner:** Felix Becker
**Department:** Data & Analytics
**Status:** active
**Version:** 2
**Last updated:** 2026-09-30

## Reporting and Metrics

Where this document conflicts with local regulation, the stricter requirement applies. Records related to this process are stored in the approved system of record and retained according to the data retention policy. Teams should document any workaround they adopt so that it can be reviewed and, where appropriate, standardised.

## Attendees

Oliver Ghosh, Lukas Menon, James Gupta, Ananya Garcia

## Frequently Raised Concerns

Where this document conflicts with local regulation, the stricter requirement applies. Questions about this document should be directed to the Data & Analytics team through the internal service desk. All employees are expected to follow this guidance in addition to applicable local laws in all regions. Audit and compliance teams may request evidence of adherence at any time. Metrics for this process are reported quarterly to the leadership team as part of the operating review.

## Background

Where this document conflicts with local regulation, the stricter requirement applies. Exceptions must be approved in writing by the department head and recorded in the Data & Analytics register. Managers are responsible for ensuring that their teams have read and understood these requirements.

## Discussion

The group reviewed progress on Project Horizon, open risks and upcoming milestones.

## Decisions

The team agreed to move the launch date to 31 July 2027. James Gupta will deliver the security review by 15 July 2026.
"
DOC-000291,Meeting Notes: Project Jade - Steering Sync 13 October 2023,meeting_notes,DAT,198,,PRJ-0019,Google Drive,https://google-drive.northwind-analytics.example.com/meeting_notes/doc-000291,active,3,Confidential,2023-10-13,2024-04-10,210,"# Meeting Notes: Project Jade - Steering Sync 13 October 2023

**Document ID:** DOC-000291
**Owner:** Felix Becker
**Department:** Data & Analytics
**Status:** active
**Version:** 3
**Last updated:** 2024-04-10

## Attendees

Marta Rao, Omar Reddy, Debjani Walker, Tom Muller

## Reporting and Metrics

Questions about this document should be directed to the Data & Analytics team through the internal service desk. Managers are responsible for ensuring that their teams have read and understood these requirements. Contractors and temporary staff are covered unless their agreement states otherwise.

## Dependencies

Cross-functional dependencies should be identified early and tracked in the shared planning board. Audit and compliance teams may request evidence of adherence at any time. All employees are expected to follow this guidance in addition to applicable local laws in all regions.

## Scope and Applicability

This document is reviewed annually and whenever there is a material change to the underlying process. Third-party vendors who support this process must meet the same standards through contractual obligations. Training materials supporting this guidance are available on the learning platform.

## Discussion

The group reviewed progress on Project Jade, open risks and upcoming milestones.

## Decisions

The sponsor approved an additional budget of USD 50,000. Omar Reddy will deliver the cost forecast by 21 November 2023.
"
DOC-000292,Meeting Notes: Project Lotus - Steering Sync 1 May 2024,meeting_notes,DAT,176,,PRJ-0013,Notion,https://notion.northwind-analytics.example.com/meeting_notes/doc-000292,active,1,Confidential,2024-05-01,2025-02-04,252,"# Meeting Notes: Project Lotus - Steering Sync 1 May 2024

**Document ID:** DOC-000292
**Owner:** Amit Chatterjee
**Department:** Data & Analytics
**Status:** active
**Version:** 1
**Last updated:** 2025-02-04

## Glossary and Definitions

Exceptions must be approved in writing by the department head and recorded in the Data & Analytics register. Training materials supporting this guidance are available on the learning platform. Third-party vendors who support this process must meet the same standards through contractual obligations. Cross-functional dependencies should be identified early and tracked in the shared planning board. Northwind Analytics values transparency, so material changes are announced on the intranet before they take effect.

## Roles and Responsibilities

Feedback and suggested improvements are welcome and are triaged at the monthly process review. Where this document conflicts with local regulation, the stricter requirement applies. Audit and compliance teams may request evidence of adherence at any time. Metrics for this process are reported quarterly to the leadership team as part of the operating review.

## Attendees

Sourav Ali, Kavya Fischer, Meera Tan, Jonas Park

## Frequently Raised Concerns

Managers are responsible for ensuring that their teams have read and understood these requirements. Where this document conflicts with local regulation, the stricter requirement applies. Audit and compliance teams may request evidence of adherence at any time.

## Discussion

The group reviewed progress on Project Lotus, open risks and upcoming milestones.

## Decisions

The team agreed to move the launch date to 16 October 2024. Meera Tan will deliver the rollout checklist by 11 May 2024.
"
DOC-000293,Meeting Notes: Project Glacier - Steering Sync 27 July 2025,meeting_notes,ENG,126,,PRJ-0014,SharePoint,https://sharepoint.northwind-analytics.example.com/meeting_notes/doc-000293,active,1,Internal,2025-07-27,2025-09-18,262,"# Meeting Notes: Project Glacier - Steering Sync 27 July 2025

**Document ID:** DOC-000293
**Owner:** Noah Becker
**Department:** Engineering
**Status:** active
**Version:** 1
**Last updated:** 2025-09-18

## Attendees

Arjun Singh, Jun Das, Grace Sharma, Omar Hughes

## Glossary and Definitions

Training materials supporting this guidance are available on the learning platform. All employees are expected to follow this guidance in addition to applicable local laws in all regions. Exceptions must be approved in writing by the department head and recorded in the Engineering register. Personal data handled as part of this process must be processed in line with the privacy notice.

## Discussion

The group reviewed progress on Project Glacier, open risks and upcoming milestones.

## Scope and Applicability

Cross-functional dependencies should be identified early and tracked in the shared planning board. Northwind Analytics values transparency, so material changes are announced on the intranet before they take effect. All employees are expected to follow this guidance in addition to applicable local laws in all regions.

## Decisions

The team agreed to move the launch date to 9 November 2025. The sponsor approved an additional budget of USD 25,000.

## Reporting and Metrics

Third-party vendors who support this process must meet the same standards through contractual obligations. Exceptions must be approved in writing by the department head and recorded in the Engineering register. Northwind Analytics values transparency, so material changes are announced on the intranet before they take effect. Cross-functional dependencies should be identified early and tracked in the shared planning board. Where this document conflicts with local regulation, the stricter requirement applies.
"
DOC-000294,Meeting Notes: Project Glacier - Steering Sync 14 July 2025,meeting_notes,ENG,50,,PRJ-0014,Google Drive,https://google-drive.northwind-analytics.example.com/meeting_notes/doc-000294,active,2,Internal,2025-07-14,2025-08-12,233,"# Meeting Notes: Project Glacier - Steering Sync 14 July 2025

**Document ID:** DOC-000294
**Owner:** Nikhil Ghosh
**Department:** Engineering
**Status:** active
**Version:** 2
**Last updated:** 2025-08-12

## Attendees

Tom Larsen, Nikhil Iyer, Karan Banerjee, Anna Bose

## Roles and Responsibilities

Exceptions must be approved in writing by the department head and recorded in the Engineering register. Audit and compliance teams may request evidence of adherence at any time. Escalations that cannot be resolved at team level are raised to the relevant steering committee. Contractors and temporary staff are covered unless their agreement states otherwise.

## Review and Maintenance

Training materials supporting this guidance are available on the learning platform. Exceptions must be approved in writing by the department head and recorded in the Engineering register. Questions about this document should be directed to the Engineering team through the internal service desk.

## Scope and Applicability

Managers are responsible for ensuring that their teams have read and understood these requirements. Metrics for this process are reported quarterly to the leadership team as part of the operating review. Records related to this process are stored in the approved system of record and retained according to the data retention policy.

## Discussion

The group reviewed progress on Project Glacier, open risks and upcoming milestones.

## Decisions

The sponsor approved an additional budget of USD 75,000. Nikhil Iyer will deliver the API specification by 17 August 2025.
"
DOC-000295,Meeting Notes: Project Dynamo - Steering Sync 15 June 2023,meeting_notes,SAL,53,,PRJ-0020,Notion,https://notion.northwind-analytics.example.com/meeting_notes/doc-000295,active,3,Internal,2023-06-15,2024-02-23,313,"# Meeting Notes: Project Dynamo - Steering Sync 15 June 2023

**Document ID:** DOC-000295
**Owner:** Aarav Weber
**Department:** Sales
**Status:** active
**Version:** 3
**Last updated:** 2024-02-23

## Attendees

Anna Wong, Ishita Becker, Omar Hughes, Jonas Park

## Glossary and Definitions

Training materials supporting this guidance are available on the learning platform. Personal data handled as part of this process must be processed in line with the privacy notice. Feedback and suggested improvements are welcome and are triaged at the monthly process review. Records related to this process are stored in the approved system of record and retained according to the data retention policy. Escalations that cannot be resolved at team level are raised to the relevant steering committee.

## Dependencies

Personal data handled as part of this process must be processed in line with the privacy notice. This document is reviewed annually and whenever there is a material change to the underlying process. Exceptions must be approved in writing by the department head and recorded in the Sales register. Records related to this process are stored in the approved system of record and retained according to the data retention policy. Where this document conflicts with local regulation, the stricter requirement applies.

## Discussion

The group reviewed progress on Project Dynamo, open risks and upcoming milestones.

## Decisions

The team agreed to move the launch date to 19 January 2024. The sponsor approved an additional budget of USD 50,000.

## Background

Third-party vendors who support this process must meet the same standards through contractual obligations. Feedback and suggested improvements are welcome and are triaged at the monthly process review. Questions about this document should be directed to the Sales team through the internal service desk. This document is reviewed annually and whenever there is a material change to the underlying process. Cross-functional dependencies should be identified early and tracked in the shared planning board.
"
DOC-000296,Meeting Notes: Project Ember - Steering Sync 1 June 2026,meeting_notes,OPS,88,,PRJ-0018,Notion,https://notion.northwind-analytics.example.com/meeting_notes/doc-000296,active,1,Internal,2026-06-01,2026-09-30,268,"# Meeting Notes: Project Ember - Steering Sync 1 June 2026

**Document ID:** DOC-000296
**Owner:** Omar Reddy
**Department:** Operations
**Status:** active
**Version:** 1
**Last updated:** 2026-09-30

## Roles and Responsibilities

Northwind Analytics values transparency, so material changes are announced on the intranet before they take effect. Records related to this process are stored in the approved system of record and retained according to the data retention policy. Teams should document any workaround they adopt so that it can be reviewed and, where appropriate, standardised.

## Background

Northwind Analytics values transparency, so material changes are announced on the intranet before they take effect. Third-party vendors who support this process must meet the same standards through contractual obligations. All employees are expected to follow this guidance in addition to applicable local laws in all regions. Teams should document any workaround they adopt so that it can be reviewed and, where appropriate, standardised.

## Attendees

Omar Hughes, James Gupta, Karan Cohen, Ananya Mukherjee

## Compliance and Exceptions

Northwind Analytics values transparency, so material changes are announced on the intranet before they take effect. Metrics for this process are reported quarterly to the leadership team as part of the operating review. Exceptions must be approved in writing by the department head and recorded in the Operations register. This document is reviewed annually and whenever there is a material change to the underlying process.

## Discussion

The group reviewed progress on Project Ember, open risks and upcoming milestones.

## Decisions

The team agreed to move the launch date to 24 May 2027. Ananya Mukherjee will deliver the security review by 9 June 2026.
"
DOC-000297,Meeting Notes: Project Ember - Steering Sync 7 July 2026,meeting_notes,OPS,157,,PRJ-0018,SharePoint,https://sharepoint.northwind-analytics.example.com/meeting_notes/doc-000297,active,5,Confidential,2026-07-07,2026-09-30,307,"# Meeting Notes: Project Ember - Steering Sync 7 July 2026

**Document ID:** DOC-000297
**Owner:** Jun Das
**Department:** Operations
**Status:** active
**Version:** 5
**Last updated:** 2026-09-30

## Compliance and Exceptions

Personal data handled as part of this process must be processed in line with the privacy notice. Feedback and suggested improvements are welcome and are triaged at the monthly process review. Records related to this process are stored in the approved system of record and retained according to the data retention policy. Where this document conflicts with local regulation, the stricter requirement applies. Training materials supporting this guidance are available on the learning platform.

## Scope and Applicability

Training materials supporting this guidance are available on the learning platform. Managers are responsible for ensuring that their teams have read and understood these requirements. All employees are expected to follow this guidance in addition to applicable local laws in all regions. Personal data handled as part of this process must be processed in line with the privacy notice. Northwind Analytics values transparency, so material changes are announced on the intranet before they take effect.

## Attendees

Oliver Chen, Ananya Garcia, Jun Johnson, William Sen

## Discussion

The group reviewed progress on Project Ember, open risks and upcoming milestones.

## Roles and Responsibilities

Contractors and temporary staff are covered unless their agreement states otherwise. Metrics for this process are reported quarterly to the leadership team as part of the operating review. Teams should document any workaround they adopt so that it can be reviewed and, where appropriate, standardised. Cross-functional dependencies should be identified early and tracked in the shared planning board. Escalations that cannot be resolved at team level are raised to the relevant steering committee.

## Decisions

The team agreed to move the launch date to 1 April 2027. The sponsor approved an additional budget of USD 75,000.
"
DOC-000298,Meeting Notes: Project Vertex - Steering Sync 13 September 2026,meeting_notes,LEG,190,,PRJ-0025,SharePoint,https://sharepoint.northwind-analytics.example.com/meeting_notes/doc-000298,active,3,Confidential,2026-09-13,2026-09-30,247,"# Meeting Notes: Project Vertex - Steering Sync 13 September 2026

**Document ID:** DOC-000298
**Owner:** Arjun Singh
**Department:** Legal & Compliance
**Status:** active
**Version:** 3
**Last updated:** 2026-09-30

## Compliance and Exceptions

Metrics for this process are reported quarterly to the leadership team as part of the operating review. All employees are expected to follow this guidance in addition to applicable local laws in all regions. Cross-functional dependencies should be identified early and tracked in the shared planning board.

## Attendees

Jonas Nguyen, William Sen, Li Wright, Omar Schmidt

## Discussion

The group reviewed progress on Project Vertex, open risks and upcoming milestones.

## Decisions

The team agreed to move the launch date to 15 November 2027. The sponsor approved an additional budget of USD 75,000.

## Background

Escalations that cannot be resolved at team level are raised to the relevant steering committee. Third-party vendors who support this process must meet the same standards through contractual obligations. Where this document conflicts with local regulation, the stricter requirement applies.

## Roles and Responsibilities

Audit and compliance teams may request evidence of adherence at any time. Feedback and suggested improvements are welcome and are triaged at the monthly process review. Records related to this process are stored in the approved system of record and retained according to the data retention policy. Training materials supporting this guidance are available on the learning platform. Metrics for this process are reported quarterly to the leadership team as part of the operating review.
"
DOC-000299,Meeting Notes: Project Indigo - Steering Sync 30 January 2026,meeting_notes,SUP,65,,PRJ-0003,Google Drive,https://google-drive.northwind-analytics.example.com/meeting_notes/doc-000299,active,4,Internal,2026-01-30,2026-06-11,271,"# Meeting Notes: Project Indigo - Steering Sync 30 January 2026

**Document ID:** DOC-000299
**Owner:** Mei Cohen
**Department:** Customer Support
**Status:** active
**Version:** 4
**Last updated:** 2026-06-11

## Related Resources

Exceptions must be approved in writing by the department head and recorded in the Customer Support register. Records related to this process are stored in the approved system of record and retained according to the data retention policy. Metrics for this process are reported quarterly to the leadership team as part of the operating review.

## Review and Maintenance

Feedback and suggested improvements are welcome and are triaged at the monthly process review. All employees are expected to follow this guidance in addition to applicable local laws in all regions. Escalations that cannot be resolved at team level are raised to the relevant steering committee. Cross-functional dependencies should be identified early and tracked in the shared planning board.

## Attendees

Jun Das, Omar Hughes, Riya Sen, Rahul Fischer

## Discussion

The group reviewed progress on Project Indigo, open risks and upcoming milestones.

## Decisions

The team agreed to move the launch date to 17 June 2026. The sponsor approved an additional budget of USD 75,000.

## Roles and Responsibilities

Audit and compliance teams may request evidence of adherence at any time. Exceptions must be approved in writing by the department head and recorded in the Customer Support register. Training materials supporting this guidance are available on the learning platform. All employees are expected to follow this guidance in addition to applicable local laws in all regions. Escalations that cannot be resolved at team level are raised to the relevant steering committee.
"
DOC-000300,Meeting Notes: Project Keystone - Steering Sync 15 June 2026,meeting_notes,DAT,26,,PRJ-0012,Notion,https://notion.northwind-analytics.example.com/meeting_notes/doc-000300,active,4,Internal,2026-06-15,2026-09-30,286,"# Meeting Notes: Project Keystone - Steering Sync 15 June 2026

**Document ID:** DOC-000300
**Owner:** Sourav Rao
**Department:** Data & Analytics
**Status:** active
**Version:** 4
**Last updated:** 2026-09-30

## Roles and Responsibilities

Third-party vendors who support this process must meet the same standards through contractual obligations. Contractors and temporary staff are covered unless their agreement states otherwise. All employees are expected to follow this guidance in addition to applicable local laws in all regions. Questions about this document should be directed to the Data & Analytics team through the internal service desk.

## Related Resources

Escalations that cannot be resolved at team level are raised to the relevant steering committee. Audit and compliance teams may request evidence of adherence at any time. Teams should document any workaround they adopt so that it can be reviewed and, where appropriate, standardised. Metrics for this process are reported quarterly to the leadership team as part of the operating review. Personal data handled as part of this process must be processed in line with the privacy notice.

## Attendees

Jonas Park, Omar Weber, Oliver Ghosh, Mei Becker

## Discussion

The group reviewed progress on Project Keystone, open risks and upcoming milestones.

## Glossary and Definitions

Exceptions must be approved in writing by the department head and recorded in the Data & Analytics register. Contractors and temporary staff are covered unless their agreement states otherwise. Managers are responsible for ensuring that their teams have read and understood these requirements. Metrics for this process are reported quarterly to the leadership team as part of the operating review.

## Decisions

The team agreed to move the launch date to 23 November 2026. Omar Weber will deliver the API specification by 28 July 2026.
"
