message_id,thread_id,sender_id,to_ids,cc_ids,subject,body,sent_at,related_doc_id,has_attachment,in_reply_to
MSG-0000001,THR-000001,177,108,,Quick check: Meeting Notes: Project Orion - Steering Sync 18 July 2026,"Hi Vikram,

What new launch date was agreed for Project Orion in the steering sync on 18 July 2026?

Thanks,
Amit",2026-09-12 00:04:08,DOC-000273,0,
MSG-0000002,THR-000001,108,177,,Re: Quick check: Meeting Notes: Project Orion - Steering Sync 18 July 2026,"Hi Amit,

Per 'Meeting Notes: Project Orion - Steering Sync 18 July 2026' (https://sharepoint.northwind-analytics.example.com/meeting_notes/doc-000273): 9 November 2026.

Regards,
Vikram",2026-09-12 08:49:08,DOC-000273,0,MSG-0000001
MSG-0000003,THR-000001,177,108,,Re: Quick check: Meeting Notes: Project Orion - Steering Sync 18 July 2026,"Thanks, that helps!",2026-09-12 18:06:08,DOC-000273,0,MSG-0000002
MSG-0000004,THR-000002,19,168,,Question about Remote and Hybrid Work Policy - Germany,"Hi Lukas,

How many days per week can employees in Germany work remotely?

Thanks,
Marta",2026-08-12 14:53:48,DOC-000005,0,
MSG-0000005,THR-000002,168,19,,Re: Question about Remote and Hybrid Work Policy - Germany,"Hi Marta,

Per 'Remote and Hybrid Work Policy - Germany' (https://confluence.northwind-analytics.example.com/policy/doc-000005): 2 days.

Regards,
Lukas",2026-08-12 19:12:48,DOC-000005,0,MSG-0000004
MSG-0000006,THR-000002,19,168,,Re: Question about Remote and Hybrid Work Policy - Germany,"Thanks, that helps!",2026-08-12 22:20:48,DOC-000005,1,MSG-0000005
MSG-0000007,THR-000003,107,71,18,Need help with Meeting Notes: Project Juniper - Steering Sync 12 February 2023,"Hi Pooja,

Who is responsible for the user training deck for Project Juniper according to the steering sync on 12 February 2023?

Thanks,
Noah",2023-10-14 18:01:06,DOC-000275,0,
MSG-0000008,THR-000004,68,148,,Clarification on Runbook: auth-api - Elevated latency,"Hi Neha,

After how many minutes should the 'Elevated latency' alert for auth-api be escalated?

Thanks,
Priya",2026-07-30 20:00:16,DOC-000112,0,
MSG-0000009,THR-000005,149,24,25,Quick check: Meeting Notes: Project Lantern - Steering Sync 30 May 2026,"Hi Sophie,

What new launch date was agreed for Project Lantern in the steering sync on 30 May 2026?

Thanks,
Oliver",2026-07-26 22:03:33,DOC-000195,0,
MSG-0000010,THR-000006,107,146;145;96;18;45,,FYI: Incident Response Procedure - Singapore updated,"Hi all,

We have published version 4 of 'Incident Response Procedure - Singapore'. Please review: https://confluence.northwind-analytics.example.com/policy/doc-000010

Thanks,
Noah",2026-07-27 12:24:19,DOC-000010,0,
MSG-0000011,THR-000007,15,89;25;175;40;154,,FYI: Runbook: inventory-engine - Queue backlog updated,"Hi all,

We have published version 3 of 'Runbook: inventory-engine - Queue backlog'. Please review: https://github-wiki.northwind-analytics.example.com/runbook/doc-000118

Thanks,
Sofia",2026-09-19 14:11:34,DOC-000118,0,
MSG-0000012,THR-000008,135,42,,Need help with Meeting Notes: Project Kestrel - Steering Sync 24 March 2026,"Hi Jonas,

What new launch date was agreed for Project Kestrel in the steering sync on 24 March 2026?

Thanks,
Sneha",2026-08-17 10:41:28,DOC-000213,0,
MSG-0000013,THR-000009,138,16,,Question about Procurement Policy - Germany,"Hi Maya,

Above what contract value is legal review needed in Germany?

Thanks,
Chloe",2025-06-26 14:28:22,DOC-000079,0,
MSG-0000014,THR-000009,16,138,,Re: Question about Procurement Policy - Germany,"Hi Chloe,

Per 'Procurement Policy - Germany' (https://sharepoint.northwind-analytics.example.com/policy/doc-000079): EUR 25,000.

Regards,
Maya",2025-06-26 20:18:22,DOC-000079,0,MSG-0000013
MSG-0000015,THR-000010,166,64;94;37;62;126,,FYI: Meeting Notes: Project Tundra - Steering Sync 1 December 2024 updated,"Hi all,

We have published version 2 of 'Meeting Notes: Project Tundra - Steering Sync 1 December 2024'. Please review: https://notion.northwind-analytics.example.com/meeting_notes/doc-000221

Thanks,
Nikhil",2026-03-04 08:42:35,DOC-000221,0,
MSG-0000016,THR-000011,176,29,,Question about Runbook: inventory-engine - Queue backlog,"Hi Mei,

Which Slack channel is used for incidents on inventory-engine?

Thanks,
Amit",2026-02-09 12:55:03,DOC-000118,0,
MSG-0000017,THR-000011,29,176,,Re: Question about Runbook: inventory-engine - Queue backlog,"Hi Amit,

Per 'Runbook: inventory-engine - Queue backlog' (https://github-wiki.northwind-analytics.example.com/runbook/doc-000118): #oncall-inventory-engine.

Regards,
Mei",2026-02-09 22:04:03,DOC-000118,0,MSG-0000016
MSG-0000018,THR-000011,176,29,,Re: Question about Runbook: inventory-engine - Queue backlog,"Thanks, that helps!",2026-02-10 01:34:03,DOC-000118,0,MSG-0000017
MSG-0000019,THR-000012,131,14,,Need help with Runbook: ingestion-gateway - Certificate expiring,"Hi James,

After how many minutes should the 'Certificate expiring' alert for ingestion-gateway be escalated?

Thanks,
Anna",2024-11-07 23:01:25,DOC-000123,0,
MSG-0000020,THR-000013,142,7,,Clarification on Project Brief: Project Rift,"Hi Oliver,

What is the approved budget for Project Rift?

Thanks,
Omar",2025-12-10 01:08:18,DOC-000178,0,
MSG-0000021,THR-000014,65,8;13;78;99;49,,FYI: Meeting Notes: Project Indigo - Steering Sync 30 January 2026 updated,"Hi all,

We have published version 4 of 'Meeting Notes: Project Indigo - Steering Sync 30 January 2026'. Please review: https://google-drive.northwind-analytics.example.com/meeting_notes/doc-000299

Thanks,
Mei",2026-03-15 17:20:47,DOC-000299,0,
MSG-0000022,THR-000015,197,120,,Clarification on Meeting Notes: Project Summit - Steering Sync 31 March 2023,"Hi Lukas,

Who is responsible for the security review for Project Summit according to the steering sync on 31 March 2023?

Thanks,
Emily",2026-04-05 14:16:52,DOC-000202,1,
MSG-0000023,THR-000015,120,197,12,Re: Clarification on Meeting Notes: Project Summit - Steering Sync 31 March 2023,"Hi Emily,

Per 'Meeting Notes: Project Summit - Steering Sync 31 March 2023' (https://sharepoint.northwind-analytics.example.com/meeting_notes/doc-000202): Marta Rao.

Regards,
Lukas",2026-04-05 18:00:52,DOC-000202,0,MSG-0000022
MSG-0000024,THR-000015,197,120,,Re: Clarification on Meeting Notes: Project Summit - Steering Sync 31 March 2023,"Thanks, that helps!",2026-04-05 21:51:52,DOC-000202,1,MSG-0000023
MSG-0000025,THR-000016,99,50,,Question about Runbook: reporting-gateway - Queue backlog,"Hi Nikhil,

After how many minutes should the 'Queue backlog' alert for reporting-gateway be escalated?

Thanks,
Nikhil",2026-09-19 10:45:40,DOC-000126,0,
MSG-0000026,THR-000016,50,99,,Re: Question about Runbook: reporting-gateway - Queue backlog,"Hi Nikhil,

Per 'Runbook: reporting-gateway - Queue backlog' (https://github-wiki.northwind-analytics.example.com/runbook/doc-000126): 30 minutes.

Regards,
Nikhil",2026-09-19 16:28:40,DOC-000126,0,MSG-0000025
MSG-0000027,THR-000017,50,154;64;160;172;67,,FYI: Runbook: notification-hub - Queue backlog updated,"Hi all,

We have published version 3 of 'Runbook: notification-hub - Queue backlog'. Please review: https://github-wiki.northwind-analytics.example.com/runbook/doc-000138

Thanks,
Nikhil",2025-11-02 20:25:02,DOC-000138,0,
MSG-0000028,THR-000018,54,198,,Quick check: Meeting Notes: Project Keystone - Steering Sync 30 July 2026,"Hi Felix,

Who is responsible for the load test report for Project Keystone according to the steering sync on 30 July 2026?

Thanks,
Ethan",2026-09-11 17:00:55,DOC-000238,0,
MSG-0000029,THR-000018,198,54,,Re: Quick check: Meeting Notes: Project Keystone - Steering Sync 30 July 2026,"Hi Ethan,

Per 'Meeting Notes: Project Keystone - Steering Sync 30 July 2026' (https://notion.northwind-analytics.example.com/meeting_notes/doc-000238): Sourav Rao.

Regards,
Felix",2026-09-11 21:49:55,DOC-000238,0,MSG-0000028
MSG-0000030,THR-000019,186,97,23,Clarification on Meeting Notes: Project Jade - Steering Sync 17 February 2024,"Hi Sophie,

What new launch date was agreed for Project Jade in the steering sync on 17 February 2024?

Thanks,
Karan",2024-11-02 19:53:40,DOC-000271,0,
MSG-0000031,THR-000019,97,186,,Re: Clarification on Meeting Notes: Project Jade - Steering Sync 17 February 2024,"Hi Karan,

Per 'Meeting Notes: Project Jade - Steering Sync 17 February 2024' (https://sharepoint.northwind-analytics.example.com/meeting_notes/doc-000271): 30 June 2024.

Regards,
Sophie",2024-11-02 22:40:40,DOC-000271,0,MSG-0000030
MSG-0000032,THR-000019,186,97,,Re: Clarification on Meeting Notes: Project Jade - Steering Sync 17 February 2024,"Thanks, that helps!",2024-11-03 01:52:40,DOC-000271,0,MSG-0000031
MSG-0000033,THR-000020,68,29,,Question about Runbook: profile-engine - Disk usage high,"Hi Mei,

What command is used to restart profile-engine?

Thanks,
Priya",2026-08-23 15:05:18,DOC-000153,0,
MSG-0000034,THR-000020,29,68,,Re: Question about Runbook: profile-engine - Disk usage high,"Hi Priya,

Per 'Runbook: profile-engine - Disk usage high' (https://github-wiki.northwind-analytics.example.com/runbook/doc-000153): kubectl rollout restart deployment/profile-engine.

Regards,
Mei",2026-08-23 23:39:18,DOC-000153,0,MSG-0000033
MSG-0000035,THR-000021,168,100;48;22;196;178,,FYI: Remote and Hybrid Work Policy - India updated,"Hi all,

We have published version 4 of 'Remote and Hybrid Work Policy - India'. Please review: https://confluence.northwind-analytics.example.com/policy/doc-000025

Thanks,
Lukas",2025-08-12 14:06:07,DOC-000025,0,
MSG-0000036,THR-000022,116,168,,Question about New Joiner Onboarding Guide - India,"Hi Lukas,

Within how many working days do new joiners in India receive a laptop?

Thanks,
James",2025-04-12 22:19:23,DOC-000045,0,
MSG-0000037,THR-000022,168,116,,Re: Question about New Joiner Onboarding Guide - India,"Hi James,

Per 'New Joiner Onboarding Guide - India' (https://sharepoint.northwind-analytics.example.com/policy/doc-000045): 5 working days.

Regards,
Lukas",2025-04-13 01:59:23,DOC-000045,1,MSG-0000036
MSG-0000038,THR-000022,116,168,,Re: Question about New Joiner Onboarding Guide - India,"Thanks, that helps!",2025-04-13 02:18:23,DOC-000045,0,MSG-0000037
MSG-0000039,THR-000023,102,146,8,Clarification on Runbook: payments-api - Disk usage high,"Hi Arjun,

After how many minutes should the 'Disk usage high' alert for payments-api be escalated?

Thanks,
Omar",2024-02-02 21:11:12,DOC-000150,0,
MSG-0000040,THR-000023,146,102,,Re: Clarification on Runbook: payments-api - Disk usage high,"Hi Omar,

Per 'Runbook: payments-api - Disk usage high' (https://confluence.northwind-analytics.example.com/runbook/doc-000150): 5 minutes.

Regards,
Arjun",2024-02-03 00:35:12,DOC-000150,0,MSG-0000039
MSG-0000041,THR-000024,149,96,25,Clarification on Parental Leave Policy - Singapore,"Hi James,

How many weeks of paid paternity leave are offered in Singapore?

Thanks,
Oliver",2026-04-17 14:23:15,DOC-000017,0,
MSG-0000042,THR-000024,96,149,,Re: Clarification on Parental Leave Policy - Singapore,"Hi Oliver,

Per 'Parental Leave Policy - Singapore' (https://confluence.northwind-analytics.example.com/policy/doc-000017): 6 weeks.

Regards,
James",2026-04-17 21:27:15,DOC-000017,1,MSG-0000041
MSG-0000043,THR-000024,149,96,,Re: Clarification on Parental Leave Policy - Singapore,"Thanks, that helps!",2026-04-18 00:25:15,DOC-000017,0,MSG-0000042
MSG-0000044,THR-000025,168,1;145;15;100;197,,FYI: Remote and Hybrid Work Policy - United States updated,"Hi all,

We have published version 2 of 'Remote and Hybrid Work Policy - United States'. Please review: https://confluence.northwind-analytics.example.com/policy/doc-000027

Thanks,
Lukas",2026-07-13 08:43:14,DOC-000027,0,
MSG-0000045,THR-000026,6,117,,Need help with Procurement Policy - Germany,"Hi Riya,

Above what value are competitive quotes required in Germany?

Thanks,
Kavya",2025-03-29 02:20:02,DOC-000079,0,
MSG-0000046,THR-000026,117,6,,Re: Need help with Procurement Policy - Germany,"Hi Kavya,

Per 'Procurement Policy - Germany' (https://sharepoint.northwind-analytics.example.com/policy/doc-000079): EUR 25,000.

Regards,
Riya",2025-03-29 10:05:02,DOC-000079,0,MSG-0000045
MSG-0000047,THR-000026,6,117,,Re: Need help with Procurement Policy - Germany,"Thanks, that helps!",2025-03-29 18:32:02,DOC-000079,0,MSG-0000046
MSG-0000048,THR-000027,38,86,,Clarification on Meeting Notes: Project Summit - Steering Sync 22 July 2023,"Hi Neha,

How much additional budget was approved for Project Summit in the steering sync on 22 July 2023?

Thanks,
Arjun",2026-03-29 13:57:34,DOC-000254,0,
MSG-0000049,THR-000027,86,38,,Re: Clarification on Meeting Notes: Project Summit - Steering Sync 22 July 2023,"Hi Arjun,

Per 'Meeting Notes: Project Summit - Steering Sync 22 July 2023' (https://sharepoint.northwind-analytics.example.com/meeting_notes/doc-000254): USD 50,000.

Regards,
Neha",2026-03-29 14:23:34,DOC-000254,0,MSG-0000048
MSG-0000050,THR-000028,104,96,,Quick check: Paid Time Off Policy - United Kingdom,"Hi James,

What is the maximum number of PTO days that can be carried over in United Kingdom?

Thanks,
Daniel",2026-07-25 20:45:56,DOC-000030,0,
MSG-0000051,THR-000029,36,174,,Clarification on Meeting Notes: Project Dynamo - Steering Sync 21 April 2023,"Hi Maya,

Who is responsible for the API specification for Project Dynamo according to the steering sync on 21 April 2023?

Thanks,
Tom",2025-10-16 17:16:23,DOC-000253,0,
MSG-0000052,THR-000030,172,133,,Clarification on Meeting Notes: Project Lantern - Steering Sync 28 September 2026,"Hi Meera,

Who is responsible for the vendor contract for Project Lantern according to the steering sync on 28 September 2026?

Thanks,
Marta",2026-09-29 18:24:48,DOC-000208,0,
MSG-0000053,THR-000030,133,172,,Re: Clarification on Meeting Notes: Project Lantern - Steering Sync 28 September 2026,"Hi Marta,

Per 'Meeting Notes: Project Lantern - Steering Sync 28 September 2026' (https://notion.northwind-analytics.example.com/meeting_notes/doc-000208): Emily Park.

Regards,
Meera",2026-09-30 02:12:48,DOC-000208,0,MSG-0000052
MSG-0000054,THR-000031,176,76,20,Need help with Meeting Notes: Project Keystone - Steering Sync 17 September 2026,"Hi Jonas,

How much additional budget was approved for Project Keystone in the steering sync on 17 September 2026?

Thanks,
Amit",2026-09-17 17:51:21,DOC-000233,0,
MSG-0000055,THR-000032,155,46,,Clarification on Service Overview: auth-api,"Hi Mei,

What is the p95 latency target for auth-api?

Thanks,
William",2024-09-28 00:12:36,DOC-000110,0,
MSG-0000056,THR-000032,46,155,,Re: Clarification on Service Overview: auth-api,"Hi William,

Per 'Service Overview: auth-api' (https://github-wiki.northwind-analytics.example.com/service_wiki/doc-000110): 450 ms.

Regards,
Mei",2024-09-28 02:30:36,DOC-000110,0,MSG-0000055
MSG-0000057,THR-000033,22,14,,Question about Meeting Notes: Project Glacier - Steering Sync 27 July 2025,"Hi James,

What new launch date was agreed for Project Glacier in the steering sync on 27 July 2025?

Thanks,
Felix",2026-08-07 23:40:02,DOC-000293,0,
MSG-0000058,THR-000034,94,83,,Need help with Meeting Notes: Project Vertex - Steering Sync 24 July 2026,"Hi Neha,

How much additional budget was approved for Project Vertex in the steering sync on 24 July 2026?

Thanks,
Chloe",2026-08-19 00:00:13,DOC-000204,0,
MSG-0000059,THR-000034,83,94,,Re: Need help with Meeting Notes: Project Vertex - Steering Sync 24 July 2026,"Hi Chloe,

Per 'Meeting Notes: Project Vertex - Steering Sync 24 July 2026' (https://notion.northwind-analytics.example.com/meeting_notes/doc-000204): USD 75,000.

Regards,
Neha",2026-08-19 01:48:13,DOC-000204,0,MSG-0000058
MSG-0000060,THR-000035,42,172,,Quick check: Service Overview: orders-hub,"Hi Marta,

What is the p95 latency target for orders-hub?

Thanks,
Jonas",2024-07-06 17:27:34,DOC-000099,0,
MSG-0000061,THR-000035,172,42,,Re: Quick check: Service Overview: orders-hub,"Hi Jonas,

Per 'Service Overview: orders-hub' (https://github-wiki.northwind-analytics.example.com/service_wiki/doc-000099): 80 ms.

Regards,
Marta",2024-07-06 20:02:34,DOC-000099,1,MSG-0000060
MSG-0000062,THR-000035,42,172,18,Re: Quick check: Service Overview: orders-hub,"Thanks, that helps!",2024-07-06 20:47:34,DOC-000099,0,MSG-0000061
MSG-0000063,THR-000036,115,92,,Need help with Meeting Notes: Project Tundra - Steering Sync 22 June 2024,"Hi Chloe,

How much additional budget was approved for Project Tundra in the steering sync on 22 June 2024?

Thanks,
Carlos",2025-10-23 18:17:01,DOC-000216,0,
MSG-0000064,THR-000037,62,77;174;101;39;29,,FYI: Meeting Notes: Project Lantern - Steering Sync 30 May 2026 updated,"Hi all,

We have published version 1 of 'Meeting Notes: Project Lantern - Steering Sync 30 May 2026'. Please review: https://notion.northwind-analytics.example.com/meeting_notes/doc-000195

Thanks,
Pooja",2026-06-09 12:04:11,DOC-000195,0,
MSG-0000065,THR-000038,92,182,,Question about Runbook: search-sync - Queue backlog,"Hi Hannah,

After how many minutes should the 'Queue backlog' alert for search-sync be escalated?

Thanks,
Chloe",2025-03-06 18:57:50,DOC-000122,0,
MSG-0000066,THR-000038,182,92,14,Re: Question about Runbook: search-sync - Queue backlog,"Hi Chloe,

Per 'Runbook: search-sync - Queue backlog' (https://confluence.northwind-analytics.example.com/runbook/doc-000122): 5 minutes.

Regards,
Hannah",2025-03-06 23:20:50,DOC-000122,0,MSG-0000065
MSG-0000067,THR-000038,92,182,,Re: Question about Runbook: search-sync - Queue backlog,"Thanks, that helps!",2025-03-07 08:17:50,DOC-000122,1,MSG-0000066
MSG-0000068,THR-000039,117,71,,Quick check: Project Brief: Project Juniper,"Hi Pooja,

Who is the owner of Project Juniper?

Thanks,
Riya",2024-01-08 12:25:15,DOC-000185,0,
MSG-0000069,THR-000040,52,160;3;189;147;5,,FYI: Meeting Notes: Project Kestrel - Steering Sync 12 March 2026 updated,"Hi all,

We have published version 1 of 'Meeting Notes: Project Kestrel - Steering Sync 12 March 2026'. Please review: https://google-drive.northwind-analytics.example.com/meeting_notes/doc-000256

Thanks,
Chloe",2026-08-27 08:21:35,DOC-000256,0,
MSG-0000070,THR-000041,185,55,,Need help with Project Brief: Project Dynamo,"Hi Omar,

What is the approved budget for Project Dynamo?

Thanks,
Anna",2025-04-23 17:17:30,DOC-000176,0,
MSG-0000071,THR-000041,55,185,,Re: Need help with Project Brief: Project Dynamo,"Hi Anna,

Per 'Project Brief: Project Dynamo' (https://google-drive.northwind-analytics.example.com/project_brief/doc-000176): USD 970,000.

Regards,
Omar",2025-04-24 00:36:30,DOC-000176,0,MSG-0000070
MSG-0000072,THR-000042,118,198,,Question about Meeting Notes: Project Keystone - Steering Sync 26 August 2026,"Hi Felix,

What new launch date was agreed for Project Keystone in the steering sync on 26 August 2026?

Thanks,
Arjun",2026-09-11 20:43:31,DOC-000199,0,
MSG-0000073,THR-000042,198,118,,Re: Question about Meeting Notes: Project Keystone - Steering Sync 26 August 2026,"Hi Arjun,

Per 'Meeting Notes: Project Keystone - Steering Sync 26 August 2026' (https://notion.northwind-analytics.example.com/meeting_notes/doc-000199): 10 December 2026.

Regards,
Felix",2026-09-11 21:11:31,DOC-000199,0,MSG-0000072
MSG-0000074,THR-000042,118,198,,Re: Question about Meeting Notes: Project Keystone - Steering Sync 26 August 2026,"Thanks, that helps!",2026-09-11 23:05:31,DOC-000199,0,MSG-0000073
MSG-0000075,THR-000043,3,192,,Question about Paid Time Off Policy - United States,"Hi Zara,

How many days of paid time off do employees in United States get each year?

Thanks,
Sneha",2025-06-14 22:45:15,DOC-000044,0,
MSG-0000076,THR-000043,192,3,,Re: Question about Paid Time Off Policy - United States,"Hi Sneha,

Per 'Paid Time Off Policy - United States' (https://confluence.northwind-analytics.example.com/policy/doc-000044): 16 days.

Regards,
Zara",2025-06-15 01:29:15,DOC-000044,0,MSG-0000075
MSG-0000077,THR-000043,3,192,,Re: Question about Paid Time Off Policy - United States,"Thanks, that helps!",2025-06-15 09:25:15,DOC-000044,0,MSG-0000076
MSG-0000078,THR-000044,115,191;21;48;24;184,,FYI: Procurement Policy - Singapore updated,"Hi all,

We have published version 2 of 'Procurement Policy - Singapore'. Please review: https://confluence.northwind-analytics.example.com/policy/doc-000069

Thanks,
Carlos",2026-01-13 08:03:45,DOC-000069,0,
MSG-0000079,THR-000045,71,13;184;21;100;83,,FYI: Expense Reimbursement Policy - Germany updated,"Hi all,

We have published version 5 of 'Expense Reimbursement Policy - Germany'. Please review: https://sharepoint.northwind-analytics.example.com/policy/doc-000061

Thanks,
Pooja",2026-02-03 13:50:43,DOC-000061,0,
MSG-0000080,THR-000046,162,45,,Need help with Meeting Notes: Project Glacier - Steering Sync 27 July 2025,"Hi William,

How much additional budget was approved for Project Glacier in the steering sync on 27 July 2025?

Thanks,
Rohan",2025-11-02 15:59:12,DOC-000293,0,
MSG-0000081,THR-000046,45,162,29,Re: Need help with Meeting Notes: Project Glacier - Steering Sync 27 July 2025,"Hi Rohan,

Per 'Meeting Notes: Project Glacier - Steering Sync 27 July 2025' (https://sharepoint.northwind-analytics.example.com/meeting_notes/doc-000293): USD 25,000.

Regards,
William",2025-11-02 17:25:12,DOC-000293,0,MSG-0000080
MSG-0000082,THR-000047,50,45,,Quick check: Service Overview: inventory-engine,"Hi William,

Who owns the inventory-engine service?

Thanks,
Nikhil",2026-09-05 18:27:12,DOC-000095,0,
MSG-0000083,THR-000048,66,103,,Clarification on Project Brief: Project Ibis,"Hi James,

Who is the executive sponsor of Project Ibis?

Thanks,
Michael",2026-09-19 13:44:40,DOC-000173,0,
MSG-0000084,THR-000048,103,66,,Re: Clarification on Project Brief: Project Ibis,"Hi Michael,

Per 'Project Brief: Project Ibis' (https://sharepoint.northwind-analytics.example.com/project_brief/doc-000173): Sneha Bose.

Regards,
James",2026-09-19 18:06:40,DOC-000173,0,MSG-0000083
MSG-0000085,THR-000048,66,103,31,Re: Clarification on Project Brief: Project Ibis,"Thanks, that helps!",2026-09-19 19:14:40,DOC-000173,0,MSG-0000084
MSG-0000086,THR-000049,102,196;184;115;4;191,,FYI: HR Services FAQ - United States updated,"Hi all,

We have published version 4 of 'HR Services FAQ - United States'. Please review: https://confluence.northwind-analytics.example.com/faq/doc-000040

Thanks,
Omar",2025-11-14 19:52:27,DOC-000040,0,
MSG-0000087,THR-000050,153,136,,Quick check: Parental Leave Policy - India,"Hi Oliver,

How many weeks of paid maternity leave are offered in India?

Thanks,
Felix",2026-08-04 23:00:58,DOC-000059,0,
MSG-0000088,THR-000050,136,153,,Re: Quick check: Parental Leave Policy - India,"Hi Felix,

Per 'Parental Leave Policy - India' (https://confluence.northwind-analytics.example.com/policy/doc-000059): 16 weeks.

Regards,
Oliver",2026-08-05 07:36:58,DOC-000059,0,MSG-0000087
MSG-0000089,THR-000051,123,167,,Quick check: Runbook: auth-engine - Elevated latency,"Hi Sophie,

Which Slack channel is used for incidents on auth-engine?

Thanks,
Anna",2024-11-27 00:09:02,DOC-000119,0,
MSG-0000090,THR-000051,167,123,15,Re: Quick check: Runbook: auth-engine - Elevated latency,"Hi Anna,

Per 'Runbook: auth-engine - Elevated latency' (https://confluence.northwind-analytics.example.com/runbook/doc-000119): #oncall-auth-engine.

Regards,
Sophie",2024-11-27 02:50:02,DOC-000119,0,MSG-0000089
MSG-0000091,THR-000052,104,161,18,Question about Meeting Notes: Project Cascade - Steering Sync 9 March 2026,"Hi Ava,

What new launch date was agreed for Project Cascade in the steering sync on 9 March 2026?

Thanks,
Daniel",2026-03-15 23:09:50,DOC-000236,0,
MSG-0000092,THR-000052,161,104,24,Re: Question about Meeting Notes: Project Cascade - Steering Sync 9 March 2026,"Hi Daniel,

Per 'Meeting Notes: Project Cascade - Steering Sync 9 March 2026' (https://notion.northwind-analytics.example.com/meeting_notes/doc-000236): 16 December 2026.

Regards,
Ava",2026-03-16 02:56:50,DOC-000236,0,MSG-0000091
MSG-0000093,THR-000053,79,98,,Clarification on Service Overview: ledger-service,"Hi Anna,

Which database does ledger-service use?

Thanks,
Michael",2024-12-01 20:35:01,DOC-000098,0,
MSG-0000094,THR-000054,18,49,9,Need help with Meeting Notes: Project Aurora - Steering Sync 21 November 2025,"Hi Tom,

What new launch date was agreed for Project Aurora in the steering sync on 21 November 2025?

Thanks,
Sourav",2026-02-10 19:43:03,DOC-000244,0,
MSG-0000095,THR-000054,49,18,,Re: Need help with Meeting Notes: Project Aurora - Steering Sync 21 November 2025,"Hi Sourav,

Per 'Meeting Notes: Project Aurora - Steering Sync 21 November 2025' (https://google-drive.northwind-analytics.example.com/meeting_notes/doc-000244): 2 February 2026.

Regards,
Tom",2026-02-11 04:14:03,DOC-000244,0,MSG-0000094
MSG-0000096,THR-000054,18,49,,Re: Need help with Meeting Notes: Project Aurora - Steering Sync 21 November 2025,"Thanks, that helps!",2026-02-11 04:32:03,DOC-000244,0,MSG-0000095
MSG-0000097,THR-000055,161,81,,Quick check: Meeting Notes: Project Lantern - Steering Sync 30 May 2026,"Hi Riya,

What new launch date was agreed for Project Lantern in the steering sync on 30 May 2026?

Thanks,
Ava",2026-08-18 18:10:39,DOC-000195,0,
MSG-0000098,THR-000055,81,161,,Re: Quick check: Meeting Notes: Project Lantern - Steering Sync 30 May 2026,"Hi Ava,

Per 'Meeting Notes: Project Lantern - Steering Sync 30 May 2026' (https://notion.northwind-analytics.example.com/meeting_notes/doc-000195): 3 May 2027.

Regards,
Riya",2026-08-19 00:33:39,DOC-000195,0,MSG-0000097
MSG-0000099,THR-000056,25,84;177;60;81;163,,FYI: Code Review and Quality Standard - India updated,"Hi all,

We have published version 5 of 'Code Review and Quality Standard - India'. Please review: https://sharepoint.northwind-analytics.example.com/policy/doc-000013

Thanks,
Arjun",2026-06-25 12:26:15,DOC-000013,0,
MSG-0000100,THR-000057,186,104,,Clarification on Meeting Notes: Project Meridian - Steering Sync 22 June 2024,"Hi Daniel,

Who is responsible for the cost forecast for Project Meridian according to the steering sync on 22 June 2024?

Thanks,
Karan",2026-09-05 21:26:21,DOC-000265,0,
MSG-0000101,THR-000057,104,186,,Re: Clarification on Meeting Notes: Project Meridian - Steering Sync 22 June 2024,"Hi Karan,

Per 'Meeting Notes: Project Meridian - Steering Sync 22 June 2024' (https://sharepoint.northwind-analytics.example.com/meeting_notes/doc-000265): Grace Cohen.

Regards,
Daniel",2026-09-06 01:33:21,DOC-000265,0,MSG-0000100
MSG-0000102,THR-000058,171,193;38;160;83;21,,FYI: Meeting Notes: Project Summit - Steering Sync 13 June 2023 updated,"Hi all,

We have published version 2 of 'Meeting Notes: Project Summit - Steering Sync 13 June 2023'. Please review: https://google-drive.northwind-analytics.example.com/meeting_notes/doc-000262

Thanks,
Chloe",2023-07-22 12:32:56,DOC-000262,0,
MSG-0000103,THR-000059,18,97,,Need help with Meeting Notes: Project Lotus - Steering Sync 1 May 2024,"Hi Sophie,

Who is responsible for the rollout checklist for Project Lotus according to the steering sync on 1 May 2024?

Thanks,
Sourav",2025-09-15 19:25:57,DOC-000292,0,
MSG-0000104,THR-000060,102,92;159;124;144;38,,FYI: HR Services FAQ - United States updated,"Hi all,

We have published version 4 of 'HR Services FAQ - United States'. Please review: https://confluence.northwind-analytics.example.com/faq/doc-000040

Thanks,
Omar",2025-06-18 10:14:40,DOC-000040,0,
MSG-0000105,THR-000061,173,104,,Question about Project Brief: Project Kestrel,"Hi Daniel,

What is the target launch date for Project Kestrel?

Thanks,
Sanjay",2026-05-21 15:27:38,DOC-000161,0,
MSG-0000106,THR-000061,104,173,,Re: Question about Project Brief: Project Kestrel,"Hi Sanjay,

Per 'Project Brief: Project Kestrel' (https://google-drive.northwind-analytics.example.com/project_brief/doc-000161): 25 January 2027.

Regards,
Daniel",2026-05-22 00:08:38,DOC-000161,0,MSG-0000105
MSG-0000107,THR-000062,38,57,14,Question about Meeting Notes: Project Keystone - Steering Sync 30 July 2026,"Hi Felix,

What new launch date was agreed for Project Keystone in the steering sync on 30 July 2026?

Thanks,
Arjun",2026-09-13 04:10:00,DOC-000238,0,
MSG-0000108,THR-000063,25,114;195;81;28;71,,FYI: Service Overview: search-sync updated,"Hi all,

We have published version 3 of 'Service Overview: search-sync'. Please review: https://github-wiki.northwind-analytics.example.com/service_wiki/doc-000097

Thanks,
Arjun",2025-07-29 17:24:35,DOC-000097,0,
MSG-0000109,THR-000064,158,26,27,Quick check: Meeting Notes: Project Keystone - Steering Sync 23 June 2026,"Hi Sourav,

What new launch date was agreed for Project Keystone in the steering sync on 23 June 2026?

Thanks,
Sneha",2026-07-28 12:56:38,DOC-000255,0,
MSG-0000110,THR-000065,168,175,,Quick check: Meeting Notes: Project Cascade - Steering Sync 20 April 2026,"Hi Tom,

What new launch date was agreed for Project Cascade in the steering sync on 20 April 2026?

Thanks,
Lukas",2026-07-23 12:27:53,DOC-000266,0,
MSG-0000111,THR-000065,175,168,,Re: Quick check: Meeting Notes: Project Cascade - Steering Sync 20 April 2026,"Hi Lukas,

Per 'Meeting Notes: Project Cascade - Steering Sync 20 April 2026' (https://google-drive.northwind-analytics.example.com/meeting_notes/doc-000266): 1 December 2026.

Regards,
Tom",2026-07-23 13:07:53,DOC-000266,0,MSG-0000110
MSG-0000112,THR-000066,17,18,,Clarification on Information Security Standard - Singapore,"Hi Sourav,

How often must passwords be changed in Singapore?

Thanks,
Rahul",2026-06-23 09:35:45,DOC-000028,0,
MSG-0000113,THR-000067,89,23,29,Need help with Runbook: ledger-gateway - Queue backlog,"Hi Jonas,

Which Slack channel is used for incidents on ledger-gateway?

Thanks,
Nikhil",2025-01-20 04:46:22,DOC-000142,0,
MSG-0000114,THR-000067,23,89,,Re: Need help with Runbook: ledger-gateway - Queue backlog,"Hi Nikhil,

Per 'Runbook: ledger-gateway - Queue backlog' (https://github-wiki.northwind-analytics.example.com/runbook/doc-000142): #oncall-ledger-gateway.

Regards,
Jonas",2025-01-20 11:36:22,DOC-000142,0,MSG-0000113
MSG-0000115,THR-000068,60,96,25,Question about Parental Leave Policy - India,"Hi James,

How many weeks of paid paternity leave are offered in India?

Thanks,
Pooja",2026-07-21 23:46:07,DOC-000059,0,
MSG-0000116,THR-000068,96,60,,Re: Question about Parental Leave Policy - India,"Hi Pooja,

Per 'Parental Leave Policy - India' (https://confluence.northwind-analytics.example.com/policy/doc-000059): 2 weeks.

Regards,
James",2026-07-22 03:41:07,DOC-000059,1,MSG-0000115
MSG-0000117,THR-000068,60,96,,Re: Question about Parental Leave Policy - India,"Thanks, that helps!",2026-07-22 07:44:07,DOC-000059,0,MSG-0000116
MSG-0000118,THR-000069,5,189,,Quick check: Service Overview: ingestion-gateway,"Hi Lena,

What is the p95 latency target for ingestion-gateway?

Thanks,
Aarav",2026-07-08 12:49:24,DOC-000092,0,
MSG-0000119,THR-000069,189,5,21,Re: Quick check: Service Overview: ingestion-gateway,"Hi Aarav,

Per 'Service Overview: ingestion-gateway' (https://confluence.northwind-analytics.example.com/service_wiki/doc-000092): 450 ms.

Regards,
Lena",2026-07-08 22:17:24,DOC-000092,0,MSG-0000118
MSG-0000120,THR-000070,168,180;21;149;95;131,,FYI: Remote and Hybrid Work Policy - India updated,"Hi all,

We have published version 4 of 'Remote and Hybrid Work Policy - India'. Please review: https://confluence.northwind-analytics.example.com/policy/doc-000025

Thanks,
Lukas",2024-11-18 10:37:31,DOC-000025,0,
MSG-0000121,THR-000071,146,161;191;160;73;69,,FYI: Service Overview: recommendation-sync updated,"Hi all,

We have published version 2 of 'Service Overview: recommendation-sync'. Please review: https://confluence.northwind-analytics.example.com/service_wiki/doc-000106

Thanks,
Arjun",2026-06-07 10:09:34,DOC-000106,0,
MSG-0000122,THR-000072,154,156;66;86;51;84,,FYI: Meeting Notes: Project Kestrel - Steering Sync 24 March 2026 updated,"Hi all,

We have published version 2 of 'Meeting Notes: Project Kestrel - Steering Sync 24 March 2026'. Please review: https://notion.northwind-analytics.example.com/meeting_notes/doc-000213

Thanks,
Felix",2026-08-01 13:10:53,DOC-000213,0,
MSG-0000123,THR-000073,162,189,30,Need help with Runbook: reporting-service - Certificate expiring,"Hi Lena,

Which Slack channel is used for incidents on reporting-service?

Thanks,
Rohan",2026-05-04 11:55:18,DOC-000155,0,
MSG-0000124,THR-000074,199,49,,Clarification on Procurement Policy - Singapore,"Hi Tom,

Above what contract value is legal review needed in Singapore?

Thanks,
Daniel",2026-05-27 01:28:12,DOC-000069,1,
MSG-0000125,THR-000074,49,199,,Re: Clarification on Procurement Policy - Singapore,"Hi Daniel,

Per 'Procurement Policy - Singapore' (https://confluence.northwind-analytics.example.com/policy/doc-000069): SGD 50,000.

Regards,
Tom",2026-05-27 05:28:12,DOC-000069,0,MSG-0000124
MSG-0000126,THR-000074,199,49,,Re: Clarification on Procurement Policy - Singapore,"Thanks, that helps!",2026-05-27 09:51:12,DOC-000069,1,MSG-0000125
MSG-0000127,THR-000075,192,187,,Quick check: Incident Response Procedure - Singapore,"Hi James,

Within how many minutes must a Severity 2 incident be acknowledged in Singapore?

Thanks,
Zara",2026-08-24 02:56:55,DOC-000010,0,
MSG-0000128,THR-000075,187,192,,Re: Quick check: Incident Response Procedure - Singapore,"Hi Zara,

Per 'Incident Response Procedure - Singapore' (https://confluence.northwind-analytics.example.com/policy/doc-000010): 60 minutes.

Regards,
James",2026-08-24 11:24:55,DOC-000010,0,MSG-0000127
MSG-0000129,THR-000076,50,8;159;13;3;71,,FYI: Runbook: notification-hub - Elevated latency updated,"Hi all,

We have published version 3 of 'Runbook: notification-hub - Elevated latency'. Please review: https://confluence.northwind-analytics.example.com/runbook/doc-000149

Thanks,
Nikhil",2025-10-18 16:06:56,DOC-000149,0,
MSG-0000130,THR-000077,25,7,,Quick check: Expense Reimbursement Policy - United Kingdom,"Hi Oliver,

What is the nightly hotel limit for employees in United Kingdom?

Thanks,
Arjun",2025-04-08 17:44:46,DOC-000001,0,
MSG-0000131,THR-000078,97,198;9;31;78;37,,FYI: Meeting Notes: Project Jade - Steering Sync 26 August 2023 updated,"Hi all,

We have published version 1 of 'Meeting Notes: Project Jade - Steering Sync 26 August 2023'. Please review: https://google-drive.northwind-analytics.example.com/meeting_notes/doc-000212

Thanks,
Sophie",2024-01-28 11:26:41,DOC-000212,0,
MSG-0000132,THR-000079,25,163;191;175;8;122,,FYI: Runbook: search-sync - Certificate expiring updated,"Hi all,

We have published version 1 of 'Runbook: search-sync - Certificate expiring'. Please review: https://confluence.northwind-analytics.example.com/runbook/doc-000156

Thanks,
Arjun",2026-05-20 19:58:13,DOC-000156,0,
MSG-0000133,THR-000080,30,149;178;143;70;6,,FYI: Service Overview: auth-engine updated,"Hi all,

We have published version 1 of 'Service Overview: auth-engine'. Please review: https://confluence.northwind-analytics.example.com/service_wiki/doc-000111

Thanks,
Nikhil",2023-02-07 08:05:46,DOC-000111,0,
MSG-0000134,THR-000081,101,102;174;97;8;10,,FYI: Meeting Notes: Project Glacier - Steering Sync 26 April 2025 updated,"Hi all,

We have published version 2 of 'Meeting Notes: Project Glacier - Steering Sync 26 April 2025'. Please review: https://sharepoint.northwind-analytics.example.com/meeting_notes/doc-000267

Thanks,
Riya",2025-06-29 18:44:09,DOC-000267,0,
MSG-0000135,THR-000082,165,4;148;12;169;17,,FYI: Meeting Notes: Project Ember - Steering Sync 10 June 2026 updated,"Hi all,

We have published version 2 of 'Meeting Notes: Project Ember - Steering Sync 10 June 2026'. Please review: https://google-drive.northwind-analytics.example.com/meeting_notes/doc-000276

Thanks,
Meera",2026-08-04 20:29:26,DOC-000276,0,
MSG-0000136,THR-000083,42,69;7;172;70;49,,FYI: Project Brief: Project Quartz updated,"Hi all,

We have published version 2 of 'Project Brief: Project Quartz'. Please review: https://google-drive.northwind-analytics.example.com/project_brief/doc-000165

Thanks,
Jonas",2026-02-13 11:46:30,DOC-000165,0,
MSG-0000137,THR-000084,151,153,,Need help with Runbook: ledger-gateway - Queue backlog,"Hi Felix,

After how many minutes should the 'Queue backlog' alert for ledger-gateway be escalated?

Thanks,
William",2026-09-23 15:44:00,DOC-000142,1,
MSG-0000138,THR-000085,95,169;96;186;142;139,,FYI: Meeting Notes: Project Dynamo - Steering Sync 10 April 2023 updated,"Hi all,

We have published version 4 of 'Meeting Notes: Project Dynamo - Steering Sync 10 April 2023'. Please review: https://sharepoint.northwind-analytics.example.com/meeting_notes/doc-000210

Thanks,
Emily",2025-10-30 20:30:34,DOC-000210,0,
MSG-0000139,THR-000086,104,143,18,Need help with Service Overview: analytics-engine,"Hi Karan,

Which programming language is analytics-engine written in?

Thanks,
Daniel",2026-04-20 23:44:22,DOC-000096,0,
MSG-0000140,THR-000086,143,104,,Re: Need help with Service Overview: analytics-engine,"Hi Daniel,

Per 'Service Overview: analytics-engine' (https://github-wiki.northwind-analytics.example.com/service_wiki/doc-000096): Node.js.

Regards,
Karan",2026-04-21 08:15:22,DOC-000096,0,MSG-0000139
MSG-0000141,THR-000087,94,92;166;120;116;193,,FYI: Meeting Notes: Project Lantern - Steering Sync 28 September 2026 updated,"Hi all,

We have published version 2 of 'Meeting Notes: Project Lantern - Steering Sync 28 September 2026'. Please review: https://sharepoint.northwind-analytics.example.com/meeting_notes/doc-000243

Thanks,
Chloe",2026-09-28 16:16:56,DOC-000243,0,
MSG-0000142,THR-000088,161,83,,Clarification on Meeting Notes: Project Vertex - Steering Sync 13 September 2026,"Hi Neha,

What new launch date was agreed for Project Vertex in the steering sync on 13 September 2026?

Thanks,
Ava",2026-09-18 09:48:32,DOC-000298,0,
MSG-0000143,THR-000088,83,161,22,Re: Clarification on Meeting Notes: Project Vertex - Steering Sync 13 September 2026,"Hi Ava,

Per 'Meeting Notes: Project Vertex - Steering Sync 13 September 2026' (https://sharepoint.northwind-analytics.example.com/meeting_notes/doc-000298): 15 November 2027.

Regards,
Neha",2026-09-18 16:38:32,DOC-000298,0,MSG-0000142
MSG-0000144,THR-000088,161,83,,Re: Clarification on Meeting Notes: Project Vertex - Steering Sync 13 September 2026,"Thanks, that helps!",2026-09-18 18:37:32,DOC-000298,0,MSG-0000143
MSG-0000145,THR-000089,197,104,,Quick check: Meeting Notes: Project Xenon - Steering Sync 6 December 2023,"Hi Daniel,

How much additional budget was approved for Project Xenon in the steering sync on 6 December 2023?

Thanks,
Emily",2024-07-05 18:04:16,DOC-000288,0,
MSG-0000146,THR-000089,104,197,,Re: Quick check: Meeting Notes: Project Xenon - Steering Sync 6 December 2023,"Hi Emily,

Per 'Meeting Notes: Project Xenon - Steering Sync 6 December 2023' (https://google-drive.northwind-analytics.example.com/meeting_notes/doc-000288): USD 25,000.

Regards,
Daniel",2024-07-06 00:31:16,DOC-000288,0,MSG-0000145
MSG-0000147,THR-000090,59,188,,Clarification on Meeting Notes: Project Xenon - Steering Sync 30 December 2023,"Hi Meera,

What new launch date was agreed for Project Xenon in the steering sync on 30 December 2023?

Thanks,
Tom",2024-08-10 19:39:47,DOC-000223,0,
MSG-0000148,THR-000090,188,59,,Re: Clarification on Meeting Notes: Project Xenon - Steering Sync 30 December 2023,"Hi Tom,

Per 'Meeting Notes: Project Xenon - Steering Sync 30 December 2023' (https://sharepoint.northwind-analytics.example.com/meeting_notes/doc-000223): 4 April 2024.

Regards,
Meera",2024-08-11 04:20:47,DOC-000223,0,MSG-0000147
MSG-0000149,THR-000090,59,188,,Re: Clarification on Meeting Notes: Project Xenon - Steering Sync 30 December 2023,"Thanks, that helps!",2024-08-11 05:38:47,DOC-000223,0,MSG-0000148
MSG-0000150,THR-000091,7,9,,Question about Meeting Notes: Project Nebula - Steering Sync 13 November 2024,"Hi Zara,

What new launch date was agreed for Project Nebula in the steering sync on 13 November 2024?

Thanks,
Oliver",2025-09-19 22:21:34,DOC-000229,0,
MSG-0000151,THR-000091,9,7,1,Re: Question about Meeting Notes: Project Nebula - Steering Sync 13 November 2024,"Hi Oliver,

Per 'Meeting Notes: Project Nebula - Steering Sync 13 November 2024' (https://notion.northwind-analytics.example.com/meeting_notes/doc-000229): 15 September 2025.

Regards,
Zara",2025-09-19 23:39:34,DOC-000229,0,MSG-0000150
MSG-0000152,THR-000092,96,153;77;88;100;96,,FYI: Paid Time Off Policy - Germany updated,"Hi all,

We have published version 4 of 'Paid Time Off Policy - Germany'. Please review: https://confluence.northwind-analytics.example.com/policy/doc-000077

Thanks,
James",2026-05-07 12:42:25,DOC-000077,0,
MSG-0000153,THR-000093,165,15,,Need help with Runbook: auth-engine - Disk usage high,"Hi Sofia,

What command is used to restart auth-engine?

Thanks,
Meera",2024-10-13 22:15:37,DOC-000128,1,
MSG-0000154,THR-000094,117,177;151;159;90;176,,FYI: Meeting Notes: Project Juniper - Steering Sync 29 May 2023 updated,"Hi all,

We have published version 4 of 'Meeting Notes: Project Juniper - Steering Sync 29 May 2023'. Please review: https://google-drive.northwind-analytics.example.com/meeting_notes/doc-000264

Thanks,
Riya",2025-07-22 19:34:49,DOC-000264,0,
MSG-0000155,THR-000095,126,86,,Question about Meeting Notes: Project Orion - Steering Sync 18 July 2026,"Hi Neha,

What new launch date was agreed for Project Orion in the steering sync on 18 July 2026?

Thanks,
Noah",2026-07-21 17:18:31,DOC-000273,0,
MSG-0000156,THR-000096,104,121;9;83;80;142,,FYI: Information Security Standard - United Kingdom updated,"Hi all,

We have published version 3 of 'Information Security Standard - United Kingdom'. Please review: https://confluence.northwind-analytics.example.com/policy/doc-000063

Thanks,
Daniel",2026-06-04 13:47:21,DOC-000063,0,
MSG-0000157,THR-000097,156,33;152;173;200;8,,FYI: Meeting Notes: Project Dynamo - Steering Sync 21 April 2023 updated,"Hi all,

We have published version 4 of 'Meeting Notes: Project Dynamo - Steering Sync 21 April 2023'. Please review: https://notion.northwind-analytics.example.com/meeting_notes/doc-000253

Thanks,
Ananya",2024-07-07 16:26:06,DOC-000253,0,
MSG-0000158,THR-000098,144,140,,Question about Meeting Notes: Project Comet - Steering Sync 18 September 2023,"Hi Priya,

How much additional budget was approved for Project Comet in the steering sync on 18 September 2023?

Thanks,
Neha",2026-03-16 10:37:11,DOC-000281,0,
MSG-0000159,THR-000098,140,144,,Re: Question about Meeting Notes: Project Comet - Steering Sync 18 September 2023,"Hi Neha,

Per 'Meeting Notes: Project Comet - Steering Sync 18 September 2023' (https://google-drive.northwind-analytics.example.com/meeting_notes/doc-000281): USD 150,000.

Regards,
Priya",2026-03-16 18:24:11,DOC-000281,0,MSG-0000158
MSG-0000160,THR-000099,111,20;51;124;125;64,,FYI: Project Brief: Project Glacier updated,"Hi all,

We have published version 5 of 'Project Brief: Project Glacier'. Please review: https://google-drive.northwind-analytics.example.com/project_brief/doc-000170

Thanks,
Layla",2026-01-29 13:07:43,DOC-000170,0,
MSG-0000161,THR-000100,98,9,,Quick check: Information Security Standard - United States,"Hi Zara,

What is the minimum password length under the security standard in United States?

Thanks,
Anna",2026-04-14 23:40:51,DOC-000003,0,
MSG-0000162,THR-000101,26,22,6,Clarification on Meeting Notes: Project Vertex - Steering Sync 19 August 2026,"Hi Felix,

How much additional budget was approved for Project Vertex in the steering sync on 19 August 2026?

Thanks,
Sourav",2026-09-03 04:09:51,DOC-000274,0,
MSG-0000163,THR-000102,110,188,,Question about Meeting Notes: Project Quartz - Steering Sync 6 October 2024,"Hi Meera,

How much additional budget was approved for Project Quartz in the steering sync on 6 October 2024?

Thanks,
Pooja",2024-10-28 02:04:57,DOC-000242,0,
MSG-0000164,THR-000102,188,110,18,Re: Question about Meeting Notes: Project Quartz - Steering Sync 6 October 2024,"Hi Pooja,

Per 'Meeting Notes: Project Quartz - Steering Sync 6 October 2024' (https://sharepoint.northwind-analytics.example.com/meeting_notes/doc-000242): USD 50,000.

Regards,
Meera",2024-10-28 03:15:57,DOC-000242,0,MSG-0000163
MSG-0000165,THR-000103,117,36;31;7;42;23,,FYI: Meeting Notes: Project Aurora - Steering Sync 16 December 2024 updated,"Hi all,

We have published version 3 of 'Meeting Notes: Project Aurora - Steering Sync 16 December 2024'. Please review: https://notion.northwind-analytics.example.com/meeting_notes/doc-000205

Thanks,
Riya",2026-04-16 13:32:58,DOC-000205,0,
MSG-0000166,THR-000104,149,93,,Need help with Runbook: analytics-engine - Disk usage high,"Hi Layla,

Which Slack channel is used for incidents on analytics-engine?

Thanks,
Oliver",2026-08-22 13:42:42,DOC-000117,0,
MSG-0000167,THR-000105,187,180;101;3;96;16,,FYI: Information Security Standard - Singapore updated,"Hi all,

We have published version 5 of 'Information Security Standard - Singapore'. Please review: https://confluence.northwind-analytics.example.com/policy/doc-000028

Thanks,
James",2025-09-10 10:09:19,DOC-000028,0,
MSG-0000168,THR-000106,79,184,,Clarification on Meeting Notes: Project Orion - Steering Sync 27 February 2026,"Hi Arjun,

How much additional budget was approved for Project Orion in the steering sync on 27 February 2026?

Thanks,
Michael",2026-09-16 11:21:33,DOC-000283,0,
MSG-0000169,THR-000106,184,79,,Re: Clarification on Meeting Notes: Project Orion - Steering Sync 27 February 2026,"Hi Michael,

Per 'Meeting Notes: Project Orion - Steering Sync 27 February 2026' (https://notion.northwind-analytics.example.com/meeting_notes/doc-000283): USD 25,000.

Regards,
Arjun",2026-09-16 14:39:33,DOC-000283,0,MSG-0000168
MSG-0000170,THR-000107,19,38,,Clarification on Runbook: ingestion-gateway - Queue backlog,"Hi Arjun,

What command is used to restart ingestion-gateway?

Thanks,
Marta",2025-12-25 11:57:35,DOC-000131,1,
MSG-0000171,THR-000107,38,19,,Re: Clarification on Runbook: ingestion-gateway - Queue backlog,"Hi Marta,

Per 'Runbook: ingestion-gateway - Queue backlog' (https://confluence.northwind-analytics.example.com/runbook/doc-000131): kubectl rollout restart deployment/ingestion-gateway.

Regards,
Arjun",2025-12-25 20:47:35,DOC-000131,1,MSG-0000170
MSG-0000172,THR-000107,19,38,,Re: Clarification on Runbook: ingestion-gateway - Queue backlog,"Thanks, that helps!",2025-12-25 23:40:35,DOC-000131,0,MSG-0000171
MSG-0000173,THR-000108,20,111;11;83;200;102,,FYI: Meeting Notes: Project Lotus - Steering Sync 26 July 2024 updated,"Hi all,

We have published version 2 of 'Meeting Notes: Project Lotus - Steering Sync 26 July 2024'. Please review: https://notion.northwind-analytics.example.com/meeting_notes/doc-000207

Thanks,
Jonas",2025-03-13 20:16:26,DOC-000207,0,
MSG-0000174,THR-000109,163,60,,Clarification on Code Review and Quality Standard - United Kingdom,"Hi Pooja,

What is the minimum test coverage required by the United Kingdom code review standard?

Thanks,
Neha",2025-04-17 02:32:59,DOC-000019,0,
MSG-0000175,THR-000109,60,163,,Re: Clarification on Code Review and Quality Standard - United Kingdom,"Hi Neha,

Per 'Code Review and Quality Standard - United Kingdom' (https://sharepoint.northwind-analytics.example.com/policy/doc-000019): 85 percent.

Regards,
Pooja",2025-04-17 05:18:59,DOC-000019,0,MSG-0000174
MSG-0000176,THR-000110,165,17;144;22;181;199,,FYI: Meeting Notes: Project Ember - Steering Sync 10 June 2026 updated,"Hi all,

We have published version 2 of 'Meeting Notes: Project Ember - Steering Sync 10 June 2026'. Please review: https://google-drive.northwind-analytics.example.com/meeting_notes/doc-000276

Thanks,
Meera",2026-09-16 08:27:38,DOC-000276,0,
MSG-0000177,THR-000111,79,199,,Quick check: Service Overview: analytics-engine,"Hi Daniel,

What is the availability SLO for analytics-engine?

Thanks,
Michael",2025-11-27 20:23:25,DOC-000096,0,
MSG-0000178,THR-000111,199,79,,Re: Quick check: Service Overview: analytics-engine,"Hi Michael,

Per 'Service Overview: analytics-engine' (https://github-wiki.northwind-analytics.example.com/service_wiki/doc-000096): 99.99 percent.

Regards,
Daniel",2025-11-28 06:01:25,DOC-000096,0,MSG-0000177
MSG-0000179,THR-000112,143,195,,Question about Service Overview: ingestion-gateway,"Hi Ava,

What is the availability SLO for ingestion-gateway?

Thanks,
Karan",2026-06-30 16:44:44,DOC-000092,0,
MSG-0000180,THR-000112,195,143,,Re: Question about Service Overview: ingestion-gateway,"Hi Karan,

Per 'Service Overview: ingestion-gateway' (https://confluence.northwind-analytics.example.com/service_wiki/doc-000092): 99.9 percent.

Regards,
Ava",2026-07-01 01:34:44,DOC-000092,0,MSG-0000179
MSG-0000181,THR-000113,87,120,,Need help with Meeting Notes: Project Comet - Steering Sync 26 April 2023,"Hi Lukas,

What new launch date was agreed for Project Comet in the steering sync on 26 April 2023?

Thanks,
William",2024-08-28 20:47:22,DOC-000187,0,
MSG-0000182,THR-000113,120,87,,Re: Need help with Meeting Notes: Project Comet - Steering Sync 26 April 2023,"Hi William,

Per 'Meeting Notes: Project Comet - Steering Sync 26 April 2023' (https://google-drive.northwind-analytics.example.com/meeting_notes/doc-000187): 15 April 2024.

Regards,
Lukas",2024-08-29 00:04:22,DOC-000187,0,MSG-0000181
MSG-0000183,THR-000114,148,129,,Clarification on Service Overview: reporting-gateway,"Hi Lukas,

Which programming language is reporting-gateway written in?

Thanks,
Neha",2025-05-30 20:43:43,DOC-000093,0,
MSG-0000184,THR-000114,129,148,,Re: Clarification on Service Overview: reporting-gateway,"Hi Neha,

Per 'Service Overview: reporting-gateway' (https://github-wiki.northwind-analytics.example.com/service_wiki/doc-000093): Kotlin.

Regards,
Lukas",2025-05-31 01:46:43,DOC-000093,0,MSG-0000183
MSG-0000185,THR-000115,129,117,,Quick check: Meeting Notes: Project Rift - Steering Sync 8 November 2024,"Hi Riya,

Who is responsible for the security review for Project Rift according to the steering sync on 8 November 2024?

Thanks,
Lukas",2025-05-15 01:46:31,DOC-000194,0,
MSG-0000186,THR-000115,117,129,,Re: Quick check: Meeting Notes: Project Rift - Steering Sync 8 November 2024,"Hi Lukas,

Per 'Meeting Notes: Project Rift - Steering Sync 8 November 2024' (https://google-drive.northwind-analytics.example.com/meeting_notes/doc-000194): Nikhil Evans.

Regards,
Riya",2025-05-15 03:04:31,DOC-000194,0,MSG-0000185
MSG-0000187,THR-000115,129,117,,Re: Quick check: Meeting Notes: Project Rift - Steering Sync 8 November 2024,"Thanks, that helps!",2025-05-15 12:32:31,DOC-000194,1,MSG-0000186
MSG-0000188,THR-000116,72,189,27,Need help with Runbook: inventory-engine - Queue backlog,"Hi Lena,

What command is used to restart inventory-engine?

Thanks,
Jun",2025-09-09 19:06:59,DOC-000118,0,
MSG-0000189,THR-000117,37,96,29,Question about Meeting Notes: Project Umbra - Steering Sync 23 January 2024,"Hi James,

What new launch date was agreed for Project Umbra in the steering sync on 23 January 2024?

Thanks,
Ananya",2025-09-23 09:30:27,DOC-000272,1,
MSG-0000190,THR-000117,96,37,,Re: Question about Meeting Notes: Project Umbra - Steering Sync 23 January 2024,"Hi Ananya,

Per 'Meeting Notes: Project Umbra - Steering Sync 23 January 2024' (https://sharepoint.northwind-analytics.example.com/meeting_notes/doc-000272): 1 September 2024.

Regards,
James",2025-09-23 11:25:27,DOC-000272,0,MSG-0000189
MSG-0000191,THR-000118,16,9,,Question about Information Security Standard - India,"Hi Zara,

After how many failed sign-in attempts is an account locked in India?

Thanks,
Maya",2026-09-17 18:01:02,DOC-000064,0,
MSG-0000192,THR-000118,9,16,,Re: Question about Information Security Standard - India,"Hi Maya,

Per 'Information Security Standard - India' (https://sharepoint.northwind-analytics.example.com/policy/doc-000064): 3 attempts.

Regards,
Zara",2026-09-17 21:51:02,DOC-000064,0,MSG-0000191
MSG-0000193,THR-000119,140,142;150;82;196;57,,FYI: Project Brief: Project Orion updated,"Hi all,

We have published version 3 of 'Project Brief: Project Orion'. Please review: https://google-drive.northwind-analytics.example.com/project_brief/doc-000158

Thanks,
Priya",2026-08-17 12:53:15,DOC-000158,0,
MSG-0000194,THR-000120,93,42;24;147;190;158,,FYI: Service Overview: shipping-service updated,"Hi all,

We have published version 4 of 'Service Overview: shipping-service'. Please review: https://confluence.northwind-analytics.example.com/service_wiki/doc-000109

Thanks,
Layla",2025-04-27 10:34:39,DOC-000109,0,
MSG-0000195,THR-000121,63,188,,Clarification on Project Brief: Project Nebula,"Hi Meera,

What is the target launch date for Project Nebula?

Thanks,
Riya",2026-01-15 11:56:15,DOC-000160,1,
MSG-0000196,THR-000122,56,84,,Question about Project Brief: Project Comet,"Hi Anna,

Who is the executive sponsor of Project Comet?

Thanks,
Mei",2025-09-08 23:58:38,DOC-000179,0,
MSG-0000197,THR-000123,114,115,,Quick check: Meeting Notes: Project Aurora - Steering Sync 3 April 2025,"Hi Carlos,

How much additional budget was approved for Project Aurora in the steering sync on 3 April 2025?

Thanks,
Oliver",2026-04-27 08:00:48,DOC-000218,0,
MSG-0000198,THR-000123,115,114,,Re: Quick check: Meeting Notes: Project Aurora - Steering Sync 3 April 2025,"Hi Oliver,

Per 'Meeting Notes: Project Aurora - Steering Sync 3 April 2025' (https://sharepoint.northwind-analytics.example.com/meeting_notes/doc-000218): USD 25,000.

Regards,
Carlos",2026-04-27 15:37:48,DOC-000218,0,MSG-0000197
MSG-0000199,THR-000124,55,104,,Quick check: Incident Response Procedure - India,"Hi Daniel,

Within how many minutes must a Severity 2 incident be acknowledged in India?

Thanks,
Omar",2026-07-05 03:43:43,DOC-000051,0,
MSG-0000200,THR-000124,104,55,,Re: Quick check: Incident Response Procedure - India,"Hi Omar,

Per 'Incident Response Procedure - India' (https://confluence.northwind-analytics.example.com/policy/doc-000051): 60 minutes.

Regards,
Daniel",2026-07-05 07:44:43,DOC-000051,0,MSG-0000199
MSG-0000201,THR-000125,190,200,,Question about Parental Leave Policy - Singapore,"Hi Anna,

How many weeks of paid paternity leave are offered in Singapore?

Thanks,
Arjun",2026-08-22 02:05:41,DOC-000017,0,
MSG-0000202,THR-000125,200,190,,Re: Question about Parental Leave Policy - Singapore,"Hi Arjun,

Per 'Parental Leave Policy - Singapore' (https://confluence.northwind-analytics.example.com/policy/doc-000017): 6 weeks.

Regards,
Anna",2026-08-22 10:32:41,DOC-000017,0,MSG-0000201
MSG-0000203,THR-000126,74,94;67;123;41;44,,FYI: Meeting Notes: Project Umbra - Steering Sync 29 February 2024 updated,"Hi all,

We have published version 3 of 'Meeting Notes: Project Umbra - Steering Sync 29 February 2024'. Please review: https://google-drive.northwind-analytics.example.com/meeting_notes/doc-000239

Thanks,
Meera",2024-05-30 13:16:22,DOC-000239,0,
MSG-0000204,THR-000127,30,10;98;94;13;195,,FYI: Runbook: ledger-service - Disk usage high updated,"Hi all,

We have published version 4 of 'Runbook: ledger-service - Disk usage high'. Please review: https://confluence.northwind-analytics.example.com/runbook/doc-000134

Thanks,
Nikhil",2026-08-31 16:33:51,DOC-000134,0,
MSG-0000205,THR-000128,45,179;142;13;65;21,,FYI: Runbook: ledger-sync - Elevated latency updated,"Hi all,

We have published version 3 of 'Runbook: ledger-sync - Elevated latency'. Please review: https://confluence.northwind-analytics.example.com/runbook/doc-000139

Thanks,
William",2024-02-12 18:58:10,DOC-000139,0,
MSG-0000206,THR-000129,198,112;72;48;59;105,,FYI: Meeting Notes: Project Horizon - Steering Sync 10 June 2026 updated,"Hi all,

We have published version 2 of 'Meeting Notes: Project Horizon - Steering Sync 10 June 2026'. Please review: https://notion.northwind-analytics.example.com/meeting_notes/doc-000290

Thanks,
Felix",2026-07-12 14:09:18,DOC-000290,0,
MSG-0000207,THR-000130,154,22,,Quick check: Project Brief: Project Vertex,"Hi Felix,

What is the approved budget for Project Vertex?

Thanks,
Felix",2026-07-27 23:10:14,DOC-000181,0,
MSG-0000208,THR-000130,22,154,11,Re: Quick check: Project Brief: Project Vertex,"Hi Felix,

Per 'Project Brief: Project Vertex' (https://google-drive.northwind-analytics.example.com/project_brief/doc-000181): USD 2,895,000.

Regards,
Felix",2026-07-28 03:16:14,DOC-000181,0,MSG-0000207
MSG-0000209,THR-000130,154,22,18,Re: Quick check: Project Brief: Project Vertex,"Thanks, that helps!",2026-07-28 04:39:14,DOC-000181,0,MSG-0000208
MSG-0000210,THR-000131,193,45,,Clarification on Runbook: reporting-service - Queue backlog,"Hi William,

Which Slack channel is used for incidents on reporting-service?

Thanks,
Li",2026-06-26 12:05:29,DOC-000113,1,
MSG-0000211,THR-000131,45,193,,Re: Clarification on Runbook: reporting-service - Queue backlog,"Hi Li,

Per 'Runbook: reporting-service - Queue backlog' (https://github-wiki.northwind-analytics.example.com/runbook/doc-000113): #oncall-reporting-service.

Regards,
William",2026-06-26 15:05:29,DOC-000113,0,MSG-0000210
MSG-0000212,THR-000131,193,45,,Re: Clarification on Runbook: reporting-service - Queue backlog,"Thanks, that helps!",2026-06-26 15:31:29,DOC-000113,0,MSG-0000211
MSG-0000213,THR-000132,52,34;62;156;95;147,,FYI: Meeting Notes: Project Xenon - Steering Sync 30 December 2023 updated,"Hi all,

We have published version 4 of 'Meeting Notes: Project Xenon - Steering Sync 30 December 2023'. Please review: https://sharepoint.northwind-analytics.example.com/meeting_notes/doc-000223

Thanks,
Chloe",2024-05-16 09:03:30,DOC-000223,0,
MSG-0000214,THR-000133,43,117,20,Question about Project Brief: Project Aurora,"Hi Riya,

What is the target launch date for Project Aurora?

Thanks,
Vikram",2026-04-02 17:00:11,DOC-000164,0,
MSG-0000215,THR-000134,141,97,,Quick check: Meeting Notes: Project Lotus - Steering Sync 1 May 2024,"Hi Sophie,

Who is responsible for the rollout checklist for Project Lotus according to the steering sync on 1 May 2024?

Thanks,
Wei",2026-07-29 00:39:48,DOC-000292,0,
MSG-0000216,THR-000134,97,141,,Re: Quick check: Meeting Notes: Project Lotus - Steering Sync 1 May 2024,"Hi Wei,

Per 'Meeting Notes: Project Lotus - Steering Sync 1 May 2024' (https://notion.northwind-analytics.example.com/meeting_notes/doc-000292): Meera Tan.

Regards,
Sophie",2026-07-29 05:01:48,DOC-000292,0,MSG-0000215
MSG-0000217,THR-000134,141,97,,Re: Quick check: Meeting Notes: Project Lotus - Steering Sync 1 May 2024,"Thanks, that helps!",2026-07-29 13:41:48,DOC-000292,0,MSG-0000216
MSG-0000218,THR-000135,162,159,,Need help with Remote and Hybrid Work Policy - India,"Hi Felix,

How many days per week can employees in India work remotely?

Thanks,
Rohan",2024-11-16 13:49:23,DOC-000025,0,
MSG-0000219,THR-000135,159,162,,Re: Need help with Remote and Hybrid Work Policy - India,"Hi Rohan,

Per 'Remote and Hybrid Work Policy - India' (https://confluence.northwind-analytics.example.com/policy/doc-000025): 2 days.

Regards,
Felix",2024-11-16 17:17:23,DOC-000025,0,MSG-0000218
MSG-0000220,THR-000136,174,113,28,Need help with Service Overview: search-sync,"Hi Karan,

Which database does search-sync use?

Thanks,
Maya",2025-08-01 23:07:50,DOC-000097,0,
MSG-0000221,THR-000137,54,177,,Clarification on Meeting Notes: Project Vertex - Steering Sync 19 September 2026,"Hi Amit,

Who is responsible for the security review for Project Vertex according to the steering sync on 19 September 2026?

Thanks,
Ethan",2026-09-23 15:22:29,DOC-000246,0,
MSG-0000222,THR-000137,177,54,,Re: Clarification on Meeting Notes: Project Vertex - Steering Sync 19 September 2026,"Hi Ethan,

Per 'Meeting Notes: Project Vertex - Steering Sync 19 September 2026' (https://sharepoint.northwind-analytics.example.com/meeting_notes/doc-000246): Ethan Fischer.

Regards,
Amit",2026-09-23 17:10:29,DOC-000246,1,MSG-0000221
MSG-0000223,THR-000138,123,76;91;132;142;123,,FYI: Meeting Notes: Project Ember - Steering Sync 1 May 2026 updated,"Hi all,

We have published version 5 of 'Meeting Notes: Project Ember - Steering Sync 1 May 2026'. Please review: https://google-drive.northwind-analytics.example.com/meeting_notes/doc-000260

Thanks,
Anna",2026-08-07 17:55:27,DOC-000260,0,
MSG-0000224,THR-000139,187,130;43;3;26;38,,FYI: Information Security Standard - Singapore updated,"Hi all,

We have published version 5 of 'Information Security Standard - Singapore'. Please review: https://confluence.northwind-analytics.example.com/policy/doc-000028

Thanks,
James",2026-05-21 08:22:21,DOC-000028,0,
MSG-0000225,THR-000140,7,188,,Need help with Project Brief: Project Nebula,"Hi Meera,

Who is the owner of Project Nebula?

Thanks,
Oliver",2024-11-05 15:28:13,DOC-000160,0,
MSG-0000226,THR-000140,188,7,18,Re: Need help with Project Brief: Project Nebula,"Hi Oliver,

Per 'Project Brief: Project Nebula' (https://sharepoint.northwind-analytics.example.com/project_brief/doc-000160): Meera Mehta.

Regards,
Meera",2024-11-05 21:49:13,DOC-000160,0,MSG-0000225
MSG-0000227,THR-000141,178,189,,Question about Code Review and Quality Standard - United States,"Hi Lena,

How many reviewers must approve a pull request for the United States engineering teams?

Thanks,
Hannah",2026-03-18 02:02:27,DOC-000083,0,
MSG-0000228,THR-000142,140,158;99;71;101;57,,FYI: Project Brief: Project Orion updated,"Hi all,

We have published version 3 of 'Project Brief: Project Orion'. Please review: https://google-drive.northwind-analytics.example.com/project_brief/doc-000158

Thanks,
Priya",2026-01-20 09:48:58,DOC-000158,0,
MSG-0000229,THR-000143,200,146;50;107;39;110,,FYI: Paid Time Off Policy - United Kingdom updated,"Hi all,

We have published version 5 of 'Paid Time Off Policy - United Kingdom'. Please review: https://sharepoint.northwind-analytics.example.com/policy/doc-000030

Thanks,
Anna",2026-06-02 11:00:08,DOC-000030,0,
MSG-0000230,THR-000144,194,172,,Question about Runbook: payments-api - High error rate,"Hi Marta,

Which Slack channel is used for incidents on payments-api?

Thanks,
Jun",2024-10-12 15:08:10,DOC-000152,0,
MSG-0000231,THR-000145,165,83,,Need help with Meeting Notes: Project Vertex - Steering Sync 19 August 2026,"Hi Neha,

Who is responsible for the rollout checklist for Project Vertex according to the steering sync on 19 August 2026?

Thanks,
Meera",2026-08-26 18:37:29,DOC-000274,0,
MSG-0000232,THR-000145,83,165,,Re: Need help with Meeting Notes: Project Vertex - Steering Sync 19 August 2026,"Hi Meera,

Per 'Meeting Notes: Project Vertex - Steering Sync 19 August 2026' (https://google-drive.northwind-analytics.example.com/meeting_notes/doc-000274): James Mehta.

Regards,
Neha",2026-08-27 00:20:29,DOC-000274,0,MSG-0000231
MSG-0000233,THR-000146,160,89,,Clarification on Service Overview: profile-engine,"Hi Nikhil,

What is the availability SLO for profile-engine?

Thanks,
Rahul",2026-07-01 01:22:45,DOC-000101,0,
MSG-0000234,THR-000147,40,152;77;66;28;38,,FYI: Meeting Notes: Project Keystone - Steering Sync 11 August 2026 updated,"Hi all,

We have published version 3 of 'Meeting Notes: Project Keystone - Steering Sync 11 August 2026'. Please review: https://notion.northwind-analytics.example.com/meeting_notes/doc-000282

Thanks,
Sofia",2026-08-30 14:46:25,DOC-000282,0,
MSG-0000235,THR-000148,15,26;179;139;130;93,,FYI: Runbook: ingestion-engine - High error rate updated,"Hi all,

We have published version 3 of 'Runbook: ingestion-engine - High error rate'. Please review: https://github-wiki.northwind-analytics.example.com/runbook/doc-000136

Thanks,
Sofia",2025-12-30 10:29:57,DOC-000136,0,
MSG-0000236,THR-000149,64,26,,Need help with Meeting Notes: Project Keystone - Steering Sync 17 September 2026,"Hi Sourav,

How much additional budget was approved for Project Keystone in the steering sync on 17 September 2026?

Thanks,
Arjun",2026-09-28 14:38:36,DOC-000233,0,
MSG-0000237,THR-000149,26,64,,Re: Need help with Meeting Notes: Project Keystone - Steering Sync 17 September 2026,"Hi Arjun,

Per 'Meeting Notes: Project Keystone - Steering Sync 17 September 2026' (https://notion.northwind-analytics.example.com/meeting_notes/doc-000233): USD 150,000.

Regards,
Sourav",2026-09-28 15:41:36,DOC-000233,0,MSG-0000236
MSG-0000238,THR-000149,64,26,,Re: Need help with Meeting Notes: Project Keystone - Steering Sync 17 September 2026,"Thanks, that helps!",2026-09-28 18:23:36,DOC-000233,0,MSG-0000237
MSG-0000239,THR-000150,103,51,,Need help with Meeting Notes: Project Ibis - Steering Sync 14 September 2023,"Hi Hannah,

Who is responsible for the cost forecast for Project Ibis according to the steering sync on 14 September 2023?

Thanks,
James",2025-10-11 12:24:15,DOC-000192,0,
MSG-0000240,THR-000150,51,103,,Re: Need help with Meeting Notes: Project Ibis - Steering Sync 14 September 2023,"Hi James,

Per 'Meeting Notes: Project Ibis - Steering Sync 14 September 2023' (https://google-drive.northwind-analytics.example.com/meeting_notes/doc-000192): Arjun Evans.

Regards,
Hannah",2025-10-11 15:17:15,DOC-000192,0,MSG-0000239
MSG-0000241,THR-000151,40,115,,Need help with Meeting Notes: Project Juniper - Steering Sync 28 May 2023,"Hi Carlos,

What new launch date was agreed for Project Juniper in the steering sync on 28 May 2023?

Thanks,
Sofia",2023-11-13 09:44:05,DOC-000214,0,
MSG-0000242,THR-000151,115,40,,Re: Need help with Meeting Notes: Project Juniper - Steering Sync 28 May 2023,"Hi Sofia,

Per 'Meeting Notes: Project Juniper - Steering Sync 28 May 2023' (https://notion.northwind-analytics.example.com/meeting_notes/doc-000214): 24 October 2023.

Regards,
Carlos",2023-11-13 12:24:05,DOC-000214,1,MSG-0000241
MSG-0000243,THR-000152,187,142,,Question about Runbook: auth-api - Elevated latency,"Hi Omar,

What command is used to restart auth-api?

Thanks,
James",2025-08-18 12:12:53,DOC-000112,0,
MSG-0000244,THR-000153,168,50;44;101;126;28,,FYI: Remote and Hybrid Work Policy - United States updated,"Hi all,

We have published version 2 of 'Remote and Hybrid Work Policy - United States'. Please review: https://confluence.northwind-analytics.example.com/policy/doc-000027

Thanks,
Lukas",2026-09-07 08:02:39,DOC-000027,0,
MSG-0000245,THR-000154,37,12,29,Need help with Project Brief: Project Orion,"Hi Ethan,

Who is the owner of Project Orion?

Thanks,
Ananya",2026-09-07 16:10:53,DOC-000158,0,
MSG-0000246,THR-000154,12,37,5,Re: Need help with Project Brief: Project Orion,"Hi Ananya,

Per 'Project Brief: Project Orion' (https://google-drive.northwind-analytics.example.com/project_brief/doc-000158): Lukas Banerjee.

Regards,
Ethan",2026-09-08 01:02:53,DOC-000158,0,MSG-0000245
MSG-0000247,THR-000154,37,12,29,Re: Need help with Project Brief: Project Orion,"Thanks, that helps!",2026-09-08 05:57:53,DOC-000158,0,MSG-0000246
MSG-0000248,THR-000155,77,148,,Need help with Service Overview: ingestion-sync,"Hi Neha,

What is the availability SLO for ingestion-sync?

Thanks,
Pooja",2026-03-09 00:49:22,DOC-000105,0,
MSG-0000249,THR-000156,85,151;31;38;28;115,,FYI: Meeting Notes: Project Cascade - Steering Sync 12 January 2026 updated,"Hi all,

We have published version 1 of 'Meeting Notes: Project Cascade - Steering Sync 12 January 2026'. Please review: https://notion.northwind-analytics.example.com/meeting_notes/doc-000258

Thanks,
Lukas",2026-03-29 18:09:02,DOC-000258,0,
MSG-0000250,THR-000157,83,168,,Clarification on New Joiner Onboarding Guide - United Kingdom,"Hi Lukas,

How long is the probation period in United Kingdom?

Thanks,
Neha",2026-02-04 02:22:18,DOC-000085,0,
MSG-0000251,THR-000157,168,83,,Re: Clarification on New Joiner Onboarding Guide - United Kingdom,"Hi Neha,

Per 'New Joiner Onboarding Guide - United Kingdom' (https://sharepoint.northwind-analytics.example.com/policy/doc-000085): 6 months.

Regards,
Lukas",2026-02-04 11:52:18,DOC-000085,0,MSG-0000250
MSG-0000252,THR-000157,83,168,,Re: Clarification on New Joiner Onboarding Guide - United Kingdom,"Thanks, that helps!",2026-02-04 15:31:18,DOC-000085,0,MSG-0000251
MSG-0000253,THR-000158,67,9;65;100;48;128,,FYI: Meeting Notes: Project Lantern - Steering Sync 28 September 2026 updated,"Hi all,

We have published version 4 of 'Meeting Notes: Project Lantern - Steering Sync 28 September 2026'. Please review: https://notion.northwind-analytics.example.com/meeting_notes/doc-000208

Thanks,
Hannah",2026-09-28 13:12:22,DOC-000208,0,
MSG-0000254,THR-000159,36,61,,Need help with Meeting Notes: Project Horizon - Steering Sync 1 June 2026,"Hi Ethan,

How much additional budget was approved for Project Horizon in the steering sync on 1 June 2026?

Thanks,
Tom",2026-08-24 19:17:45,DOC-000259,0,
MSG-0000255,THR-000159,61,36,26,Re: Need help with Meeting Notes: Project Horizon - Steering Sync 1 June 2026,"Hi Tom,

Per 'Meeting Notes: Project Horizon - Steering Sync 1 June 2026' (https://sharepoint.northwind-analytics.example.com/meeting_notes/doc-000259): USD 50,000.

Regards,
Ethan",2026-08-24 22:30:45,DOC-000259,0,MSG-0000254
MSG-0000256,THR-000159,36,61,,Re: Need help with Meeting Notes: Project Horizon - Steering Sync 1 June 2026,"Thanks, that helps!",2026-08-25 02:51:45,DOC-000259,0,MSG-0000255
MSG-0000257,THR-000160,124,155;127;72;52;185,,FYI: Meeting Notes: Project Glacier - Steering Sync 8 March 2025 updated,"Hi all,

We have published version 4 of 'Meeting Notes: Project Glacier - Steering Sync 8 March 2025'. Please review: https://sharepoint.northwind-analytics.example.com/meeting_notes/doc-000193

Thanks,
Sophie",2025-08-06 07:56:08,DOC-000193,0,
MSG-0000258,THR-000161,89,143,,Quick check: Runbook: auth-api - Certificate expiring,"Hi Karan,

What command is used to restart auth-api?

Thanks,
Nikhil",2025-11-06 09:41:00,DOC-000114,0,
MSG-0000259,THR-000162,142,187,,Clarification on Meeting Notes: Project Quartz - Steering Sync 2 March 2025,"Hi James,

Who is responsible for the vendor contract for Project Quartz according to the steering sync on 2 March 2025?

Thanks,
Omar",2025-09-24 10:54:21,DOC-000278,0,
MSG-0000260,THR-000162,187,142,,Re: Clarification on Meeting Notes: Project Quartz - Steering Sync 2 March 2025,"Hi Omar,

Per 'Meeting Notes: Project Quartz - Steering Sync 2 March 2025' (https://notion.northwind-analytics.example.com/meeting_notes/doc-000278): Sophie Ghosh.

Regards,
James",2025-09-24 20:19:21,DOC-000278,0,MSG-0000259
MSG-0000261,THR-000163,126,76,,Need help with Meeting Notes: Project Keystone - Steering Sync 23 June 2026,"Hi Jonas,

What new launch date was agreed for Project Keystone in the steering sync on 23 June 2026?

Thanks,
Noah",2026-06-28 21:11:01,DOC-000255,0,
MSG-0000262,THR-000163,76,126,,Re: Need help with Meeting Notes: Project Keystone - Steering Sync 23 June 2026,"Hi Noah,

Per 'Meeting Notes: Project Keystone - Steering Sync 23 June 2026' (https://sharepoint.northwind-analytics.example.com/meeting_notes/doc-000255): 19 November 2026.

Regards,
Jonas",2026-06-29 01:04:01,DOC-000255,0,MSG-0000261
MSG-0000263,THR-000163,126,76,,Re: Need help with Meeting Notes: Project Keystone - Steering Sync 23 June 2026,"Thanks, that helps!",2026-06-29 01:48:01,DOC-000255,0,MSG-0000262
MSG-0000264,THR-000164,93,57;116;62;102;1,,FYI: Runbook: payments-api - High error rate updated,"Hi all,

We have published version 3 of 'Runbook: payments-api - High error rate'. Please review: https://github-wiki.northwind-analytics.example.com/runbook/doc-000152

Thanks,
Layla",2025-10-24 11:00:33,DOC-000152,0,
MSG-0000265,THR-000165,5,107,,Question about Meeting Notes: Project Quartz - Steering Sync 6 October 2024,"Hi Noah,

Who is responsible for the security review for Project Quartz according to the steering sync on 6 October 2024?

Thanks,
Aarav",2024-11-23 18:50:51,DOC-000242,0,
MSG-0000266,THR-000165,107,5,,Re: Question about Meeting Notes: Project Quartz - Steering Sync 6 October 2024,"Hi Aarav,

Per 'Meeting Notes: Project Quartz - Steering Sync 6 October 2024' (https://sharepoint.northwind-analytics.example.com/meeting_notes/doc-000242): James Gupta.

Regards,
Noah",2024-11-23 23:49:51,DOC-000242,0,MSG-0000265
MSG-0000267,THR-000166,4,175,,Question about Meeting Notes: Project Tundra - Steering Sync 1 December 2024,"Hi Tom,

How much additional budget was approved for Project Tundra in the steering sync on 1 December 2024?

Thanks,
Zara",2026-06-28 22:37:11,DOC-000221,1,
MSG-0000268,THR-000166,175,4,,Re: Question about Meeting Notes: Project Tundra - Steering Sync 1 December 2024,"Hi Zara,

Per 'Meeting Notes: Project Tundra - Steering Sync 1 December 2024' (https://notion.northwind-analytics.example.com/meeting_notes/doc-000221): USD 75,000.

Regards,
Tom",2026-06-29 00:54:11,DOC-000221,0,MSG-0000267
MSG-0000269,THR-000167,54,41,,Quick check: Service Overview: reporting-service,"Hi Kavya,

What is the p95 latency target for reporting-service?

Thanks,
Ethan",2025-10-29 16:42:16,DOC-000108,0,
MSG-0000270,THR-000168,63,18,,Quick check: Incident Response Procedure - United States,"Hi Sourav,

Within how many minutes must a Severity 1 incident be acknowledged in United States?

Thanks,
Riya",2025-05-22 11:56:07,DOC-000046,0,
MSG-0000271,THR-000169,22,154,,Question about Meeting Notes: Project Quartz - Steering Sync 2 March 2025,"Hi Felix,

Who is responsible for the vendor contract for Project Quartz according to the steering sync on 2 March 2025?

Thanks,
Felix",2026-08-31 17:37:07,DOC-000278,0,
MSG-0000272,THR-000169,154,22,,Re: Question about Meeting Notes: Project Quartz - Steering Sync 2 March 2025,"Hi Felix,

Per 'Meeting Notes: Project Quartz - Steering Sync 2 March 2025' (https://notion.northwind-analytics.example.com/meeting_notes/doc-000278): Sophie Ghosh.

Regards,
Felix",2026-08-31 21:58:07,DOC-000278,0,MSG-0000271
MSG-0000273,THR-000170,115,177;137;50;123;194,,FYI: Business Travel Policy - United States updated,"Hi all,

We have published version 4 of 'Business Travel Policy - United States'. Please review: https://sharepoint.northwind-analytics.example.com/policy/doc-000058

Thanks,
Carlos",2026-01-30 09:09:21,DOC-000058,0,
MSG-0000274,THR-000171,27,115,10,Need help with Meeting Notes: Project Juniper - Steering Sync 4 August 2023,"Hi Carlos,

Who is responsible for the rollout checklist for Project Juniper according to the steering sync on 4 August 2023?

Thanks,
Noah",2023-10-04 15:50:24,DOC-000201,0,
MSG-0000275,THR-000172,149,200,,Need help with New Joiner Onboarding Guide - India,"Hi Anna,

For how many weeks does an onboarding buddy support a new joiner in India?

Thanks,
Oliver",2026-09-09 16:27:42,DOC-000045,0,
MSG-0000276,THR-000172,200,149,8,Re: Need help with New Joiner Onboarding Guide - India,"Hi Oliver,

Per 'New Joiner Onboarding Guide - India' (https://sharepoint.northwind-analytics.example.com/policy/doc-000045): 12 weeks.

Regards,
Anna",2026-09-09 17:14:42,DOC-000045,0,MSG-0000275
MSG-0000277,THR-000173,199,9,15,Quick check: Meeting Notes: Project Meridian - Steering Sync 30 June 2024,"Hi Zara,

Who is responsible for the vendor contract for Project Meridian according to the steering sync on 30 June 2024?

Thanks,
Daniel",2024-07-17 19:31:23,DOC-000203,1,
MSG-0000278,THR-000173,9,199,,Re: Quick check: Meeting Notes: Project Meridian - Steering Sync 30 June 2024,"Hi Daniel,

Per 'Meeting Notes: Project Meridian - Steering Sync 30 June 2024' (https://sharepoint.northwind-analytics.example.com/meeting_notes/doc-000203): William Sen.

Regards,
Zara",2024-07-18 04:29:23,DOC-000203,0,MSG-0000277
MSG-0000279,THR-000174,31,115,,Question about Business Travel Policy - India,"Hi Carlos,

For flights longer than how many hours is business class permitted in India?

Thanks,
Anna",2026-05-09 20:04:35,DOC-000091,0,
MSG-0000280,THR-000174,115,31,,Re: Question about Business Travel Policy - India,"Hi Anna,

Per 'Business Travel Policy - India' (https://sharepoint.northwind-analytics.example.com/policy/doc-000091): 4 hours.

Regards,
Carlos",2026-05-10 03:24:35,DOC-000091,0,MSG-0000279
MSG-0000281,THR-000174,31,115,,Re: Question about Business Travel Policy - India,"Thanks, that helps!",2026-05-10 04:25:35,DOC-000091,0,MSG-0000280
MSG-0000282,THR-000175,89,149,29,Question about Service Overview: ingestion-gateway,"Hi Oliver,

What is the availability SLO for ingestion-gateway?

Thanks,
Nikhil",2026-08-27 18:09:24,DOC-000092,0,
MSG-0000283,THR-000175,149,89,,Re: Question about Service Overview: ingestion-gateway,"Hi Nikhil,

Per 'Service Overview: ingestion-gateway' (https://confluence.northwind-analytics.example.com/service_wiki/doc-000092): 99.9 percent.

Regards,
Oliver",2026-08-27 23:21:24,DOC-000092,1,MSG-0000282
MSG-0000284,THR-000175,89,149,,Re: Question about Service Overview: ingestion-gateway,"Thanks, that helps!",2026-08-28 04:17:24,DOC-000092,0,MSG-0000283
MSG-0000285,THR-000176,60,30;25;68;197;86,,FYI: Service Overview: ingestion-gateway updated,"Hi all,

We have published version 3 of 'Service Overview: ingestion-gateway'. Please review: https://confluence.northwind-analytics.example.com/service_wiki/doc-000092

Thanks,
Pooja",2026-07-14 16:38:54,DOC-000092,0,
MSG-0000286,THR-000177,61,6,,Quick check: Project Brief: Project Horizon,"Hi Kavya,

What is the approved budget for Project Horizon?

Thanks,
Ethan",2026-06-23 19:04:13,DOC-000184,0,
MSG-0000287,THR-000177,6,61,,Re: Quick check: Project Brief: Project Horizon,"Hi Ethan,

Per 'Project Brief: Project Horizon' (https://google-drive.northwind-analytics.example.com/project_brief/doc-000184): USD 4,520,000.

Regards,
Kavya",2026-06-23 20:30:13,DOC-000184,0,MSG-0000286
MSG-0000288,THR-000178,81,88,,Question about Project Brief: Project Ember,"Hi Omar,

What is the approved budget for Project Ember?

Thanks,
Riya",2026-08-28 23:05:06,DOC-000174,1,
MSG-0000289,THR-000178,88,81,12,Re: Question about Project Brief: Project Ember,"Hi Riya,

Per 'Project Brief: Project Ember' (https://google-drive.northwind-analytics.example.com/project_brief/doc-000174): USD 4,650,000.

Regards,
Omar",2026-08-29 00:20:06,DOC-000174,0,MSG-0000288
MSG-0000290,THR-000178,81,88,31,Re: Question about Project Brief: Project Ember,"Thanks, that helps!",2026-08-29 00:29:06,DOC-000174,0,MSG-0000289
MSG-0000291,THR-000179,21,87,,Clarification on Meeting Notes: Project Summit - Steering Sync 13 June 2023,"Hi William,

How much additional budget was approved for Project Summit in the steering sync on 13 June 2023?

Thanks,
Grace",2025-06-21 23:21:06,DOC-000262,0,
MSG-0000292,THR-000180,155,189;175;131;62;105,,FYI: Data Retention Policy - United States updated,"Hi all,

We have published version 2 of 'Data Retention Policy - United States'. Please review: https://sharepoint.northwind-analytics.example.com/policy/doc-000012

Thanks,
William",2026-03-29 10:46:45,DOC-000012,0,
MSG-0000293,THR-000181,50,188,,Clarification on Information Security Standard - United States,"Hi Meera,

After how many failed sign-in attempts is an account locked in United States?

Thanks,
Nikhil",2026-09-11 23:21:17,DOC-000003,0,
MSG-0000294,THR-000182,108,101,,Quick check: Runbook: auth-api - Disk usage high,"Hi Riya,

What command is used to restart auth-api?

Thanks,
Vikram",2026-08-11 13:34:08,DOC-000120,0,
MSG-0000295,THR-000183,165,65;177;33;148;48,,FYI: Meeting Notes: Project Ember - Steering Sync 10 June 2026 updated,"Hi all,

We have published version 2 of 'Meeting Notes: Project Ember - Steering Sync 10 June 2026'. Please review: https://google-drive.northwind-analytics.example.com/meeting_notes/doc-000276

Thanks,
Meera",2026-06-10 08:25:37,DOC-000276,0,
MSG-0000296,THR-000184,16,64;191;12;188;19,,FYI: Procurement Policy - Germany updated,"Hi all,

We have published version 2 of 'Procurement Policy - Germany'. Please review: https://sharepoint.northwind-analytics.example.com/policy/doc-000079

Thanks,
Maya",2026-06-29 10:08:45,DOC-000079,0,
MSG-0000297,THR-000185,191,7,,Question about Meeting Notes: Project Aurora - Steering Sync 19 October 2025,"Hi Oliver,

What new launch date was agreed for Project Aurora in the steering sync on 19 October 2025?

Thanks,
Debjani",2025-12-26 12:11:07,DOC-000224,0,
MSG-0000298,THR-000185,7,191,,Re: Question about Meeting Notes: Project Aurora - Steering Sync 19 October 2025,"Hi Debjani,

Per 'Meeting Notes: Project Aurora - Steering Sync 19 October 2025' (https://notion.northwind-analytics.example.com/meeting_notes/doc-000224): 27 February 2026.

Regards,
Oliver",2025-12-26 14:46:07,DOC-000224,0,MSG-0000297
MSG-0000299,THR-000186,116,51,,Clarification on Meeting Notes: Project Dynamo - Steering Sync 10 April 2023,"Hi Hannah,

How much additional budget was approved for Project Dynamo in the steering sync on 10 April 2023?

Thanks,
James",2025-02-03 20:07:42,DOC-000210,0,
MSG-0000300,THR-000187,30,1;111;119;41;16,,FYI: Runbook: auth-engine - Queue backlog updated,"Hi all,

We have published version 3 of 'Runbook: auth-engine - Queue backlog'. Please review: https://github-wiki.northwind-analytics.example.com/runbook/doc-000146

Thanks,
Nikhil",2026-09-16 14:17:27,DOC-000146,0,
MSG-0000301,THR-000188,102,29;74;37;73;72,,FYI: HR Services FAQ - United States updated,"Hi all,

We have published version 4 of 'HR Services FAQ - United States'. Please review: https://confluence.northwind-analytics.example.com/faq/doc-000040

Thanks,
Omar",2026-03-26 14:33:18,DOC-000040,0,
MSG-0000302,THR-000189,17,167,,Quick check: Runbook: auth-api - Elevated latency,"Hi Sophie,

What command is used to restart auth-api?

Thanks,
Rahul",2026-03-08 22:54:30,DOC-000112,0,
MSG-0000303,THR-000189,167,17,,Re: Quick check: Runbook: auth-api - Elevated latency,"Hi Rahul,

Per 'Runbook: auth-api - Elevated latency' (https://confluence.northwind-analytics.example.com/runbook/doc-000112): kubectl rollout restart deployment/auth-api.

Regards,
Sophie",2026-03-09 03:41:30,DOC-000112,0,MSG-0000302
MSG-0000304,THR-000190,62,188,,Need help with Project Brief: Project Nebula,"Hi Meera,

What is the approved budget for Project Nebula?

Thanks,
Pooja",2025-02-16 23:43:28,DOC-000160,0,
MSG-0000305,THR-000191,71,200,16,Quick check: New Joiner Onboarding Guide - United States,"Hi Anna,

Within how many working days do new joiners in United States receive a laptop?

Thanks,
Pooja",2025-10-20 01:21:33,DOC-000071,0,
MSG-0000306,THR-000191,200,71,,Re: Quick check: New Joiner Onboarding Guide - United States,"Hi Pooja,

Per 'New Joiner Onboarding Guide - United States' (https://confluence.northwind-analytics.example.com/policy/doc-000071): 1 working days.

Regards,
Anna",2025-10-20 03:15:33,DOC-000071,0,MSG-0000305
MSG-0000307,THR-000191,71,200,,Re: Quick check: New Joiner Onboarding Guide - United States,"Thanks, that helps!",2025-10-20 07:30:33,DOC-000071,0,MSG-0000306
MSG-0000308,THR-000192,126,6;84;197;177;198,,FYI: Meeting Notes: Project Glacier - Steering Sync 27 July 2025 updated,"Hi all,

We have published version 1 of 'Meeting Notes: Project Glacier - Steering Sync 27 July 2025'. Please review: https://sharepoint.northwind-analytics.example.com/meeting_notes/doc-000293

Thanks,
Noah",2025-10-28 17:31:33,DOC-000293,0,
MSG-0000309,THR-000193,106,28;188;79;185;196,,FYI: Meeting Notes: Project Cascade - Steering Sync 9 March 2026 updated,"Hi all,

We have published version 5 of 'Meeting Notes: Project Cascade - Steering Sync 9 March 2026'. Please review: https://notion.northwind-analytics.example.com/meeting_notes/doc-000236

Thanks,
Sanjay",2026-08-01 12:00:30,DOC-000236,0,
MSG-0000310,THR-000194,179,200,,Quick check: Meeting Notes: Project Umbra - Steering Sync 29 February 2024,"Hi Anna,

Who is responsible for the user training deck for Project Umbra according to the steering sync on 29 February 2024?

Thanks,
Marta",2024-11-13 01:25:17,DOC-000239,0,
MSG-0000311,THR-000195,143,131,,Need help with Runbook: ledger-service - High error rate,"Hi Anna,

After how many minutes should the 'High error rate' alert for ledger-service be escalated?

Thanks,
Karan",2025-09-13 15:20:21,DOC-000147,1,
MSG-0000312,THR-000196,52,12;53;120;106;137,,FYI: Incident Response Procedure - India updated,"Hi all,

We have published version 5 of 'Incident Response Procedure - India'. Please review: https://confluence.northwind-analytics.example.com/policy/doc-000051

Thanks,
Chloe",2026-02-27 16:57:08,DOC-000051,0,
MSG-0000313,THR-000197,196,96,31,Clarification on HR Services FAQ - Germany,"Hi James,

On which day of the month are payslips released in Germany?

Thanks,
Lukas",2026-03-05 19:19:28,DOC-000048,1,
MSG-0000314,THR-000197,96,196,8,Re: Clarification on HR Services FAQ - Germany,"Hi Lukas,

Per 'HR Services FAQ - Germany' (https://confluence.northwind-analytics.example.com/faq/doc-000048): day 30.

Regards,
James",2026-03-06 02:22:28,DOC-000048,0,MSG-0000313
MSG-0000315,THR-000198,24,107,,Clarification on Meeting Notes: Project Nebula - Steering Sync 24 May 2025,"Hi Noah,

What new launch date was agreed for Project Nebula in the steering sync on 24 May 2025?

Thanks,
Sophie",2026-08-24 18:17:21,DOC-000252,0,
MSG-0000316,THR-000199,26,8,6,Clarification on Remote and Hybrid Work Policy - Germany,"Hi Daniel,

What are the core working hours in Germany?

Thanks,
Sourav",2026-04-12 01:02:50,DOC-000005,0,
MSG-0000317,THR-000199,8,26,,Re: Clarification on Remote and Hybrid Work Policy - Germany,"Hi Sourav,

Per 'Remote and Hybrid Work Policy - Germany' (https://confluence.northwind-analytics.example.com/policy/doc-000005): 11:00 to 15:00.

Regards,
Daniel",2026-04-12 07:12:50,DOC-000005,0,MSG-0000316
MSG-0000318,THR-000199,26,8,6,Re: Clarification on Remote and Hybrid Work Policy - Germany,"Thanks, that helps!",2026-04-12 10:05:50,DOC-000005,1,MSG-0000317
MSG-0000319,THR-000200,196,8,31,Clarification on Learning and Development Budget Policy - United Kingdom,"Hi Daniel,

What is the annual learning budget per employee in United Kingdom?

Thanks,
Lukas",2026-02-13 14:51:11,DOC-000014,0,
MSG-0000320,THR-000201,16,31;186;53;94;161,,FYI: Expense Reimbursement Policy - India updated,"Hi all,

We have published version 3 of 'Expense Reimbursement Policy - India'. Please review: https://sharepoint.northwind-analytics.example.com/policy/doc-000041

Thanks,
Maya",2026-08-03 14:14:39,DOC-000041,0,
MSG-0000321,THR-000202,126,76,25,Question about Project Brief: Project Jade,"Hi Jonas,

What is the target launch date for Project Jade?

Thanks,
Noah",2025-06-09 16:12:04,DOC-000175,0,
MSG-0000322,THR-000203,157,40;107;28;112;59,,FYI: Meeting Notes: Project Summit - Steering Sync 7 July 2023 updated,"Hi all,

We have published version 5 of 'Meeting Notes: Project Summit - Steering Sync 7 July 2023'. Please review: https://sharepoint.northwind-analytics.example.com/meeting_notes/doc-000237

Thanks,
Jun",2024-02-14 08:48:10,DOC-000237,0,
MSG-0000323,THR-000204,159,131,,Need help with Service Overview: ledger-gateway,"Hi Anna,

Which programming language is ledger-gateway written in?

Thanks,
Felix",2024-08-18 03:43:45,DOC-000107,0,
MSG-0000324,THR-000205,82,68,25,Clarification on Meeting Notes: Project Vertex - Steering Sync 26 September 2026,"Hi Priya,

How much additional budget was approved for Project Vertex in the steering sync on 26 September 2026?

Thanks,
Maya",2026-09-29 10:04:53,DOC-000251,0,
MSG-0000325,THR-000205,68,82,,Re: Clarification on Meeting Notes: Project Vertex - Steering Sync 26 September 2026,"Hi Maya,

Per 'Meeting Notes: Project Vertex - Steering Sync 26 September 2026' (https://notion.northwind-analytics.example.com/meeting_notes/doc-000251): USD 150,000.

Regards,
Priya",2026-09-29 19:17:53,DOC-000251,1,MSG-0000324
MSG-0000326,THR-000205,82,68,25,Re: Clarification on Meeting Notes: Project Vertex - Steering Sync 26 September 2026,"Thanks, that helps!",2026-09-30 05:17:53,DOC-000251,0,MSG-0000325
MSG-0000327,THR-000206,150,177,,Need help with Data Retention Policy - United Kingdom,"Hi Amit,

How many years are contracts retained in United Kingdom?

Thanks,
Ava",2026-04-12 04:43:34,DOC-000037,0,
MSG-0000328,THR-000206,177,150,,Re: Need help with Data Retention Policy - United Kingdom,"Hi Ava,

Per 'Data Retention Policy - United Kingdom' (https://confluence.northwind-analytics.example.com/policy/doc-000037): 7 years.

Regards,
Amit",2026-04-12 05:42:34,DOC-000037,0,MSG-0000327
MSG-0000329,THR-000206,150,177,,Re: Need help with Data Retention Policy - United Kingdom,"Thanks, that helps!",2026-04-12 09:44:34,DOC-000037,0,MSG-0000328
MSG-0000330,THR-000207,144,168,,Question about Remote and Hybrid Work Policy - United Kingdom,"Hi Lukas,

How many days per week can employees in United Kingdom work remotely?

Thanks,
Neha",2026-08-16 05:40:34,DOC-000035,0,
MSG-0000331,THR-000207,168,144,,Re: Question about Remote and Hybrid Work Policy - United Kingdom,"Hi Neha,

Per 'Remote and Hybrid Work Policy - United Kingdom' (https://sharepoint.northwind-analytics.example.com/policy/doc-000035): 1 days.

Regards,
Lukas",2026-08-16 11:25:34,DOC-000035,0,MSG-0000330
MSG-0000332,THR-000208,33,57;179;163;23;133,,FYI: IT Services FAQ - Germany updated,"Hi all,

We have published version 3 of 'IT Services FAQ - Germany'. Please review: https://confluence.northwind-analytics.example.com/faq/doc-000031

Thanks,
Emily",2025-10-11 14:54:53,DOC-000031,0,
MSG-0000333,THR-000209,21,129,,Need help with Service Overview: search-sync,"Hi Lukas,

Which programming language is search-sync written in?

Thanks,
Grace",2026-01-27 18:51:27,DOC-000097,0,
MSG-0000334,THR-000210,7,14,,Question about Code Review and Quality Standard - Germany,"Hi James,

What is the recommended maximum pull request size in Germany?

Thanks,
Oliver",2026-09-25 10:42:01,DOC-000022,0,
MSG-0000335,THR-000210,14,7,2,Re: Question about Code Review and Quality Standard - Germany,"Hi Oliver,

Per 'Code Review and Quality Standard - Germany' (https://confluence.northwind-analytics.example.com/policy/doc-000022): 500 lines.

Regards,
James",2026-09-25 12:10:01,DOC-000022,0,MSG-0000334
MSG-0000336,THR-000211,169,9,,Clarification on Information Security Standard - Germany,"Hi Zara,

What is the minimum password length under the security standard in Germany?

Thanks,
Ishita",2025-09-23 01:22:34,DOC-000065,0,
MSG-0000337,THR-000211,9,169,,Re: Clarification on Information Security Standard - Germany,"Hi Ishita,

Per 'Information Security Standard - Germany' (https://confluence.northwind-analytics.example.com/policy/doc-000065): 12 characters.

Regards,
Zara",2025-09-23 10:03:34,DOC-000065,0,MSG-0000336
MSG-0000338,THR-000212,60,172;148;139;123;74,,FYI: Runbook: reporting-service - Certificate expiring updated,"Hi all,

We have published version 2 of 'Runbook: reporting-service - Certificate expiring'. Please review: https://confluence.northwind-analytics.example.com/runbook/doc-000155

Thanks,
Pooja",2026-01-04 08:34:52,DOC-000155,0,
MSG-0000339,THR-000213,5,196;74;129;160;11,,FYI: Meeting Notes: Project Orion - Steering Sync 18 July 2026 updated,"Hi all,

We have published version 2 of 'Meeting Notes: Project Orion - Steering Sync 18 July 2026'. Please review: https://sharepoint.northwind-analytics.example.com/meeting_notes/doc-000273

Thanks,
Aarav",2026-09-22 19:04:09,DOC-000273,0,
MSG-0000340,THR-000214,12,168,,Question about Project Brief: Project Umbra,"Hi Lukas,

What is the approved budget for Project Umbra?

Thanks,
Ethan",2025-12-18 18:34:32,DOC-000182,0,
MSG-0000341,THR-000215,106,187,24,Question about Meeting Notes: Project Quartz - Steering Sync 8 March 2025,"Hi James,

What new launch date was agreed for Project Quartz in the steering sync on 8 March 2025?

Thanks,
Sanjay",2025-06-06 19:53:33,DOC-000196,0,
MSG-0000342,THR-000216,155,146,,Question about Runbook: notification-hub - Queue backlog,"Hi Arjun,

After how many minutes should the 'Queue backlog' alert for notification-hub be escalated?

Thanks,
William",2025-09-12 13:27:03,DOC-000138,1,
MSG-0000343,THR-000216,146,155,,Re: Question about Runbook: notification-hub - Queue backlog,"Hi William,

Per 'Runbook: notification-hub - Queue backlog' (https://github-wiki.northwind-analytics.example.com/runbook/doc-000138): 10 minutes.

Regards,
Arjun",2025-09-12 17:04:03,DOC-000138,0,MSG-0000342
MSG-0000344,THR-000216,155,146,,Re: Question about Runbook: notification-hub - Queue backlog,"Thanks, that helps!",2025-09-13 02:40:03,DOC-000138,0,MSG-0000343
MSG-0000345,THR-000217,33,13,,Question about Data Retention Policy - United States,"Hi Lena,

How many years are contracts retained in United States?

Thanks,
Emily",2026-09-03 20:33:54,DOC-000012,0,
MSG-0000346,THR-000217,13,33,,Re: Question about Data Retention Policy - United States,"Hi Emily,

Per 'Data Retention Policy - United States' (https://sharepoint.northwind-analytics.example.com/policy/doc-000012): 10 years.

Regards,
Lena",2026-09-04 00:56:54,DOC-000012,0,MSG-0000345
MSG-0000347,THR-000218,147,97,19,Need help with Meeting Notes: Project Lotus - Steering Sync 1 May 2024,"Hi Sophie,

What new launch date was agreed for Project Lotus in the steering sync on 1 May 2024?

Thanks,
Li",2026-05-27 16:09:40,DOC-000292,0,
MSG-0000348,THR-000219,180,23,,Clarification on Runbook: inventory-engine - Queue backlog,"Hi Jonas,

After how many minutes should the 'Queue backlog' alert for inventory-engine be escalated?

Thanks,
Vikram",2026-06-17 23:58:25,DOC-000118,0,
MSG-0000349,THR-000219,23,180,,Re: Clarification on Runbook: inventory-engine - Queue backlog,"Hi Vikram,

Per 'Runbook: inventory-engine - Queue backlog' (https://github-wiki.northwind-analytics.example.com/runbook/doc-000118): 15 minutes.

Regards,
Jonas",2026-06-18 02:57:25,DOC-000118,0,MSG-0000348
MSG-0000350,THR-000219,180,23,,Re: Clarification on Runbook: inventory-engine - Queue backlog,"Thanks, that helps!",2026-06-18 08:16:25,DOC-000118,0,MSG-0000349
MSG-0000351,THR-000220,30,185;186;136;111;55,,FYI: Runbook: auth-engine - Queue backlog updated,"Hi all,

We have published version 3 of 'Runbook: auth-engine - Queue backlog'. Please review: https://github-wiki.northwind-analytics.example.com/runbook/doc-000146

Thanks,
Nikhil",2026-09-29 13:48:45,DOC-000146,0,
MSG-0000352,THR-000221,101,107,,Need help with Incident Response Procedure - United Kingdom,"Hi Noah,

Within how many minutes must a Severity 1 incident be acknowledged in United Kingdom?

Thanks,
Riya",2025-11-20 01:24:05,DOC-000068,0,
MSG-0000353,THR-000222,111,173;95;88;140;175,,FYI: Project Brief: Project Glacier updated,"Hi all,

We have published version 5 of 'Project Brief: Project Glacier'. Please review: https://google-drive.northwind-analytics.example.com/project_brief/doc-000170

Thanks,
Layla",2025-04-08 09:25:50,DOC-000170,0,
MSG-0000354,THR-000223,22,172,,Need help with Runbook: analytics-engine - Disk usage high,"Hi Marta,

What command is used to restart analytics-engine?

Thanks,
Felix",2026-02-13 18:01:58,DOC-000117,0,
MSG-0000355,THR-000223,172,22,,Re: Need help with Runbook: analytics-engine - Disk usage high,"Hi Felix,

Per 'Runbook: analytics-engine - Disk usage high' (https://github-wiki.northwind-analytics.example.com/runbook/doc-000117): kubectl rollout restart deployment/analytics-engine.

Regards,
Marta",2026-02-14 02:51:58,DOC-000117,0,MSG-0000354
MSG-0000356,THR-000224,9,62;143;179;129;133,,FYI: Meeting Notes: Project Quartz - Steering Sync 6 May 2024 updated,"Hi all,

We have published version 1 of 'Meeting Notes: Project Quartz - Steering Sync 6 May 2024'. Please review: https://sharepoint.northwind-analytics.example.com/meeting_notes/doc-000280

Thanks,
Zara",2024-05-29 19:14:46,DOC-000280,0,
MSG-0000357,THR-000225,164,21,,Quick check: Runbook: reporting-service - Queue backlog,"Hi Grace,

Which Slack channel is used for incidents on reporting-service?

Thanks,
Sourav",2026-09-10 16:22:46,DOC-000113,1,
MSG-0000358,THR-000226,52,196;91;50;135;66,,FYI: Project Brief: Project Meridian updated,"Hi all,

We have published version 1 of 'Project Brief: Project Meridian'. Please review: https://sharepoint.northwind-analytics.example.com/project_brief/doc-000171

Thanks,
Chloe",2025-03-27 10:58:13,DOC-000171,0,
MSG-0000359,THR-000227,24,37;27;24;25;183,,FYI: Project Brief: Project Tundra updated,"Hi all,

We have published version 4 of 'Project Brief: Project Tundra'. Please review: https://sharepoint.northwind-analytics.example.com/project_brief/doc-000183

Thanks,
Sophie",2026-05-07 08:25:46,DOC-000183,0,
MSG-0000360,THR-000228,163,84,,Clarification on Meeting Notes: Project Summit - Steering Sync 22 July 2023,"Hi Anna,

How much additional budget was approved for Project Summit in the steering sync on 22 July 2023?

Thanks,
Neha",2026-07-03 16:24:56,DOC-000254,0,
MSG-0000361,THR-000228,84,163,12,Re: Clarification on Meeting Notes: Project Summit - Steering Sync 22 July 2023,"Hi Neha,

Per 'Meeting Notes: Project Summit - Steering Sync 22 July 2023' (https://sharepoint.northwind-analytics.example.com/meeting_notes/doc-000254): USD 50,000.

Regards,
Anna",2026-07-03 20:10:56,DOC-000254,0,MSG-0000360
MSG-0000362,THR-000228,163,84,22,Re: Clarification on Meeting Notes: Project Summit - Steering Sync 22 July 2023,"Thanks, that helps!",2026-07-04 00:06:56,DOC-000254,0,MSG-0000361
MSG-0000363,THR-000229,133,200,,Quick check: Remote and Hybrid Work Policy - Singapore,"Hi Anna,

What is the monthly home-office stipend in Singapore?

Thanks,
Meera",2025-11-16 10:40:48,DOC-000024,0,
MSG-0000364,THR-000229,200,133,,Re: Quick check: Remote and Hybrid Work Policy - Singapore,"Hi Meera,

Per 'Remote and Hybrid Work Policy - Singapore' (https://confluence.northwind-analytics.example.com/policy/doc-000024): SGD 40.

Regards,
Anna",2025-11-16 17:41:48,DOC-000024,0,MSG-0000363
MSG-0000365,THR-000230,198,7;8;151;28;86,,FYI: Meeting Notes: Project Horizon - Steering Sync 10 June 2026 updated,"Hi all,

We have published version 2 of 'Meeting Notes: Project Horizon - Steering Sync 10 June 2026'. Please review: https://notion.northwind-analytics.example.com/meeting_notes/doc-000290

Thanks,
Felix",2026-06-11 07:58:11,DOC-000290,0,
MSG-0000366,THR-000231,64,76,,Quick check: Meeting Notes: Project Jade - Steering Sync 9 September 2023,"Hi Jonas,

What new launch date was agreed for Project Jade in the steering sync on 9 September 2023?

Thanks,
Arjun",2024-04-25 23:42:53,DOC-000234,0,
MSG-0000367,THR-000231,76,64,,Re: Quick check: Meeting Notes: Project Jade - Steering Sync 9 September 2023,"Hi Arjun,

Per 'Meeting Notes: Project Jade - Steering Sync 9 September 2023' (https://sharepoint.northwind-analytics.example.com/meeting_notes/doc-000234): 24 June 2024.

Regards,
Jonas",2024-04-26 01:49:53,DOC-000234,0,MSG-0000366
MSG-0000368,THR-000232,36,8,,Question about Parental Leave Policy - Germany,"Hi Daniel,

How many weeks of paid paternity leave are offered in Germany?

Thanks,
Tom",2026-06-26 18:30:25,DOC-000002,0,
MSG-0000369,THR-000232,8,36,,Re: Question about Parental Leave Policy - Germany,"Hi Tom,

Per 'Parental Leave Policy - Germany' (https://sharepoint.northwind-analytics.example.com/policy/doc-000002): 8 weeks.

Regards,
Daniel",2026-06-27 04:23:25,DOC-000002,0,MSG-0000368
MSG-0000370,THR-000233,158,32,,Need help with Runbook: profile-sync - Certificate expiring,"Hi Omar,

After how many minutes should the 'Certificate expiring' alert for profile-sync be escalated?

Thanks,
Sneha",2026-07-23 16:32:30,DOC-000137,0,
MSG-0000371,THR-000234,88,149,,Question about Runbook: ingestion-gateway - High error rate,"Hi Oliver,

Which Slack channel is used for incidents on ingestion-gateway?

Thanks,
Omar",2026-06-02 13:30:15,DOC-000132,0,
MSG-0000372,THR-000235,95,4,,Quick check: Project Brief: Project Lantern,"Hi Zara,

What is the approved budget for Project Lantern?

Thanks,
Emily",2026-06-28 00:03:26,DOC-000172,0,
MSG-0000373,THR-000236,5,11,,Clarification on Data Retention Policy - India,"Hi Oliver,

How long are financial records kept in India?

Thanks,
Aarav",2026-08-24 03:03:07,DOC-000032,0,
MSG-0000374,THR-000237,41,180,25,Question about Meeting Notes: Project Indigo - Steering Sync 7 March 2026,"Hi Vikram,

Who is responsible for the API specification for Project Indigo according to the steering sync on 7 March 2026?

Thanks,
Kavya",2026-08-09 12:34:55,DOC-000225,0,
MSG-0000375,THR-000237,180,41,,Re: Question about Meeting Notes: Project Indigo - Steering Sync 7 March 2026,"Hi Kavya,

Per 'Meeting Notes: Project Indigo - Steering Sync 7 March 2026' (https://sharepoint.northwind-analytics.example.com/meeting_notes/doc-000225): Noah Schmidt.

Regards,
Vikram",2026-08-09 16:22:55,DOC-000225,0,MSG-0000374
MSG-0000376,THR-000238,130,188,,Need help with IT Services FAQ - United Kingdom,"Hi Meera,

Which VPN client do employees in United Kingdom use?

Thanks,
Omar",2026-08-06 18:06:11,DOC-000036,0,
MSG-0000377,THR-000238,188,130,,Re: Need help with IT Services FAQ - United Kingdom,"Hi Omar,

Per 'IT Services FAQ - United Kingdom' (https://notion.northwind-analytics.example.com/faq/doc-000036): SecureLink.

Regards,
Meera",2026-08-06 22:41:11,DOC-000036,0,MSG-0000376
MSG-0000378,THR-000238,130,188,,Re: Need help with IT Services FAQ - United Kingdom,"Thanks, that helps!",2026-08-07 00:44:11,DOC-000036,0,MSG-0000377
MSG-0000379,THR-000239,127,42,,Need help with Information Security Standard - United States,"Hi Jonas,

What is the minimum password length under the security standard in United States?

Thanks,
Ishita",2026-06-25 18:31:12,DOC-000003,0,
MSG-0000380,THR-000240,5,21,,Quick check: Code Review and Quality Standard - United States,"Hi Grace,

What is the recommended maximum pull request size in United States?

Thanks,
Aarav",2025-09-01 18:41:23,DOC-000083,0,
MSG-0000381,THR-000240,21,5,,Re: Quick check: Code Review and Quality Standard - United States,"Hi Aarav,

Per 'Code Review and Quality Standard - United States' (https://confluence.northwind-analytics.example.com/policy/doc-000083): 300 lines.

Regards,
Grace",2025-09-01 23:38:23,DOC-000083,0,MSG-0000380
MSG-0000382,THR-000240,5,21,,Re: Quick check: Code Review and Quality Standard - United States,"Thanks, that helps!",2025-09-02 07:26:23,DOC-000083,0,MSG-0000381
MSG-0000383,THR-000241,167,146,15,Quick check: Service Overview: recommendation-sync,"Hi Arjun,

What is the p95 latency target for recommendation-sync?

Thanks,
Sophie",2026-06-14 03:30:45,DOC-000106,0,
MSG-0000384,THR-000241,146,167,,Re: Quick check: Service Overview: recommendation-sync,"Hi Sophie,

Per 'Service Overview: recommendation-sync' (https://confluence.northwind-analytics.example.com/service_wiki/doc-000106): 450 ms.

Regards,
Arjun",2026-06-14 06:03:45,DOC-000106,0,MSG-0000383
MSG-0000385,THR-000241,167,146,,Re: Quick check: Service Overview: recommendation-sync,"Thanks, that helps!",2026-06-14 12:41:45,DOC-000106,0,MSG-0000384
MSG-0000386,THR-000242,25,129;80;146;159;50,,FYI: Service Overview: search-sync updated,"Hi all,

We have published version 3 of 'Service Overview: search-sync'. Please review: https://github-wiki.northwind-analytics.example.com/service_wiki/doc-000097

Thanks,
Arjun",2025-04-01 16:06:18,DOC-000097,0,
MSG-0000387,THR-000243,77,38,,Need help with Service Overview: auth-engine,"Hi Arjun,

Which database does auth-engine use?

Thanks,
Pooja",2024-02-02 17:53:53,DOC-000111,0,
MSG-0000388,THR-000243,38,77,,Re: Need help with Service Overview: auth-engine,"Hi Pooja,

Per 'Service Overview: auth-engine' (https://confluence.northwind-analytics.example.com/service_wiki/doc-000111): DynamoDB.

Regards,
Arjun",2024-02-03 00:55:53,DOC-000111,1,MSG-0000387
MSG-0000389,THR-000244,8,117,,Need help with Meeting Notes: Project Juniper - Steering Sync 29 May 2023,"Hi Riya,

Who is responsible for the cost forecast for Project Juniper according to the steering sync on 29 May 2023?

Thanks,
Daniel",2024-04-10 17:26:07,DOC-000264,0,
MSG-0000390,THR-000245,94,89,,Clarification on Runbook: notification-hub - Queue backlog,"Hi Nikhil,

What command is used to restart notification-hub?

Thanks,
Chloe",2026-04-04 01:53:20,DOC-000138,0,
MSG-0000391,THR-000245,89,94,,Re: Clarification on Runbook: notification-hub - Queue backlog,"Hi Chloe,

Per 'Runbook: notification-hub - Queue backlog' (https://github-wiki.northwind-analytics.example.com/runbook/doc-000138): kubectl rollout restart deployment/notification-hub.

Regards,
Nikhil",2026-04-04 06:49:20,DOC-000138,0,MSG-0000390
MSG-0000392,THR-000245,94,89,,Re: Clarification on Runbook: notification-hub - Queue backlog,"Thanks, that helps!",2026-04-04 13:51:20,DOC-000138,0,MSG-0000391
MSG-0000393,THR-000246,39,148,,Quick check: Service Overview: ingestion-engine,"Hi Neha,

Which programming language is ingestion-engine written in?

Thanks,
Wei",2026-09-12 19:14:27,DOC-000094,0,
MSG-0000394,THR-000246,148,39,,Re: Quick check: Service Overview: ingestion-engine,"Hi Wei,

Per 'Service Overview: ingestion-engine' (https://confluence.northwind-analytics.example.com/service_wiki/doc-000094): Kotlin.

Regards,
Neha",2026-09-13 04:42:27,DOC-000094,0,MSG-0000393
MSG-0000395,THR-000246,39,148,,Re: Quick check: Service Overview: ingestion-engine,"Thanks, that helps!",2026-09-13 11:43:27,DOC-000094,0,MSG-0000394
MSG-0000396,THR-000247,183,38,,Clarification on Runbook: ingestion-gateway - High error rate,"Hi Arjun,

What command is used to restart ingestion-gateway?

Thanks,
Arjun",2023-09-01 20:56:51,DOC-000132,0,
MSG-0000397,THR-000247,38,183,,Re: Clarification on Runbook: ingestion-gateway - High error rate,"Hi Arjun,

Per 'Runbook: ingestion-gateway - High error rate' (https://confluence.northwind-analytics.example.com/runbook/doc-000132): kubectl rollout restart deployment/ingestion-gateway.

Regards,
Arjun",2023-09-01 23:04:51,DOC-000132,0,MSG-0000396
MSG-0000398,THR-000247,183,38,,Re: Clarification on Runbook: ingestion-gateway - High error rate,"Thanks, that helps!",2023-09-02 03:42:51,DOC-000132,0,MSG-0000397
MSG-0000399,THR-000248,190,8;43;123;193;58,,FYI: Project Brief: Project Vertex updated,"Hi all,

We have published version 2 of 'Project Brief: Project Vertex'. Please review: https://google-drive.northwind-analytics.example.com/project_brief/doc-000181

Thanks,
Arjun",2026-09-09 11:40:57,DOC-000181,0,
MSG-0000400,THR-000249,101,7,,Question about Expense Reimbursement Policy - United Kingdom,"Hi Oliver,

Within how many days must expense claims be submitted in United Kingdom?

Thanks,
Riya",2024-06-09 00:35:32,DOC-000001,1,
MSG-0000401,THR-000250,17,146,3,Question about Runbook: auth-api - Disk usage high,"Hi Arjun,

After how many minutes should the 'Disk usage high' alert for auth-api be escalated?

Thanks,
Rahul",2026-09-01 17:42:52,DOC-000120,0,
MSG-0000402,THR-000250,146,17,,Re: Question about Runbook: auth-api - Disk usage high,"Hi Rahul,

Per 'Runbook: auth-api - Disk usage high' (https://github-wiki.northwind-analytics.example.com/runbook/doc-000120): 10 minutes.

Regards,
Arjun",2026-09-01 19:01:52,DOC-000120,0,MSG-0000401
MSG-0000403,THR-000250,17,146,,Re: Question about Runbook: auth-api - Disk usage high,"Thanks, that helps!",2026-09-02 02:50:52,DOC-000120,0,MSG-0000402
MSG-0000404,THR-000251,13,161,,Clarification on Meeting Notes: Project Lantern - Steering Sync 10 July 2026,"Hi Ava,

How much additional budget was approved for Project Lantern in the steering sync on 10 July 2026?

Thanks,
Lena",2026-08-05 01:28:28,DOC-000289,0,
MSG-0000405,THR-000251,161,13,,Re: Clarification on Meeting Notes: Project Lantern - Steering Sync 10 July 2026,"Hi Lena,

Per 'Meeting Notes: Project Lantern - Steering Sync 10 July 2026' (https://sharepoint.northwind-analytics.example.com/meeting_notes/doc-000289): USD 50,000.

Regards,
Ava",2026-08-05 09:04:28,DOC-000289,0,MSG-0000404
MSG-0000406,THR-000251,13,161,11,Re: Clarification on Meeting Notes: Project Lantern - Steering Sync 10 July 2026,"Thanks, that helps!",2026-08-05 11:55:28,DOC-000289,0,MSG-0000405
MSG-0000407,THR-000252,37,142,,Question about Service Overview: reporting-gateway,"Hi Omar,

Which programming language is reporting-gateway written in?

Thanks,
Ananya",2026-01-06 21:34:26,DOC-000093,0,
MSG-0000408,THR-000252,142,37,,Re: Question about Service Overview: reporting-gateway,"Hi Ananya,

Per 'Service Overview: reporting-gateway' (https://github-wiki.northwind-analytics.example.com/service_wiki/doc-000093): Kotlin.

Regards,
Omar",2026-01-07 05:44:26,DOC-000093,0,MSG-0000407
MSG-0000409,THR-000252,37,142,,Re: Question about Service Overview: reporting-gateway,"Thanks, that helps!",2026-01-07 08:33:26,DOC-000093,0,MSG-0000408
MSG-0000410,THR-000253,69,8,,Clarification on New Joiner Onboarding Guide - India,"Hi Daniel,

How long is the probation period in India?

Thanks,
Emily",2025-05-04 10:57:59,DOC-000045,1,
MSG-0000411,THR-000254,74,89;103;28;120;140,,FYI: Paid Time Off Policy - Singapore updated,"Hi all,

We have published version 5 of 'Paid Time Off Policy - Singapore'. Please review: https://sharepoint.northwind-analytics.example.com/policy/doc-000089

Thanks,
Meera",2026-06-04 12:45:59,DOC-000089,0,
MSG-0000412,THR-000255,181,29,24,Question about Code Review and Quality Standard - Singapore,"Hi Mei,

How many reviewers must approve a pull request for the Singapore engineering teams?

Thanks,
William",2026-09-13 10:05:54,DOC-000053,0,
MSG-0000413,THR-000255,29,181,,Re: Question about Code Review and Quality Standard - Singapore,"Hi William,

Per 'Code Review and Quality Standard - Singapore' (https://confluence.northwind-analytics.example.com/policy/doc-000053): 3.

Regards,
Mei",2026-09-13 17:22:54,DOC-000053,0,MSG-0000412
MSG-0000414,THR-000255,181,29,24,Re: Question about Code Review and Quality Standard - Singapore,"Thanks, that helps!",2026-09-13 22:52:54,DOC-000053,0,MSG-0000413
MSG-0000415,THR-000256,80,136,,Question about Meeting Notes: Project Umbra - Steering Sync 22 January 2024,"Hi Oliver,

Who is responsible for the API specification for Project Umbra according to the steering sync on 22 January 2024?

Thanks,
Pooja",2025-02-10 11:09:13,DOC-000198,0,
MSG-0000416,THR-000256,136,80,,Re: Question about Meeting Notes: Project Umbra - Steering Sync 22 January 2024,"Hi Pooja,

Per 'Meeting Notes: Project Umbra - Steering Sync 22 January 2024' (https://sharepoint.northwind-analytics.example.com/meeting_notes/doc-000198): Omar Reddy.

Regards,
Oliver",2025-02-10 13:38:13,DOC-000198,0,MSG-0000415
MSG-0000417,THR-000256,80,136,,Re: Question about Meeting Notes: Project Umbra - Steering Sync 22 January 2024,"Thanks, that helps!",2025-02-10 14:27:13,DOC-000198,1,MSG-0000416
MSG-0000418,THR-000257,133,65;27;102;121;137,,FYI: Project Brief: Project Cascade updated,"Hi all,

We have published version 4 of 'Project Brief: Project Cascade'. Please review: https://google-drive.northwind-analytics.example.com/project_brief/doc-000163

Thanks,
Meera",2026-05-21 07:15:28,DOC-000163,0,
MSG-0000419,THR-000258,45,96,,Question about HR Services FAQ - India,"Hi James,

What email address should I use for HR questions in India?

Thanks,
William",2024-12-07 17:37:50,DOC-000070,0,
MSG-0000420,THR-000259,88,133;108;44;147;140,,FYI: Meeting Notes: Project Ember - Steering Sync 1 June 2026 updated,"Hi all,

We have published version 1 of 'Meeting Notes: Project Ember - Steering Sync 1 June 2026'. Please review: https://notion.northwind-analytics.example.com/meeting_notes/doc-000296

Thanks,
Omar",2026-09-14 09:06:40,DOC-000296,0,
MSG-0000421,THR-000260,112,104,22,Clarification on Meeting Notes: Project Quartz - Steering Sync 8 March 2025,"Hi Daniel,

What new launch date was agreed for Project Quartz in the steering sync on 8 March 2025?

Thanks,
Neha",2026-07-25 04:38:43,DOC-000196,0,
MSG-0000422,THR-000261,197,7,,Need help with Project Brief: Project Juniper,"Hi Oliver,

Who is the executive sponsor of Project Juniper?

Thanks,
Emily",2025-05-17 16:43:14,DOC-000185,0,
MSG-0000423,THR-000261,7,197,,Re: Need help with Project Brief: Project Juniper,"Hi Emily,

Per 'Project Brief: Project Juniper' (https://sharepoint.northwind-analytics.example.com/project_brief/doc-000185): Oliver Chen.

Regards,
Oliver",2025-05-17 18:49:14,DOC-000185,0,MSG-0000422
MSG-0000424,THR-000261,197,7,,Re: Need help with Project Brief: Project Juniper,"Thanks, that helps!",2025-05-18 01:46:14,DOC-000185,0,MSG-0000423
MSG-0000425,THR-000262,95,9,28,Need help with Meeting Notes: Project Nebula - Steering Sync 13 November 2024,"Hi Zara,

What new launch date was agreed for Project Nebula in the steering sync on 13 November 2024?

Thanks,
Emily",2026-04-27 22:23:09,DOC-000229,0,
MSG-0000426,THR-000262,9,95,,Re: Need help with Meeting Notes: Project Nebula - Steering Sync 13 November 2024,"Hi Emily,

Per 'Meeting Notes: Project Nebula - Steering Sync 13 November 2024' (https://notion.northwind-analytics.example.com/meeting_notes/doc-000229): 15 September 2025.

Regards,
Zara",2026-04-28 01:32:09,DOC-000229,0,MSG-0000425
MSG-0000427,THR-000262,95,9,28,Re: Need help with Meeting Notes: Project Nebula - Steering Sync 13 November 2024,"Thanks, that helps!",2026-04-28 04:20:09,DOC-000229,0,MSG-0000426
MSG-0000428,THR-000263,183,93,,Need help with Meeting Notes: Project Glacier - Steering Sync 8 June 2025,"Hi Layla,

What new launch date was agreed for Project Glacier in the steering sync on 8 June 2025?

Thanks,
Arjun",2025-06-15 21:59:34,DOC-000209,0,
MSG-0000429,THR-000263,93,183,30,Re: Need help with Meeting Notes: Project Glacier - Steering Sync 8 June 2025,"Hi Arjun,

Per 'Meeting Notes: Project Glacier - Steering Sync 8 June 2025' (https://google-drive.northwind-analytics.example.com/meeting_notes/doc-000209): 28 October 2025.

Regards,
Layla",2025-06-16 01:02:34,DOC-000209,0,MSG-0000428
MSG-0000430,THR-000263,183,93,,Re: Need help with Meeting Notes: Project Glacier - Steering Sync 8 June 2025,"Thanks, that helps!",2025-06-16 06:42:34,DOC-000209,0,MSG-0000429
MSG-0000431,THR-000264,113,107,,Question about Information Security Standard - Singapore,"Hi Noah,

What is the minimum password length under the security standard in Singapore?

Thanks,
Karan",2026-08-09 18:48:49,DOC-000028,1,
MSG-0000432,THR-000265,71,139;111;185;154;184,,FYI: Meeting Notes: Project Beacon - Steering Sync 11 July 2026 updated,"Hi all,

We have published version 4 of 'Meeting Notes: Project Beacon - Steering Sync 11 July 2026'. Please review: https://google-drive.northwind-analytics.example.com/meeting_notes/doc-000191

Thanks,
Pooja",2026-07-15 16:44:46,DOC-000191,0,
MSG-0000433,THR-000266,88,189,,Question about Runbook: payments-api - Disk usage high,"Hi Lena,

What command is used to restart payments-api?

Thanks,
Omar",2025-12-13 13:12:08,DOC-000150,0,
MSG-0000434,THR-000266,189,88,,Re: Question about Runbook: payments-api - Disk usage high,"Hi Omar,

Per 'Runbook: payments-api - Disk usage high' (https://confluence.northwind-analytics.example.com/runbook/doc-000150): kubectl rollout restart deployment/payments-api.

Regards,
Lena",2025-12-13 22:35:08,DOC-000150,0,MSG-0000433
MSG-0000435,THR-000266,88,189,,Re: Question about Runbook: payments-api - Disk usage high,"Thanks, that helps!",2025-12-13 23:16:08,DOC-000150,0,MSG-0000434
MSG-0000436,THR-000267,127,48,,Clarification on Meeting Notes: Project Vertex - Steering Sync 24 July 2026,"Hi Debjani,

Who is responsible for the load test report for Project Vertex according to the steering sync on 24 July 2026?

Thanks,
Ishita",2026-08-15 18:44:34,DOC-000204,0,
MSG-0000437,THR-000268,40,200,,Need help with HR Services FAQ - Singapore,"Hi Anna,

What email address should I use for HR questions in Singapore?

Thanks,
Sofia",2026-09-09 23:13:34,DOC-000042,0,
MSG-0000438,THR-000268,200,40,,Re: Need help with HR Services FAQ - Singapore,"Hi Sofia,

Per 'HR Services FAQ - Singapore' (https://notion.northwind-analytics.example.com/faq/doc-000042): hr-sg@northwind-analytics.example.com.

Regards,
Anna",2026-09-10 01:30:34,DOC-000042,0,MSG-0000437
MSG-0000439,THR-000268,40,200,,Re: Need help with HR Services FAQ - Singapore,"Thanks, that helps!",2026-09-10 10:00:34,DOC-000042,1,MSG-0000438
MSG-0000440,THR-000269,182,89,,Quick check: Meeting Notes: Project Glacier - Steering Sync 14 July 2025,"Hi Nikhil,

How much additional budget was approved for Project Glacier in the steering sync on 14 July 2025?

Thanks,
Hannah",2025-12-23 22:13:00,DOC-000294,0,
MSG-0000441,THR-000270,153,7,30,Question about Meeting Notes: Project Juniper - Steering Sync 9 April 2023,"Hi Oliver,

Who is responsible for the load test report for Project Juniper according to the steering sync on 9 April 2023?

Thanks,
Felix",2025-06-16 15:58:39,DOC-000206,0,
MSG-0000442,THR-000270,7,153,,Re: Question about Meeting Notes: Project Juniper - Steering Sync 9 April 2023,"Hi Felix,

Per 'Meeting Notes: Project Juniper - Steering Sync 9 April 2023' (https://sharepoint.northwind-analytics.example.com/meeting_notes/doc-000206): Anna Weber.

Regards,
Oliver",2025-06-16 19:03:39,DOC-000206,0,MSG-0000441
MSG-0000443,THR-000270,153,7,,Re: Question about Meeting Notes: Project Juniper - Steering Sync 9 April 2023,"Thanks, that helps!",2025-06-17 01:31:39,DOC-000206,0,MSG-0000442
MSG-0000444,THR-000271,198,91;157;76;48;164,,FYI: Meeting Notes: Project Horizon - Steering Sync 10 June 2026 updated,"Hi all,

We have published version 2 of 'Meeting Notes: Project Horizon - Steering Sync 10 June 2026'. Please review: https://notion.northwind-analytics.example.com/meeting_notes/doc-000290

Thanks,
Felix",2026-07-30 14:37:25,DOC-000290,0,
MSG-0000445,THR-000272,102,60,,Clarification on Runbook: profile-sync - Elevated latency,"Hi Pooja,

Which Slack channel is used for incidents on profile-sync?

Thanks,
Omar",2025-05-29 03:25:47,DOC-000148,0,
MSG-0000446,THR-000272,60,102,,Re: Clarification on Runbook: profile-sync - Elevated latency,"Hi Omar,

Per 'Runbook: profile-sync - Elevated latency' (https://confluence.northwind-analytics.example.com/runbook/doc-000148): #oncall-profile-sync.

Regards,
Pooja",2025-05-29 06:18:47,DOC-000148,0,MSG-0000445
MSG-0000447,THR-000272,102,60,8,Re: Clarification on Runbook: profile-sync - Elevated latency,"Thanks, that helps!",2025-05-29 11:58:47,DOC-000148,0,MSG-0000446
MSG-0000448,THR-000273,106,100,,Clarification on Meeting Notes: Project Indigo - Steering Sync 27 March 2026,"Hi Lukas,

What new launch date was agreed for Project Indigo in the steering sync on 27 March 2026?

Thanks,
Sanjay",2026-05-11 21:31:10,DOC-000269,0,
MSG-0000449,THR-000273,100,106,,Re: Clarification on Meeting Notes: Project Indigo - Steering Sync 27 March 2026,"Hi Sanjay,

Per 'Meeting Notes: Project Indigo - Steering Sync 27 March 2026' (https://notion.northwind-analytics.example.com/meeting_notes/doc-000269): 6 July 2026.

Regards,
Lukas",2026-05-11 23:20:10,DOC-000269,0,MSG-0000448
MSG-0000450,THR-000274,173,188,,Quick check: Meeting Notes: Project Quartz - Steering Sync 6 May 2024,"Hi Meera,

How much additional budget was approved for Project Quartz in the steering sync on 6 May 2024?

Thanks,
Sanjay",2024-08-23 01:22:25,DOC-000280,0,
MSG-0000451,THR-000274,188,173,,Re: Quick check: Meeting Notes: Project Quartz - Steering Sync 6 May 2024,"Hi Sanjay,

Per 'Meeting Notes: Project Quartz - Steering Sync 6 May 2024' (https://sharepoint.northwind-analytics.example.com/meeting_notes/doc-000280): USD 100,000.

Regards,
Meera",2024-08-23 09:46:25,DOC-000280,0,MSG-0000450
MSG-0000452,THR-000275,180,189,,Question about Runbook: reporting-service - Certificate expiring,"Hi Lena,

After how many minutes should the 'Certificate expiring' alert for reporting-service be escalated?

Thanks,
Vikram",2026-02-06 15:29:19,DOC-000155,0,
MSG-0000453,THR-000276,10,25,,Quick check: Runbook: ingestion-gateway - Certificate expiring,"Hi Arjun,

Which Slack channel is used for incidents on ingestion-gateway?

Thanks,
Nikhil",2025-07-01 03:33:21,DOC-000123,0,
MSG-0000454,THR-000277,194,56;187;45;94;159,,FYI: Meeting Notes: Project Summit - Steering Sync 22 July 2023 updated,"Hi all,

We have published version 4 of 'Meeting Notes: Project Summit - Steering Sync 22 July 2023'. Please review: https://sharepoint.northwind-analytics.example.com/meeting_notes/doc-000254

Thanks,
Jun",2024-02-27 12:52:20,DOC-000254,0,
MSG-0000455,THR-000278,62,153,31,Need help with Runbook: ingestion-gateway - Queue backlog,"Hi Felix,

After how many minutes should the 'Queue backlog' alert for ingestion-gateway be escalated?

Thanks,
Pooja",2026-06-07 15:37:54,DOC-000131,0,
MSG-0000456,THR-000278,153,62,,Re: Need help with Runbook: ingestion-gateway - Queue backlog,"Hi Pooja,

Per 'Runbook: ingestion-gateway - Queue backlog' (https://confluence.northwind-analytics.example.com/runbook/doc-000131): 15 minutes.

Regards,
Felix",2026-06-07 18:15:54,DOC-000131,0,MSG-0000455
MSG-0000457,THR-000279,168,91;46;117;99;158,,FYI: HR Services FAQ - India updated,"Hi all,

We have published version 2 of 'HR Services FAQ - India'. Please review: https://notion.northwind-analytics.example.com/faq/doc-000070

Thanks,
Lukas",2025-05-01 19:50:05,DOC-000070,0,
MSG-0000458,THR-000280,162,26,,Need help with Meeting Notes: Project Lotus - Steering Sync 1 May 2024,"Hi Sourav,

What new launch date was agreed for Project Lotus in the steering sync on 1 May 2024?

Thanks,
Rohan",2024-09-02 23:20:33,DOC-000292,0,
MSG-0000459,THR-000281,37,83,,Need help with Meeting Notes: Project Vertex - Steering Sync 28 August 2026,"Hi Neha,

What new launch date was agreed for Project Vertex in the steering sync on 28 August 2026?

Thanks,
Ananya",2026-09-30 16:58:49,DOC-000285,0,
MSG-0000460,THR-000281,83,37,,Re: Need help with Meeting Notes: Project Vertex - Steering Sync 28 August 2026,"Hi Ananya,

Per 'Meeting Notes: Project Vertex - Steering Sync 28 August 2026' (https://sharepoint.northwind-analytics.example.com/meeting_notes/doc-000285): 13 December 2027.

Regards,
Neha",2026-10-01 01:41:49,DOC-000285,0,MSG-0000459
MSG-0000461,THR-000282,157,127;181;87;131;190,,FYI: Meeting Notes: Project Ember - Steering Sync 7 July 2026 updated,"Hi all,

We have published version 5 of 'Meeting Notes: Project Ember - Steering Sync 7 July 2026'. Please review: https://sharepoint.northwind-analytics.example.com/meeting_notes/doc-000297

Thanks,
Jun",2026-09-01 11:19:55,DOC-000297,0,
MSG-0000462,THR-000283,83,107,,Clarification on Project Brief: Project Quartz,"Hi Noah,

Who is the owner of Project Quartz?

Thanks,
Neha",2025-08-25 19:37:46,DOC-000165,0,
MSG-0000463,THR-000283,107,83,,Re: Clarification on Project Brief: Project Quartz,"Hi Neha,

Per 'Project Brief: Project Quartz' (https://google-drive.northwind-analytics.example.com/project_brief/doc-000165): Sourav Ali.

Regards,
Noah",2025-08-25 21:43:46,DOC-000165,0,MSG-0000462
MSG-0000464,THR-000283,83,107,,Re: Clarification on Project Brief: Project Quartz,"Thanks, that helps!",2025-08-26 05:06:46,DOC-000165,1,MSG-0000463
MSG-0000465,THR-000284,60,168,25,Clarification on Remote and Hybrid Work Policy - Germany,"Hi Lukas,

What is the monthly home-office stipend in Germany?

Thanks,
Pooja",2025-01-05 11:16:51,DOC-000005,0,
MSG-0000466,THR-000285,74,83;88;124;9;134,,FYI: Learning and Development Budget Policy - United States updated,"Hi all,

We have published version 5 of 'Learning and Development Budget Policy - United States'. Please review: https://sharepoint.northwind-analytics.example.com/policy/doc-000076

Thanks,
Meera",2026-08-08 20:20:04,DOC-000076,0,
MSG-0000467,THR-000286,26,101,,Quick check: Runbook: reporting-gateway - Queue backlog,"Hi Riya,

What command is used to restart reporting-gateway?

Thanks,
Sourav",2026-09-29 02:24:35,DOC-000126,0,
MSG-0000468,THR-000286,101,26,29,Re: Quick check: Runbook: reporting-gateway - Queue backlog,"Hi Sourav,

Per 'Runbook: reporting-gateway - Queue backlog' (https://github-wiki.northwind-analytics.example.com/runbook/doc-000126): kubectl rollout restart deployment/reporting-gateway.

Regards,
Riya",2026-09-29 10:51:35,DOC-000126,0,MSG-0000467
MSG-0000469,THR-000287,76,149,26,Clarification on Runbook: analytics-engine - Certificate expiring,"Hi Oliver,

What command is used to restart analytics-engine?

Thanks,
Jonas",2026-03-17 15:08:40,DOC-000135,0,
MSG-0000470,THR-000287,149,76,,Re: Clarification on Runbook: analytics-engine - Certificate expiring,"Hi Jonas,

Per 'Runbook: analytics-engine - Certificate expiring' (https://confluence.northwind-analytics.example.com/runbook/doc-000135): kubectl rollout restart deployment/analytics-engine.

Regards,
Oliver",2026-03-17 18:04:40,DOC-000135,0,MSG-0000469
MSG-0000471,THR-000287,76,149,,Re: Clarification on Runbook: analytics-engine - Certificate expiring,"Thanks, that helps!",2026-03-17 19:20:40,DOC-000135,0,MSG-0000470
MSG-0000472,THR-000288,17,32,,Clarification on Service Overview: auth-api,"Hi Omar,

Which database does auth-api use?

Thanks,
Rahul",2026-04-03 22:23:06,DOC-000110,0,
MSG-0000473,THR-000288,32,17,,Re: Clarification on Service Overview: auth-api,"Hi Rahul,

Per 'Service Overview: auth-api' (https://github-wiki.northwind-analytics.example.com/service_wiki/doc-000110): DynamoDB.

Regards,
Omar",2026-04-04 03:40:06,DOC-000110,1,MSG-0000472
MSG-0000474,THR-000288,17,32,,Re: Clarification on Service Overview: auth-api,"Thanks, that helps!",2026-04-04 03:53:06,DOC-000110,0,MSG-0000473
MSG-0000475,THR-000289,90,6,,Clarification on Meeting Notes: Project Jade - Steering Sync 9 September 2023,"Hi Kavya,

Who is responsible for the rollout checklist for Project Jade according to the steering sync on 9 September 2023?

Thanks,
Jonas",2025-02-27 21:08:13,DOC-000234,1,
MSG-0000476,THR-000289,6,90,1,Re: Clarification on Meeting Notes: Project Jade - Steering Sync 9 September 2023,"Hi Jonas,

Per 'Meeting Notes: Project Jade - Steering Sync 9 September 2023' (https://sharepoint.northwind-analytics.example.com/meeting_notes/doc-000234): Arjun Park.

Regards,
Kavya",2025-02-28 04:59:13,DOC-000234,0,MSG-0000475
MSG-0000477,THR-000290,150,117,,Quick check: Meeting Notes: Project Juniper - Steering Sync 4 August 2023,"Hi Riya,

Who is responsible for the rollout checklist for Project Juniper according to the steering sync on 4 August 2023?

Thanks,
Ava",2026-04-13 16:43:16,DOC-000201,0,
MSG-0000478,THR-000290,117,150,,Re: Quick check: Meeting Notes: Project Juniper - Steering Sync 4 August 2023,"Hi Ava,

Per 'Meeting Notes: Project Juniper - Steering Sync 4 August 2023' (https://sharepoint.northwind-analytics.example.com/meeting_notes/doc-000201): Pooja Muller.

Regards,
Riya",2026-04-13 17:21:16,DOC-000201,0,MSG-0000477
MSG-0000479,THR-000291,176,120,,Clarification on Meeting Notes: Project Orion - Steering Sync 27 February 2026,"Hi Lukas,

Who is responsible for the API specification for Project Orion according to the steering sync on 27 February 2026?

Thanks,
Amit",2026-09-24 21:43:42,DOC-000283,0,
MSG-0000480,THR-000291,120,176,,Re: Clarification on Meeting Notes: Project Orion - Steering Sync 27 February 2026,"Hi Amit,

Per 'Meeting Notes: Project Orion - Steering Sync 27 February 2026' (https://notion.northwind-analytics.example.com/meeting_notes/doc-000283): James Clarke.

Regards,
Lukas",2026-09-25 00:54:42,DOC-000283,0,MSG-0000479
MSG-0000481,THR-000291,176,120,20,Re: Clarification on Meeting Notes: Project Orion - Steering Sync 27 February 2026,"Thanks, that helps!",2026-09-25 08:59:42,DOC-000283,0,MSG-0000480
MSG-0000482,THR-000292,175,45,24,Question about Runbook: ingestion-gateway - High error rate,"Hi William,

What command is used to restart ingestion-gateway?

Thanks,
Tom",2024-09-11 18:01:45,DOC-000132,0,
MSG-0000483,THR-000292,45,175,,Re: Question about Runbook: ingestion-gateway - High error rate,"Hi Tom,

Per 'Runbook: ingestion-gateway - High error rate' (https://confluence.northwind-analytics.example.com/runbook/doc-000132): kubectl rollout restart deployment/ingestion-gateway.

Regards,
William",2024-09-12 03:46:45,DOC-000132,0,MSG-0000482
MSG-0000484,THR-000293,171,136,12,Clarification on Meeting Notes: Project Eclipse - Steering Sync 25 March 2026,"Hi Oliver,

What new launch date was agreed for Project Eclipse in the steering sync on 25 March 2026?

Thanks,
Chloe",2026-05-07 18:14:27,DOC-000232,0,
MSG-0000485,THR-000293,136,171,,Re: Clarification on Meeting Notes: Project Eclipse - Steering Sync 25 March 2026,"Hi Chloe,

Per 'Meeting Notes: Project Eclipse - Steering Sync 25 March 2026' (https://sharepoint.northwind-analytics.example.com/meeting_notes/doc-000232): 12 January 2027.

Regards,
Oliver",2026-05-07 23:51:27,DOC-000232,0,MSG-0000484
MSG-0000486,THR-000293,171,136,,Re: Clarification on Meeting Notes: Project Eclipse - Steering Sync 25 March 2026,"Thanks, that helps!",2026-05-08 04:06:27,DOC-000232,0,MSG-0000485
MSG-0000487,THR-000294,131,177,,Need help with Meeting Notes: Project Vertex - Steering Sync 13 September 2026,"Hi Amit,

What new launch date was agreed for Project Vertex in the steering sync on 13 September 2026?

Thanks,
Anna",2026-09-19 15:25:19,DOC-000298,0,
MSG-0000488,THR-000295,164,192,,Question about Learning and Development Budget Policy - United Kingdom,"Hi Zara,

How many working hours per quarter can be spent on learning in United Kingdom?

Thanks,
Sourav",2025-11-06 19:58:55,DOC-000014,0,
MSG-0000489,THR-000296,15,83,,Clarification on Meeting Notes: Project Vertex - Steering Sync 19 September 2026,"Hi Neha,

How much additional budget was approved for Project Vertex in the steering sync on 19 September 2026?

Thanks,
Sofia",2026-09-19 17:40:11,DOC-000246,0,
MSG-0000490,THR-000296,83,15,,Re: Clarification on Meeting Notes: Project Vertex - Steering Sync 19 September 2026,"Hi Sofia,

Per 'Meeting Notes: Project Vertex - Steering Sync 19 September 2026' (https://sharepoint.northwind-analytics.example.com/meeting_notes/doc-000246): USD 50,000.

Regards,
Neha",2026-09-19 19:40:11,DOC-000246,0,MSG-0000489
MSG-0000491,THR-000296,15,83,2,Re: Clarification on Meeting Notes: Project Vertex - Steering Sync 19 September 2026,"Thanks, that helps!",2026-09-20 01:19:11,DOC-000246,0,MSG-0000490
MSG-0000492,THR-000297,36,154,,Need help with Meeting Notes: Project Xenon - Steering Sync 29 November 2023,"Hi Felix,

How much additional budget was approved for Project Xenon in the steering sync on 29 November 2023?

Thanks,
Tom",2025-04-09 10:09:01,DOC-000287,0,
MSG-0000493,THR-000297,154,36,,Re: Need help with Meeting Notes: Project Xenon - Steering Sync 29 November 2023,"Hi Tom,

Per 'Meeting Notes: Project Xenon - Steering Sync 29 November 2023' (https://sharepoint.northwind-analytics.example.com/meeting_notes/doc-000287): USD 150,000.

Regards,
Felix",2025-04-09 10:59:01,DOC-000287,0,MSG-0000492
MSG-0000494,THR-000297,36,154,,Re: Need help with Meeting Notes: Project Xenon - Steering Sync 29 November 2023,"Thanks, that helps!",2025-04-09 19:00:01,DOC-000287,0,MSG-0000493
MSG-0000495,THR-000298,178,190,,Quick check: Meeting Notes: Project Vertex - Steering Sync 19 September 2026,"Hi Arjun,

Who is responsible for the security review for Project Vertex according to the steering sync on 19 September 2026?

Thanks,
Hannah",2026-09-24 21:20:44,DOC-000246,0,
MSG-0000496,THR-000299,101,117,,Question about Expense Reimbursement Policy - India,"Hi Riya,

What is the nightly hotel limit for employees in India?

Thanks,
Riya",2024-11-05 19:53:17,DOC-000041,0,
MSG-0000497,THR-000299,117,101,,Re: Question about Expense Reimbursement Policy - India,"Hi Riya,

Per 'Expense Reimbursement Policy - India' (https://sharepoint.northwind-analytics.example.com/policy/doc-000041): INR 10,000.

Regards,
Riya",2024-11-06 01:53:17,DOC-000041,0,MSG-0000496
MSG-0000498,THR-000299,101,117,,Re: Question about Expense Reimbursement Policy - India,"Thanks, that helps!",2024-11-06 05:33:17,DOC-000041,0,MSG-0000497
MSG-0000499,THR-000300,158,117,27,Quick check: Procurement Policy - United States,"Hi Riya,

Above what contract value is legal review needed in United States?

Thanks,
Sneha",2024-04-09 19:38:41,DOC-000062,0,
MSG-0000500,THR-000300,117,158,,Re: Quick check: Procurement Policy - United States,"Hi Sneha,

Per 'Procurement Policy - United States' (https://sharepoint.northwind-analytics.example.com/policy/doc-000062): USD 50,000.

Regards,
Riya",2024-04-10 00:26:41,DOC-000062,0,MSG-0000499
MSG-0000501,THR-000300,158,117,27,Re: Quick check: Procurement Policy - United States,"Thanks, that helps!",2024-04-10 03:48:41,DOC-000062,0,MSG-0000500
MSG-0000502,THR-000301,178,152;128;24;156;30,,FYI: Information Security Standard - United States updated,"Hi all,

We have published version 2 of 'Information Security Standard - United States'. Please review: https://confluence.northwind-analytics.example.com/policy/doc-000003

Thanks,
Hannah",2026-07-20 13:30:05,DOC-000003,0,
MSG-0000503,THR-000302,55,41,,Question about Service Overview: analytics-engine,"Hi Kavya,

Who owns the analytics-engine service?

Thanks,
Omar",2026-05-29 15:36:09,DOC-000096,0,
MSG-0000504,THR-000302,41,55,25,Re: Question about Service Overview: analytics-engine,"Hi Omar,

Per 'Service Overview: analytics-engine' (https://github-wiki.northwind-analytics.example.com/service_wiki/doc-000096): Arjun Ali.

Regards,
Kavya",2026-05-29 18:03:09,DOC-000096,0,MSG-0000503
MSG-0000505,THR-000302,55,41,28,Re: Question about Service Overview: analytics-engine,"Thanks, that helps!",2026-05-29 19:39:09,DOC-000096,0,MSG-0000504
MSG-0000506,THR-000303,117,42,,Quick check: Incident Response Procedure - United Kingdom,"Hi Jonas,

Within how many minutes must a Severity 1 incident be acknowledged in United Kingdom?

Thanks,
Riya",2025-08-19 18:08:07,DOC-000068,0,
MSG-0000507,THR-000303,42,117,,Re: Quick check: Incident Response Procedure - United Kingdom,"Hi Riya,

Per 'Incident Response Procedure - United Kingdom' (https://confluence.northwind-analytics.example.com/policy/doc-000068): 10 minutes.

Regards,
Jonas",2025-08-19 21:35:07,DOC-000068,0,MSG-0000506
MSG-0000508,THR-000303,117,42,16,Re: Quick check: Incident Response Procedure - United Kingdom,"Thanks, that helps!",2025-08-20 01:19:07,DOC-000068,0,MSG-0000507
MSG-0000509,THR-000304,33,46;117;167;171;78,,FYI: Meeting Notes: Project Quartz - Steering Sync 6 October 2024 updated,"Hi all,

We have published version 4 of 'Meeting Notes: Project Quartz - Steering Sync 6 October 2024'. Please review: https://sharepoint.northwind-analytics.example.com/meeting_notes/doc-000242

Thanks,
Emily",2025-10-30 12:13:34,DOC-000242,0,
MSG-0000510,THR-000305,24,107,,Question about Meeting Notes: Project Xenon - Steering Sync 6 December 2023,"Hi Noah,

How much additional budget was approved for Project Xenon in the steering sync on 6 December 2023?

Thanks,
Sophie",2024-07-05 16:37:50,DOC-000288,0,
MSG-0000511,THR-000305,107,24,,Re: Question about Meeting Notes: Project Xenon - Steering Sync 6 December 2023,"Hi Sophie,

Per 'Meeting Notes: Project Xenon - Steering Sync 6 December 2023' (https://google-drive.northwind-analytics.example.com/meeting_notes/doc-000288): USD 25,000.

Regards,
Noah",2024-07-05 22:27:50,DOC-000288,0,MSG-0000510
MSG-0000512,THR-000305,24,107,,Re: Question about Meeting Notes: Project Xenon - Steering Sync 6 December 2023,"Thanks, that helps!",2024-07-06 04:06:50,DOC-000288,0,MSG-0000511
MSG-0000513,THR-000306,187,61,,Quick check: Project Brief: Project Keystone,"Hi Ethan,

What is the target launch date for Project Keystone?

Thanks,
James",2026-08-23 15:35:53,DOC-000168,1,
MSG-0000514,THR-000306,61,187,,Re: Quick check: Project Brief: Project Keystone,"Hi James,

Per 'Project Brief: Project Keystone' (https://sharepoint.northwind-analytics.example.com/project_brief/doc-000168): 10 October 2026.

Regards,
Ethan",2026-08-23 15:41:53,DOC-000168,0,MSG-0000513
MSG-0000515,THR-000306,187,61,,Re: Quick check: Project Brief: Project Keystone,"Thanks, that helps!",2026-08-24 01:28:53,DOC-000168,0,MSG-0000514
MSG-0000516,THR-000307,165,117;31;37;71;49,,FYI: Meeting Notes: Project Ember - Steering Sync 10 June 2026 updated,"Hi all,

We have published version 2 of 'Meeting Notes: Project Ember - Steering Sync 10 June 2026'. Please review: https://google-drive.northwind-analytics.example.com/meeting_notes/doc-000276

Thanks,
Meera",2026-09-23 07:49:06,DOC-000276,0,
MSG-0000517,THR-000308,35,96,,Question about Meeting Notes: Project Umbra - Steering Sync 29 February 2024,"Hi James,

Who is responsible for the user training deck for Project Umbra according to the steering sync on 29 February 2024?

Thanks,
Lukas",2025-03-02 16:41:34,DOC-000239,0,
MSG-0000518,THR-000308,96,35,8,Re: Question about Meeting Notes: Project Umbra - Steering Sync 29 February 2024,"Hi Lukas,

Per 'Meeting Notes: Project Umbra - Steering Sync 29 February 2024' (https://google-drive.northwind-analytics.example.com/meeting_notes/doc-000239): Lukas Evans.

Regards,
James",2025-03-02 17:12:34,DOC-000239,0,MSG-0000517
MSG-0000519,THR-000309,68,60;143;127;72;16,,FYI: Data Retention Policy - United Kingdom updated,"Hi all,

We have published version 2 of 'Data Retention Policy - United Kingdom'. Please review: https://confluence.northwind-analytics.example.com/policy/doc-000037

Thanks,
Priya",2026-05-31 08:23:39,DOC-000037,0,
MSG-0000520,THR-000310,113,153,25,Question about Service Overview: ledger-gateway,"Hi Felix,

Who owns the ledger-gateway service?

Thanks,
Karan",2026-06-29 20:01:28,DOC-000107,0,
MSG-0000521,THR-000310,153,113,,Re: Question about Service Overview: ledger-gateway,"Hi Karan,

Per 'Service Overview: ledger-gateway' (https://confluence.northwind-analytics.example.com/service_wiki/doc-000107): Ava Tan.

Regards,
Felix",2026-06-30 05:09:28,DOC-000107,0,MSG-0000520
MSG-0000522,THR-000311,58,117,20,Quick check: Meeting Notes: Project Yonder - Steering Sync 11 March 2024,"Hi Riya,

What new launch date was agreed for Project Yonder in the steering sync on 11 March 2024?

Thanks,
Pooja",2025-02-01 16:15:10,DOC-000197,1,
MSG-0000523,THR-000312,96,76,,Quick check: Meeting Notes: Project Lotus - Steering Sync 26 July 2024,"Hi Jonas,

Who is responsible for the user training deck for Project Lotus according to the steering sync on 26 July 2024?

Thanks,
James",2025-09-14 15:47:58,DOC-000207,0,
MSG-0000524,THR-000312,76,96,,Re: Quick check: Meeting Notes: Project Lotus - Steering Sync 26 July 2024,"Hi James,

Per 'Meeting Notes: Project Lotus - Steering Sync 26 July 2024' (https://notion.northwind-analytics.example.com/meeting_notes/doc-000207): Maya Muller.

Regards,
Jonas",2025-09-14 21:48:58,DOC-000207,0,MSG-0000523
MSG-0000525,THR-000312,96,76,,Re: Quick check: Meeting Notes: Project Lotus - Steering Sync 26 July 2024,"Thanks, that helps!",2025-09-15 00:49:58,DOC-000207,0,MSG-0000524
MSG-0000526,THR-000313,29,7,2,Question about Procurement Policy - Singapore,"Hi Oliver,

Above what value are competitive quotes required in Singapore?

Thanks,
Mei",2024-09-14 05:42:16,DOC-000069,0,
MSG-0000527,THR-000314,131,26,,Need help with Meeting Notes: Project Keystone - Steering Sync 17 September 2026,"Hi Sourav,

How much additional budget was approved for Project Keystone in the steering sync on 17 September 2026?

Thanks,
Anna",2026-09-25 10:54:28,DOC-000233,0,
MSG-0000528,THR-000314,26,131,,Re: Need help with Meeting Notes: Project Keystone - Steering Sync 17 September 2026,"Hi Anna,

Per 'Meeting Notes: Project Keystone - Steering Sync 17 September 2026' (https://notion.northwind-analytics.example.com/meeting_notes/doc-000233): USD 150,000.

Regards,
Sourav",2026-09-25 17:14:28,DOC-000233,0,MSG-0000527
MSG-0000529,THR-000314,131,26,,Re: Need help with Meeting Notes: Project Keystone - Steering Sync 17 September 2026,"Thanks, that helps!",2026-09-25 17:50:28,DOC-000233,0,MSG-0000528
MSG-0000530,THR-000315,49,11;105;116;27;64,,FYI: Meeting Notes: Project Yonder - Steering Sync 11 March 2024 updated,"Hi all,

We have published version 4 of 'Meeting Notes: Project Yonder - Steering Sync 11 March 2024'. Please review: https://sharepoint.northwind-analytics.example.com/meeting_notes/doc-000197

Thanks,
Tom",2026-03-02 07:29:05,DOC-000197,0,
MSG-0000531,THR-000316,68,13;74;93;136;71,,FYI: Data Retention Policy - United Kingdom updated,"Hi all,

We have published version 2 of 'Data Retention Policy - United Kingdom'. Please review: https://confluence.northwind-analytics.example.com/policy/doc-000037

Thanks,
Priya",2026-06-10 18:14:21,DOC-000037,0,
MSG-0000532,THR-000317,5,181;51;7;5;145,,FYI: Meeting Notes: Project Orion - Steering Sync 18 July 2026 updated,"Hi all,

We have published version 2 of 'Meeting Notes: Project Orion - Steering Sync 18 July 2026'. Please review: https://sharepoint.northwind-analytics.example.com/meeting_notes/doc-000273

Thanks,
Aarav",2026-08-25 10:51:25,DOC-000273,0,
MSG-0000533,THR-000318,117,71,,Need help with Meeting Notes: Project Aurora - Steering Sync 21 November 2025,"Hi Pooja,

Who is responsible for the vendor contract for Project Aurora according to the steering sync on 21 November 2025?

Thanks,
Riya",2026-02-22 16:58:55,DOC-000244,0,
MSG-0000534,THR-000318,71,117,16,Re: Need help with Meeting Notes: Project Aurora - Steering Sync 21 November 2025,"Hi Riya,

Per 'Meeting Notes: Project Aurora - Steering Sync 21 November 2025' (https://google-drive.northwind-analytics.example.com/meeting_notes/doc-000244): Hannah Ali.

Regards,
Pooja",2026-02-23 02:37:55,DOC-000244,0,MSG-0000533
MSG-0000535,THR-000318,117,71,,Re: Need help with Meeting Notes: Project Aurora - Steering Sync 21 November 2025,"Thanks, that helps!",2026-02-23 06:07:55,DOC-000244,0,MSG-0000534
MSG-0000536,THR-000319,21,87,,Question about Meeting Notes: Project Comet - Steering Sync 31 May 2023,"Hi William,

What new launch date was agreed for Project Comet in the steering sync on 31 May 2023?

Thanks,
Grace",2024-11-02 00:38:56,DOC-000247,0,
MSG-0000537,THR-000319,87,21,12,Re: Question about Meeting Notes: Project Comet - Steering Sync 31 May 2023,"Hi Grace,

Per 'Meeting Notes: Project Comet - Steering Sync 31 May 2023' (https://sharepoint.northwind-analytics.example.com/meeting_notes/doc-000247): 25 February 2024.

Regards,
William",2024-11-02 08:49:56,DOC-000247,1,MSG-0000536
MSG-0000538,THR-000319,21,87,,Re: Question about Meeting Notes: Project Comet - Steering Sync 31 May 2023,"Thanks, that helps!",2024-11-02 13:26:56,DOC-000247,0,MSG-0000537
MSG-0000539,THR-000320,13,177,11,Need help with Project Brief: Project Vertex,"Hi Amit,

What is the approved budget for Project Vertex?

Thanks,
Lena",2026-08-18 01:40:01,DOC-000181,0,
MSG-0000540,THR-000320,177,13,,Re: Need help with Project Brief: Project Vertex,"Hi Lena,

Per 'Project Brief: Project Vertex' (https://google-drive.northwind-analytics.example.com/project_brief/doc-000181): USD 2,895,000.

Regards,
Amit",2026-08-18 02:05:01,DOC-000181,0,MSG-0000539
MSG-0000541,THR-000320,13,177,,Re: Need help with Project Brief: Project Vertex,"Thanks, that helps!",2026-08-18 06:11:01,DOC-000181,0,MSG-0000540
MSG-0000542,THR-000321,186,136,,Question about New Joiner Onboarding Guide - India,"Hi Oliver,

How long is the probation period in India?

Thanks,
Karan",2026-08-10 21:08:44,DOC-000045,0,
MSG-0000543,THR-000321,136,186,,Re: Question about New Joiner Onboarding Guide - India,"Hi Karan,

Per 'New Joiner Onboarding Guide - India' (https://sharepoint.northwind-analytics.example.com/policy/doc-000045): 6 months.

Regards,
Oliver",2026-08-11 02:37:44,DOC-000045,1,MSG-0000542
MSG-0000544,THR-000322,103,188,28,Clarification on Meeting Notes: Project Quartz - Steering Sync 2 March 2025,"Hi Meera,

Who is responsible for the vendor contract for Project Quartz according to the steering sync on 2 March 2025?

Thanks,
James",2025-04-09 20:48:19,DOC-000278,0,
MSG-0000545,THR-000322,188,103,,Re: Clarification on Meeting Notes: Project Quartz - Steering Sync 2 March 2025,"Hi James,

Per 'Meeting Notes: Project Quartz - Steering Sync 2 March 2025' (https://notion.northwind-analytics.example.com/meeting_notes/doc-000278): Sophie Ghosh.

Regards,
Meera",2025-04-09 22:56:19,DOC-000278,0,MSG-0000544
MSG-0000546,THR-000322,103,188,,Re: Clarification on Meeting Notes: Project Quartz - Steering Sync 2 March 2025,"Thanks, that helps!",2025-04-10 08:30:19,DOC-000278,0,MSG-0000545
MSG-0000547,THR-000323,130,135,,Quick check: Meeting Notes: Project Harbor - Steering Sync 6 July 2026,"Hi Sneha,

What new launch date was agreed for Project Harbor in the steering sync on 6 July 2026?

Thanks,
Omar",2026-07-18 13:16:31,DOC-000217,0,
MSG-0000548,THR-000324,157,18,,Need help with Meeting Notes: Project Quartz - Steering Sync 24 February 2025,"Hi Sourav,

How much additional budget was approved for Project Quartz in the steering sync on 24 February 2025?

Thanks,
Jun",2025-08-30 12:00:44,DOC-000245,0,
MSG-0000549,THR-000325,146,120;14;132;118;139,,FYI: Service Overview: recommendation-sync updated,"Hi all,

We have published version 2 of 'Service Overview: recommendation-sync'. Please review: https://confluence.northwind-analytics.example.com/service_wiki/doc-000106

Thanks,
Arjun",2026-07-12 20:42:08,DOC-000106,0,
MSG-0000550,THR-000326,169,93,,Question about Service Overview: shipping-service,"Hi Layla,

Who owns the shipping-service service?

Thanks,
Ishita",2023-10-07 09:56:03,DOC-000109,0,
MSG-0000551,THR-000326,93,169,,Re: Question about Service Overview: shipping-service,"Hi Ishita,

Per 'Service Overview: shipping-service' (https://confluence.northwind-analytics.example.com/service_wiki/doc-000109): Layla Joshi.

Regards,
Layla",2023-10-07 19:46:03,DOC-000109,0,MSG-0000550
MSG-0000552,THR-000326,169,93,,Re: Question about Service Overview: shipping-service,"Thanks, that helps!",2023-10-08 03:30:03,DOC-000109,0,MSG-0000551
MSG-0000553,THR-000327,158,107,,Question about IT Services FAQ - India,"Hi Noah,

How often are laptops refreshed in India?

Thanks,
Sneha",2026-08-06 17:10:53,DOC-000056,0,
MSG-0000554,THR-000328,67,92;134;132;189;60,,FYI: Project Brief: Project Atlas updated,"Hi all,

We have published version 1 of 'Project Brief: Project Atlas'. Please review: https://google-drive.northwind-analytics.example.com/project_brief/doc-000177

Thanks,
Hannah",2025-09-30 09:10:48,DOC-000177,0,
MSG-0000555,THR-000329,12,45;16;7;67;139,,FYI: Meeting Notes: Project Comet - Steering Sync 31 May 2023 updated,"Hi all,

We have published version 5 of 'Meeting Notes: Project Comet - Steering Sync 31 May 2023'. Please review: https://sharepoint.northwind-analytics.example.com/meeting_notes/doc-000247

Thanks,
Ethan",2026-04-03 12:28:59,DOC-000247,0,
MSG-0000556,THR-000330,50,163,23,Question about Data Retention Policy - India,"Hi Neha,

How many years are contracts retained in India?

Thanks,
Nikhil",2026-07-29 21:17:30,DOC-000032,0,
MSG-0000557,THR-000330,163,50,,Re: Question about Data Retention Policy - India,"Hi Nikhil,

Per 'Data Retention Policy - India' (https://confluence.northwind-analytics.example.com/policy/doc-000032): 10 years.

Regards,
Neha",2026-07-29 22:48:30,DOC-000032,0,MSG-0000556
MSG-0000558,THR-000331,122,166,,Need help with Meeting Notes: Project Cascade - Steering Sync 19 July 2026,"Hi Nikhil,

What new launch date was agreed for Project Cascade in the steering sync on 19 July 2026?

Thanks,
Rahul",2026-08-22 20:06:38,DOC-000277,0,
MSG-0000559,THR-000331,166,122,,Re: Need help with Meeting Notes: Project Cascade - Steering Sync 19 July 2026,"Hi Rahul,

Per 'Meeting Notes: Project Cascade - Steering Sync 19 July 2026' (https://google-drive.northwind-analytics.example.com/meeting_notes/doc-000277): 14 December 2026.

Regards,
Nikhil",2026-08-23 00:05:38,DOC-000277,0,MSG-0000558
MSG-0000560,THR-000331,122,166,,Re: Need help with Meeting Notes: Project Cascade - Steering Sync 19 July 2026,"Thanks, that helps!",2026-08-23 01:40:38,DOC-000277,0,MSG-0000559
MSG-0000561,THR-000332,47,188,,Quick check: Meeting Notes: Project Meridian - Steering Sync 30 June 2024,"Hi Meera,

What new launch date was agreed for Project Meridian in the steering sync on 30 June 2024?

Thanks,
Pooja",2025-09-10 17:02:57,DOC-000203,0,
MSG-0000562,THR-000332,188,47,,Re: Quick check: Meeting Notes: Project Meridian - Steering Sync 30 June 2024,"Hi Pooja,

Per 'Meeting Notes: Project Meridian - Steering Sync 30 June 2024' (https://sharepoint.northwind-analytics.example.com/meeting_notes/doc-000203): 27 November 2024.

Regards,
Meera",2025-09-10 23:33:57,DOC-000203,0,MSG-0000561
MSG-0000563,THR-000332,47,188,,Re: Quick check: Meeting Notes: Project Meridian - Steering Sync 30 June 2024,"Thanks, that helps!",2025-09-11 07:29:57,DOC-000203,0,MSG-0000562
MSG-0000564,THR-000333,187,133,,Need help with Meeting Notes: Project Indigo - Steering Sync 7 March 2026,"Hi Meera,

Who is responsible for the API specification for Project Indigo according to the steering sync on 7 March 2026?

Thanks,
James",2026-04-22 21:04:02,DOC-000225,0,
MSG-0000565,THR-000333,133,187,31,Re: Need help with Meeting Notes: Project Indigo - Steering Sync 7 March 2026,"Hi James,

Per 'Meeting Notes: Project Indigo - Steering Sync 7 March 2026' (https://sharepoint.northwind-analytics.example.com/meeting_notes/doc-000225): Noah Schmidt.

Regards,
Meera",2026-04-23 04:28:02,DOC-000225,0,MSG-0000564
MSG-0000566,THR-000334,190,87;27;99;37;41,,FYI: Project Brief: Project Vertex updated,"Hi all,

We have published version 2 of 'Project Brief: Project Vertex'. Please review: https://google-drive.northwind-analytics.example.com/project_brief/doc-000181

Thanks,
Arjun",2026-07-25 08:28:00,DOC-000181,0,
MSG-0000567,THR-000335,1,190,,Clarification on Meeting Notes: Project Vertex - Steering Sync 24 July 2026,"Hi Arjun,

How much additional budget was approved for Project Vertex in the steering sync on 24 July 2026?

Thanks,
Priya",2026-08-25 05:52:26,DOC-000204,0,
MSG-0000568,THR-000335,190,1,,Re: Clarification on Meeting Notes: Project Vertex - Steering Sync 24 July 2026,"Hi Priya,

Per 'Meeting Notes: Project Vertex - Steering Sync 24 July 2026' (https://notion.northwind-analytics.example.com/meeting_notes/doc-000204): USD 75,000.

Regards,
Arjun",2026-08-25 09:50:26,DOC-000204,0,MSG-0000567
MSG-0000569,THR-000336,116,23,15,Need help with Service Overview: ingestion-gateway,"Hi Jonas,

Which programming language is ingestion-gateway written in?

Thanks,
James",2026-05-07 14:39:09,DOC-000092,1,
MSG-0000570,THR-000337,54,192,,Need help with Learning and Development Budget Policy - India,"Hi Zara,

What is the annual learning budget per employee in India?

Thanks,
Ethan",2026-08-20 23:49:15,DOC-000073,0,
MSG-0000571,THR-000338,149,115,,Question about Expense Reimbursement Policy - United Kingdom,"Hi Carlos,

Above what amount are receipts required in United Kingdom?

Thanks,
Oliver",2025-05-17 15:00:02,DOC-000001,0,
MSG-0000572,THR-000338,115,149,,Re: Question about Expense Reimbursement Policy - United Kingdom,"Hi Oliver,

Per 'Expense Reimbursement Policy - United Kingdom' (https://confluence.northwind-analytics.example.com/policy/doc-000001): GBP 20.

Regards,
Carlos",2025-05-17 17:54:02,DOC-000001,0,MSG-0000571
MSG-0000573,THR-000339,83,17,,Clarification on Project Brief: Project Dynamo,"Hi Rahul,

Who is the executive sponsor of Project Dynamo?

Thanks,
Neha",2025-12-14 14:17:07,DOC-000176,0,
MSG-0000574,THR-000339,17,83,,Re: Clarification on Project Brief: Project Dynamo,"Hi Neha,

Per 'Project Brief: Project Dynamo' (https://google-drive.northwind-analytics.example.com/project_brief/doc-000176): Sneha Bose.

Regards,
Rahul",2025-12-14 21:28:07,DOC-000176,1,MSG-0000573
MSG-0000575,THR-000339,83,17,,Re: Clarification on Project Brief: Project Dynamo,"Thanks, that helps!",2025-12-15 05:48:07,DOC-000176,0,MSG-0000574
MSG-0000576,THR-000340,146,168,,Question about Paid Time Off Policy - United States,"Hi Lukas,

How many days of paid time off do employees in United States get each year?

Thanks,
Arjun",2026-06-20 17:41:16,DOC-000044,0,
MSG-0000577,THR-000340,168,146,8,Re: Question about Paid Time Off Policy - United States,"Hi Arjun,

Per 'Paid Time Off Policy - United States' (https://confluence.northwind-analytics.example.com/policy/doc-000044): 16 days.

Regards,
Lukas",2026-06-20 22:24:16,DOC-000044,0,MSG-0000576
MSG-0000578,THR-000341,102,187,,Quick check: Meeting Notes: Project Nebula - Steering Sync 1 July 2025,"Hi James,

What new launch date was agreed for Project Nebula in the steering sync on 1 July 2025?

Thanks,
Omar",2026-09-08 16:07:14,DOC-000286,0,
MSG-0000579,THR-000341,187,102,,Re: Quick check: Meeting Notes: Project Nebula - Steering Sync 1 July 2025,"Hi Omar,

Per 'Meeting Notes: Project Nebula - Steering Sync 1 July 2025' (https://sharepoint.northwind-analytics.example.com/meeting_notes/doc-000286): 23 October 2025.

Regards,
James",2026-09-08 20:26:14,DOC-000286,0,MSG-0000578
MSG-0000580,THR-000341,102,187,,Re: Quick check: Meeting Notes: Project Nebula - Steering Sync 1 July 2025,"Thanks, that helps!",2026-09-09 05:53:14,DOC-000286,0,MSG-0000579
MSG-0000581,THR-000342,89,72,29,Quick check: Meeting Notes: Project Harbor - Steering Sync 6 July 2026,"Hi Jun,

How much additional budget was approved for Project Harbor in the steering sync on 6 July 2026?

Thanks,
Nikhil",2026-09-16 12:39:57,DOC-000217,0,
MSG-0000582,THR-000342,72,89,27,Re: Quick check: Meeting Notes: Project Harbor - Steering Sync 6 July 2026,"Hi Nikhil,

Per 'Meeting Notes: Project Harbor - Steering Sync 6 July 2026' (https://google-drive.northwind-analytics.example.com/meeting_notes/doc-000217): USD 50,000.

Regards,
Jun",2026-09-16 15:48:57,DOC-000217,0,MSG-0000581
MSG-0000583,THR-000342,89,72,,Re: Quick check: Meeting Notes: Project Harbor - Steering Sync 6 July 2026,"Thanks, that helps!",2026-09-17 00:02:57,DOC-000217,0,MSG-0000582
MSG-0000584,THR-000343,182,10,,Clarification on Meeting Notes: Project Harbor - Steering Sync 6 July 2026,"Hi Nikhil,

How much additional budget was approved for Project Harbor in the steering sync on 6 July 2026?

Thanks,
Hannah",2026-07-11 21:22:04,DOC-000217,0,
MSG-0000585,THR-000343,10,182,,Re: Clarification on Meeting Notes: Project Harbor - Steering Sync 6 July 2026,"Hi Hannah,

Per 'Meeting Notes: Project Harbor - Steering Sync 6 July 2026' (https://google-drive.northwind-analytics.example.com/meeting_notes/doc-000217): USD 50,000.

Regards,
Nikhil",2026-07-12 04:11:04,DOC-000217,0,MSG-0000584
MSG-0000586,THR-000343,182,10,,Re: Clarification on Meeting Notes: Project Harbor - Steering Sync 6 July 2026,"Thanks, that helps!",2026-07-12 11:16:04,DOC-000217,0,MSG-0000585
MSG-0000587,THR-000344,99,71,,Question about Procurement Policy - India,"Hi Pooja,

Above what value are competitive quotes required in India?

Thanks,
Nikhil",2026-08-31 16:46:20,DOC-000066,0,
MSG-0000588,THR-000345,77,122,,Need help with Project Brief: Project Dynamo,"Hi Rahul,

What is the approved budget for Project Dynamo?

Thanks,
Pooja",2023-12-09 16:18:37,DOC-000176,0,
MSG-0000589,THR-000345,122,77,,Re: Need help with Project Brief: Project Dynamo,"Hi Pooja,

Per 'Project Brief: Project Dynamo' (https://google-drive.northwind-analytics.example.com/project_brief/doc-000176): USD 970,000.

Regards,
Rahul",2023-12-10 01:53:37,DOC-000176,0,MSG-0000588
MSG-0000590,THR-000345,77,122,17,Re: Need help with Project Brief: Project Dynamo,"Thanks, that helps!",2023-12-10 08:58:37,DOC-000176,0,MSG-0000589
MSG-0000591,THR-000346,111,143,,Need help with Runbook: search-sync - Certificate expiring,"Hi Karan,

Which Slack channel is used for incidents on search-sync?

Thanks,
Layla",2026-03-06 13:45:50,DOC-000156,1,
MSG-0000592,THR-000346,143,111,,Re: Need help with Runbook: search-sync - Certificate expiring,"Hi Layla,

Per 'Runbook: search-sync - Certificate expiring' (https://confluence.northwind-analytics.example.com/runbook/doc-000156): #oncall-search-sync.

Regards,
Karan",2026-03-06 21:31:50,DOC-000156,0,MSG-0000591
MSG-0000593,THR-000347,111,16,,Clarification on Project Brief: Project Juniper,"Hi Maya,

What is the approved budget for Project Juniper?

Thanks,
Layla",2024-04-28 15:19:32,DOC-000185,0,
MSG-0000594,THR-000347,16,111,,Re: Clarification on Project Brief: Project Juniper,"Hi Layla,

Per 'Project Brief: Project Juniper' (https://sharepoint.northwind-analytics.example.com/project_brief/doc-000185): USD 4,975,000.

Regards,
Maya",2024-04-28 17:37:32,DOC-000185,0,MSG-0000593
MSG-0000595,THR-000348,106,162;86;155;156;89,,FYI: Meeting Notes: Project Cascade - Steering Sync 9 March 2026 updated,"Hi all,

We have published version 5 of 'Meeting Notes: Project Cascade - Steering Sync 9 March 2026'. Please review: https://notion.northwind-analytics.example.com/meeting_notes/doc-000236

Thanks,
Sanjay",2026-06-03 18:18:03,DOC-000236,0,
MSG-0000596,THR-000349,49,30,16,Clarification on Runbook: ledger-sync - Elevated latency,"Hi Nikhil,

After how many minutes should the 'Elevated latency' alert for ledger-sync be escalated?

Thanks,
Tom",2023-11-29 12:50:59,DOC-000139,0,
MSG-0000597,THR-000350,36,78,19,Question about Meeting Notes: Project Dynamo - Steering Sync 21 April 2023,"Hi Oliver,

Who is responsible for the API specification for Project Dynamo according to the steering sync on 21 April 2023?

Thanks,
Tom",2025-09-13 15:17:42,DOC-000253,0,
MSG-0000598,THR-000350,78,36,19,Re: Question about Meeting Notes: Project Dynamo - Steering Sync 21 April 2023,"Hi Tom,

Per 'Meeting Notes: Project Dynamo - Steering Sync 21 April 2023' (https://notion.northwind-analytics.example.com/meeting_notes/doc-000253): Wei Weber.

Regards,
Oliver",2025-09-13 17:04:42,DOC-000253,0,MSG-0000597
MSG-0000599,THR-000351,2,184,,Question about Meeting Notes: Project Comet - Steering Sync 25 October 2023,"Hi Arjun,

How much additional budget was approved for Project Comet in the steering sync on 25 October 2023?

Thanks,
Layla",2025-03-23 00:01:33,DOC-000279,0,
MSG-0000600,THR-000352,35,21;45;148;153;92,,FYI: Meeting Notes: Project Harbor - Steering Sync 17 September 2026 updated,"Hi all,

We have published version 3 of 'Meeting Notes: Project Harbor - Steering Sync 17 September 2026'. Please review: https://google-drive.northwind-analytics.example.com/meeting_notes/doc-000268

Thanks,
Lukas",2026-09-28 14:35:08,DOC-000268,0,
MSG-0000601,THR-000353,191,71,24,Quick check: Meeting Notes: Project Beacon - Steering Sync 12 June 2026,"Hi Pooja,

What new launch date was agreed for Project Beacon in the steering sync on 12 June 2026?

Thanks,
Debjani",2026-09-20 15:19:51,DOC-000249,0,
MSG-0000602,THR-000354,146,195;123;88;59;111,,FYI: Service Overview: recommendation-sync updated,"Hi all,

We have published version 2 of 'Service Overview: recommendation-sync'. Please review: https://confluence.northwind-analytics.example.com/service_wiki/doc-000106

Thanks,
Arjun",2025-06-20 10:33:16,DOC-000106,0,
MSG-0000603,THR-000355,58,142;90;163;44;95,,FYI: Meeting Notes: Project Keystone - Steering Sync 26 August 2026 updated,"Hi all,

We have published version 1 of 'Meeting Notes: Project Keystone - Steering Sync 26 August 2026'. Please review: https://notion.northwind-analytics.example.com/meeting_notes/doc-000199

Thanks,
Pooja",2026-09-19 20:48:34,DOC-000199,0,
MSG-0000604,THR-000356,137,143;178;193;60;129,,FYI: Project Brief: Project Harbor updated,"Hi all,

We have published version 5 of 'Project Brief: Project Harbor'. Please review: https://google-drive.northwind-analytics.example.com/project_brief/doc-000157

Thanks,
Kavya",2026-09-03 09:19:08,DOC-000157,0,
MSG-0000605,THR-000357,13,24,,Need help with Meeting Notes: Project Indigo - Steering Sync 28 January 2026,"Hi Sophie,

How much additional budget was approved for Project Indigo in the steering sync on 28 January 2026?

Thanks,
Lena",2026-09-09 16:40:51,DOC-000188,0,
MSG-0000606,THR-000357,24,13,,Re: Need help with Meeting Notes: Project Indigo - Steering Sync 28 January 2026,"Hi Lena,

Per 'Meeting Notes: Project Indigo - Steering Sync 28 January 2026' (https://notion.northwind-analytics.example.com/meeting_notes/doc-000188): USD 150,000.

Regards,
Sophie",2026-09-10 00:43:51,DOC-000188,0,MSG-0000605
MSG-0000607,THR-000358,25,183;115;74;198;138,,FYI: Runbook: search-sync - Queue backlog updated,"Hi all,

We have published version 4 of 'Runbook: search-sync - Queue backlog'. Please review: https://confluence.northwind-analytics.example.com/runbook/doc-000122

Thanks,
Arjun",2023-10-24 08:08:12,DOC-000122,0,
MSG-0000608,THR-000359,64,140,,Quick check: Meeting Notes: Project Orion - Steering Sync 18 July 2026,"Hi Priya,

What new launch date was agreed for Project Orion in the steering sync on 18 July 2026?

Thanks,
Arjun",2026-07-28 17:23:57,DOC-000273,1,
MSG-0000609,THR-000359,140,64,,Re: Quick check: Meeting Notes: Project Orion - Steering Sync 18 July 2026,"Hi Arjun,

Per 'Meeting Notes: Project Orion - Steering Sync 18 July 2026' (https://sharepoint.northwind-analytics.example.com/meeting_notes/doc-000273): 9 November 2026.

Regards,
Priya",2026-07-29 02:56:57,DOC-000273,0,MSG-0000608
MSG-0000610,THR-000359,64,140,,Re: Quick check: Meeting Notes: Project Orion - Steering Sync 18 July 2026,"Thanks, that helps!",2026-07-29 04:15:57,DOC-000273,0,MSG-0000609
MSG-0000611,THR-000360,65,9,31,Quick check: Incident Response Procedure - Singapore,"Hi Zara,

Within how many minutes must a Severity 2 incident be acknowledged in Singapore?

Thanks,
Mei",2026-08-03 23:18:04,DOC-000010,0,
MSG-0000612,THR-000360,9,65,,Re: Quick check: Incident Response Procedure - Singapore,"Hi Mei,

Per 'Incident Response Procedure - Singapore' (https://confluence.northwind-analytics.example.com/policy/doc-000010): 60 minutes.

Regards,
Zara",2026-08-04 03:18:04,DOC-000010,0,MSG-0000611
MSG-0000613,THR-000361,80,2,,Question about Service Overview: analytics-engine,"Hi Layla,

Which database does analytics-engine use?

Thanks,
Pooja",2026-03-23 18:48:14,DOC-000096,0,
MSG-0000614,THR-000361,2,80,,Re: Question about Service Overview: analytics-engine,"Hi Pooja,

Per 'Service Overview: analytics-engine' (https://github-wiki.northwind-analytics.example.com/service_wiki/doc-000096): DynamoDB.

Regards,
Layla",2026-03-24 01:38:14,DOC-000096,0,MSG-0000613
MSG-0000615,THR-000361,80,2,,Re: Question about Service Overview: analytics-engine,"Thanks, that helps!",2026-03-24 10:29:14,DOC-000096,0,MSG-0000614
MSG-0000616,THR-000362,68,136,,Need help with Meeting Notes: Project Umbra - Steering Sync 22 January 2024,"Hi Oliver,

Who is responsible for the API specification for Project Umbra according to the steering sync on 22 January 2024?

Thanks,
Priya",2024-07-16 20:25:16,DOC-000198,0,
MSG-0000617,THR-000363,188,151,,Question about Meeting Notes: Project Lotus - Steering Sync 26 July 2024,"Hi William,

Who is responsible for the user training deck for Project Lotus according to the steering sync on 26 July 2024?

Thanks,
Meera",2026-06-30 14:03:38,DOC-000207,0,
MSG-0000618,THR-000364,196,146,,Need help with Service Overview: search-sync,"Hi Arjun,

Which programming language is search-sync written in?

Thanks,
Lukas",2025-10-29 23:37:32,DOC-000097,0,
MSG-0000619,THR-000364,146,196,,Re: Need help with Service Overview: search-sync,"Hi Lukas,

Per 'Service Overview: search-sync' (https://github-wiki.northwind-analytics.example.com/service_wiki/doc-000097): Kotlin.

Regards,
Arjun",2025-10-30 00:44:32,DOC-000097,0,MSG-0000618
MSG-0000620,THR-000364,196,146,,Re: Need help with Service Overview: search-sync,"Thanks, that helps!",2025-10-30 09:01:32,DOC-000097,0,MSG-0000619
MSG-0000621,THR-000365,98,60,,Question about Meeting Notes: Project Glacier - Steering Sync 26 April 2025,"Hi Pooja,

Who is responsible for the load test report for Project Glacier according to the steering sync on 26 April 2025?

Thanks,
Anna",2025-08-11 21:11:28,DOC-000267,0,
MSG-0000622,THR-000366,23,143;167;58;152;116,,FYI: Runbook: ingestion-sync - Queue backlog updated,"Hi all,

We have published version 3 of 'Runbook: ingestion-sync - Queue backlog'. Please review: https://github-wiki.northwind-analytics.example.com/runbook/doc-000151

Thanks,
Jonas",2024-10-18 11:08:57,DOC-000151,0,
MSG-0000623,THR-000367,29,182,,Question about Service Overview: ingestion-sync,"Hi Hannah,

Which database does ingestion-sync use?

Thanks,
Mei",2026-04-26 13:00:36,DOC-000105,0,
MSG-0000624,THR-000367,182,29,,Re: Question about Service Overview: ingestion-sync,"Hi Mei,

Per 'Service Overview: ingestion-sync' (https://confluence.northwind-analytics.example.com/service_wiki/doc-000105): MySQL.

Regards,
Hannah",2026-04-26 16:01:36,DOC-000105,0,MSG-0000623
MSG-0000625,THR-000368,102,38;32;12;30;4,,FYI: Remote and Hybrid Work Policy - United Kingdom updated,"Hi all,

We have published version 2 of 'Remote and Hybrid Work Policy - United Kingdom'. Please review: https://sharepoint.northwind-analytics.example.com/policy/doc-000035

Thanks,
Omar",2026-09-10 16:35:59,DOC-000035,0,
MSG-0000626,THR-000369,30,178;134;99;119;112,,FYI: Runbook: auth-engine - Certificate expiring updated,"Hi all,

We have published version 4 of 'Runbook: auth-engine - Certificate expiring'. Please review: https://github-wiki.northwind-analytics.example.com/runbook/doc-000116

Thanks,
Nikhil",2025-01-22 09:56:00,DOC-000116,0,
MSG-0000627,THR-000370,191,166,24,Question about Meeting Notes: Project Tundra - Steering Sync 22 June 2024,"Hi Nikhil,

How much additional budget was approved for Project Tundra in the steering sync on 22 June 2024?

Thanks,
Debjani",2024-10-17 17:23:01,DOC-000216,0,
MSG-0000628,THR-000371,97,186;61;142;75;82,,FYI: Meeting Notes: Project Jade - Steering Sync 26 August 2023 updated,"Hi all,

We have published version 1 of 'Meeting Notes: Project Jade - Steering Sync 26 August 2023'. Please review: https://google-drive.northwind-analytics.example.com/meeting_notes/doc-000212

Thanks,
Sophie",2025-10-19 19:05:18,DOC-000212,0,
MSG-0000629,THR-000372,72,149,,Clarification on Runbook: auth-engine - Queue backlog,"Hi Oliver,

Which Slack channel is used for incidents on auth-engine?

Thanks,
Jun",2026-09-21 14:04:32,DOC-000146,0,
MSG-0000630,THR-000373,24,51;188;198;5;118,,FYI: Project Brief: Project Tundra updated,"Hi all,

We have published version 4 of 'Project Brief: Project Tundra'. Please review: https://sharepoint.northwind-analytics.example.com/project_brief/doc-000183

Thanks,
Sophie",2026-09-11 17:50:06,DOC-000183,0,
MSG-0000631,THR-000374,198,176,,Need help with Meeting Notes: Project Lotus - Steering Sync 15 April 2024,"Hi Amit,

Who is responsible for the security review for Project Lotus according to the steering sync on 15 April 2024?

Thanks,
Felix",2024-10-18 08:44:52,DOC-000228,0,
MSG-0000632,THR-000374,176,198,,Re: Need help with Meeting Notes: Project Lotus - Steering Sync 15 April 2024,"Hi Felix,

Per 'Meeting Notes: Project Lotus - Steering Sync 15 April 2024' (https://notion.northwind-analytics.example.com/meeting_notes/doc-000228): Ananya Mukherjee.

Regards,
Amit",2024-10-18 09:36:52,DOC-000228,0,MSG-0000631
MSG-0000633,THR-000375,166,166;101;95;77;23,,FYI: Meeting Notes: Project Tundra - Steering Sync 1 December 2024 updated,"Hi all,

We have published version 2 of 'Meeting Notes: Project Tundra - Steering Sync 1 December 2024'. Please review: https://notion.northwind-analytics.example.com/meeting_notes/doc-000221

Thanks,
Nikhil",2026-02-06 11:05:04,DOC-000221,0,
MSG-0000634,THR-000376,117,115,,Quick check: Expense Reimbursement Policy - Germany,"Hi Carlos,

What is the daily meal allowance in Germany?

Thanks,
Riya",2026-08-03 03:50:14,DOC-000061,0,
MSG-0000635,THR-000377,164,198;144;195;50;111,,FYI: Project Brief: Project Indigo updated,"Hi all,

We have published version 4 of 'Project Brief: Project Indigo'. Please review: https://google-drive.northwind-analytics.example.com/project_brief/doc-000159

Thanks,
Sourav",2026-07-19 07:33:39,DOC-000159,0,
MSG-0000636,THR-000378,106,137;186;146;145;160,,FYI: Meeting Notes: Project Cascade - Steering Sync 9 March 2026 updated,"Hi all,

We have published version 5 of 'Meeting Notes: Project Cascade - Steering Sync 9 March 2026'. Please review: https://notion.northwind-analytics.example.com/meeting_notes/doc-000236

Thanks,
Sanjay",2026-07-27 10:18:35,DOC-000236,0,
MSG-0000637,THR-000379,145,187,,Question about Meeting Notes: Project Nebula - Steering Sync 13 November 2024,"Hi James,

What new launch date was agreed for Project Nebula in the steering sync on 13 November 2024?

Thanks,
Daniel",2025-04-25 22:44:29,DOC-000229,0,
MSG-0000638,THR-000379,187,145,,Re: Question about Meeting Notes: Project Nebula - Steering Sync 13 November 2024,"Hi Daniel,

Per 'Meeting Notes: Project Nebula - Steering Sync 13 November 2024' (https://notion.northwind-analytics.example.com/meeting_notes/doc-000229): 15 September 2025.

Regards,
James",2025-04-26 07:05:29,DOC-000229,1,MSG-0000637
MSG-0000639,THR-000380,193,117;20;146;97;6,,FYI: Paid Time Off Policy - India updated,"Hi all,

We have published version 3 of 'Paid Time Off Policy - India'. Please review: https://confluence.northwind-analytics.example.com/policy/doc-000020

Thanks,
Li",2025-05-22 19:37:27,DOC-000020,0,
MSG-0000640,THR-000381,93,167,,Clarification on Runbook: reporting-service - Disk usage high,"Hi Sophie,

What command is used to restart reporting-service?

Thanks,
Layla",2025-03-08 07:25:08,DOC-000143,1,
MSG-0000641,THR-000381,167,93,,Re: Clarification on Runbook: reporting-service - Disk usage high,"Hi Layla,

Per 'Runbook: reporting-service - Disk usage high' (https://confluence.northwind-analytics.example.com/runbook/doc-000143): kubectl rollout restart deployment/reporting-service.

Regards,
Sophie",2025-03-08 07:35:08,DOC-000143,0,MSG-0000640
MSG-0000642,THR-000382,31,147,,Need help with Meeting Notes: Project Dynamo - Steering Sync 10 April 2023,"Hi Li,

How much additional budget was approved for Project Dynamo in the steering sync on 10 April 2023?

Thanks,
Anna",2024-01-20 13:52:29,DOC-000210,0,
MSG-0000643,THR-000382,147,31,,Re: Need help with Meeting Notes: Project Dynamo - Steering Sync 10 April 2023,"Hi Anna,

Per 'Meeting Notes: Project Dynamo - Steering Sync 10 April 2023' (https://sharepoint.northwind-analytics.example.com/meeting_notes/doc-000210): USD 75,000.

Regards,
Li",2024-01-20 16:18:29,DOC-000210,0,MSG-0000642
MSG-0000644,THR-000383,148,38,,Quick check: Runbook: auth-engine - Certificate expiring,"Hi Arjun,

What command is used to restart auth-engine?

Thanks,
Neha",2024-03-09 15:31:43,DOC-000116,0,
MSG-0000645,THR-000384,20,162,,Question about Runbook: auth-api - Elevated latency,"Hi Rohan,

What command is used to restart auth-api?

Thanks,
Jonas",2025-10-24 14:13:30,DOC-000112,0,
MSG-0000646,THR-000384,162,20,30,Re: Question about Runbook: auth-api - Elevated latency,"Hi Jonas,

Per 'Runbook: auth-api - Elevated latency' (https://confluence.northwind-analytics.example.com/runbook/doc-000112): kubectl rollout restart deployment/auth-api.

Regards,
Rohan",2025-10-24 16:33:30,DOC-000112,0,MSG-0000645
MSG-0000647,THR-000384,20,162,,Re: Question about Runbook: auth-api - Elevated latency,"Thanks, that helps!",2025-10-24 21:38:30,DOC-000112,0,MSG-0000646
MSG-0000648,THR-000385,83,148;37;33;94;128,,FYI: Data Retention Policy - India updated,"Hi all,

We have published version 2 of 'Data Retention Policy - India'. Please review: https://confluence.northwind-analytics.example.com/policy/doc-000032

Thanks,
Neha",2026-07-03 13:49:32,DOC-000032,0,
MSG-0000649,THR-000386,71,162;103;57;181;88,,FYI: Expense Reimbursement Policy - United Kingdom updated,"Hi all,

We have published version 3 of 'Expense Reimbursement Policy - United Kingdom'. Please review: https://confluence.northwind-analytics.example.com/policy/doc-000001

Thanks,
Pooja",2026-05-30 16:01:46,DOC-000001,0,
MSG-0000650,THR-000387,33,35;72;121;46;129,,FYI: Meeting Notes: Project Nebula - Steering Sync 23 January 2025 updated,"Hi all,

We have published version 3 of 'Meeting Notes: Project Nebula - Steering Sync 23 January 2025'. Please review: https://google-drive.northwind-analytics.example.com/meeting_notes/doc-000231

Thanks,
Emily",2025-10-31 07:29:10,DOC-000231,0,
MSG-0000651,THR-000388,2,21,,Question about Service Overview: ingestion-sync,"Hi Grace,

What is the availability SLO for ingestion-sync?

Thanks,
Layla",2026-06-06 01:17:56,DOC-000105,0,
MSG-0000652,THR-000388,21,2,2,Re: Question about Service Overview: ingestion-sync,"Hi Layla,

Per 'Service Overview: ingestion-sync' (https://confluence.northwind-analytics.example.com/service_wiki/doc-000105): 99.99 percent.

Regards,
Grace",2026-06-06 10:11:56,DOC-000105,0,MSG-0000651
MSG-0000653,THR-000389,156,139;198;96;2;124,,FYI: Meeting Notes: Project Dynamo - Steering Sync 21 April 2023 updated,"Hi all,

We have published version 4 of 'Meeting Notes: Project Dynamo - Steering Sync 21 April 2023'. Please review: https://notion.northwind-analytics.example.com/meeting_notes/doc-000253

Thanks,
Ananya",2024-08-25 08:08:26,DOC-000253,0,
MSG-0000654,THR-000390,24,8,,Quick check: Paid Time Off Policy - United States,"Hi Daniel,

How many days of paid time off do employees in United States get each year?

Thanks,
Sophie",2025-03-09 22:29:35,DOC-000044,0,
MSG-0000655,THR-000391,12,192,5,Quick check: HR Services FAQ - India,"Hi Zara,

What email address should I use for HR questions in India?

Thanks,
Ethan",2026-05-18 15:56:11,DOC-000070,0,
MSG-0000656,THR-000392,82,2,,Question about Runbook: payments-api - Certificate expiring,"Hi Layla,

What command is used to restart payments-api?

Thanks,
Maya",2025-04-28 11:56:04,DOC-000124,0,
MSG-0000657,THR-000392,2,82,,Re: Question about Runbook: payments-api - Certificate expiring,"Hi Maya,

Per 'Runbook: payments-api - Certificate expiring' (https://github-wiki.northwind-analytics.example.com/runbook/doc-000124): kubectl rollout restart deployment/payments-api.

Regards,
Layla",2025-04-28 13:29:04,DOC-000124,0,MSG-0000656
MSG-0000658,THR-000393,153,190,,Need help with Project Brief: Project Vertex,"Hi Arjun,

What is the target launch date for Project Vertex?

Thanks,
Felix",2026-09-16 03:53:44,DOC-000181,0,
MSG-0000659,THR-000393,190,153,,Re: Need help with Project Brief: Project Vertex,"Hi Felix,

Per 'Project Brief: Project Vertex' (https://google-drive.northwind-analytics.example.com/project_brief/doc-000181): 16 September 2027.

Regards,
Arjun",2026-09-16 11:00:44,DOC-000181,0,MSG-0000658
MSG-0000660,THR-000394,167,117,,Clarification on Project Brief: Project Aurora,"Hi Riya,

What is the approved budget for Project Aurora?

Thanks,
Sophie",2026-04-12 22:39:26,DOC-000164,0,
MSG-0000661,THR-000394,117,167,,Re: Clarification on Project Brief: Project Aurora,"Hi Sophie,

Per 'Project Brief: Project Aurora' (https://sharepoint.northwind-analytics.example.com/project_brief/doc-000164): USD 1,520,000.

Regards,
Riya",2026-04-13 00:08:26,DOC-000164,0,MSG-0000660
MSG-0000662,THR-000395,109,199;144;170;157;104,,FYI: Incident Response Procedure - Germany updated,"Hi all,

We have published version 5 of 'Incident Response Procedure - Germany'. Please review: https://sharepoint.northwind-analytics.example.com/policy/doc-000047

Thanks,
Chloe",2026-07-05 11:21:02,DOC-000047,0,
MSG-0000663,THR-000396,94,162,,Quick check: Runbook: analytics-engine - Certificate expiring,"Hi Rohan,

What command is used to restart analytics-engine?

Thanks,
Chloe",2024-11-11 12:41:57,DOC-000135,0,
MSG-0000664,THR-000396,162,94,,Re: Quick check: Runbook: analytics-engine - Certificate expiring,"Hi Chloe,

Per 'Runbook: analytics-engine - Certificate expiring' (https://confluence.northwind-analytics.example.com/runbook/doc-000135): kubectl rollout restart deployment/analytics-engine.

Regards,
Rohan",2024-11-11 19:56:57,DOC-000135,0,MSG-0000663
MSG-0000665,THR-000396,94,162,,Re: Quick check: Runbook: analytics-engine - Certificate expiring,"Thanks, that helps!",2024-11-12 00:40:57,DOC-000135,0,MSG-0000664
MSG-0000666,THR-000397,118,184;65;77;139;129,,FYI: Meeting Notes: Project Harbor - Steering Sync 18 September 2026 updated,"Hi all,

We have published version 5 of 'Meeting Notes: Project Harbor - Steering Sync 18 September 2026'. Please review: https://notion.northwind-analytics.example.com/meeting_notes/doc-000241

Thanks,
Arjun",2026-09-25 10:37:35,DOC-000241,0,
MSG-0000667,THR-000398,169,113,24,Need help with Runbook: ledger-service - Queue backlog,"Hi Karan,

Which Slack channel is used for incidents on ledger-service?

Thanks,
Ishita",2026-04-21 20:29:20,DOC-000121,0,
MSG-0000668,THR-000399,166,49,,Quick check: Meeting Notes: Project Yonder - Steering Sync 29 June 2024,"Hi Tom,

How much additional budget was approved for Project Yonder in the steering sync on 29 June 2024?

Thanks,
Nikhil",2025-09-26 18:02:03,DOC-000250,0,
MSG-0000669,THR-000400,28,15,,Need help with Runbook: profile-engine - Queue backlog,"Hi Sofia,

Which Slack channel is used for incidents on profile-engine?

Thanks,
Sophie",2025-03-03 21:23:34,DOC-000115,0,
MSG-0000670,THR-000400,15,28,,Re: Need help with Runbook: profile-engine - Queue backlog,"Hi Sophie,

Per 'Runbook: profile-engine - Queue backlog' (https://confluence.northwind-analytics.example.com/runbook/doc-000115): #oncall-profile-engine.

Regards,
Sofia",2025-03-03 23:12:34,DOC-000115,1,MSG-0000669
MSG-0000671,THR-000400,28,15,,Re: Need help with Runbook: profile-engine - Queue backlog,"Thanks, that helps!",2025-03-04 00:42:34,DOC-000115,0,MSG-0000670
MSG-0000672,THR-000401,79,85;76;181;114;175,,FYI: Meeting Notes: Project Comet - Steering Sync 18 September 2023 updated,"Hi all,

We have published version 1 of 'Meeting Notes: Project Comet - Steering Sync 18 September 2023'. Please review: https://google-drive.northwind-analytics.example.com/meeting_notes/doc-000281

Thanks,
Michael",2025-11-20 08:38:43,DOC-000281,0,
MSG-0000673,THR-000402,166,7;104;184;159;95,,FYI: Meeting Notes: Project Tundra - Steering Sync 1 December 2024 updated,"Hi all,

We have published version 2 of 'Meeting Notes: Project Tundra - Steering Sync 1 December 2024'. Please review: https://notion.northwind-analytics.example.com/meeting_notes/doc-000221

Thanks,
Nikhil",2025-01-25 17:44:11,DOC-000221,0,
MSG-0000674,THR-000403,182,45,14,Question about Runbook: ingestion-sync - Elevated latency,"Hi William,

After how many minutes should the 'Elevated latency' alert for ingestion-sync be escalated?

Thanks,
Hannah",2025-09-02 23:21:59,DOC-000141,0,
MSG-0000675,THR-000404,21,83,,Question about Meeting Notes: Project Vertex - Steering Sync 24 July 2026,"Hi Neha,

How much additional budget was approved for Project Vertex in the steering sync on 24 July 2026?

Thanks,
Grace",2026-07-31 10:54:55,DOC-000204,0,
MSG-0000676,THR-000404,83,21,,Re: Question about Meeting Notes: Project Vertex - Steering Sync 24 July 2026,"Hi Grace,

Per 'Meeting Notes: Project Vertex - Steering Sync 24 July 2026' (https://notion.northwind-analytics.example.com/meeting_notes/doc-000204): USD 75,000.

Regards,
Neha",2026-07-31 16:54:55,DOC-000204,0,MSG-0000675
MSG-0000677,THR-000405,74,15,,Need help with Runbook: reporting-gateway - Disk usage high,"Hi Sofia,

Which Slack channel is used for incidents on reporting-gateway?

Thanks,
Meera",2026-08-15 01:34:39,DOC-000154,0,
MSG-0000678,THR-000406,172,6,25,Clarification on Meeting Notes: Project Horizon - Steering Sync 1 June 2026,"Hi Kavya,

How much additional budget was approved for Project Horizon in the steering sync on 1 June 2026?

Thanks,
Marta",2026-08-16 16:15:59,DOC-000259,0,
MSG-0000679,THR-000406,6,172,,Re: Clarification on Meeting Notes: Project Horizon - Steering Sync 1 June 2026,"Hi Marta,

Per 'Meeting Notes: Project Horizon - Steering Sync 1 June 2026' (https://sharepoint.northwind-analytics.example.com/meeting_notes/doc-000259): USD 50,000.

Regards,
Kavya",2026-08-16 21:14:59,DOC-000259,0,MSG-0000678
MSG-0000680,THR-000406,172,6,,Re: Clarification on Meeting Notes: Project Horizon - Steering Sync 1 June 2026,"Thanks, that helps!",2026-08-17 02:30:59,DOC-000259,1,MSG-0000679
MSG-0000681,THR-000407,112,8,,Quick check: Paid Time Off Policy - Germany,"Hi Daniel,

What is the maximum number of PTO days that can be carried over in Germany?

Thanks,
Neha",2025-03-04 12:40:08,DOC-000077,0,
MSG-0000682,THR-000408,146,154,,Quick check: Information Security Standard - United Kingdom,"Hi Felix,

What is the minimum password length under the security standard in United Kingdom?

Thanks,
Arjun",2025-10-08 23:48:56,DOC-000063,0,
MSG-0000683,THR-000409,83,125;146;148;4;165,,FYI: Data Retention Policy - India updated,"Hi all,

We have published version 2 of 'Data Retention Policy - India'. Please review: https://confluence.northwind-analytics.example.com/policy/doc-000032

Thanks,
Neha",2026-07-14 13:04:02,DOC-000032,0,
MSG-0000684,THR-000410,16,23,,Need help with Code Review and Quality Standard - India,"Hi Jonas,

What is the recommended maximum pull request size in India?

Thanks,
Maya",2026-06-01 00:01:58,DOC-000013,1,
MSG-0000685,THR-000410,23,16,,Re: Need help with Code Review and Quality Standard - India,"Hi Maya,

Per 'Code Review and Quality Standard - India' (https://sharepoint.northwind-analytics.example.com/policy/doc-000013): 500 lines.

Regards,
Jonas",2026-06-01 04:13:58,DOC-000013,0,MSG-0000684
MSG-0000686,THR-000410,16,23,,Re: Need help with Code Review and Quality Standard - India,"Thanks, that helps!",2026-06-01 06:26:58,DOC-000013,0,MSG-0000685
MSG-0000687,THR-000411,59,14,,Question about Runbook: ledger-service - Queue backlog,"Hi James,

Which Slack channel is used for incidents on ledger-service?

Thanks,
Tom",2026-05-15 04:45:19,DOC-000121,0,
MSG-0000688,THR-000411,14,59,,Re: Question about Runbook: ledger-service - Queue backlog,"Hi Tom,

Per 'Runbook: ledger-service - Queue backlog' (https://github-wiki.northwind-analytics.example.com/runbook/doc-000121): #oncall-ledger-service.

Regards,
James",2026-05-15 07:30:19,DOC-000121,1,MSG-0000687
MSG-0000689,THR-000412,60,55;98;81;66;34,,FYI: Service Overview: profile-sync updated,"Hi all,

We have published version 1 of 'Service Overview: profile-sync'. Please review: https://github-wiki.northwind-analytics.example.com/service_wiki/doc-000104

Thanks,
Pooja",2026-09-07 12:53:00,DOC-000104,0,
MSG-0000690,THR-000413,157,11,,Clarification on Meeting Notes: Project Vertex - Steering Sync 13 August 2026,"Hi Oliver,

What new launch date was agreed for Project Vertex in the steering sync on 13 August 2026?

Thanks,
Jun",2026-08-24 20:57:29,DOC-000222,0,
MSG-0000691,THR-000413,11,157,,Re: Clarification on Meeting Notes: Project Vertex - Steering Sync 13 August 2026,"Hi Jun,

Per 'Meeting Notes: Project Vertex - Steering Sync 13 August 2026' (https://notion.northwind-analytics.example.com/meeting_notes/doc-000222): 1 November 2027.

Regards,
Oliver",2026-08-25 00:48:29,DOC-000222,0,MSG-0000690
MSG-0000692,THR-000413,157,11,12,Re: Clarification on Meeting Notes: Project Vertex - Steering Sync 13 August 2026,"Thanks, that helps!",2026-08-25 02:04:29,DOC-000222,0,MSG-0000691
MSG-0000693,THR-000414,171,187,12,Quick check: Information Security Standard - Singapore,"Hi James,

What is the minimum password length under the security standard in Singapore?

Thanks,
Chloe",2026-03-23 21:02:02,DOC-000028,0,
MSG-0000694,THR-000415,74,192,,Quick check: Parental Leave Policy - India,"Hi Zara,

How many weeks of paid maternity leave are offered in India?

Thanks,
Meera",2026-08-13 19:15:14,DOC-000059,0,
MSG-0000695,THR-000415,192,74,,Re: Quick check: Parental Leave Policy - India,"Hi Meera,

Per 'Parental Leave Policy - India' (https://confluence.northwind-analytics.example.com/policy/doc-000059): 16 weeks.

Regards,
Zara",2026-08-14 04:49:14,DOC-000059,0,MSG-0000694
MSG-0000696,THR-000416,86,189;152;198;109;80,,FYI: Meeting Notes: Project Comet - Steering Sync 26 April 2023 updated,"Hi all,

We have published version 1 of 'Meeting Notes: Project Comet - Steering Sync 26 April 2023'. Please review: https://google-drive.northwind-analytics.example.com/meeting_notes/doc-000187

Thanks,
Neha",2026-06-27 20:11:05,DOC-000187,0,
MSG-0000697,THR-000417,195,172;46;3;178;37,,FYI: Service Overview: ledger-gateway updated,"Hi all,

We have published version 1 of 'Service Overview: ledger-gateway'. Please review: https://confluence.northwind-analytics.example.com/service_wiki/doc-000107

Thanks,
Ava",2025-05-08 07:14:53,DOC-000107,0,
MSG-0000698,THR-000418,52,119;7;178;153;33,,FYI: Meeting Notes: Project Kestrel - Steering Sync 12 March 2026 updated,"Hi all,

We have published version 1 of 'Meeting Notes: Project Kestrel - Steering Sync 12 March 2026'. Please review: https://google-drive.northwind-analytics.example.com/meeting_notes/doc-000256

Thanks,
Chloe",2026-06-14 12:33:11,DOC-000256,0,
MSG-0000699,THR-000419,59,117,,Question about Expense Reimbursement Policy - United Kingdom,"Hi Riya,

What is the nightly hotel limit for employees in United Kingdom?

Thanks,
Tom",2025-08-31 11:23:51,DOC-000001,0,
MSG-0000700,THR-000420,92,18,,Need help with Information Security Standard - Germany,"Hi Sourav,

What is the minimum password length under the security standard in Germany?

Thanks,
Chloe",2026-04-23 19:47:46,DOC-000065,0,
MSG-0000701,THR-000420,18,92,9,Re: Need help with Information Security Standard - Germany,"Hi Chloe,

Per 'Information Security Standard - Germany' (https://confluence.northwind-analytics.example.com/policy/doc-000065): 12 characters.

Regards,
Sourav",2026-04-24 03:16:46,DOC-000065,0,MSG-0000700
MSG-0000702,THR-000420,92,18,,Re: Need help with Information Security Standard - Germany,"Thanks, that helps!",2026-04-24 10:48:46,DOC-000065,0,MSG-0000701
MSG-0000703,THR-000421,44,117,,Question about Business Travel Policy - Singapore,"Hi Riya,

For flights longer than how many hours is business class permitted in Singapore?

Thanks,
Ananya",2026-09-20 22:10:47,DOC-000055,0,
MSG-0000704,THR-000421,117,44,,Re: Question about Business Travel Policy - Singapore,"Hi Ananya,

Per 'Business Travel Policy - Singapore' (https://sharepoint.northwind-analytics.example.com/policy/doc-000055): 6 hours.

Regards,
Riya",2026-09-21 04:02:47,DOC-000055,0,MSG-0000703
MSG-0000705,THR-000422,156,172,,Clarification on Runbook: ingestion-gateway - High error rate,"Hi Marta,

What command is used to restart ingestion-gateway?

Thanks,
Ananya",2023-12-17 20:11:38,DOC-000132,0,
MSG-0000706,THR-000422,172,156,,Re: Clarification on Runbook: ingestion-gateway - High error rate,"Hi Ananya,

Per 'Runbook: ingestion-gateway - High error rate' (https://confluence.northwind-analytics.example.com/runbook/doc-000132): kubectl rollout restart deployment/ingestion-gateway.

Regards,
Marta",2023-12-17 21:10:38,DOC-000132,0,MSG-0000705
MSG-0000707,THR-000422,156,172,19,Re: Clarification on Runbook: ingestion-gateway - High error rate,"Thanks, that helps!",2023-12-17 23:36:38,DOC-000132,0,MSG-0000706
MSG-0000708,THR-000423,23,76;138;33;161;59,,FYI: Service Overview: ingestion-sync updated,"Hi all,

We have published version 1 of 'Service Overview: ingestion-sync'. Please review: https://confluence.northwind-analytics.example.com/service_wiki/doc-000105

Thanks,
Jonas",2024-11-10 07:11:35,DOC-000105,0,
MSG-0000709,THR-000424,49,72;125;168;55;188,,FYI: Business Travel Policy - India updated,"Hi all,

We have published version 3 of 'Business Travel Policy - India'. Please review: https://sharepoint.northwind-analytics.example.com/policy/doc-000091

Thanks,
Tom",2026-08-14 09:03:16,DOC-000091,0,
MSG-0000710,THR-000425,155,168,,Clarification on Paid Time Off Policy - Singapore,"Hi Lukas,

How much notice is required for leave longer than three days in Singapore?

Thanks,
William",2026-09-20 18:22:04,DOC-000089,0,
MSG-0000711,THR-000425,168,155,8,Re: Clarification on Paid Time Off Policy - Singapore,"Hi William,

Per 'Paid Time Off Policy - Singapore' (https://sharepoint.northwind-analytics.example.com/policy/doc-000089): 14 working days.

Regards,
Lukas",2026-09-20 18:40:04,DOC-000089,0,MSG-0000710
MSG-0000712,THR-000425,155,168,,Re: Clarification on Paid Time Off Policy - Singapore,"Thanks, that helps!",2026-09-20 19:36:04,DOC-000089,0,MSG-0000711
MSG-0000713,THR-000426,93,32,,Question about Service Overview: ledger-service,"Hi Omar,

What is the p95 latency target for ledger-service?

Thanks,
Layla",2024-10-10 02:34:08,DOC-000098,1,
MSG-0000714,THR-000427,66,159,,Clarification on New Joiner Onboarding Guide - Germany,"Hi Felix,

For how many weeks does an onboarding buddy support a new joiner in Germany?

Thanks,
Michael",2026-09-10 09:29:21,DOC-000088,0,
MSG-0000715,THR-000428,25,199,,Clarification on Runbook: ingestion-sync - Disk usage high,"Hi Daniel,

What command is used to restart ingestion-sync?

Thanks,
Arjun",2026-07-21 15:46:22,DOC-000140,0,
MSG-0000716,THR-000429,124,136,,Need help with Parental Leave Policy - India,"Hi Oliver,

How many weeks of paid maternity leave are offered in India?

Thanks,
Sophie",2026-08-17 18:42:52,DOC-000059,0,
MSG-0000717,THR-000429,136,124,,Re: Need help with Parental Leave Policy - India,"Hi Sophie,

Per 'Parental Leave Policy - India' (https://confluence.northwind-analytics.example.com/policy/doc-000059): 16 weeks.

Regards,
Oliver",2026-08-18 03:50:52,DOC-000059,0,MSG-0000716
MSG-0000718,THR-000429,124,136,,Re: Need help with Parental Leave Policy - India,"Thanks, that helps!",2026-08-18 04:24:52,DOC-000059,0,MSG-0000717
MSG-0000719,THR-000430,40,31,,Clarification on Meeting Notes: Project Indigo - Steering Sync 30 January 2026,"Hi Anna,

What new launch date was agreed for Project Indigo in the steering sync on 30 January 2026?

Thanks,
Sofia",2026-08-28 18:18:39,DOC-000299,0,
MSG-0000720,THR-000431,102,167,,Question about Meeting Notes: Project Glacier - Steering Sync 8 June 2025,"Hi Sophie,

How much additional budget was approved for Project Glacier in the steering sync on 8 June 2025?

Thanks,
Omar",2026-01-01 20:00:23,DOC-000209,0,
MSG-0000721,THR-000431,167,102,,Re: Question about Meeting Notes: Project Glacier - Steering Sync 8 June 2025,"Hi Omar,

Per 'Meeting Notes: Project Glacier - Steering Sync 8 June 2025' (https://google-drive.northwind-analytics.example.com/meeting_notes/doc-000209): USD 100,000.

Regards,
Sophie",2026-01-01 21:31:23,DOC-000209,0,MSG-0000720
MSG-0000722,THR-000432,78,198,,Question about Meeting Notes: Project Lotus - Steering Sync 26 July 2024,"Hi Felix,

Who is responsible for the user training deck for Project Lotus according to the steering sync on 26 July 2024?

Thanks,
Oliver",2025-07-31 14:45:37,DOC-000207,0,
MSG-0000723,THR-000432,198,78,,Re: Question about Meeting Notes: Project Lotus - Steering Sync 26 July 2024,"Hi Oliver,

Per 'Meeting Notes: Project Lotus - Steering Sync 26 July 2024' (https://notion.northwind-analytics.example.com/meeting_notes/doc-000207): Maya Muller.

Regards,
Felix",2025-07-31 20:03:37,DOC-000207,0,MSG-0000722
MSG-0000724,THR-000433,98,41,,Need help with Runbook: profile-sync - Certificate expiring,"Hi Kavya,

What command is used to restart profile-sync?

Thanks,
Anna",2026-09-04 15:39:00,DOC-000137,0,
MSG-0000725,THR-000434,178,16,,Quick check: Meeting Notes: Project Aurora - Steering Sync 21 November 2025,"Hi Maya,

Who is responsible for the vendor contract for Project Aurora according to the steering sync on 21 November 2025?

Thanks,
Hannah",2026-01-20 17:51:09,DOC-000244,0,
MSG-0000726,THR-000434,16,178,7,Re: Quick check: Meeting Notes: Project Aurora - Steering Sync 21 November 2025,"Hi Hannah,

Per 'Meeting Notes: Project Aurora - Steering Sync 21 November 2025' (https://google-drive.northwind-analytics.example.com/meeting_notes/doc-000244): Hannah Ali.

Regards,
Maya",2026-01-20 20:30:09,DOC-000244,0,MSG-0000725
MSG-0000727,THR-000434,178,16,,Re: Quick check: Meeting Notes: Project Aurora - Steering Sync 21 November 2025,"Thanks, that helps!",2026-01-21 05:20:09,DOC-000244,0,MSG-0000726
MSG-0000728,THR-000435,53,160;105;38;164;62,,FYI: Meeting Notes: Project Dynamo - Steering Sync 15 June 2023 updated,"Hi all,

We have published version 3 of 'Meeting Notes: Project Dynamo - Steering Sync 15 June 2023'. Please review: https://notion.northwind-analytics.example.com/meeting_notes/doc-000295

Thanks,
Aarav",2026-03-20 16:43:39,DOC-000295,0,
MSG-0000729,THR-000436,58,48,,Quick check: Project Brief: Project Vertex,"Hi Debjani,

Who is the owner of Project Vertex?

Thanks,
Pooja",2026-07-16 20:00:36,DOC-000181,0,
MSG-0000730,THR-000437,143,104,,Clarification on Project Brief: Project Xenon,"Hi Daniel,

Who is the owner of Project Xenon?

Thanks,
Karan",2026-05-09 14:27:23,DOC-000166,0,
MSG-0000731,THR-000438,179,168,,Need help with Remote and Hybrid Work Policy - Singapore,"Hi Lukas,

What are the core working hours in Singapore?

Thanks,
Marta",2026-09-26 10:37:05,DOC-000024,0,
MSG-0000732,THR-000438,168,179,,Re: Need help with Remote and Hybrid Work Policy - Singapore,"Hi Marta,

Per 'Remote and Hybrid Work Policy - Singapore' (https://confluence.northwind-analytics.example.com/policy/doc-000024): 09:00 to 15:00.

Regards,
Lukas",2026-09-26 17:00:05,DOC-000024,0,MSG-0000731
MSG-0000733,THR-000439,104,106,,Quick check: Meeting Notes: Project Tundra - Steering Sync 1 December 2024,"Hi Sanjay,

Who is responsible for the vendor contract for Project Tundra according to the steering sync on 1 December 2024?

Thanks,
Daniel",2026-07-01 23:31:31,DOC-000221,0,
MSG-0000734,THR-000440,17,187,3,Clarification on Meeting Notes: Project Quartz - Steering Sync 7 April 2025,"Hi James,

How much additional budget was approved for Project Quartz in the steering sync on 7 April 2025?

Thanks,
Rahul",2026-01-09 15:38:59,DOC-000263,0,
MSG-0000735,THR-000440,187,17,18,Re: Clarification on Meeting Notes: Project Quartz - Steering Sync 7 April 2025,"Hi Rahul,

Per 'Meeting Notes: Project Quartz - Steering Sync 7 April 2025' (https://notion.northwind-analytics.example.com/meeting_notes/doc-000263): USD 50,000.

Regards,
James",2026-01-09 22:01:59,DOC-000263,0,MSG-0000734
MSG-0000736,THR-000441,136,7,,Quick check: Business Travel Policy - Germany,"Hi Oliver,

For flights longer than how many hours is business class permitted in Germany?

Thanks,
Oliver",2026-09-02 19:52:53,DOC-000007,0,
MSG-0000737,THR-000442,63,6,,Need help with Meeting Notes: Project Jade - Steering Sync 26 August 2023,"Hi Kavya,

What new launch date was agreed for Project Jade in the steering sync on 26 August 2023?

Thanks,
Riya",2025-10-14 15:43:54,DOC-000212,0,
MSG-0000738,THR-000442,6,63,,Re: Need help with Meeting Notes: Project Jade - Steering Sync 26 August 2023,"Hi Riya,

Per 'Meeting Notes: Project Jade - Steering Sync 26 August 2023' (https://google-drive.northwind-analytics.example.com/meeting_notes/doc-000212): 10 May 2024.

Regards,
Kavya",2025-10-14 17:49:54,DOC-000212,0,MSG-0000737
MSG-0000739,THR-000443,65,26,,Need help with Project Brief: Project Keystone,"Hi Sourav,

What is the target launch date for Project Keystone?

Thanks,
Mei",2026-06-01 22:29:41,DOC-000168,0,
MSG-0000740,THR-000444,60,198;118;58;27;175,,FYI: Runbook: ingestion-gateway - Queue backlog updated,"Hi all,

We have published version 4 of 'Runbook: ingestion-gateway - Queue backlog'. Please review: https://confluence.northwind-analytics.example.com/runbook/doc-000131

Thanks,
Pooja",2025-12-03 14:36:26,DOC-000131,0,
MSG-0000741,THR-000445,142,142,29,Clarification on Code Review and Quality Standard - India,"Hi Omar,

What is the minimum test coverage required by the India code review standard?

Thanks,
Omar",2025-11-24 17:49:43,DOC-000013,0,
MSG-0000742,THR-000446,16,93;169;72;190;46,,FYI: Meeting Notes: Project Yonder - Steering Sync 29 June 2024 updated,"Hi all,

We have published version 2 of 'Meeting Notes: Project Yonder - Steering Sync 29 June 2024'. Please review: https://sharepoint.northwind-analytics.example.com/meeting_notes/doc-000250

Thanks,
Maya",2024-10-01 15:17:20,DOC-000250,0,
MSG-0000743,THR-000447,13,66,,Need help with Meeting Notes: Project Lantern - Steering Sync 28 September 2026,"Hi Michael,

Who is responsible for the security review for Project Lantern according to the steering sync on 28 September 2026?

Thanks,
Lena",2026-09-30 22:21:16,DOC-000243,0,
MSG-0000744,THR-000448,58,159,,Need help with Parental Leave Policy - Singapore,"Hi Felix,

How many weeks of paid maternity leave are offered in Singapore?

Thanks,
Pooja",2026-08-24 17:46:50,DOC-000017,0,
MSG-0000745,THR-000448,159,58,,Re: Need help with Parental Leave Policy - Singapore,"Hi Pooja,

Per 'Parental Leave Policy - Singapore' (https://confluence.northwind-analytics.example.com/policy/doc-000017): 16 weeks.

Regards,
Felix",2026-08-24 23:22:50,DOC-000017,0,MSG-0000744
MSG-0000746,THR-000449,169,192,,Quick check: Parental Leave Policy - Germany,"Hi Zara,

How many weeks of paid maternity leave are offered in Germany?

Thanks,
Ishita",2025-01-21 19:32:03,DOC-000002,1,
MSG-0000747,THR-000450,7,36,,Need help with Meeting Notes: Project Dynamo - Steering Sync 10 April 2023,"Hi Tom,

What new launch date was agreed for Project Dynamo in the steering sync on 10 April 2023?

Thanks,
Oliver",2025-02-04 20:40:42,DOC-000210,1,
MSG-0000748,THR-000450,36,7,,Re: Need help with Meeting Notes: Project Dynamo - Steering Sync 10 April 2023,"Hi Oliver,

Per 'Meeting Notes: Project Dynamo - Steering Sync 10 April 2023' (https://sharepoint.northwind-analytics.example.com/meeting_notes/doc-000210): 19 December 2023.

Regards,
Tom",2025-02-04 23:55:42,DOC-000210,0,MSG-0000747
MSG-0000749,THR-000450,7,36,1,Re: Need help with Meeting Notes: Project Dynamo - Steering Sync 10 April 2023,"Thanks, that helps!",2025-02-05 03:19:42,DOC-000210,1,MSG-0000748
MSG-0000750,THR-000451,145,56;196;102;136;161,,FYI: Project Brief: Project Dynamo updated,"Hi all,

We have published version 3 of 'Project Brief: Project Dynamo'. Please review: https://google-drive.northwind-analytics.example.com/project_brief/doc-000176

Thanks,
Daniel",2024-06-12 16:44:50,DOC-000176,0,
MSG-0000751,THR-000452,115,51;97;160;89;90,,FYI: Business Travel Policy - United States updated,"Hi all,

We have published version 4 of 'Business Travel Policy - United States'. Please review: https://sharepoint.northwind-analytics.example.com/policy/doc-000058

Thanks,
Carlos",2026-09-08 09:58:02,DOC-000058,0,
MSG-0000752,THR-000453,161,45,24,Need help with Service Overview: ledger-sync,"Hi William,

Who owns the ledger-sync service?

Thanks,
Ava",2025-12-28 01:22:11,DOC-000100,0,
MSG-0000753,THR-000454,140,178;198;114;59;180,,FYI: Meeting Notes: Project Summit - Steering Sync 31 March 2023 updated,"Hi all,

We have published version 1 of 'Meeting Notes: Project Summit - Steering Sync 31 March 2023'. Please review: https://sharepoint.northwind-analytics.example.com/meeting_notes/doc-000202

Thanks,
Priya",2024-06-09 10:09:10,DOC-000202,0,
MSG-0000754,THR-000455,30,94;122;177;178;57,,FYI: Runbook: auth-engine - Elevated latency updated,"Hi all,

We have published version 2 of 'Runbook: auth-engine - Elevated latency'. Please review: https://confluence.northwind-analytics.example.com/runbook/doc-000119

Thanks,
Nikhil",2026-07-21 16:38:11,DOC-000119,0,
MSG-0000755,THR-000456,9,188,,Need help with Meeting Notes: Project Meridian - Steering Sync 30 June 2024,"Hi Meera,

Who is responsible for the vendor contract for Project Meridian according to the steering sync on 30 June 2024?

Thanks,
Zara",2025-02-15 10:09:27,DOC-000203,0,
MSG-0000756,THR-000457,135,184,27,Clarification on Meeting Notes: Project Orion - Steering Sync 27 February 2026,"Hi Arjun,

How much additional budget was approved for Project Orion in the steering sync on 27 February 2026?

Thanks,
Sneha",2026-04-15 20:13:31,DOC-000283,1,
MSG-0000757,THR-000458,58,45,,Question about Code Review and Quality Standard - United States,"Hi William,

What is the recommended maximum pull request size in United States?

Thanks,
Pooja",2025-10-23 20:36:22,DOC-000083,0,
MSG-0000758,THR-000458,45,58,,Re: Question about Code Review and Quality Standard - United States,"Hi Pooja,

Per 'Code Review and Quality Standard - United States' (https://confluence.northwind-analytics.example.com/policy/doc-000083): 300 lines.

Regards,
William",2025-10-24 05:47:22,DOC-000083,0,MSG-0000757
MSG-0000759,THR-000459,55,94,,Clarification on Meeting Notes: Project Cascade - Steering Sync 20 April 2026,"Hi Chloe,

What new launch date was agreed for Project Cascade in the steering sync on 20 April 2026?

Thanks,
Omar",2026-06-10 15:18:48,DOC-000266,0,
MSG-0000760,THR-000460,150,117,15,Clarification on Procurement Policy - Singapore,"Hi Riya,

How many quotes are required for larger purchases in Singapore?

Thanks,
Ava",2026-06-07 19:31:16,DOC-000069,0,
MSG-0000761,THR-000460,117,150,16,Re: Clarification on Procurement Policy - Singapore,"Hi Ava,

Per 'Procurement Policy - Singapore' (https://confluence.northwind-analytics.example.com/policy/doc-000069): 2.

Regards,
Riya",2026-06-08 02:30:16,DOC-000069,0,MSG-0000760
MSG-0000762,THR-000460,150,117,,Re: Clarification on Procurement Policy - Singapore,"Thanks, that helps!",2026-06-08 08:20:16,DOC-000069,0,MSG-0000761
MSG-0000763,THR-000461,64,31,,Question about Meeting Notes: Project Tundra - Steering Sync 1 December 2024,"Hi Anna,

Who is responsible for the vendor contract for Project Tundra according to the steering sync on 1 December 2024?

Thanks,
Arjun",2025-08-06 21:58:40,DOC-000221,0,
MSG-0000764,THR-000461,31,64,,Re: Question about Meeting Notes: Project Tundra - Steering Sync 1 December 2024,"Hi Arjun,

Per 'Meeting Notes: Project Tundra - Steering Sync 1 December 2024' (https://notion.northwind-analytics.example.com/meeting_notes/doc-000221): Ethan Fischer.

Regards,
Anna",2025-08-07 06:26:40,DOC-000221,0,MSG-0000763
MSG-0000765,THR-000461,64,31,,Re: Question about Meeting Notes: Project Tundra - Steering Sync 1 December 2024,"Thanks, that helps!",2025-08-07 06:37:40,DOC-000221,0,MSG-0000764
MSG-0000766,THR-000462,176,7,,Clarification on Project Brief: Project Rift,"Hi Oliver,

What is the approved budget for Project Rift?

Thanks,
Amit",2026-09-16 11:44:35,DOC-000178,1,
MSG-0000767,THR-000462,7,176,,Re: Clarification on Project Brief: Project Rift,"Hi Amit,

Per 'Project Brief: Project Rift' (https://google-drive.northwind-analytics.example.com/project_brief/doc-000178): USD 210,000.

Regards,
Oliver",2026-09-16 16:42:35,DOC-000178,0,MSG-0000766
MSG-0000768,THR-000463,12,49,5,Quick check: Meeting Notes: Project Juniper - Steering Sync 29 May 2023,"Hi Tom,

Who is responsible for the cost forecast for Project Juniper according to the steering sync on 29 May 2023?

Thanks,
Ethan",2025-06-15 22:51:20,DOC-000264,0,
MSG-0000769,THR-000463,49,12,,Re: Quick check: Meeting Notes: Project Juniper - Steering Sync 29 May 2023,"Hi Ethan,

Per 'Meeting Notes: Project Juniper - Steering Sync 29 May 2023' (https://google-drive.northwind-analytics.example.com/meeting_notes/doc-000264): Arjun Ali.

Regards,
Tom",2025-06-16 00:04:20,DOC-000264,0,MSG-0000768
MSG-0000770,THR-000464,86,175,,Quick check: Project Brief: Project Indigo,"Hi Tom,

Who is the owner of Project Indigo?

Thanks,
Neha",2025-12-27 18:24:49,DOC-000159,1,
MSG-0000771,THR-000465,93,16,,Question about Meeting Notes: Project Juniper - Steering Sync 28 May 2023,"Hi Maya,

How much additional budget was approved for Project Juniper in the steering sync on 28 May 2023?

Thanks,
Layla",2026-09-22 10:42:20,DOC-000214,1,
MSG-0000772,THR-000465,16,93,,Re: Question about Meeting Notes: Project Juniper - Steering Sync 28 May 2023,"Hi Layla,

Per 'Meeting Notes: Project Juniper - Steering Sync 28 May 2023' (https://notion.northwind-analytics.example.com/meeting_notes/doc-000214): USD 50,000.

Regards,
Maya",2026-09-22 13:39:20,DOC-000214,0,MSG-0000771
MSG-0000773,THR-000466,194,117,12,Question about Procurement Policy - United Kingdom,"Hi Riya,

Above what value are competitive quotes required in United Kingdom?

Thanks,
Jun",2026-03-30 22:14:41,DOC-000011,0,
MSG-0000774,THR-000467,122,199,,Need help with Runbook: auth-engine - Queue backlog,"Hi Daniel,

Which Slack channel is used for incidents on auth-engine?

Thanks,
Rahul",2026-09-25 19:09:57,DOC-000146,0,
MSG-0000775,THR-000467,199,122,15,Re: Need help with Runbook: auth-engine - Queue backlog,"Hi Rahul,

Per 'Runbook: auth-engine - Queue backlog' (https://github-wiki.northwind-analytics.example.com/runbook/doc-000146): #oncall-auth-engine.

Regards,
Daniel",2026-09-25 22:54:57,DOC-000146,0,MSG-0000774
MSG-0000776,THR-000468,35,180,,Need help with Meeting Notes: Project Indigo - Steering Sync 27 March 2026,"Hi Vikram,

What new launch date was agreed for Project Indigo in the steering sync on 27 March 2026?

Thanks,
Lukas",2026-05-25 09:24:38,DOC-000269,0,
MSG-0000777,THR-000468,180,35,,Re: Need help with Meeting Notes: Project Indigo - Steering Sync 27 March 2026,"Hi Lukas,

Per 'Meeting Notes: Project Indigo - Steering Sync 27 March 2026' (https://notion.northwind-analytics.example.com/meeting_notes/doc-000269): 6 July 2026.

Regards,
Vikram",2026-05-25 19:19:38,DOC-000269,0,MSG-0000776
MSG-0000778,THR-000468,35,180,,Re: Need help with Meeting Notes: Project Indigo - Steering Sync 27 March 2026,"Thanks, that helps!",2026-05-26 03:30:38,DOC-000269,0,MSG-0000777
MSG-0000779,THR-000469,185,113,,Clarification on Runbook: reporting-service - Disk usage high,"Hi Karan,

What command is used to restart reporting-service?

Thanks,
Anna",2026-08-13 12:18:43,DOC-000143,0,
MSG-0000780,THR-000470,48,16,13,Question about Project Brief: Project Beacon,"Hi Maya,

Who is the owner of Project Beacon?

Thanks,
Debjani",2026-06-26 08:23:43,DOC-000180,0,
MSG-0000781,THR-000471,74,123,8,Need help with Meeting Notes: Project Summit - Steering Sync 31 March 2023,"Hi Anna,

Who is responsible for the security review for Project Summit according to the steering sync on 31 March 2023?

Thanks,
Meera",2023-05-19 03:38:31,DOC-000202,1,
MSG-0000782,THR-000471,123,74,,Re: Need help with Meeting Notes: Project Summit - Steering Sync 31 March 2023,"Hi Meera,

Per 'Meeting Notes: Project Summit - Steering Sync 31 March 2023' (https://sharepoint.northwind-analytics.example.com/meeting_notes/doc-000202): Marta Rao.

Regards,
Anna",2023-05-19 06:06:31,DOC-000202,0,MSG-0000781
MSG-0000783,THR-000472,104,49,,Need help with Meeting Notes: Project Aurora - Steering Sync 19 October 2025,"Hi Tom,

Who is responsible for the security review for Project Aurora according to the steering sync on 19 October 2025?

Thanks,
Daniel",2026-03-24 19:19:42,DOC-000224,0,
MSG-0000784,THR-000472,49,104,,Re: Need help with Meeting Notes: Project Aurora - Steering Sync 19 October 2025,"Hi Daniel,

Per 'Meeting Notes: Project Aurora - Steering Sync 19 October 2025' (https://notion.northwind-analytics.example.com/meeting_notes/doc-000224): Zara Silva.

Regards,
Tom",2026-03-24 20:55:42,DOC-000224,0,MSG-0000783
MSG-0000785,THR-000472,104,49,,Re: Need help with Meeting Notes: Project Aurora - Steering Sync 19 October 2025,"Thanks, that helps!",2026-03-25 02:55:42,DOC-000224,0,MSG-0000784
MSG-0000786,THR-000473,25,81;179;57;121;51,,FYI: Runbook: profile-engine - Disk usage high updated,"Hi all,

We have published version 3 of 'Runbook: profile-engine - Disk usage high'. Please review: https://github-wiki.northwind-analytics.example.com/runbook/doc-000153

Thanks,
Arjun",2026-08-06 07:01:26,DOC-000153,0,
MSG-0000787,THR-000474,49,159,,Need help with Remote and Hybrid Work Policy - United States,"Hi Felix,

What is the monthly home-office stipend in United States?

Thanks,
Tom",2026-09-08 20:21:17,DOC-000027,0,
MSG-0000788,THR-000475,117,53;13;178;95;152,,FYI: Meeting Notes: Project Aurora - Steering Sync 16 December 2024 updated,"Hi all,

We have published version 3 of 'Meeting Notes: Project Aurora - Steering Sync 16 December 2024'. Please review: https://notion.northwind-analytics.example.com/meeting_notes/doc-000205

Thanks,
Riya",2025-05-05 16:44:24,DOC-000205,0,
MSG-0000789,THR-000476,123,136;42;119;106;173,,FYI: Meeting Notes: Project Ember - Steering Sync 1 May 2026 updated,"Hi all,

We have published version 5 of 'Meeting Notes: Project Ember - Steering Sync 1 May 2026'. Please review: https://google-drive.northwind-analytics.example.com/meeting_notes/doc-000260

Thanks,
Anna",2026-05-03 09:23:22,DOC-000260,0,
MSG-0000790,THR-000477,76,195,,Quick check: Runbook: shipping-service - High error rate,"Hi Ava,

What command is used to restart shipping-service?

Thanks,
Jonas",2026-08-04 18:02:05,DOC-000127,0,
MSG-0000791,THR-000477,195,76,,Re: Quick check: Runbook: shipping-service - High error rate,"Hi Jonas,

Per 'Runbook: shipping-service - High error rate' (https://confluence.northwind-analytics.example.com/runbook/doc-000127): kubectl rollout restart deployment/shipping-service.

Regards,
Ava",2026-08-05 01:32:05,DOC-000127,0,MSG-0000790
MSG-0000792,THR-000477,76,195,,Re: Quick check: Runbook: shipping-service - High error rate,"Thanks, that helps!",2026-08-05 06:05:05,DOC-000127,0,MSG-0000791
MSG-0000793,THR-000478,164,18,,Need help with Project Brief: Project Meridian,"Hi Sourav,

Who is the owner of Project Meridian?

Thanks,
Sourav",2025-02-19 16:00:16,DOC-000171,0,
MSG-0000794,THR-000478,18,164,,Re: Need help with Project Brief: Project Meridian,"Hi Sourav,

Per 'Project Brief: Project Meridian' (https://sharepoint.northwind-analytics.example.com/project_brief/doc-000171): Jonas Novak.

Regards,
Sourav",2025-02-19 20:29:16,DOC-000171,0,MSG-0000793
MSG-0000795,THR-000478,164,18,,Re: Need help with Project Brief: Project Meridian,"Thanks, that helps!",2025-02-20 00:25:16,DOC-000171,0,MSG-0000794
MSG-0000796,THR-000479,39,104,,Question about Meeting Notes: Project Nebula - Steering Sync 23 January 2025,"Hi Daniel,

What new launch date was agreed for Project Nebula in the steering sync on 23 January 2025?

Thanks,
Wei",2025-10-20 13:14:48,DOC-000231,0,
MSG-0000797,THR-000479,104,39,,Re: Question about Meeting Notes: Project Nebula - Steering Sync 23 January 2025,"Hi Wei,

Per 'Meeting Notes: Project Nebula - Steering Sync 23 January 2025' (https://google-drive.northwind-analytics.example.com/meeting_notes/doc-000231): 24 September 2025.

Regards,
Daniel",2025-10-20 21:27:48,DOC-000231,0,MSG-0000796
MSG-0000798,THR-000479,39,104,,Re: Question about Meeting Notes: Project Nebula - Steering Sync 23 January 2025,"Thanks, that helps!",2025-10-21 07:21:48,DOC-000231,0,MSG-0000797
MSG-0000799,THR-000480,31,41;27;3;195;147,,FYI: Meeting Notes: Project Lantern - Steering Sync 10 July 2026 updated,"Hi all,

We have published version 4 of 'Meeting Notes: Project Lantern - Steering Sync 10 July 2026'. Please review: https://sharepoint.northwind-analytics.example.com/meeting_notes/doc-000289

Thanks,
Anna",2026-09-22 20:59:17,DOC-000289,0,
MSG-0000800,THR-000481,16,123;195;12;84;78,,FYI: Meeting Notes: Project Yonder - Steering Sync 29 June 2024 updated,"Hi all,

We have published version 2 of 'Meeting Notes: Project Yonder - Steering Sync 29 June 2024'. Please review: https://sharepoint.northwind-analytics.example.com/meeting_notes/doc-000250

Thanks,
Maya",2024-11-08 07:44:11,DOC-000250,0,
MSG-0000801,THR-000482,96,154,,Need help with Meeting Notes: Project Xenon - Steering Sync 29 November 2023,"Hi Felix,

Who is responsible for the rollout checklist for Project Xenon according to the steering sync on 29 November 2023?

Thanks,
James",2025-11-10 12:38:40,DOC-000287,0,
MSG-0000802,THR-000482,154,96,18,Re: Need help with Meeting Notes: Project Xenon - Steering Sync 29 November 2023,"Hi James,

Per 'Meeting Notes: Project Xenon - Steering Sync 29 November 2023' (https://sharepoint.northwind-analytics.example.com/meeting_notes/doc-000287): Sophie Nair.

Regards,
Felix",2025-11-10 16:53:40,DOC-000287,0,MSG-0000801
MSG-0000803,THR-000482,96,154,,Re: Need help with Meeting Notes: Project Xenon - Steering Sync 29 November 2023,"Thanks, that helps!",2025-11-11 02:38:40,DOC-000287,0,MSG-0000802
MSG-0000804,THR-000483,38,192,,Quick check: HR Services FAQ - Singapore,"Hi Zara,

On which day of the month are payslips released in Singapore?

Thanks,
Arjun",2026-04-01 21:03:14,DOC-000042,0,
MSG-0000805,THR-000484,50,134,,Quick check: Meeting Notes: Project Cascade - Steering Sync 12 January 2026,"Hi James,

Who is responsible for the data migration plan for Project Cascade according to the steering sync on 12 January 2026?

Thanks,
Nikhil",2026-07-02 04:32:55,DOC-000258,0,
MSG-0000806,THR-000484,134,50,,Re: Quick check: Meeting Notes: Project Cascade - Steering Sync 12 January 2026,"Hi Nikhil,

Per 'Meeting Notes: Project Cascade - Steering Sync 12 January 2026' (https://notion.northwind-analytics.example.com/meeting_notes/doc-000258): Arjun Smith.

Regards,
James",2026-07-02 11:57:55,DOC-000258,1,MSG-0000805
MSG-0000807,THR-000484,50,134,,Re: Quick check: Meeting Notes: Project Cascade - Steering Sync 12 January 2026,"Thanks, that helps!",2026-07-02 21:49:55,DOC-000258,0,MSG-0000806
MSG-0000808,THR-000485,103,146,,Clarification on Runbook: reporting-service - Certificate expiring,"Hi Arjun,

Which Slack channel is used for incidents on reporting-service?

Thanks,
James",2026-04-17 16:38:12,DOC-000155,0,
MSG-0000809,THR-000486,104,105;41;172;190;35,,FYI: Meeting Notes: Project Meridian - Steering Sync 4 September 2024 updated,"Hi all,

We have published version 3 of 'Meeting Notes: Project Meridian - Steering Sync 4 September 2024'. Please review: https://notion.northwind-analytics.example.com/meeting_notes/doc-000211

Thanks,
Daniel",2024-10-23 10:18:56,DOC-000211,0,
MSG-0000810,THR-000487,107,96,,Question about Remote and Hybrid Work Policy - Singapore,"Hi James,

What are the core working hours in Singapore?

Thanks,
Noah",2026-02-12 15:32:29,DOC-000024,0,
MSG-0000811,THR-000488,145,6,,Question about Meeting Notes: Project Jade - Steering Sync 9 September 2023,"Hi Kavya,

Who is responsible for the rollout checklist for Project Jade according to the steering sync on 9 September 2023?

Thanks,
Daniel",2026-07-09 00:10:43,DOC-000234,0,
MSG-0000812,THR-000488,6,145,,Re: Question about Meeting Notes: Project Jade - Steering Sync 9 September 2023,"Hi Daniel,

Per 'Meeting Notes: Project Jade - Steering Sync 9 September 2023' (https://sharepoint.northwind-analytics.example.com/meeting_notes/doc-000234): Arjun Park.

Regards,
Kavya",2026-07-09 09:57:43,DOC-000234,0,MSG-0000811
MSG-0000813,THR-000488,145,6,28,Re: Question about Meeting Notes: Project Jade - Steering Sync 9 September 2023,"Thanks, that helps!",2026-07-09 10:53:43,DOC-000234,0,MSG-0000812
MSG-0000814,THR-000489,123,136,,Clarification on Parental Leave Policy - India,"Hi Oliver,

How many weeks of paid maternity leave are offered in India?

Thanks,
Anna",2026-09-15 22:45:28,DOC-000059,0,
MSG-0000815,THR-000490,43,41,,Quick check: Service Overview: profile-engine,"Hi Kavya,

Who owns the profile-engine service?

Thanks,
Vikram",2025-11-17 22:35:50,DOC-000101,0,
MSG-0000816,THR-000490,41,43,,Re: Quick check: Service Overview: profile-engine,"Hi Vikram,

Per 'Service Overview: profile-engine' (https://github-wiki.northwind-analytics.example.com/service_wiki/doc-000101): Arjun Park.

Regards,
Kavya",2025-11-18 04:24:50,DOC-000101,0,MSG-0000815
MSG-0000817,THR-000491,61,2,,Clarification on Service Overview: payments-api,"Hi Layla,

Which programming language is payments-api written in?

Thanks,
Ethan",2026-07-02 12:30:33,DOC-000103,0,
MSG-0000818,THR-000492,168,57;51;65;105;120,,FYI: HR Services FAQ - India updated,"Hi all,

We have published version 2 of 'HR Services FAQ - India'. Please review: https://notion.northwind-analytics.example.com/faq/doc-000070

Thanks,
Lukas",2025-02-20 10:56:00,DOC-000070,0,
MSG-0000819,THR-000493,119,87,27,Question about Meeting Notes: Project Comet - Steering Sync 31 May 2023,"Hi William,

Who is responsible for the load test report for Project Comet according to the steering sync on 31 May 2023?

Thanks,
Aarav",2023-10-17 02:06:07,DOC-000247,0,
MSG-0000820,THR-000493,87,119,,Re: Question about Meeting Notes: Project Comet - Steering Sync 31 May 2023,"Hi Aarav,

Per 'Meeting Notes: Project Comet - Steering Sync 31 May 2023' (https://sharepoint.northwind-analytics.example.com/meeting_notes/doc-000247): Sophie Nair.

Regards,
William",2023-10-17 08:06:07,DOC-000247,0,MSG-0000819
MSG-0000821,THR-000494,96,21;45;60;189;149,,FYI: New Joiner Onboarding Guide - Singapore updated,"Hi all,

We have published version 2 of 'New Joiner Onboarding Guide - Singapore'. Please review: https://sharepoint.northwind-analytics.example.com/policy/doc-000039

Thanks,
James",2026-05-26 11:41:23,DOC-000039,0,
MSG-0000822,THR-000495,60,184;34;12;33;139,,FYI: Runbook: reporting-gateway - Disk usage high updated,"Hi all,

We have published version 2 of 'Runbook: reporting-gateway - Disk usage high'. Please review: https://confluence.northwind-analytics.example.com/runbook/doc-000154

Thanks,
Pooja",2026-08-26 09:15:01,DOC-000154,0,
MSG-0000823,THR-000496,24,147,,Clarification on Project Brief: Project Ibis,"Hi Li,

What is the approved budget for Project Ibis?

Thanks,
Sophie",2025-11-30 11:11:37,DOC-000173,0,
MSG-0000824,THR-000497,177,168,,Need help with New Joiner Onboarding Guide - Singapore,"Hi Lukas,

For how many weeks does an onboarding buddy support a new joiner in Singapore?

Thanks,
Amit",2026-08-02 22:45:46,DOC-000039,0,
MSG-0000825,THR-000497,168,177,,Re: Need help with New Joiner Onboarding Guide - Singapore,"Hi Amit,

Per 'New Joiner Onboarding Guide - Singapore' (https://sharepoint.northwind-analytics.example.com/policy/doc-000039): 8 weeks.

Regards,
Lukas",2026-08-03 07:17:46,DOC-000039,0,MSG-0000824
MSG-0000826,THR-000497,177,168,,Re: Need help with New Joiner Onboarding Guide - Singapore,"Thanks, that helps!",2026-08-03 09:10:46,DOC-000039,0,MSG-0000825
MSG-0000827,THR-000498,144,162,,Clarification on Runbook: profile-engine - Queue backlog,"Hi Rohan,

After how many minutes should the 'Queue backlog' alert for profile-engine be escalated?

Thanks,
Neha",2025-11-19 15:29:23,DOC-000115,0,
MSG-0000828,THR-000498,162,144,30,Re: Clarification on Runbook: profile-engine - Queue backlog,"Hi Neha,

Per 'Runbook: profile-engine - Queue backlog' (https://confluence.northwind-analytics.example.com/runbook/doc-000115): 30 minutes.

Regards,
Rohan",2025-11-19 16:39:23,DOC-000115,0,MSG-0000827
MSG-0000829,THR-000498,144,162,,Re: Clarification on Runbook: profile-engine - Queue backlog,"Thanks, that helps!",2025-11-19 17:25:23,DOC-000115,0,MSG-0000828
MSG-0000830,THR-000499,135,117,,Clarification on Meeting Notes: Project Yonder - Steering Sync 11 March 2024,"Hi Riya,

Who is responsible for the load test report for Project Yonder according to the steering sync on 11 March 2024?

Thanks,
Sneha",2025-04-09 22:10:34,DOC-000197,0,
MSG-0000831,THR-000500,52,13;31;136;118;132,,FYI: Incident Response Procedure - India updated,"Hi all,

We have published version 5 of 'Incident Response Procedure - India'. Please review: https://confluence.northwind-analytics.example.com/policy/doc-000051

Thanks,
Chloe",2026-08-23 09:06:08,DOC-000051,0,
MSG-0000832,THR-000501,179,8,,Need help with Paid Time Off Policy - United Kingdom,"Hi Daniel,

How many days of paid time off do employees in United Kingdom get each year?

Thanks,
Marta",2026-06-28 02:43:44,DOC-000030,1,
MSG-0000833,THR-000502,166,93,,Quick check: Runbook: profile-sync - Certificate expiring,"Hi Layla,

What command is used to restart profile-sync?

Thanks,
Nikhil",2026-09-08 14:52:06,DOC-000137,0,
MSG-0000834,THR-000503,193,127;100;192;66;64,,FYI: New Joiner Onboarding Guide - United States updated,"Hi all,

We have published version 2 of 'New Joiner Onboarding Guide - United States'. Please review: https://confluence.northwind-analytics.example.com/policy/doc-000071

Thanks,
Li",2026-06-07 08:11:11,DOC-000071,0,
MSG-0000835,THR-000504,40,38,,Question about Runbook: ledger-service - Disk usage high,"Hi Arjun,

Which Slack channel is used for incidents on ledger-service?

Thanks,
Sofia",2026-04-24 12:15:01,DOC-000134,0,
MSG-0000836,THR-000504,38,40,,Re: Question about Runbook: ledger-service - Disk usage high,"Hi Sofia,

Per 'Runbook: ledger-service - Disk usage high' (https://confluence.northwind-analytics.example.com/runbook/doc-000134): #oncall-ledger-service.

Regards,
Arjun",2026-04-24 16:46:01,DOC-000134,0,MSG-0000835
MSG-0000837,THR-000505,53,101,,Quick check: Runbook: auth-api - Disk usage high,"Hi Riya,

After how many minutes should the 'Disk usage high' alert for auth-api be escalated?

Thanks,
Aarav",2026-05-18 02:25:00,DOC-000120,0,
MSG-0000838,THR-000505,101,53,,Re: Quick check: Runbook: auth-api - Disk usage high,"Hi Aarav,

Per 'Runbook: auth-api - Disk usage high' (https://github-wiki.northwind-analytics.example.com/runbook/doc-000120): 10 minutes.

Regards,
Riya",2026-05-18 07:42:00,DOC-000120,0,MSG-0000837
MSG-0000839,THR-000506,40,119;6;43;3;96,,FYI: Meeting Notes: Project Keystone - Steering Sync 11 August 2026 updated,"Hi all,

We have published version 3 of 'Meeting Notes: Project Keystone - Steering Sync 11 August 2026'. Please review: https://notion.northwind-analytics.example.com/meeting_notes/doc-000282

Thanks,
Sofia",2026-09-18 16:59:21,DOC-000282,0,
MSG-0000840,THR-000507,98,197;81;49;175;115,,FYI: Meeting Notes: Project Glacier - Steering Sync 19 June 2025 updated,"Hi all,

We have published version 4 of 'Meeting Notes: Project Glacier - Steering Sync 19 June 2025'. Please review: https://notion.northwind-analytics.example.com/meeting_notes/doc-000215

Thanks,
Anna",2026-07-16 15:43:22,DOC-000215,0,
MSG-0000841,THR-000508,165,110;163;169;54;41,,FYI: Meeting Notes: Project Ember - Steering Sync 10 June 2026 updated,"Hi all,

We have published version 2 of 'Meeting Notes: Project Ember - Steering Sync 10 June 2026'. Please review: https://google-drive.northwind-analytics.example.com/meeting_notes/doc-000276

Thanks,
Meera",2026-07-12 16:44:57,DOC-000276,0,
MSG-0000842,THR-000509,126,61,,Clarification on Project Brief: Project Horizon,"Hi Ethan,

Who is the executive sponsor of Project Horizon?

Thanks,
Noah",2026-09-06 16:29:11,DOC-000184,1,
MSG-0000843,THR-000510,115,155;35;8;168;95,,FYI: Business Travel Policy - Singapore updated,"Hi all,

We have published version 4 of 'Business Travel Policy - Singapore'. Please review: https://sharepoint.northwind-analytics.example.com/policy/doc-000055

Thanks,
Carlos",2026-08-03 12:34:05,DOC-000055,0,
MSG-0000844,THR-000511,50,197;106;56;11;39,,FYI: Service Overview: notification-hub updated,"Hi all,

We have published version 5 of 'Service Overview: notification-hub'. Please review: https://github-wiki.northwind-analytics.example.com/service_wiki/doc-000102

Thanks,
Nikhil",2026-05-21 16:18:07,DOC-000102,0,
MSG-0000845,THR-000512,114,43,,Need help with Project Brief: Project Horizon,"Hi Vikram,

What is the target launch date for Project Horizon?

Thanks,
Oliver",2026-08-11 22:24:44,DOC-000184,0,
MSG-0000846,THR-000512,43,114,,Re: Need help with Project Brief: Project Horizon,"Hi Oliver,

Per 'Project Brief: Project Horizon' (https://google-drive.northwind-analytics.example.com/project_brief/doc-000184): 25 June 2027.

Regards,
Vikram",2026-08-12 03:32:44,DOC-000184,0,MSG-0000845
MSG-0000847,THR-000512,114,43,,Re: Need help with Project Brief: Project Horizon,"Thanks, that helps!",2026-08-12 04:20:44,DOC-000184,1,MSG-0000846
MSG-0000848,THR-000513,25,46,,Clarification on Runbook: reporting-gateway - Disk usage high,"Hi Mei,

Which Slack channel is used for incidents on reporting-gateway?

Thanks,
Arjun",2026-09-30 16:55:41,DOC-000154,0,
MSG-0000849,THR-000513,46,25,15,Re: Clarification on Runbook: reporting-gateway - Disk usage high,"Hi Arjun,

Per 'Runbook: reporting-gateway - Disk usage high' (https://confluence.northwind-analytics.example.com/runbook/doc-000154): #oncall-reporting-gateway.

Regards,
Mei",2026-09-30 17:41:41,DOC-000154,0,MSG-0000848
MSG-0000850,THR-000513,25,46,,Re: Clarification on Runbook: reporting-gateway - Disk usage high,"Thanks, that helps!",2026-09-30 21:35:41,DOC-000154,0,MSG-0000849
MSG-0000851,THR-000514,20,154,,Quick check: IT Services FAQ - India,"Hi Felix,

Which VPN client do employees in India use?

Thanks,
Jonas",2026-03-22 22:09:06,DOC-000056,0,
MSG-0000852,THR-000514,154,20,,Re: Quick check: IT Services FAQ - India,"Hi Jonas,

Per 'IT Services FAQ - India' (https://notion.northwind-analytics.example.com/faq/doc-000056): GlobalConnect.

Regards,
Felix",2026-03-23 05:39:06,DOC-000056,0,MSG-0000851
MSG-0000853,THR-000514,20,154,,Re: Quick check: IT Services FAQ - India,"Thanks, that helps!",2026-03-23 12:35:06,DOC-000056,1,MSG-0000852
MSG-0000854,THR-000515,81,136,31,Clarification on New Joiner Onboarding Guide - United States,"Hi Oliver,

For how many weeks does an onboarding buddy support a new joiner in United States?

Thanks,
Riya",2026-07-15 12:21:35,DOC-000071,0,
MSG-0000855,THR-000515,136,81,,Re: Clarification on New Joiner Onboarding Guide - United States,"Hi Riya,

Per 'New Joiner Onboarding Guide - United States' (https://confluence.northwind-analytics.example.com/policy/doc-000071): 4 weeks.

Regards,
Oliver",2026-07-15 22:09:35,DOC-000071,0,MSG-0000854
MSG-0000856,THR-000515,81,136,,Re: Clarification on New Joiner Onboarding Guide - United States,"Thanks, that helps!",2026-07-16 06:43:35,DOC-000071,0,MSG-0000855
MSG-0000857,THR-000516,171,148,,Quick check: Runbook: ledger-service - High error rate,"Hi Neha,

Which Slack channel is used for incidents on ledger-service?

Thanks,
Chloe",2025-09-02 20:43:49,DOC-000147,0,
MSG-0000858,THR-000516,148,171,,Re: Quick check: Runbook: ledger-service - High error rate,"Hi Chloe,

Per 'Runbook: ledger-service - High error rate' (https://confluence.northwind-analytics.example.com/runbook/doc-000147): #oncall-ledger-service.

Regards,
Neha",2025-09-03 04:13:49,DOC-000147,0,MSG-0000857
MSG-0000859,THR-000517,47,23,,Clarification on Runbook: auth-api - Certificate expiring,"Hi Jonas,

After how many minutes should the 'Certificate expiring' alert for auth-api be escalated?

Thanks,
Pooja",2024-12-28 16:31:45,DOC-000114,1,
MSG-0000860,THR-000518,157,29;73;188;125;131,,FYI: Project Brief: Project Summit updated,"Hi all,

We have published version 3 of 'Project Brief: Project Summit'. Please review: https://google-drive.northwind-analytics.example.com/project_brief/doc-000167

Thanks,
Jun",2024-02-15 16:16:34,DOC-000167,0,
MSG-0000861,THR-000519,158,168,27,Quick check: Learning and Development Budget Policy - India,"Hi Lukas,

How many working hours per quarter can be spent on learning in India?

Thanks,
Sneha",2026-06-17 23:59:39,DOC-000073,0,
MSG-0000862,THR-000519,168,158,8,Re: Quick check: Learning and Development Budget Policy - India,"Hi Sneha,

Per 'Learning and Development Budget Policy - India' (https://sharepoint.northwind-analytics.example.com/policy/doc-000073): 40 hours.

Regards,
Lukas",2026-06-18 03:27:39,DOC-000073,0,MSG-0000861
MSG-0000863,THR-000519,158,168,,Re: Quick check: Learning and Development Budget Policy - India,"Thanks, that helps!",2026-06-18 04:30:39,DOC-000073,0,MSG-0000862
MSG-0000864,THR-000520,33,1;16;2;90;51,,FYI: Meeting Notes: Project Nebula - Steering Sync 23 January 2025 updated,"Hi all,

We have published version 3 of 'Meeting Notes: Project Nebula - Steering Sync 23 January 2025'. Please review: https://google-drive.northwind-analytics.example.com/meeting_notes/doc-000231

Thanks,
Emily",2025-02-13 18:44:47,DOC-000231,0,
MSG-0000865,THR-000521,1,129,,Question about Service Overview: profile-sync,"Hi Lukas,

Who owns the profile-sync service?

Thanks,
Priya",2026-07-21 15:20:34,DOC-000104,0,
MSG-0000866,THR-000521,129,1,,Re: Question about Service Overview: profile-sync,"Hi Priya,

Per 'Service Overview: profile-sync' (https://github-wiki.northwind-analytics.example.com/service_wiki/doc-000104): Pooja Gupta.

Regards,
Lukas",2026-07-21 19:25:34,DOC-000104,1,MSG-0000865
MSG-0000867,THR-000522,176,9,,Question about Meeting Notes: Project Meridian - Steering Sync 30 June 2024,"Hi Zara,

What new launch date was agreed for Project Meridian in the steering sync on 30 June 2024?

Thanks,
Amit",2026-01-18 01:02:59,DOC-000203,0,
MSG-0000868,THR-000522,9,176,,Re: Question about Meeting Notes: Project Meridian - Steering Sync 30 June 2024,"Hi Amit,

Per 'Meeting Notes: Project Meridian - Steering Sync 30 June 2024' (https://sharepoint.northwind-analytics.example.com/meeting_notes/doc-000203): 27 November 2024.

Regards,
Zara",2026-01-18 08:55:59,DOC-000203,0,MSG-0000867
MSG-0000869,THR-000523,50,129;157;99;173;53,,FYI: Runbook: notification-hub - Queue backlog updated,"Hi all,

We have published version 3 of 'Runbook: notification-hub - Queue backlog'. Please review: https://github-wiki.northwind-analytics.example.com/runbook/doc-000138

Thanks,
Nikhil",2025-04-17 20:35:56,DOC-000138,0,
MSG-0000870,THR-000524,60,87;163;30;162;139,,FYI: Runbook: ingestion-gateway - Queue backlog updated,"Hi all,

We have published version 4 of 'Runbook: ingestion-gateway - Queue backlog'. Please review: https://confluence.northwind-analytics.example.com/runbook/doc-000131

Thanks,
Pooja",2026-07-10 13:57:47,DOC-000131,0,
MSG-0000871,THR-000525,151,142;79;199;28;1,,FYI: Meeting Notes: Project Lotus - Steering Sync 15 April 2024 updated,"Hi all,

We have published version 5 of 'Meeting Notes: Project Lotus - Steering Sync 15 April 2024'. Please review: https://notion.northwind-analytics.example.com/meeting_notes/doc-000228

Thanks,
William",2024-10-13 13:29:06,DOC-000228,0,
MSG-0000872,THR-000526,59,42,,Question about IT Services FAQ - Singapore,"Hi Jonas,

Which VPN client do employees in Singapore use?

Thanks,
Tom",2026-03-27 19:00:32,DOC-000050,0,
MSG-0000873,THR-000526,42,59,,Re: Question about IT Services FAQ - Singapore,"Hi Tom,

Per 'IT Services FAQ - Singapore' (https://confluence.northwind-analytics.example.com/faq/doc-000050): SecureLink.

Regards,
Jonas",2026-03-27 22:54:32,DOC-000050,0,MSG-0000872
MSG-0000874,THR-000526,59,42,,Re: Question about IT Services FAQ - Singapore,"Thanks, that helps!",2026-03-28 00:03:32,DOC-000050,0,MSG-0000873
MSG-0000875,THR-000527,96,12;109;194;162;186,,FYI: Learning and Development Budget Policy - United Kingdom updated,"Hi all,

We have published version 4 of 'Learning and Development Budget Policy - United Kingdom'. Please review: https://sharepoint.northwind-analytics.example.com/policy/doc-000014

Thanks,
James",2025-05-21 14:31:24,DOC-000014,0,
MSG-0000876,THR-000528,175,107,,Clarification on Meeting Notes: Project Meridian - Steering Sync 4 September 2024,"Hi Noah,

What new launch date was agreed for Project Meridian in the steering sync on 4 September 2024?

Thanks,
Tom",2026-04-22 11:15:40,DOC-000211,0,
MSG-0000877,THR-000529,159,187,,Clarification on Meeting Notes: Project Nebula - Steering Sync 23 January 2025,"Hi James,

How much additional budget was approved for Project Nebula in the steering sync on 23 January 2025?

Thanks,
Felix",2025-05-22 20:09:32,DOC-000231,0,
MSG-0000878,THR-000529,187,159,,Re: Clarification on Meeting Notes: Project Nebula - Steering Sync 23 January 2025,"Hi Felix,

Per 'Meeting Notes: Project Nebula - Steering Sync 23 January 2025' (https://google-drive.northwind-analytics.example.com/meeting_notes/doc-000231): USD 100,000.

Regards,
James",2025-05-22 20:31:32,DOC-000231,0,MSG-0000877
MSG-0000879,THR-000529,159,187,,Re: Clarification on Meeting Notes: Project Nebula - Steering Sync 23 January 2025,"Thanks, that helps!",2025-05-22 23:10:32,DOC-000231,0,MSG-0000878
MSG-0000880,THR-000530,155,66,,Clarification on Meeting Notes: Project Indigo - Steering Sync 16 February 2026,"Hi Michael,

How much additional budget was approved for Project Indigo in the steering sync on 16 February 2026?

Thanks,
William",2026-07-02 21:31:10,DOC-000226,0,
MSG-0000881,THR-000530,66,155,,Re: Clarification on Meeting Notes: Project Indigo - Steering Sync 16 February 2026,"Hi William,

Per 'Meeting Notes: Project Indigo - Steering Sync 16 February 2026' (https://google-drive.northwind-analytics.example.com/meeting_notes/doc-000226): USD 25,000.

Regards,
Michael",2026-07-03 07:15:10,DOC-000226,0,MSG-0000880
MSG-0000882,THR-000531,116,133,,Clarification on Meeting Notes: Project Indigo - Steering Sync 28 January 2026,"Hi Meera,

What new launch date was agreed for Project Indigo in the steering sync on 28 January 2026?

Thanks,
James",2026-03-26 16:45:42,DOC-000188,0,
MSG-0000883,THR-000531,133,116,,Re: Clarification on Meeting Notes: Project Indigo - Steering Sync 28 January 2026,"Hi James,

Per 'Meeting Notes: Project Indigo - Steering Sync 28 January 2026' (https://notion.northwind-analytics.example.com/meeting_notes/doc-000188): 3 June 2026.

Regards,
Meera",2026-03-26 19:16:42,DOC-000188,0,MSG-0000882
MSG-0000884,THR-000531,116,133,15,Re: Clarification on Meeting Notes: Project Indigo - Steering Sync 28 January 2026,"Thanks, that helps!",2026-03-27 00:32:42,DOC-000188,0,MSG-0000883
MSG-0000885,THR-000532,80,117,,Need help with Meeting Notes: Project Aurora - Steering Sync 19 October 2025,"Hi Riya,

Who is responsible for the security review for Project Aurora according to the steering sync on 19 October 2025?

Thanks,
Pooja",2026-06-24 17:12:00,DOC-000224,0,
MSG-0000886,THR-000532,117,80,,Re: Need help with Meeting Notes: Project Aurora - Steering Sync 19 October 2025,"Hi Pooja,

Per 'Meeting Notes: Project Aurora - Steering Sync 19 October 2025' (https://notion.northwind-analytics.example.com/meeting_notes/doc-000224): Zara Silva.

Regards,
Riya",2026-06-25 03:01:00,DOC-000224,0,MSG-0000885
MSG-0000887,THR-000533,29,76,,Need help with Meeting Notes: Project Keystone - Steering Sync 11 August 2026,"Hi Jonas,

How much additional budget was approved for Project Keystone in the steering sync on 11 August 2026?

Thanks,
Mei",2026-08-24 00:38:51,DOC-000282,0,
MSG-0000888,THR-000534,99,49,,Question about Meeting Notes: Project Yonder - Steering Sync 11 March 2024,"Hi Tom,

What new launch date was agreed for Project Yonder in the steering sync on 11 March 2024?

Thanks,
Nikhil",2024-10-08 18:47:37,DOC-000197,0,
MSG-0000889,THR-000534,49,99,,Re: Question about Meeting Notes: Project Yonder - Steering Sync 11 March 2024,"Hi Nikhil,

Per 'Meeting Notes: Project Yonder - Steering Sync 11 March 2024' (https://sharepoint.northwind-analytics.example.com/meeting_notes/doc-000197): 15 November 2024.

Regards,
Tom",2024-10-08 21:42:37,DOC-000197,0,MSG-0000888
MSG-0000890,THR-000535,52,9;42;103;36;118,,FYI: Meeting Notes: Project Xenon - Steering Sync 30 December 2023 updated,"Hi all,

We have published version 4 of 'Meeting Notes: Project Xenon - Steering Sync 30 December 2023'. Please review: https://sharepoint.northwind-analytics.example.com/meeting_notes/doc-000223

Thanks,
Chloe",2026-06-13 07:20:10,DOC-000223,0,
MSG-0000891,THR-000536,5,42,,Quick check: Information Security Standard - Singapore,"Hi Jonas,

What is the minimum password length under the security standard in Singapore?

Thanks,
Aarav",2026-02-26 17:41:35,DOC-000028,0,
MSG-0000892,THR-000536,42,5,18,Re: Quick check: Information Security Standard - Singapore,"Hi Aarav,

Per 'Information Security Standard - Singapore' (https://confluence.northwind-analytics.example.com/policy/doc-000028): 10 characters.

Regards,
Jonas",2026-02-26 21:32:35,DOC-000028,0,MSG-0000891
MSG-0000893,THR-000536,5,42,,Re: Quick check: Information Security Standard - Singapore,"Thanks, that helps!",2026-02-27 07:23:35,DOC-000028,0,MSG-0000892
MSG-0000894,THR-000537,166,168,,Need help with Paid Time Off Policy - United Kingdom,"Hi Lukas,

What is the maximum number of PTO days that can be carried over in United Kingdom?

Thanks,
Nikhil",2026-07-09 16:12:42,DOC-000030,0,
MSG-0000895,THR-000537,168,166,8,Re: Need help with Paid Time Off Policy - United Kingdom,"Hi Nikhil,

Per 'Paid Time Off Policy - United Kingdom' (https://sharepoint.northwind-analytics.example.com/policy/doc-000030): 9 days.

Regards,
Lukas",2026-07-09 20:19:42,DOC-000030,0,MSG-0000894
MSG-0000896,THR-000538,16,55;12;174;89;185,,FYI: Meeting Notes: Project Yonder - Steering Sync 29 June 2024 updated,"Hi all,

We have published version 2 of 'Meeting Notes: Project Yonder - Steering Sync 29 June 2024'. Please review: https://sharepoint.northwind-analytics.example.com/meeting_notes/doc-000250

Thanks,
Maya",2026-09-14 12:58:00,DOC-000250,0,
MSG-0000897,THR-000539,173,94,,Question about Meeting Notes: Project Tundra - Steering Sync 1 December 2024,"Hi Chloe,

Who is responsible for the vendor contract for Project Tundra according to the steering sync on 1 December 2024?

Thanks,
Sanjay",2026-01-17 15:18:56,DOC-000221,0,
MSG-0000898,THR-000539,94,173,31,Re: Question about Meeting Notes: Project Tundra - Steering Sync 1 December 2024,"Hi Sanjay,

Per 'Meeting Notes: Project Tundra - Steering Sync 1 December 2024' (https://notion.northwind-analytics.example.com/meeting_notes/doc-000221): Ethan Fischer.

Regards,
Chloe",2026-01-18 01:01:56,DOC-000221,0,MSG-0000897
MSG-0000899,THR-000540,134,181,,Question about Meeting Notes: Project Indigo - Steering Sync 30 January 2026,"Hi William,

What new launch date was agreed for Project Indigo in the steering sync on 30 January 2026?

Thanks,
James",2026-07-19 23:03:18,DOC-000299,0,
MSG-0000900,THR-000540,181,134,24,Re: Question about Meeting Notes: Project Indigo - Steering Sync 30 January 2026,"Hi James,

Per 'Meeting Notes: Project Indigo - Steering Sync 30 January 2026' (https://google-drive.northwind-analytics.example.com/meeting_notes/doc-000299): 17 June 2026.

Regards,
William",2026-07-19 23:43:18,DOC-000299,0,MSG-0000899
MSG-0000901,THR-000540,134,181,,Re: Question about Meeting Notes: Project Indigo - Steering Sync 30 January 2026,"Thanks, that helps!",2026-07-20 03:16:18,DOC-000299,0,MSG-0000900
MSG-0000902,THR-000541,35,168,,Question about Learning and Development Budget Policy - Singapore,"Hi Lukas,

How many working hours per quarter can be spent on learning in Singapore?

Thanks,
Lukas",2025-04-02 18:37:58,DOC-000081,0,
MSG-0000903,THR-000541,168,35,,Re: Question about Learning and Development Budget Policy - Singapore,"Hi Lukas,

Per 'Learning and Development Budget Policy - Singapore' (https://confluence.northwind-analytics.example.com/policy/doc-000081): 30 hours.

Regards,
Lukas",2025-04-03 01:54:58,DOC-000081,0,MSG-0000902
MSG-0000904,THR-000542,154,200;33;30;83;89,,FYI: Meeting Notes: Project Kestrel - Steering Sync 24 March 2026 updated,"Hi all,

We have published version 2 of 'Meeting Notes: Project Kestrel - Steering Sync 24 March 2026'. Please review: https://notion.northwind-analytics.example.com/meeting_notes/doc-000213

Thanks,
Felix",2026-05-05 11:02:24,DOC-000213,0,
MSG-0000905,THR-000543,49,42,,Question about Meeting Notes: Project Quartz - Steering Sync 24 February 2025,"Hi Jonas,

What new launch date was agreed for Project Quartz in the steering sync on 24 February 2025?

Thanks,
Tom",2026-06-28 09:33:59,DOC-000245,0,
MSG-0000906,THR-000543,42,49,,Re: Question about Meeting Notes: Project Quartz - Steering Sync 24 February 2025,"Hi Tom,

Per 'Meeting Notes: Project Quartz - Steering Sync 24 February 2025' (https://notion.northwind-analytics.example.com/meeting_notes/doc-000245): 4 August 2025.

Regards,
Jonas",2026-06-28 14:39:59,DOC-000245,1,MSG-0000905
MSG-0000907,THR-000543,49,42,,Re: Question about Meeting Notes: Project Quartz - Steering Sync 24 February 2025,"Thanks, that helps!",2026-06-28 23:14:59,DOC-000245,0,MSG-0000906
MSG-0000908,THR-000544,161,175,,Quick check: Project Brief: Project Atlas,"Hi Tom,

What is the target launch date for Project Atlas?

Thanks,
Ava",2025-10-07 13:26:50,DOC-000177,0,
MSG-0000909,THR-000545,75,78,26,Quick check: Meeting Notes: Project Dynamo - Steering Sync 15 June 2023,"Hi Oliver,

What new launch date was agreed for Project Dynamo in the steering sync on 15 June 2023?

Thanks,
Anna",2024-09-18 13:49:31,DOC-000295,0,
MSG-0000910,THR-000546,49,48;24;18;184;200,,FYI: Expense Reimbursement Policy - United States updated,"Hi all,

We have published version 4 of 'Expense Reimbursement Policy - United States'. Please review: https://sharepoint.northwind-analytics.example.com/policy/doc-000038

Thanks,
Tom",2026-04-22 18:15:25,DOC-000038,0,
MSG-0000911,THR-000547,132,42,,Need help with Meeting Notes: Project Quartz - Steering Sync 7 April 2025,"Hi Jonas,

How much additional budget was approved for Project Quartz in the steering sync on 7 April 2025?

Thanks,
Mei",2025-12-06 04:53:09,DOC-000263,0,
MSG-0000912,THR-000547,42,132,,Re: Need help with Meeting Notes: Project Quartz - Steering Sync 7 April 2025,"Hi Mei,

Per 'Meeting Notes: Project Quartz - Steering Sync 7 April 2025' (https://notion.northwind-analytics.example.com/meeting_notes/doc-000263): USD 50,000.

Regards,
Jonas",2025-12-06 10:52:09,DOC-000263,0,MSG-0000911
MSG-0000913,THR-000548,45,192,29,Quick check: Project Brief: Project Eclipse,"Hi Zara,

Who is the owner of Project Eclipse?

Thanks,
William",2026-06-25 17:35:11,DOC-000186,0,
MSG-0000914,THR-000549,108,18;15;87;14;136,,FYI: Meeting Notes: Project Comet - Steering Sync 25 October 2023 updated,"Hi all,

We have published version 3 of 'Meeting Notes: Project Comet - Steering Sync 25 October 2023'. Please review: https://google-drive.northwind-analytics.example.com/meeting_notes/doc-000279

Thanks,
Vikram",2025-08-26 14:23:39,DOC-000279,0,
MSG-0000915,THR-000550,80,107,,Need help with IT Services FAQ - United States,"Hi Noah,

What is the IT helpdesk extension in United States?

Thanks,
Pooja",2025-11-24 17:57:05,DOC-000033,0,
MSG-0000916,THR-000551,29,167,,Question about Service Overview: ingestion-engine,"Hi Sophie,

What is the availability SLO for ingestion-engine?

Thanks,
Mei",2026-07-25 00:54:33,DOC-000094,0,
MSG-0000917,THR-000551,167,29,,Re: Question about Service Overview: ingestion-engine,"Hi Mei,

Per 'Service Overview: ingestion-engine' (https://confluence.northwind-analytics.example.com/service_wiki/doc-000094): 99.99 percent.

Regards,
Sophie",2026-07-25 10:43:33,DOC-000094,0,MSG-0000916
MSG-0000918,THR-000552,58,46,,Question about Runbook: reporting-gateway - Queue backlog,"Hi Mei,

After how many minutes should the 'Queue backlog' alert for reporting-gateway be escalated?

Thanks,
Pooja",2026-08-21 16:01:31,DOC-000126,0,
MSG-0000919,THR-000552,46,58,,Re: Question about Runbook: reporting-gateway - Queue backlog,"Hi Pooja,

Per 'Runbook: reporting-gateway - Queue backlog' (https://github-wiki.northwind-analytics.example.com/runbook/doc-000126): 30 minutes.

Regards,
Mei",2026-08-21 17:16:31,DOC-000126,0,MSG-0000918
MSG-0000920,THR-000552,58,46,,Re: Question about Runbook: reporting-gateway - Queue backlog,"Thanks, that helps!",2026-08-22 02:14:31,DOC-000126,0,MSG-0000919
MSG-0000921,THR-000553,149,8,,Quick check: Meeting Notes: Project Eclipse - Steering Sync 4 September 2026,"Hi Daniel,

How much additional budget was approved for Project Eclipse in the steering sync on 4 September 2026?

Thanks,
Oliver",2026-09-05 23:46:32,DOC-000240,0,
MSG-0000922,THR-000554,151,47;32;114;178;79,,FYI: Project Brief: Project Keystone updated,"Hi all,

We have published version 2 of 'Project Brief: Project Keystone'. Please review: https://sharepoint.northwind-analytics.example.com/project_brief/doc-000168

Thanks,
William",2026-09-07 09:20:43,DOC-000168,0,
MSG-0000923,THR-000555,129,9,,Question about Meeting Notes: Project Nebula - Steering Sync 23 January 2025,"Hi Zara,

What new launch date was agreed for Project Nebula in the steering sync on 23 January 2025?

Thanks,
Lukas",2025-12-24 06:25:13,DOC-000231,0,
MSG-0000924,THR-000555,9,129,1,Re: Question about Meeting Notes: Project Nebula - Steering Sync 23 January 2025,"Hi Lukas,

Per 'Meeting Notes: Project Nebula - Steering Sync 23 January 2025' (https://google-drive.northwind-analytics.example.com/meeting_notes/doc-000231): 24 September 2025.

Regards,
Zara",2025-12-24 14:39:13,DOC-000231,0,MSG-0000923
MSG-0000925,THR-000555,129,9,,Re: Question about Meeting Notes: Project Nebula - Steering Sync 23 January 2025,"Thanks, that helps!",2025-12-24 21:14:13,DOC-000231,0,MSG-0000924
MSG-0000926,THR-000556,158,27,,Quick check: Meeting Notes: Project Harbor - Steering Sync 3 September 2026,"Hi Noah,

Who is responsible for the user training deck for Project Harbor according to the steering sync on 3 September 2026?

Thanks,
Sneha",2026-09-26 17:38:10,DOC-000248,0,
MSG-0000927,THR-000557,14,14,,Question about Runbook: profile-engine - Disk usage high,"Hi James,

Which Slack channel is used for incidents on profile-engine?

Thanks,
James",2026-08-18 18:44:27,DOC-000153,0,
MSG-0000928,THR-000558,43,29,,Question about Meeting Notes: Project Glacier - Steering Sync 26 April 2025,"Hi Mei,

Who is responsible for the load test report for Project Glacier according to the steering sync on 26 April 2025?

Thanks,
Vikram",2025-12-15 23:05:34,DOC-000267,0,
MSG-0000929,THR-000558,29,43,2,Re: Question about Meeting Notes: Project Glacier - Steering Sync 26 April 2025,"Hi Vikram,

Per 'Meeting Notes: Project Glacier - Steering Sync 26 April 2025' (https://sharepoint.northwind-analytics.example.com/meeting_notes/doc-000267): Sneha Sen.

Regards,
Mei",2025-12-16 04:04:34,DOC-000267,0,MSG-0000928
MSG-0000930,THR-000558,43,29,,Re: Question about Meeting Notes: Project Glacier - Steering Sync 26 April 2025,"Thanks, that helps!",2025-12-16 08:52:34,DOC-000267,0,MSG-0000929
MSG-0000931,THR-000559,157,154,,Need help with Meeting Notes: Project Nebula - Steering Sync 1 July 2025,"Hi Felix,

Who is responsible for the cost forecast for Project Nebula according to the steering sync on 1 July 2025?

Thanks,
Jun",2025-12-01 02:27:57,DOC-000286,0,
MSG-0000932,THR-000560,138,165,17,Question about Meeting Notes: Project Orion - Steering Sync 18 July 2026,"Hi Meera,

What new launch date was agreed for Project Orion in the steering sync on 18 July 2026?

Thanks,
Chloe",2026-08-29 18:42:36,DOC-000273,1,
MSG-0000933,THR-000560,165,138,,Re: Question about Meeting Notes: Project Orion - Steering Sync 18 July 2026,"Hi Chloe,

Per 'Meeting Notes: Project Orion - Steering Sync 18 July 2026' (https://sharepoint.northwind-analytics.example.com/meeting_notes/doc-000273): 9 November 2026.

Regards,
Meera",2026-08-30 02:40:36,DOC-000273,0,MSG-0000932
MSG-0000934,THR-000560,138,165,,Re: Question about Meeting Notes: Project Orion - Steering Sync 18 July 2026,"Thanks, that helps!",2026-08-30 04:00:36,DOC-000273,0,MSG-0000933
MSG-0000935,THR-000561,122,11,,Quick check: Meeting Notes: Project Vertex - Steering Sync 13 September 2026,"Hi Oliver,

What new launch date was agreed for Project Vertex in the steering sync on 13 September 2026?

Thanks,
Rahul",2026-09-20 02:44:58,DOC-000298,0,
MSG-0000936,THR-000561,11,122,,Re: Quick check: Meeting Notes: Project Vertex - Steering Sync 13 September 2026,"Hi Rahul,

Per 'Meeting Notes: Project Vertex - Steering Sync 13 September 2026' (https://sharepoint.northwind-analytics.example.com/meeting_notes/doc-000298): 15 November 2027.

Regards,
Oliver",2026-09-20 08:25:58,DOC-000298,0,MSG-0000935
MSG-0000937,THR-000561,122,11,,Re: Quick check: Meeting Notes: Project Vertex - Steering Sync 13 September 2026,"Thanks, that helps!",2026-09-20 12:01:58,DOC-000298,0,MSG-0000936
MSG-0000938,THR-000562,93,186;56;164;8;54,,FYI: Service Overview: payments-api updated,"Hi all,

We have published version 4 of 'Service Overview: payments-api'. Please review: https://confluence.northwind-analytics.example.com/service_wiki/doc-000103

Thanks,
Layla",2026-08-12 13:33:06,DOC-000103,0,
MSG-0000939,THR-000563,21,176,,Clarification on Meeting Notes: Project Lotus - Steering Sync 1 May 2024,"Hi Amit,

What new launch date was agreed for Project Lotus in the steering sync on 1 May 2024?

Thanks,
Grace",2025-09-27 21:16:27,DOC-000292,1,
MSG-0000940,THR-000563,176,21,,Re: Clarification on Meeting Notes: Project Lotus - Steering Sync 1 May 2024,"Hi Grace,

Per 'Meeting Notes: Project Lotus - Steering Sync 1 May 2024' (https://notion.northwind-analytics.example.com/meeting_notes/doc-000292): 16 October 2024.

Regards,
Amit",2025-09-28 03:05:27,DOC-000292,0,MSG-0000939
MSG-0000941,THR-000563,21,176,,Re: Clarification on Meeting Notes: Project Lotus - Steering Sync 1 May 2024,"Thanks, that helps!",2025-09-28 03:33:27,DOC-000292,0,MSG-0000940
MSG-0000942,THR-000564,195,81;38;144;109;150,,FYI: Service Overview: ledger-gateway updated,"Hi all,

We have published version 1 of 'Service Overview: ledger-gateway'. Please review: https://confluence.northwind-analytics.example.com/service_wiki/doc-000107

Thanks,
Ava",2023-09-22 14:29:36,DOC-000107,0,
MSG-0000943,THR-000565,30,169;81;191;130;138,,FYI: Runbook: auth-engine - Disk usage high updated,"Hi all,

We have published version 1 of 'Runbook: auth-engine - Disk usage high'. Please review: https://confluence.northwind-analytics.example.com/runbook/doc-000128

Thanks,
Nikhil",2024-04-26 20:50:23,DOC-000128,0,
MSG-0000944,THR-000566,96,172;82;50;33;173,,FYI: Learning and Development Budget Policy - United Kingdom updated,"Hi all,

We have published version 4 of 'Learning and Development Budget Policy - United Kingdom'. Please review: https://sharepoint.northwind-analytics.example.com/policy/doc-000014

Thanks,
James",2026-05-13 18:29:47,DOC-000014,0,
MSG-0000945,THR-000567,16,62;150;21;3;64,,FYI: Meeting Notes: Project Aurora - Steering Sync 19 October 2025 updated,"Hi all,

We have published version 4 of 'Meeting Notes: Project Aurora - Steering Sync 19 October 2025'. Please review: https://notion.northwind-analytics.example.com/meeting_notes/doc-000224

Thanks,
Maya",2025-10-29 18:47:07,DOC-000224,0,
MSG-0000946,THR-000568,91,30,21,Clarification on Meeting Notes: Project Glacier - Steering Sync 14 July 2025,"Hi Nikhil,

Who is responsible for the API specification for Project Glacier according to the steering sync on 14 July 2025?

Thanks,
Grace",2025-09-17 03:57:30,DOC-000294,1,
MSG-0000947,THR-000568,30,91,,Re: Clarification on Meeting Notes: Project Glacier - Steering Sync 14 July 2025,"Hi Grace,

Per 'Meeting Notes: Project Glacier - Steering Sync 14 July 2025' (https://google-drive.northwind-analytics.example.com/meeting_notes/doc-000294): Nikhil Iyer.

Regards,
Nikhil",2025-09-17 13:05:30,DOC-000294,0,MSG-0000946
MSG-0000948,THR-000568,91,30,,Re: Clarification on Meeting Notes: Project Glacier - Steering Sync 14 July 2025,"Thanks, that helps!",2025-09-17 14:53:30,DOC-000294,0,MSG-0000947
MSG-0000949,THR-000569,200,55;183;119;53;103,,FYI: Paid Time Off Policy - United Kingdom updated,"Hi all,

We have published version 5 of 'Paid Time Off Policy - United Kingdom'. Please review: https://sharepoint.northwind-analytics.example.com/policy/doc-000030

Thanks,
Anna",2026-07-03 12:03:56,DOC-000030,0,
MSG-0000950,THR-000570,99,187,,Clarification on Incident Response Procedure - United States,"Hi James,

Within how many minutes must a Severity 1 incident be acknowledged in United States?

Thanks,
Nikhil",2026-02-19 20:15:50,DOC-000046,0,
MSG-0000951,THR-000570,187,99,,Re: Clarification on Incident Response Procedure - United States,"Hi Nikhil,

Per 'Incident Response Procedure - United States' (https://sharepoint.northwind-analytics.example.com/policy/doc-000046): 15 minutes.

Regards,
James",2026-02-20 03:10:50,DOC-000046,0,MSG-0000950
MSG-0000952,THR-000571,84,153,,Question about Runbook: profile-engine - Elevated latency,"Hi Felix,

What command is used to restart profile-engine?

Thanks,
Anna",2026-07-04 12:48:00,DOC-000145,0,
MSG-0000953,THR-000571,153,84,,Re: Question about Runbook: profile-engine - Elevated latency,"Hi Anna,

Per 'Runbook: profile-engine - Elevated latency' (https://github-wiki.northwind-analytics.example.com/runbook/doc-000145): kubectl rollout restart deployment/profile-engine.

Regards,
Felix",2026-07-04 18:35:00,DOC-000145,0,MSG-0000952
MSG-0000954,THR-000572,26,146,,Quick check: Runbook: reporting-service - High error rate,"Hi Arjun,

After how many minutes should the 'High error rate' alert for reporting-service be escalated?

Thanks,
Sourav",2026-03-26 21:23:11,DOC-000144,0,
MSG-0000955,THR-000573,119,11,,Clarification on Data Retention Policy - Singapore,"Hi Oliver,

How many years are contracts retained in Singapore?

Thanks,
Aarav",2026-06-12 23:14:15,DOC-000090,0,
MSG-0000956,THR-000573,11,119,1,Re: Clarification on Data Retention Policy - Singapore,"Hi Aarav,

Per 'Data Retention Policy - Singapore' (https://confluence.northwind-analytics.example.com/policy/doc-000090): 7 years.

Regards,
Oliver",2026-06-13 06:18:15,DOC-000090,0,MSG-0000955
MSG-0000957,THR-000573,119,11,27,Re: Clarification on Data Retention Policy - Singapore,"Thanks, that helps!",2026-06-13 11:25:15,DOC-000090,1,MSG-0000956
MSG-0000958,THR-000574,9,29,,Need help with Runbook: payments-api - High error rate,"Hi Mei,

After how many minutes should the 'High error rate' alert for payments-api be escalated?

Thanks,
Zara",2025-01-14 12:26:45,DOC-000152,0,
MSG-0000959,THR-000574,29,9,,Re: Need help with Runbook: payments-api - High error rate,"Hi Zara,

Per 'Runbook: payments-api - High error rate' (https://github-wiki.northwind-analytics.example.com/runbook/doc-000152): 10 minutes.

Regards,
Mei",2025-01-14 17:37:45,DOC-000152,0,MSG-0000958
MSG-0000960,THR-000575,36,188,19,Clarification on Meeting Notes: Project Kestrel - Steering Sync 24 March 2026,"Hi Meera,

What new launch date was agreed for Project Kestrel in the steering sync on 24 March 2026?

Thanks,
Tom",2026-04-24 11:47:42,DOC-000213,0,
MSG-0000961,THR-000576,198,163;67;174;70;117,,FYI: Meeting Notes: Project Keystone - Steering Sync 30 July 2026 updated,"Hi all,

We have published version 5 of 'Meeting Notes: Project Keystone - Steering Sync 30 July 2026'. Please review: https://notion.northwind-analytics.example.com/meeting_notes/doc-000238

Thanks,
Felix",2026-08-07 20:32:55,DOC-000238,0,
MSG-0000962,THR-000577,6,168,,Need help with Learning and Development Budget Policy - United States,"Hi Lukas,

What is the annual learning budget per employee in United States?

Thanks,
Kavya",2026-09-03 20:27:14,DOC-000076,0,
MSG-0000963,THR-000577,168,6,,Re: Need help with Learning and Development Budget Policy - United States,"Hi Kavya,

Per 'Learning and Development Budget Policy - United States' (https://sharepoint.northwind-analytics.example.com/policy/doc-000076): USD 1,000.

Regards,
Lukas",2026-09-03 20:35:14,DOC-000076,0,MSG-0000962
MSG-0000964,THR-000577,6,168,,Re: Need help with Learning and Development Budget Policy - United States,"Thanks, that helps!",2026-09-04 05:49:14,DOC-000076,0,MSG-0000963
MSG-0000965,THR-000578,29,43,2,Quick check: Meeting Notes: Project Keystone - Steering Sync 11 August 2026,"Hi Vikram,

How much additional budget was approved for Project Keystone in the steering sync on 11 August 2026?

Thanks,
Mei",2026-09-10 03:06:55,DOC-000282,0,
MSG-0000966,THR-000578,43,29,,Re: Quick check: Meeting Notes: Project Keystone - Steering Sync 11 August 2026,"Hi Mei,

Per 'Meeting Notes: Project Keystone - Steering Sync 11 August 2026' (https://notion.northwind-analytics.example.com/meeting_notes/doc-000282): USD 150,000.

Regards,
Vikram",2026-09-10 10:55:55,DOC-000282,0,MSG-0000965
MSG-0000967,THR-000578,29,43,,Re: Quick check: Meeting Notes: Project Keystone - Steering Sync 11 August 2026,"Thanks, that helps!",2026-09-10 18:15:55,DOC-000282,0,MSG-0000966
MSG-0000968,THR-000579,192,7,,Clarification on Procurement Policy - Germany,"Hi Oliver,

How many quotes are required for larger purchases in Germany?

Thanks,
Zara",2024-11-27 23:02:53,DOC-000079,0,
MSG-0000969,THR-000579,7,192,,Re: Clarification on Procurement Policy - Germany,"Hi Zara,

Per 'Procurement Policy - Germany' (https://sharepoint.northwind-analytics.example.com/policy/doc-000079): 3.

Regards,
Oliver",2024-11-28 00:13:53,DOC-000079,0,MSG-0000968
MSG-0000970,THR-000580,195,84,,Clarification on Meeting Notes: Project Summit - Steering Sync 13 June 2023,"Hi Anna,

How much additional budget was approved for Project Summit in the steering sync on 13 June 2023?

Thanks,
Ava",2025-12-06 22:42:22,DOC-000262,0,
MSG-0000971,THR-000580,84,195,12,Re: Clarification on Meeting Notes: Project Summit - Steering Sync 13 June 2023,"Hi Ava,

Per 'Meeting Notes: Project Summit - Steering Sync 13 June 2023' (https://google-drive.northwind-analytics.example.com/meeting_notes/doc-000262): USD 25,000.

Regards,
Anna",2025-12-07 03:04:22,DOC-000262,0,MSG-0000970
MSG-0000972,THR-000581,6,42,,Clarification on Incident Response Procedure - Singapore,"Hi Jonas,

Within how many minutes must a Severity 2 incident be acknowledged in Singapore?

Thanks,
Kavya",2026-08-10 14:33:32,DOC-000010,0,
MSG-0000973,THR-000581,42,6,,Re: Clarification on Incident Response Procedure - Singapore,"Hi Kavya,

Per 'Incident Response Procedure - Singapore' (https://confluence.northwind-analytics.example.com/policy/doc-000010): 60 minutes.

Regards,
Jonas",2026-08-10 15:18:32,DOC-000010,1,MSG-0000972
MSG-0000974,THR-000582,118,167,,Clarification on Service Overview: shipping-service,"Hi Sophie,

What is the availability SLO for shipping-service?

Thanks,
Arjun",2024-06-23 13:18:02,DOC-000109,1,
MSG-0000975,THR-000583,151,16,,Clarification on Expense Reimbursement Policy - United States,"Hi Maya,

What is the daily meal allowance in United States?

Thanks,
William",2026-08-27 01:02:53,DOC-000038,0,
MSG-0000976,THR-000583,16,151,,Re: Clarification on Expense Reimbursement Policy - United States,"Hi William,

Per 'Expense Reimbursement Policy - United States' (https://sharepoint.northwind-analytics.example.com/policy/doc-000038): USD 30.

Regards,
Maya",2026-08-27 10:31:53,DOC-000038,1,MSG-0000975
MSG-0000977,THR-000584,38,106,,Need help with Meeting Notes: Project Indigo - Steering Sync 27 March 2026,"Hi Sanjay,

What new launch date was agreed for Project Indigo in the steering sync on 27 March 2026?

Thanks,
Arjun",2026-09-26 01:55:06,DOC-000269,0,
MSG-0000978,THR-000585,78,38,,Clarification on Runbook: payments-api - High error rate,"Hi Arjun,

Which Slack channel is used for incidents on payments-api?

Thanks,
Oliver",2025-11-18 10:30:11,DOC-000152,0,
MSG-0000979,THR-000585,38,78,14,Re: Clarification on Runbook: payments-api - High error rate,"Hi Oliver,

Per 'Runbook: payments-api - High error rate' (https://github-wiki.northwind-analytics.example.com/runbook/doc-000152): #oncall-payments-api.

Regards,
Arjun",2025-11-18 14:14:11,DOC-000152,1,MSG-0000978
MSG-0000980,THR-000586,26,122,6,Clarification on Meeting Notes: Project Dynamo - Steering Sync 15 June 2023,"Hi Rahul,

How much additional budget was approved for Project Dynamo in the steering sync on 15 June 2023?

Thanks,
Sourav",2023-09-28 15:23:19,DOC-000295,0,
MSG-0000981,THR-000587,13,9;153;86;200;61,,FYI: Meeting Notes: Project Vertex - Steering Sync 26 September 2026 updated,"Hi all,

We have published version 1 of 'Meeting Notes: Project Vertex - Steering Sync 26 September 2026'. Please review: https://notion.northwind-analytics.example.com/meeting_notes/doc-000251

Thanks,
Lena",2026-09-27 07:59:59,DOC-000251,0,
MSG-0000982,THR-000588,107,190,,Question about Meeting Notes: Project Vertex - Steering Sync 13 August 2026,"Hi Arjun,

What new launch date was agreed for Project Vertex in the steering sync on 13 August 2026?

Thanks,
Noah",2026-09-09 00:00:04,DOC-000222,0,
MSG-0000983,THR-000589,193,145;4;7;119;56,,FYI: Paid Time Off Policy - India updated,"Hi all,

We have published version 3 of 'Paid Time Off Policy - India'. Please review: https://confluence.northwind-analytics.example.com/policy/doc-000020

Thanks,
Li",2024-07-08 08:31:15,DOC-000020,0,
MSG-0000984,THR-000590,85,116;44;42;24;28,,FYI: Meeting Notes: Project Cascade - Steering Sync 12 January 2026 updated,"Hi all,

We have published version 1 of 'Meeting Notes: Project Cascade - Steering Sync 12 January 2026'. Please review: https://notion.northwind-analytics.example.com/meeting_notes/doc-000258

Thanks,
Lukas",2026-02-26 10:48:49,DOC-000258,0,
MSG-0000985,THR-000591,60,131;121;20;168;100,,FYI: Runbook: reporting-gateway - Queue backlog updated,"Hi all,

We have published version 2 of 'Runbook: reporting-gateway - Queue backlog'. Please review: https://github-wiki.northwind-analytics.example.com/runbook/doc-000126

Thanks,
Pooja",2026-09-22 20:24:36,DOC-000126,0,
MSG-0000986,THR-000592,82,117,,Quick check: Meeting Notes: Project Juniper - Steering Sync 12 February 2023,"Hi Riya,

Who is responsible for the user training deck for Project Juniper according to the steering sync on 12 February 2023?

Thanks,
Maya",2023-11-30 16:09:01,DOC-000275,0,
MSG-0000987,THR-000592,117,82,,Re: Quick check: Meeting Notes: Project Juniper - Steering Sync 12 February 2023,"Hi Maya,

Per 'Meeting Notes: Project Juniper - Steering Sync 12 February 2023' (https://notion.northwind-analytics.example.com/meeting_notes/doc-000275): Jonas Park.

Regards,
Riya",2023-11-30 18:07:01,DOC-000275,0,MSG-0000986
MSG-0000988,THR-000592,82,117,,Re: Quick check: Meeting Notes: Project Juniper - Steering Sync 12 February 2023,"Thanks, that helps!",2023-11-30 19:22:01,DOC-000275,1,MSG-0000987
MSG-0000989,THR-000593,59,113,,Quick check: Runbook: profile-engine - Disk usage high,"Hi Karan,

After how many minutes should the 'Disk usage high' alert for profile-engine be escalated?

Thanks,
Tom",2026-07-31 13:39:03,DOC-000153,1,
MSG-0000990,THR-000594,67,151;70;194;22;37,,FYI: Meeting Notes: Project Indigo - Steering Sync 7 March 2026 updated,"Hi all,

We have published version 2 of 'Meeting Notes: Project Indigo - Steering Sync 7 March 2026'. Please review: https://sharepoint.northwind-analytics.example.com/meeting_notes/doc-000225

Thanks,
Hannah",2026-03-10 09:21:11,DOC-000225,0,
MSG-0000991,THR-000595,48,163,,Question about Data Retention Policy - United States,"Hi Neha,

How long are financial records kept in United States?

Thanks,
Debjani",2026-07-23 14:31:47,DOC-000012,0,
MSG-0000992,THR-000596,174,180,28,Quick check: Project Brief: Project Tundra,"Hi Vikram,

What is the approved budget for Project Tundra?

Thanks,
Maya",2024-08-16 20:34:08,DOC-000183,0,
MSG-0000993,THR-000596,180,174,,Re: Quick check: Project Brief: Project Tundra,"Hi Maya,

Per 'Project Brief: Project Tundra' (https://sharepoint.northwind-analytics.example.com/project_brief/doc-000183): USD 1,740,000.

Regards,
Vikram",2024-08-16 22:56:08,DOC-000183,0,MSG-0000992
MSG-0000994,THR-000596,174,180,,Re: Quick check: Project Brief: Project Tundra,"Thanks, that helps!",2024-08-17 05:08:08,DOC-000183,0,MSG-0000993
MSG-0000995,THR-000597,83,137,,Question about Meeting Notes: Project Harbor - Steering Sync 6 July 2026,"Hi Kavya,

What new launch date was agreed for Project Harbor in the steering sync on 6 July 2026?

Thanks,
Neha",2026-07-10 16:31:06,DOC-000217,0,
MSG-0000996,THR-000598,33,43,,Need help with Project Brief: Project Keystone,"Hi Vikram,

Who is the executive sponsor of Project Keystone?

Thanks,
Emily",2026-09-01 12:35:35,DOC-000168,0,
MSG-0000997,THR-000598,43,33,,Re: Need help with Project Brief: Project Keystone,"Hi Emily,

Per 'Project Brief: Project Keystone' (https://sharepoint.northwind-analytics.example.com/project_brief/doc-000168): Kavya Park.

Regards,
Vikram",2026-09-01 17:15:35,DOC-000168,0,MSG-0000996
MSG-0000998,THR-000599,151,12,,Question about Meeting Notes: Project Orion - Steering Sync 27 February 2026,"Hi Ethan,

How much additional budget was approved for Project Orion in the steering sync on 27 February 2026?

Thanks,
William",2026-09-06 15:31:52,DOC-000283,0,
MSG-0000999,THR-000599,12,151,,Re: Question about Meeting Notes: Project Orion - Steering Sync 27 February 2026,"Hi William,

Per 'Meeting Notes: Project Orion - Steering Sync 27 February 2026' (https://notion.northwind-analytics.example.com/meeting_notes/doc-000283): USD 25,000.

Regards,
Ethan",2026-09-06 17:03:52,DOC-000283,1,MSG-0000998
MSG-0001000,THR-000600,102,176,,Clarification on Meeting Notes: Project Lotus - Steering Sync 15 April 2024,"Hi Amit,

What new launch date was agreed for Project Lotus in the steering sync on 15 April 2024?

Thanks,
Omar",2025-11-21 00:24:48,DOC-000228,0,
MSG-0001001,THR-000601,135,92,,Question about Project Brief: Project Indigo,"Hi Chloe,

What is the approved budget for Project Indigo?

Thanks,
Sneha",2026-08-09 23:09:28,DOC-000159,0,
MSG-0001002,THR-000602,17,16,,Clarification on Project Brief: Project Yonder,"Hi Maya,

What is the target launch date for Project Yonder?

Thanks,
Rahul",2026-04-09 17:37:45,DOC-000162,0,
MSG-0001003,THR-000602,16,17,,Re: Clarification on Project Brief: Project Yonder,"Hi Rahul,

Per 'Project Brief: Project Yonder' (https://sharepoint.northwind-analytics.example.com/project_brief/doc-000162): 3 September 2024.

Regards,
Maya",2026-04-09 17:56:45,DOC-000162,0,MSG-0001002
MSG-0001004,THR-000602,17,16,,Re: Clarification on Project Brief: Project Yonder,"Thanks, that helps!",2026-04-09 21:34:45,DOC-000162,1,MSG-0001003
MSG-0001005,THR-000603,96,75;191;183;104;117,,FYI: Learning and Development Budget Policy - United Kingdom updated,"Hi all,

We have published version 4 of 'Learning and Development Budget Policy - United Kingdom'. Please review: https://sharepoint.northwind-analytics.example.com/policy/doc-000014

Thanks,
James",2024-04-19 15:33:24,DOC-000014,0,
MSG-0001006,THR-000604,60,134;147;197;200;146,,FYI: Runbook: reporting-service - High error rate updated,"Hi all,

We have published version 3 of 'Runbook: reporting-service - High error rate'. Please review: https://github-wiki.northwind-analytics.example.com/runbook/doc-000144

Thanks,
Pooja",2026-04-04 08:39:00,DOC-000144,0,
MSG-0001007,THR-000605,156,7,,Need help with Expense Reimbursement Policy - Germany,"Hi Oliver,

What is the daily meal allowance in Germany?

Thanks,
Ananya",2026-03-06 13:47:25,DOC-000061,0,
MSG-0001008,THR-000605,7,156,,Re: Need help with Expense Reimbursement Policy - Germany,"Hi Ananya,

Per 'Expense Reimbursement Policy - Germany' (https://sharepoint.northwind-analytics.example.com/policy/doc-000061): EUR 30.

Regards,
Oliver",2026-03-06 22:18:25,DOC-000061,0,MSG-0001007
MSG-0001009,THR-000605,156,7,,Re: Need help with Expense Reimbursement Policy - Germany,"Thanks, that helps!",2026-03-07 08:18:25,DOC-000061,0,MSG-0001008
MSG-0001010,THR-000606,78,196,,Question about Meeting Notes: Project Cascade - Steering Sync 20 July 2026,"Hi Lukas,

Who is responsible for the API specification for Project Cascade according to the steering sync on 20 July 2026?

Thanks,
Oliver",2026-07-25 20:20:34,DOC-000257,0,
MSG-0001011,THR-000606,196,78,31,Re: Question about Meeting Notes: Project Cascade - Steering Sync 20 July 2026,"Hi Oliver,

Per 'Meeting Notes: Project Cascade - Steering Sync 20 July 2026' (https://sharepoint.northwind-analytics.example.com/meeting_notes/doc-000257): Riya Nguyen.

Regards,
Lukas",2026-07-26 00:35:34,DOC-000257,1,MSG-0001010
MSG-0001012,THR-000606,78,196,,Re: Question about Meeting Notes: Project Cascade - Steering Sync 20 July 2026,"Thanks, that helps!",2026-07-26 09:27:34,DOC-000257,0,MSG-0001011
MSG-0001013,THR-000607,7,115;22;25;134;82,,FYI: Meeting Notes: Project Aurora - Steering Sync 21 November 2025 updated,"Hi all,

We have published version 4 of 'Meeting Notes: Project Aurora - Steering Sync 21 November 2025'. Please review: https://google-drive.northwind-analytics.example.com/meeting_notes/doc-000244

Thanks,
Oliver",2026-01-20 08:46:53,DOC-000244,0,
MSG-0001014,THR-000608,86,115,12,Clarification on Procurement Policy - United States,"Hi Carlos,

How many quotes are required for larger purchases in United States?

Thanks,
Neha",2026-01-24 21:56:41,DOC-000062,1,
MSG-0001015,THR-000608,115,86,,Re: Clarification on Procurement Policy - United States,"Hi Neha,

Per 'Procurement Policy - United States' (https://sharepoint.northwind-analytics.example.com/policy/doc-000062): 3.

Regards,
Carlos",2026-01-25 02:27:41,DOC-000062,0,MSG-0001014
MSG-0001016,THR-000608,86,115,,Re: Clarification on Procurement Policy - United States,"Thanks, that helps!",2026-01-25 03:42:41,DOC-000062,0,MSG-0001015
MSG-0001017,THR-000609,155,93,,Quick check: Runbook: reporting-service - High error rate,"Hi Layla,

Which Slack channel is used for incidents on reporting-service?

Thanks,
William",2025-05-16 18:10:01,DOC-000144,0,
MSG-0001018,THR-000609,93,155,,Re: Quick check: Runbook: reporting-service - High error rate,"Hi William,

Per 'Runbook: reporting-service - High error rate' (https://github-wiki.northwind-analytics.example.com/runbook/doc-000144): #oncall-reporting-service.

Regards,
Layla",2025-05-16 20:46:01,DOC-000144,1,MSG-0001017
MSG-0001019,THR-000609,155,93,13,Re: Quick check: Runbook: reporting-service - High error rate,"Thanks, that helps!",2025-05-17 06:14:01,DOC-000144,0,MSG-0001018
MSG-0001020,THR-000610,135,22,,Clarification on Data Retention Policy - United States,"Hi Felix,

How long is email retained in United States?

Thanks,
Sneha",2025-04-24 22:41:34,DOC-000012,0,
MSG-0001021,THR-000610,22,135,,Re: Clarification on Data Retention Policy - United States,"Hi Sneha,

Per 'Data Retention Policy - United States' (https://sharepoint.northwind-analytics.example.com/policy/doc-000012): 2 years.

Regards,
Felix",2025-04-25 03:41:34,DOC-000012,0,MSG-0001020
MSG-0001022,THR-000610,135,22,27,Re: Clarification on Data Retention Policy - United States,"Thanks, that helps!",2025-04-25 10:26:34,DOC-000012,0,MSG-0001021
MSG-0001023,THR-000611,123,104,,Quick check: Meeting Notes: Project Quartz - Steering Sync 2 March 2025,"Hi Daniel,

How much additional budget was approved for Project Quartz in the steering sync on 2 March 2025?

Thanks,
Anna",2025-05-12 17:38:44,DOC-000278,0,
MSG-0001024,THR-000611,104,123,,Re: Quick check: Meeting Notes: Project Quartz - Steering Sync 2 March 2025,"Hi Anna,

Per 'Meeting Notes: Project Quartz - Steering Sync 2 March 2025' (https://notion.northwind-analytics.example.com/meeting_notes/doc-000278): USD 50,000.

Regards,
Daniel",2025-05-12 21:30:44,DOC-000278,0,MSG-0001023
MSG-0001025,THR-000611,123,104,,Re: Quick check: Meeting Notes: Project Quartz - Steering Sync 2 March 2025,"Thanks, that helps!",2025-05-12 21:43:44,DOC-000278,0,MSG-0001024
MSG-0001026,THR-000612,30,187,,Question about Information Security Standard - United Kingdom,"Hi James,

After how many failed sign-in attempts is an account locked in United Kingdom?

Thanks,
Nikhil",2026-09-20 12:40:44,DOC-000063,0,
MSG-0001027,THR-000612,187,30,,Re: Question about Information Security Standard - United Kingdom,"Hi Nikhil,

Per 'Information Security Standard - United Kingdom' (https://confluence.northwind-analytics.example.com/policy/doc-000063): 5 attempts.

Regards,
James",2026-09-20 18:39:44,DOC-000063,0,MSG-0001026
MSG-0001028,THR-000612,30,187,2,Re: Question about Information Security Standard - United Kingdom,"Thanks, that helps!",2026-09-21 01:31:44,DOC-000063,1,MSG-0001027
MSG-0001029,THR-000613,7,6,,Question about Meeting Notes: Project Horizon - Steering Sync 1 June 2026,"Hi Kavya,

How much additional budget was approved for Project Horizon in the steering sync on 1 June 2026?

Thanks,
Oliver",2026-08-17 18:54:03,DOC-000259,0,
MSG-0001030,THR-000614,53,16,19,Need help with Business Travel Policy - United States,"Hi Maya,

How many days in advance must travel be booked in United States?

Thanks,
Aarav",2026-01-13 14:50:56,DOC-000058,1,
MSG-0001031,THR-000615,114,114,,Clarification on Project Brief: Project Harbor,"Hi Oliver,

Who is the executive sponsor of Project Harbor?

Thanks,
Oliver",2026-09-06 22:52:00,DOC-000157,0,
MSG-0001032,THR-000615,114,114,,Re: Clarification on Project Brief: Project Harbor,"Hi Oliver,

Per 'Project Brief: Project Harbor' (https://google-drive.northwind-analytics.example.com/project_brief/doc-000157): Nikhil Nair.

Regards,
Oliver",2026-09-07 04:09:00,DOC-000157,0,MSG-0001031
MSG-0001033,THR-000615,114,114,,Re: Clarification on Project Brief: Project Harbor,"Thanks, that helps!",2026-09-07 11:44:00,DOC-000157,0,MSG-0001032
MSG-0001034,THR-000616,62,6,,Quick check: Project Brief: Project Jade,"Hi Kavya,

Who is the owner of Project Jade?

Thanks,
Pooja",2025-03-01 23:35:06,DOC-000175,0,
MSG-0001035,THR-000616,6,62,,Re: Quick check: Project Brief: Project Jade,"Hi Pooja,

Per 'Project Brief: Project Jade' (https://sharepoint.northwind-analytics.example.com/project_brief/doc-000175): Felix Becker.

Regards,
Kavya",2025-03-02 02:12:06,DOC-000175,0,MSG-0001034
MSG-0001036,THR-000617,157,82;194;26;192;174,,FYI: Meeting Notes: Project Summit - Steering Sync 7 July 2023 updated,"Hi all,

We have published version 5 of 'Meeting Notes: Project Summit - Steering Sync 7 July 2023'. Please review: https://sharepoint.northwind-analytics.example.com/meeting_notes/doc-000237

Thanks,
Jun",2023-12-24 14:26:34,DOC-000237,0,
MSG-0001037,THR-000618,136,159,,Need help with New Joiner Onboarding Guide - United Kingdom,"Hi Felix,

Within how many working days do new joiners in United Kingdom receive a laptop?

Thanks,
Oliver",2026-07-11 23:52:25,DOC-000085,0,
MSG-0001038,THR-000618,159,136,,Re: Need help with New Joiner Onboarding Guide - United Kingdom,"Hi Oliver,

Per 'New Joiner Onboarding Guide - United Kingdom' (https://sharepoint.northwind-analytics.example.com/policy/doc-000085): 1 working days.

Regards,
Felix",2026-07-12 06:46:25,DOC-000085,0,MSG-0001037
MSG-0001039,THR-000618,136,159,,Re: Need help with New Joiner Onboarding Guide - United Kingdom,"Thanks, that helps!",2026-07-12 11:33:25,DOC-000085,0,MSG-0001038
MSG-0001040,THR-000619,167,72,,Need help with Meeting Notes: Project Harbor - Steering Sync 3 September 2026,"Hi Jun,

Who is responsible for the user training deck for Project Harbor according to the steering sync on 3 September 2026?

Thanks,
Sophie",2026-09-16 22:01:28,DOC-000248,0,
MSG-0001041,THR-000619,72,167,,Re: Need help with Meeting Notes: Project Harbor - Steering Sync 3 September 2026,"Hi Sophie,

Per 'Meeting Notes: Project Harbor - Steering Sync 3 September 2026' (https://sharepoint.northwind-analytics.example.com/meeting_notes/doc-000248): Lukas Evans.

Regards,
Jun",2026-09-17 01:38:28,DOC-000248,1,MSG-0001040
MSG-0001042,THR-000620,39,96,,Clarification on HR Services FAQ - India,"Hi James,

How many public holidays do employees in India get?

Thanks,
Wei",2025-12-19 16:15:36,DOC-000070,0,
MSG-0001043,THR-000620,96,39,,Re: Clarification on HR Services FAQ - India,"Hi Wei,

Per 'HR Services FAQ - India' (https://notion.northwind-analytics.example.com/faq/doc-000070): 9.

Regards,
James",2025-12-19 21:34:36,DOC-000070,0,MSG-0001042
MSG-0001044,THR-000621,98,164;111;65;155;189,,FYI: Meeting Notes: Project Glacier - Steering Sync 19 June 2025 updated,"Hi all,

We have published version 4 of 'Meeting Notes: Project Glacier - Steering Sync 19 June 2025'. Please review: https://notion.northwind-analytics.example.com/meeting_notes/doc-000215

Thanks,
Anna",2026-03-26 09:07:09,DOC-000215,0,
MSG-0001045,THR-000622,104,68,,Quick check: Meeting Notes: Project Vertex - Steering Sync 24 July 2026,"Hi Priya,

How much additional budget was approved for Project Vertex in the steering sync on 24 July 2026?

Thanks,
Daniel",2026-08-13 13:51:36,DOC-000204,0,
MSG-0001046,THR-000622,68,104,,Re: Quick check: Meeting Notes: Project Vertex - Steering Sync 24 July 2026,"Hi Daniel,

Per 'Meeting Notes: Project Vertex - Steering Sync 24 July 2026' (https://notion.northwind-analytics.example.com/meeting_notes/doc-000204): USD 75,000.

Regards,
Priya",2026-08-13 22:20:36,DOC-000204,0,MSG-0001045
MSG-0001047,THR-000622,104,68,,Re: Quick check: Meeting Notes: Project Vertex - Steering Sync 24 July 2026,"Thanks, that helps!",2026-08-13 23:47:36,DOC-000204,0,MSG-0001046
MSG-0001048,THR-000623,168,174;151;74;129;46,,FYI: Parental Leave Policy - Germany updated,"Hi all,

We have published version 5 of 'Parental Leave Policy - Germany'. Please review: https://sharepoint.northwind-analytics.example.com/policy/doc-000002

Thanks,
Lukas",2026-08-14 13:14:19,DOC-000002,0,
MSG-0001049,THR-000624,106,159,,Quick check: Paid Time Off Policy - United States,"Hi Felix,

How many days of paid time off do employees in United States get each year?

Thanks,
Sanjay",2026-07-02 21:17:37,DOC-000044,0,
MSG-0001050,THR-000625,52,107,,Question about IT Services FAQ - Germany,"Hi Noah,

What is the IT helpdesk extension in Germany?

Thanks,
Chloe",2025-02-02 11:25:52,DOC-000031,1,
MSG-0001051,THR-000625,107,52,18,Re: Question about IT Services FAQ - Germany,"Hi Chloe,

Per 'IT Services FAQ - Germany' (https://confluence.northwind-analytics.example.com/faq/doc-000031): 2970.

Regards,
Noah",2025-02-02 18:21:52,DOC-000031,0,MSG-0001050
MSG-0001052,THR-000625,52,107,,Re: Question about IT Services FAQ - Germany,"Thanks, that helps!",2025-02-03 03:26:52,DOC-000031,0,MSG-0001051
MSG-0001053,THR-000626,100,21,31,Question about Runbook: reporting-service - High error rate,"Hi Grace,

What command is used to restart reporting-service?

Thanks,
Lukas",2025-12-26 11:58:45,DOC-000144,0,
MSG-0001054,THR-000627,13,18,,Question about Incident Response Procedure - United Kingdom,"Hi Sourav,

How soon must a post-mortem be published after a Severity 1 incident in United Kingdom?

Thanks,
Lena",2026-04-14 15:13:52,DOC-000068,0,
MSG-0001055,THR-000627,18,13,,Re: Question about Incident Response Procedure - United Kingdom,"Hi Lena,

Per 'Incident Response Procedure - United Kingdom' (https://confluence.northwind-analytics.example.com/policy/doc-000068): 7 working days.

Regards,
Sourav",2026-04-14 23:24:52,DOC-000068,0,MSG-0001054
MSG-0001056,THR-000628,12,184,,Question about Meeting Notes: Project Ember - Steering Sync 10 June 2026,"Hi Arjun,

Who is responsible for the data migration plan for Project Ember according to the steering sync on 10 June 2026?

Thanks,
Ethan",2026-09-13 15:19:52,DOC-000276,0,
MSG-0001057,THR-000628,184,12,,Re: Question about Meeting Notes: Project Ember - Steering Sync 10 June 2026,"Hi Ethan,

Per 'Meeting Notes: Project Ember - Steering Sync 10 June 2026' (https://google-drive.northwind-analytics.example.com/meeting_notes/doc-000276): Aarav Weber.

Regards,
Arjun",2026-09-13 21:27:52,DOC-000276,0,MSG-0001056
MSG-0001058,THR-000628,12,184,,Re: Question about Meeting Notes: Project Ember - Steering Sync 10 June 2026,"Thanks, that helps!",2026-09-13 22:24:52,DOC-000276,0,MSG-0001057
MSG-0001059,THR-000629,168,12,,Question about Project Brief: Project Summit,"Hi Ethan,

What is the approved budget for Project Summit?

Thanks,
Lukas",2025-10-29 04:06:21,DOC-000167,0,
MSG-0001060,THR-000630,146,136;174;114;134;191,,FYI: Service Overview: recommendation-sync updated,"Hi all,

We have published version 2 of 'Service Overview: recommendation-sync'. Please review: https://confluence.northwind-analytics.example.com/service_wiki/doc-000106

Thanks,
Arjun",2025-08-27 07:30:59,DOC-000106,0,
MSG-0001061,THR-000631,191,96,24,Need help with Parental Leave Policy - Germany,"Hi James,

How many weeks of paid maternity leave are offered in Germany?

Thanks,
Debjani",2026-01-24 16:59:29,DOC-000002,1,
MSG-0001062,THR-000632,35,96,,Need help with Meeting Notes: Project Eclipse - Steering Sync 22 April 2026,"Hi James,

How much additional budget was approved for Project Eclipse in the steering sync on 22 April 2026?

Thanks,
Lukas",2026-05-21 03:56:30,DOC-000284,0,
MSG-0001063,THR-000632,96,35,,Re: Need help with Meeting Notes: Project Eclipse - Steering Sync 22 April 2026,"Hi Lukas,

Per 'Meeting Notes: Project Eclipse - Steering Sync 22 April 2026' (https://notion.northwind-analytics.example.com/meeting_notes/doc-000284): USD 150,000.

Regards,
James",2026-05-21 07:23:30,DOC-000284,0,MSG-0001062
MSG-0001064,THR-000633,187,2;47;74;141;4,,FYI: Information Security Standard - Singapore updated,"Hi all,

We have published version 5 of 'Information Security Standard - Singapore'. Please review: https://confluence.northwind-analytics.example.com/policy/doc-000028

Thanks,
James",2026-04-19 13:35:55,DOC-000028,0,
MSG-0001065,THR-000634,4,41,1,Quick check: Meeting Notes: Project Glacier - Steering Sync 8 June 2025,"Hi Kavya,

What new launch date was agreed for Project Glacier in the steering sync on 8 June 2025?

Thanks,
Zara",2026-07-14 17:34:55,DOC-000209,0,
MSG-0001066,THR-000634,41,4,,Re: Quick check: Meeting Notes: Project Glacier - Steering Sync 8 June 2025,"Hi Zara,

Per 'Meeting Notes: Project Glacier - Steering Sync 8 June 2025' (https://google-drive.northwind-analytics.example.com/meeting_notes/doc-000209): 28 October 2025.

Regards,
Kavya",2026-07-14 21:17:55,DOC-000209,0,MSG-0001065
MSG-0001067,THR-000634,4,41,,Re: Quick check: Meeting Notes: Project Glacier - Steering Sync 8 June 2025,"Thanks, that helps!",2026-07-15 00:08:55,DOC-000209,0,MSG-0001066
MSG-0001068,THR-000635,119,136,27,Need help with Remote and Hybrid Work Policy - United States,"Hi Oliver,

What are the core working hours in United States?

Thanks,
Aarav",2026-08-14 00:50:48,DOC-000027,0,
MSG-0001069,THR-000635,136,119,8,Re: Need help with Remote and Hybrid Work Policy - United States,"Hi Aarav,

Per 'Remote and Hybrid Work Policy - United States' (https://confluence.northwind-analytics.example.com/policy/doc-000027): 11:00 to 17:00.

Regards,
Oliver",2026-08-14 07:00:48,DOC-000027,0,MSG-0001068
MSG-0001070,THR-000635,119,136,,Re: Need help with Remote and Hybrid Work Policy - United States,"Thanks, that helps!",2026-08-14 09:06:48,DOC-000027,0,MSG-0001069
MSG-0001071,THR-000636,67,15;189;30;105;77,,FYI: Meeting Notes: Project Lantern - Steering Sync 28 September 2026 updated,"Hi all,

We have published version 4 of 'Meeting Notes: Project Lantern - Steering Sync 28 September 2026'. Please review: https://notion.northwind-analytics.example.com/meeting_notes/doc-000208

Thanks,
Hannah",2026-09-30 18:56:09,DOC-000208,0,
MSG-0001072,THR-000637,52,143,,Question about Service Overview: analytics-engine,"Hi Karan,

Which database does analytics-engine use?

Thanks,
Chloe",2026-05-24 17:00:30,DOC-000096,0,
MSG-0001073,THR-000637,143,52,,Re: Question about Service Overview: analytics-engine,"Hi Chloe,

Per 'Service Overview: analytics-engine' (https://github-wiki.northwind-analytics.example.com/service_wiki/doc-000096): DynamoDB.

Regards,
Karan",2026-05-24 19:45:30,DOC-000096,0,MSG-0001072
MSG-0001074,THR-000637,52,143,,Re: Question about Service Overview: analytics-engine,"Thanks, that helps!",2026-05-24 21:45:30,DOC-000096,0,MSG-0001073
MSG-0001075,THR-000638,7,2,,Quick check: Service Overview: ingestion-gateway,"Hi Layla,

Which database does ingestion-gateway use?

Thanks,
Oliver",2026-05-14 23:14:18,DOC-000092,0,
MSG-0001076,THR-000639,117,95;19;97;122;185,,FYI: Procurement Policy - United Kingdom updated,"Hi all,

We have published version 3 of 'Procurement Policy - United Kingdom'. Please review: https://sharepoint.northwind-analytics.example.com/policy/doc-000011

Thanks,
Riya",2026-05-31 20:14:02,DOC-000011,0,
MSG-0001077,THR-000640,61,134,26,Clarification on Meeting Notes: Project Lantern - Steering Sync 28 September 2026,"Hi James,

What new launch date was agreed for Project Lantern in the steering sync on 28 September 2026?

Thanks,
Ethan",2026-10-01 00:52:44,DOC-000208,1,
MSG-0001078,THR-000640,134,61,,Re: Clarification on Meeting Notes: Project Lantern - Steering Sync 28 September 2026,"Hi Ethan,

Per 'Meeting Notes: Project Lantern - Steering Sync 28 September 2026' (https://notion.northwind-analytics.example.com/meeting_notes/doc-000208): 11 April 2027.

Regards,
James",2026-10-01 01:14:44,DOC-000208,0,MSG-0001077
MSG-0001079,THR-000641,135,175,,Question about Project Brief: Project Cascade,"Hi Tom,

Who is the executive sponsor of Project Cascade?

Thanks,
Sneha",2026-09-08 21:24:49,DOC-000163,0,
MSG-0001080,THR-000641,175,135,24,Re: Question about Project Brief: Project Cascade,"Hi Sneha,

Per 'Project Brief: Project Cascade' (https://google-drive.northwind-analytics.example.com/project_brief/doc-000163): Zara Silva.

Regards,
Tom",2026-09-08 23:22:49,DOC-000163,0,MSG-0001079
MSG-0001081,THR-000642,13,152;96;196;145;128,,FYI: Meeting Notes: Project Vertex - Steering Sync 26 September 2026 updated,"Hi all,

We have published version 1 of 'Meeting Notes: Project Vertex - Steering Sync 26 September 2026'. Please review: https://notion.northwind-analytics.example.com/meeting_notes/doc-000251

Thanks,
Lena",2026-09-29 12:51:06,DOC-000251,0,
MSG-0001082,THR-000643,79,164;12;196;172;154,,FYI: Meeting Notes: Project Comet - Steering Sync 18 September 2023 updated,"Hi all,

We have published version 1 of 'Meeting Notes: Project Comet - Steering Sync 18 September 2023'. Please review: https://google-drive.northwind-analytics.example.com/meeting_notes/doc-000281

Thanks,
Michael",2024-04-06 12:23:16,DOC-000281,0,
MSG-0001083,THR-000644,85,76;75;112;195;189,,FYI: Meeting Notes: Project Cascade - Steering Sync 12 January 2026 updated,"Hi all,

We have published version 1 of 'Meeting Notes: Project Cascade - Steering Sync 12 January 2026'. Please review: https://notion.northwind-analytics.example.com/meeting_notes/doc-000258

Thanks,
Lukas",2026-04-04 10:46:24,DOC-000258,0,
MSG-0001084,THR-000645,93,18,,Need help with Meeting Notes: Project Meridian - Steering Sync 4 September 2024,"Hi Sourav,

What new launch date was agreed for Project Meridian in the steering sync on 4 September 2024?

Thanks,
Layla",2025-06-17 14:21:29,DOC-000211,1,
MSG-0001085,THR-000646,143,104,,Need help with Meeting Notes: Project Quartz - Steering Sync 2 March 2025,"Hi Daniel,

Who is responsible for the vendor contract for Project Quartz according to the steering sync on 2 March 2025?

Thanks,
Karan",2026-06-19 09:30:24,DOC-000278,0,
MSG-0001086,THR-000646,104,143,,Re: Need help with Meeting Notes: Project Quartz - Steering Sync 2 March 2025,"Hi Karan,

Per 'Meeting Notes: Project Quartz - Steering Sync 2 March 2025' (https://notion.northwind-analytics.example.com/meeting_notes/doc-000278): Sophie Ghosh.

Regards,
Daniel",2026-06-19 14:49:24,DOC-000278,0,MSG-0001085
MSG-0001087,THR-000646,143,104,,Re: Need help with Meeting Notes: Project Quartz - Steering Sync 2 March 2025,"Thanks, that helps!",2026-06-19 18:04:24,DOC-000278,0,MSG-0001086
MSG-0001088,THR-000647,179,96,,Need help with HR Services FAQ - Germany,"Hi James,

How many public holidays do employees in Germany get?

Thanks,
Marta",2026-09-10 14:22:54,DOC-000048,0,
MSG-0001089,THR-000648,149,107,,Question about Meeting Notes: Project Xenon - Steering Sync 30 December 2023,"Hi Noah,

What new launch date was agreed for Project Xenon in the steering sync on 30 December 2023?

Thanks,
Oliver",2025-11-30 22:36:09,DOC-000223,0,
MSG-0001090,THR-000648,107,149,,Re: Question about Meeting Notes: Project Xenon - Steering Sync 30 December 2023,"Hi Oliver,

Per 'Meeting Notes: Project Xenon - Steering Sync 30 December 2023' (https://sharepoint.northwind-analytics.example.com/meeting_notes/doc-000223): 4 April 2024.

Regards,
Noah",2025-12-01 06:17:09,DOC-000223,0,MSG-0001089
MSG-0001091,THR-000649,88,50,,Need help with Runbook: shipping-service - High error rate,"Hi Nikhil,

After how many minutes should the 'High error rate' alert for shipping-service be escalated?

Thanks,
Omar",2026-03-12 21:16:55,DOC-000127,0,
MSG-0001092,THR-000649,50,88,,Re: Need help with Runbook: shipping-service - High error rate,"Hi Omar,

Per 'Runbook: shipping-service - High error rate' (https://confluence.northwind-analytics.example.com/runbook/doc-000127): 15 minutes.

Regards,
Nikhil",2026-03-12 23:29:55,DOC-000127,0,MSG-0001091
MSG-0001093,THR-000650,69,187,,Clarification on Meeting Notes: Project Quartz - Steering Sync 6 May 2024,"Hi James,

How much additional budget was approved for Project Quartz in the steering sync on 6 May 2024?

Thanks,
Emily",2026-09-08 15:41:03,DOC-000280,0,
MSG-0001094,THR-000651,195,135;155;198;38;122,,FYI: Runbook: ledger-gateway - Queue backlog updated,"Hi all,

We have published version 1 of 'Runbook: ledger-gateway - Queue backlog'. Please review: https://github-wiki.northwind-analytics.example.com/runbook/doc-000142

Thanks,
Ava",2025-07-09 07:22:50,DOC-000142,0,
MSG-0001095,THR-000652,112,93,,Question about Runbook: payments-api - Certificate expiring,"Hi Layla,

Which Slack channel is used for incidents on payments-api?

Thanks,
Neha",2026-05-17 21:26:57,DOC-000124,0,
MSG-0001096,THR-000652,93,112,,Re: Question about Runbook: payments-api - Certificate expiring,"Hi Neha,

Per 'Runbook: payments-api - Certificate expiring' (https://github-wiki.northwind-analytics.example.com/runbook/doc-000124): #oncall-payments-api.

Regards,
Layla",2026-05-18 04:32:57,DOC-000124,0,MSG-0001095
MSG-0001097,THR-000653,114,18,,Question about Meeting Notes: Project Quartz - Steering Sync 2 March 2025,"Hi Sourav,

How much additional budget was approved for Project Quartz in the steering sync on 2 March 2025?

Thanks,
Oliver",2026-06-19 23:49:21,DOC-000278,0,
MSG-0001098,THR-000654,194,94,12,Clarification on Meeting Notes: Project Cascade - Steering Sync 20 April 2026,"Hi Chloe,

Who is responsible for the API specification for Project Cascade according to the steering sync on 20 April 2026?

Thanks,
Jun",2026-06-12 23:30:47,DOC-000266,0,
MSG-0001099,THR-000655,174,135,,Need help with Meeting Notes: Project Harbor - Steering Sync 17 September 2026,"Hi Sneha,

How much additional budget was approved for Project Harbor in the steering sync on 17 September 2026?

Thanks,
Maya",2026-09-18 10:56:04,DOC-000268,0,
MSG-0001100,THR-000655,135,174,27,Re: Need help with Meeting Notes: Project Harbor - Steering Sync 17 September 2026,"Hi Maya,

Per 'Meeting Notes: Project Harbor - Steering Sync 17 September 2026' (https://google-drive.northwind-analytics.example.com/meeting_notes/doc-000268): USD 100,000.

Regards,
Sneha",2026-09-18 13:49:04,DOC-000268,0,MSG-0001099
MSG-0001101,THR-000655,174,135,,Re: Need help with Meeting Notes: Project Harbor - Steering Sync 17 September 2026,"Thanks, that helps!",2026-09-18 23:10:04,DOC-000268,0,MSG-0001100
MSG-0001102,THR-000656,111,176,14,Question about Meeting Notes: Project Lotus - Steering Sync 15 April 2024,"Hi Amit,

What new launch date was agreed for Project Lotus in the steering sync on 15 April 2024?

Thanks,
Layla",2025-11-26 18:22:02,DOC-000228,0,
MSG-0001103,THR-000657,40,69;48;174;102;127,,FYI: Meeting Notes: Project Keystone - Steering Sync 17 September 2026 updated,"Hi all,

We have published version 1 of 'Meeting Notes: Project Keystone - Steering Sync 17 September 2026'. Please review: https://notion.northwind-analytics.example.com/meeting_notes/doc-000233

Thanks,
Sofia",2026-09-26 19:35:00,DOC-000233,0,
MSG-0001104,THR-000658,122,9,,Clarification on Incident Response Procedure - India,"Hi Zara,

Within how many minutes must a Severity 2 incident be acknowledged in India?

Thanks,
Rahul",2026-02-16 20:28:01,DOC-000051,0,
MSG-0001105,THR-000659,55,42,,Need help with Information Security Standard - Singapore,"Hi Jonas,

What is the minimum password length under the security standard in Singapore?

Thanks,
Omar",2026-01-01 20:12:02,DOC-000028,0,
MSG-0001106,THR-000659,42,55,,Re: Need help with Information Security Standard - Singapore,"Hi Omar,

Per 'Information Security Standard - Singapore' (https://confluence.northwind-analytics.example.com/policy/doc-000028): 10 characters.

Regards,
Jonas",2026-01-02 06:08:02,DOC-000028,0,MSG-0001105
MSG-0001107,THR-000660,149,5,,Clarification on Meeting Notes: Project Comet - Steering Sync 31 May 2023,"Hi Aarav,

What new launch date was agreed for Project Comet in the steering sync on 31 May 2023?

Thanks,
Oliver",2024-04-22 16:55:50,DOC-000247,0,
MSG-0001108,THR-000660,5,149,,Re: Clarification on Meeting Notes: Project Comet - Steering Sync 31 May 2023,"Hi Oliver,

Per 'Meeting Notes: Project Comet - Steering Sync 31 May 2023' (https://sharepoint.northwind-analytics.example.com/meeting_notes/doc-000247): 25 February 2024.

Regards,
Aarav",2024-04-22 22:32:50,DOC-000247,0,MSG-0001107
MSG-0001109,THR-000660,149,5,,Re: Clarification on Meeting Notes: Project Comet - Steering Sync 31 May 2023,"Thanks, that helps!",2024-04-23 04:35:50,DOC-000247,0,MSG-0001108
MSG-0001110,THR-000661,33,180,,Clarification on Meeting Notes: Project Indigo - Steering Sync 28 January 2026,"Hi Vikram,

What new launch date was agreed for Project Indigo in the steering sync on 28 January 2026?

Thanks,
Emily",2026-02-24 21:47:14,DOC-000188,1,
MSG-0001111,THR-000661,180,33,24,Re: Clarification on Meeting Notes: Project Indigo - Steering Sync 28 January 2026,"Hi Emily,

Per 'Meeting Notes: Project Indigo - Steering Sync 28 January 2026' (https://notion.northwind-analytics.example.com/meeting_notes/doc-000188): 3 June 2026.

Regards,
Vikram",2026-02-25 07:38:14,DOC-000188,0,MSG-0001110
MSG-0001112,THR-000662,16,81,,Need help with Meeting Notes: Project Lantern - Steering Sync 7 July 2026,"Hi Riya,

Who is responsible for the security review for Project Lantern according to the steering sync on 7 July 2026?

Thanks,
Maya",2026-09-28 14:33:49,DOC-000200,0,
MSG-0001113,THR-000662,81,16,,Re: Need help with Meeting Notes: Project Lantern - Steering Sync 7 July 2026,"Hi Maya,

Per 'Meeting Notes: Project Lantern - Steering Sync 7 July 2026' (https://sharepoint.northwind-analytics.example.com/meeting_notes/doc-000200): Nikhil Ghosh.

Regards,
Riya",2026-09-28 17:33:49,DOC-000200,0,MSG-0001112
MSG-0001114,THR-000662,16,81,,Re: Need help with Meeting Notes: Project Lantern - Steering Sync 7 July 2026,"Thanks, that helps!",2026-09-28 22:49:49,DOC-000200,0,MSG-0001113
MSG-0001115,THR-000663,118,192,,Question about Meeting Notes: Project Umbra - Steering Sync 23 January 2024,"Hi Zara,

What new launch date was agreed for Project Umbra in the steering sync on 23 January 2024?

Thanks,
Arjun",2024-10-21 02:11:40,DOC-000272,0,
MSG-0001116,THR-000663,192,118,,Re: Question about Meeting Notes: Project Umbra - Steering Sync 23 January 2024,"Hi Arjun,

Per 'Meeting Notes: Project Umbra - Steering Sync 23 January 2024' (https://sharepoint.northwind-analytics.example.com/meeting_notes/doc-000272): 1 September 2024.

Regards,
Zara",2024-10-21 09:24:40,DOC-000272,0,MSG-0001115
MSG-0001117,THR-000663,118,192,,Re: Question about Meeting Notes: Project Umbra - Steering Sync 23 January 2024,"Thanks, that helps!",2024-10-21 16:31:40,DOC-000272,1,MSG-0001116
MSG-0001118,THR-000664,45,9,,Clarification on IT Services FAQ - Germany,"Hi Zara,

How often are laptops refreshed in Germany?

Thanks,
William",2026-02-09 09:06:45,DOC-000031,0,
MSG-0001119,THR-000665,157,43,,Clarification on Project Brief: Project Jade,"Hi Vikram,

What is the approved budget for Project Jade?

Thanks,
Jun",2024-05-08 22:03:17,DOC-000175,0,
MSG-0001120,THR-000666,46,40;96;167;85;89,,FYI: Service Overview: auth-api updated,"Hi all,

We have published version 2 of 'Service Overview: auth-api'. Please review: https://github-wiki.northwind-analytics.example.com/service_wiki/doc-000110

Thanks,
Mei",2023-03-31 09:15:22,DOC-000110,0,
MSG-0001121,THR-000667,102,87;73;85;184;175,,FYI: HR Services FAQ - United States updated,"Hi all,

We have published version 4 of 'HR Services FAQ - United States'. Please review: https://confluence.northwind-analytics.example.com/faq/doc-000040

Thanks,
Omar",2024-06-14 16:56:46,DOC-000040,0,
MSG-0001122,THR-000668,150,136,,Clarification on Remote and Hybrid Work Policy - Singapore,"Hi Oliver,

What is the monthly home-office stipend in Singapore?

Thanks,
Ava",2026-01-31 23:48:37,DOC-000024,0,
MSG-0001123,THR-000668,136,150,,Re: Clarification on Remote and Hybrid Work Policy - Singapore,"Hi Ava,

Per 'Remote and Hybrid Work Policy - Singapore' (https://confluence.northwind-analytics.example.com/policy/doc-000024): SGD 40.

Regards,
Oliver",2026-02-01 02:39:37,DOC-000024,0,MSG-0001122
MSG-0001124,THR-000668,150,136,,Re: Clarification on Remote and Hybrid Work Policy - Singapore,"Thanks, that helps!",2026-02-01 05:31:37,DOC-000024,0,MSG-0001123
MSG-0001125,THR-000669,32,79,23,Quick check: Meeting Notes: Project Ember - Steering Sync 7 July 2026,"Hi Michael,

What new launch date was agreed for Project Ember in the steering sync on 7 July 2026?

Thanks,
Omar",2026-07-10 14:13:47,DOC-000297,0,
MSG-0001126,THR-000669,79,32,,Re: Quick check: Meeting Notes: Project Ember - Steering Sync 7 July 2026,"Hi Omar,

Per 'Meeting Notes: Project Ember - Steering Sync 7 July 2026' (https://sharepoint.northwind-analytics.example.com/meeting_notes/doc-000297): 1 April 2027.

Regards,
Michael",2026-07-10 21:52:47,DOC-000297,0,MSG-0001125
MSG-0001127,THR-000670,31,42,4,Clarification on Meeting Notes: Project Xenon - Steering Sync 30 December 2023,"Hi Jonas,

What new launch date was agreed for Project Xenon in the steering sync on 30 December 2023?

Thanks,
Anna",2024-11-15 03:35:38,DOC-000223,0,
MSG-0001128,THR-000670,42,31,,Re: Clarification on Meeting Notes: Project Xenon - Steering Sync 30 December 2023,"Hi Anna,

Per 'Meeting Notes: Project Xenon - Steering Sync 30 December 2023' (https://sharepoint.northwind-analytics.example.com/meeting_notes/doc-000223): 4 April 2024.

Regards,
Jonas",2024-11-15 08:56:38,DOC-000223,0,MSG-0001127
MSG-0001129,THR-000671,172,8,,Clarification on Paid Time Off Policy - United States,"Hi Daniel,

How much notice is required for leave longer than three days in United States?

Thanks,
Marta",2025-01-23 19:06:38,DOC-000044,0,
MSG-0001130,THR-000671,8,172,1,Re: Clarification on Paid Time Off Policy - United States,"Hi Marta,

Per 'Paid Time Off Policy - United States' (https://confluence.northwind-analytics.example.com/policy/doc-000044): 5 working days.

Regards,
Daniel",2025-01-23 21:26:38,DOC-000044,0,MSG-0001129
MSG-0001131,THR-000672,111,98,,Need help with Runbook: ledger-sync - Elevated latency,"Hi Anna,

After how many minutes should the 'Elevated latency' alert for ledger-sync be escalated?

Thanks,
Layla",2024-03-03 17:02:14,DOC-000139,0,
MSG-0001132,THR-000672,98,111,,Re: Need help with Runbook: ledger-sync - Elevated latency,"Hi Layla,

Per 'Runbook: ledger-sync - Elevated latency' (https://confluence.northwind-analytics.example.com/runbook/doc-000139): 15 minutes.

Regards,
Anna",2024-03-03 23:55:14,DOC-000139,0,MSG-0001131
MSG-0001133,THR-000673,60,14,,Question about Service Overview: ingestion-engine,"Hi James,

What is the p95 latency target for ingestion-engine?

Thanks,
Pooja",2026-09-13 10:43:39,DOC-000094,0,
MSG-0001134,THR-000673,14,60,,Re: Question about Service Overview: ingestion-engine,"Hi Pooja,

Per 'Service Overview: ingestion-engine' (https://confluence.northwind-analytics.example.com/service_wiki/doc-000094): 120 ms.

Regards,
James",2026-09-13 15:23:39,DOC-000094,0,MSG-0001133
MSG-0001135,THR-000673,60,14,25,Re: Question about Service Overview: ingestion-engine,"Thanks, that helps!",2026-09-13 16:30:39,DOC-000094,0,MSG-0001134
MSG-0001136,THR-000674,83,8,22,Quick check: HR Services FAQ - Singapore,"Hi Daniel,

On which day of the month are payslips released in Singapore?

Thanks,
Neha",2026-07-16 20:41:55,DOC-000042,0,
MSG-0001137,THR-000675,130,176,,Need help with Project Brief: Project Jade,"Hi Amit,

Who is the executive sponsor of Project Jade?

Thanks,
Omar",2024-05-07 20:21:03,DOC-000175,0,
MSG-0001138,THR-000675,176,130,,Re: Need help with Project Brief: Project Jade,"Hi Omar,

Per 'Project Brief: Project Jade' (https://sharepoint.northwind-analytics.example.com/project_brief/doc-000175): Kavya Park.

Regards,
Amit",2024-05-07 22:35:03,DOC-000175,0,MSG-0001137
MSG-0001139,THR-000675,130,176,24,Re: Need help with Project Brief: Project Jade,"Thanks, that helps!",2024-05-08 00:54:03,DOC-000175,1,MSG-0001138
MSG-0001140,THR-000676,29,45,,Question about Runbook: ledger-gateway - Queue backlog,"Hi William,

What command is used to restart ledger-gateway?

Thanks,
Mei",2025-07-05 03:11:43,DOC-000142,1,
MSG-0001141,THR-000676,45,29,,Re: Question about Runbook: ledger-gateway - Queue backlog,"Hi Mei,

Per 'Runbook: ledger-gateway - Queue backlog' (https://github-wiki.northwind-analytics.example.com/runbook/doc-000142): kubectl rollout restart deployment/ledger-gateway.

Regards,
William",2025-07-05 11:40:43,DOC-000142,0,MSG-0001140
MSG-0001142,THR-000677,158,153,,Quick check: Runbook: ingestion-gateway - Certificate expiring,"Hi Felix,

What command is used to restart ingestion-gateway?

Thanks,
Sneha",2026-09-23 17:07:15,DOC-000123,0,
MSG-0001143,THR-000678,72,21,,Quick check: Service Overview: recommendation-sync,"Hi Grace,

What is the p95 latency target for recommendation-sync?

Thanks,
Jun",2026-04-10 23:25:34,DOC-000106,0,
MSG-0001144,THR-000678,21,72,,Re: Quick check: Service Overview: recommendation-sync,"Hi Jun,

Per 'Service Overview: recommendation-sync' (https://confluence.northwind-analytics.example.com/service_wiki/doc-000106): 450 ms.

Regards,
Grace",2026-04-11 08:29:34,DOC-000106,0,MSG-0001143
MSG-0001145,THR-000678,72,21,27,Re: Quick check: Service Overview: recommendation-sync,"Thanks, that helps!",2026-04-11 17:48:34,DOC-000106,0,MSG-0001144
MSG-0001146,THR-000679,9,190;131;69;102;124,,FYI: Meeting Notes: Project Quartz - Steering Sync 24 February 2025 updated,"Hi all,

We have published version 1 of 'Meeting Notes: Project Quartz - Steering Sync 24 February 2025'. Please review: https://notion.northwind-analytics.example.com/meeting_notes/doc-000245

Thanks,
Zara",2026-06-28 09:25:50,DOC-000245,0,
MSG-0001147,THR-000680,171,200,12,Quick check: New Joiner Onboarding Guide - United Kingdom,"Hi Anna,

Within how many working days do new joiners in United Kingdom receive a laptop?

Thanks,
Chloe",2026-09-15 01:37:23,DOC-000085,0,
MSG-0001148,THR-000680,200,171,,Re: Quick check: New Joiner Onboarding Guide - United Kingdom,"Hi Chloe,

Per 'New Joiner Onboarding Guide - United Kingdom' (https://sharepoint.northwind-analytics.example.com/policy/doc-000085): 1 working days.

Regards,
Anna",2026-09-15 04:34:23,DOC-000085,0,MSG-0001147
MSG-0001149,THR-000680,171,200,12,Re: Quick check: New Joiner Onboarding Guide - United Kingdom,"Thanks, that helps!",2026-09-15 10:37:23,DOC-000085,0,MSG-0001148
MSG-0001150,THR-000681,45,113,,Need help with Runbook: profile-engine - Queue backlog,"Hi Karan,

Which Slack channel is used for incidents on profile-engine?

Thanks,
William",2026-02-19 04:20:42,DOC-000115,0,
MSG-0001151,THR-000682,43,89,,Quick check: Runbook: payments-api - Disk usage high,"Hi Nikhil,

After how many minutes should the 'Disk usage high' alert for payments-api be escalated?

Thanks,
Vikram",2024-02-12 21:59:05,DOC-000150,0,
MSG-0001152,THR-000683,185,159,,Question about Parental Leave Policy - United Kingdom,"Hi Felix,

How many weeks of paid maternity leave are offered in United Kingdom?

Thanks,
Anna",2026-06-25 23:48:41,DOC-000008,0,
MSG-0001153,THR-000684,49,7,16,Need help with Meeting Notes: Project Yonder - Steering Sync 11 March 2024,"Hi Oliver,

What new launch date was agreed for Project Yonder in the steering sync on 11 March 2024?

Thanks,
Tom",2026-07-06 20:48:37,DOC-000197,0,
MSG-0001154,THR-000684,7,49,1,Re: Need help with Meeting Notes: Project Yonder - Steering Sync 11 March 2024,"Hi Tom,

Per 'Meeting Notes: Project Yonder - Steering Sync 11 March 2024' (https://sharepoint.northwind-analytics.example.com/meeting_notes/doc-000197): 15 November 2024.

Regards,
Oliver",2026-07-06 22:09:37,DOC-000197,0,MSG-0001153
MSG-0001155,THR-000685,36,41,19,Quick check: Runbook: ledger-service - Disk usage high,"Hi Kavya,

After how many minutes should the 'Disk usage high' alert for ledger-service be escalated?

Thanks,
Tom",2025-02-21 14:28:12,DOC-000134,0,
MSG-0001156,THR-000685,41,36,,Re: Quick check: Runbook: ledger-service - Disk usage high,"Hi Tom,

Per 'Runbook: ledger-service - Disk usage high' (https://confluence.northwind-analytics.example.com/runbook/doc-000134): 5 minutes.

Regards,
Kavya",2025-02-21 21:04:12,DOC-000134,0,MSG-0001155
MSG-0001157,THR-000686,84,166,,Quick check: Meeting Notes: Project Cascade - Steering Sync 9 March 2026,"Hi Nikhil,

What new launch date was agreed for Project Cascade in the steering sync on 9 March 2026?

Thanks,
Anna",2026-03-14 17:07:29,DOC-000236,0,
MSG-0001158,THR-000686,166,84,,Re: Quick check: Meeting Notes: Project Cascade - Steering Sync 9 March 2026,"Hi Anna,

Per 'Meeting Notes: Project Cascade - Steering Sync 9 March 2026' (https://notion.northwind-analytics.example.com/meeting_notes/doc-000236): 16 December 2026.

Regards,
Nikhil",2026-03-14 18:08:29,DOC-000236,0,MSG-0001157
MSG-0001159,THR-000687,3,8,1,Quick check: New Joiner Onboarding Guide - Germany,"Hi Daniel,

For how many weeks does an onboarding buddy support a new joiner in Germany?

Thanks,
Sneha",2026-08-13 19:12:45,DOC-000088,0,
MSG-0001160,THR-000688,71,58;173;29;53;51,,FYI: Expense Reimbursement Policy - Germany updated,"Hi all,

We have published version 5 of 'Expense Reimbursement Policy - Germany'. Please review: https://sharepoint.northwind-analytics.example.com/policy/doc-000061

Thanks,
Pooja",2026-05-27 20:27:42,DOC-000061,0,
MSG-0001161,THR-000689,74,192,8,Question about Meeting Notes: Project Eclipse - Steering Sync 25 March 2026,"Hi Zara,

How much additional budget was approved for Project Eclipse in the steering sync on 25 March 2026?

Thanks,
Meera",2026-04-23 12:52:59,DOC-000232,0,
MSG-0001162,THR-000689,192,74,,Re: Question about Meeting Notes: Project Eclipse - Steering Sync 25 March 2026,"Hi Meera,

Per 'Meeting Notes: Project Eclipse - Steering Sync 25 March 2026' (https://sharepoint.northwind-analytics.example.com/meeting_notes/doc-000232): USD 25,000.

Regards,
Zara",2026-04-23 14:38:59,DOC-000232,0,MSG-0001161
MSG-0001163,THR-000690,26,121;169;100;134;93,,FYI: Project Brief: Project Lotus updated,"Hi all,

We have published version 2 of 'Project Brief: Project Lotus'. Please review: https://sharepoint.northwind-analytics.example.com/project_brief/doc-000169

Thanks,
Sourav",2024-05-29 18:12:29,DOC-000169,0,
MSG-0001164,THR-000691,66,133,,Clarification on Meeting Notes: Project Cascade - Steering Sync 20 April 2026,"Hi Meera,

What new launch date was agreed for Project Cascade in the steering sync on 20 April 2026?

Thanks,
Michael",2026-08-05 19:53:27,DOC-000266,0,
MSG-0001165,THR-000691,133,66,,Re: Clarification on Meeting Notes: Project Cascade - Steering Sync 20 April 2026,"Hi Michael,

Per 'Meeting Notes: Project Cascade - Steering Sync 20 April 2026' (https://google-drive.northwind-analytics.example.com/meeting_notes/doc-000266): 1 December 2026.

Regards,
Meera",2026-08-05 21:09:27,DOC-000266,0,MSG-0001164
MSG-0001166,THR-000691,66,133,,Re: Clarification on Meeting Notes: Project Cascade - Steering Sync 20 April 2026,"Thanks, that helps!",2026-08-05 22:56:27,DOC-000266,0,MSG-0001165
MSG-0001167,THR-000692,115,77;179;47;11;44,,FYI: Business Travel Policy - United States updated,"Hi all,

We have published version 4 of 'Business Travel Policy - United States'. Please review: https://sharepoint.northwind-analytics.example.com/policy/doc-000058

Thanks,
Carlos",2026-09-08 16:39:36,DOC-000058,0,
MSG-0001168,THR-000693,133,26,,Clarification on Project Brief: Project Keystone,"Hi Sourav,

What is the approved budget for Project Keystone?

Thanks,
Meera",2026-07-14 20:17:17,DOC-000168,0,
MSG-0001169,THR-000693,26,133,,Re: Clarification on Project Brief: Project Keystone,"Hi Meera,

Per 'Project Brief: Project Keystone' (https://sharepoint.northwind-analytics.example.com/project_brief/doc-000168): USD 1,505,000.

Regards,
Sourav",2026-07-14 23:43:17,DOC-000168,0,MSG-0001168
MSG-0001170,THR-000694,93,76;198;138;95;191,,FYI: Runbook: payments-api - High error rate updated,"Hi all,

We have published version 3 of 'Runbook: payments-api - High error rate'. Please review: https://github-wiki.northwind-analytics.example.com/runbook/doc-000152

Thanks,
Layla",2026-02-11 16:48:00,DOC-000152,0,
MSG-0001171,THR-000695,11,98,,Need help with Runbook: profile-sync - Certificate expiring,"Hi Anna,

What command is used to restart profile-sync?

Thanks,
Oliver",2026-08-12 00:15:08,DOC-000137,0,
MSG-0001172,THR-000696,134,194,,Quick check: Project Brief: Project Orion,"Hi Jun,

What is the target launch date for Project Orion?

Thanks,
James",2025-12-10 22:25:00,DOC-000158,0,
MSG-0001173,THR-000696,194,134,12,Re: Quick check: Project Brief: Project Orion,"Hi James,

Per 'Project Brief: Project Orion' (https://google-drive.northwind-analytics.example.com/project_brief/doc-000158): 30 August 2026.

Regards,
Jun",2025-12-11 01:28:00,DOC-000158,0,MSG-0001172
MSG-0001174,THR-000696,134,194,,Re: Quick check: Project Brief: Project Orion,"Thanks, that helps!",2025-12-11 05:33:00,DOC-000158,0,MSG-0001173
MSG-0001175,THR-000697,69,163,,Question about Data Retention Policy - United States,"Hi Neha,

How many years are contracts retained in United States?

Thanks,
Emily",2025-01-06 01:14:14,DOC-000012,0,
MSG-0001176,THR-000697,163,69,,Re: Question about Data Retention Policy - United States,"Hi Emily,

Per 'Data Retention Policy - United States' (https://sharepoint.northwind-analytics.example.com/policy/doc-000012): 10 years.

Regards,
Neha",2025-01-06 02:55:14,DOC-000012,0,MSG-0001175
MSG-0001177,THR-000698,31,187;97;22;139;193,,FYI: Meeting Notes: Project Lantern - Steering Sync 10 July 2026 updated,"Hi all,

We have published version 4 of 'Meeting Notes: Project Lantern - Steering Sync 10 July 2026'. Please review: https://sharepoint.northwind-analytics.example.com/meeting_notes/doc-000289

Thanks,
Anna",2026-08-12 11:13:29,DOC-000289,0,
MSG-0001178,THR-000699,35,122,,Clarification on Meeting Notes: Project Dynamo - Steering Sync 21 April 2023,"Hi Rahul,

Who is responsible for the API specification for Project Dynamo according to the steering sync on 21 April 2023?

Thanks,
Lukas",2025-04-09 22:47:57,DOC-000253,0,
MSG-0001179,THR-000699,122,35,,Re: Clarification on Meeting Notes: Project Dynamo - Steering Sync 21 April 2023,"Hi Lukas,

Per 'Meeting Notes: Project Dynamo - Steering Sync 21 April 2023' (https://notion.northwind-analytics.example.com/meeting_notes/doc-000253): Wei Weber.

Regards,
Rahul",2025-04-10 00:00:57,DOC-000253,0,MSG-0001178
MSG-0001180,THR-000700,9,7,,Clarification on Business Travel Policy - United States,"Hi Oliver,

What is the travel per diem in United States?

Thanks,
Zara",2026-09-20 21:03:33,DOC-000058,0,
MSG-0001181,THR-000700,7,9,1,Re: Clarification on Business Travel Policy - United States,"Hi Zara,

Per 'Business Travel Policy - United States' (https://sharepoint.northwind-analytics.example.com/policy/doc-000058): USD 50.

Regards,
Oliver",2026-09-20 23:00:33,DOC-000058,0,MSG-0001180
MSG-0001182,THR-000701,6,101,,Clarification on Meeting Notes: Project Glacier - Steering Sync 8 March 2025,"Hi Riya,

Who is responsible for the API specification for Project Glacier according to the steering sync on 8 March 2025?

Thanks,
Kavya",2025-04-19 01:35:41,DOC-000193,0,
MSG-0001183,THR-000701,101,6,,Re: Clarification on Meeting Notes: Project Glacier - Steering Sync 8 March 2025,"Hi Kavya,

Per 'Meeting Notes: Project Glacier - Steering Sync 8 March 2025' (https://sharepoint.northwind-analytics.example.com/meeting_notes/doc-000193): Michael Schmidt.

Regards,
Riya",2025-04-19 07:25:41,DOC-000193,0,MSG-0001182
MSG-0001184,THR-000702,56,14,,Need help with Runbook: profile-sync - Elevated latency,"Hi James,

After how many minutes should the 'Elevated latency' alert for profile-sync be escalated?

Thanks,
Mei",2026-04-11 19:33:27,DOC-000148,1,
MSG-0001185,THR-000702,14,56,,Re: Need help with Runbook: profile-sync - Elevated latency,"Hi Mei,

Per 'Runbook: profile-sync - Elevated latency' (https://confluence.northwind-analytics.example.com/runbook/doc-000148): 15 minutes.

Regards,
James",2026-04-12 02:32:27,DOC-000148,0,MSG-0001184
MSG-0001186,THR-000703,16,106;122;148;165;72,,FYI: Procurement Policy - Germany updated,"Hi all,

We have published version 2 of 'Procurement Policy - Germany'. Please review: https://sharepoint.northwind-analytics.example.com/policy/doc-000079

Thanks,
Maya",2026-02-23 09:11:47,DOC-000079,0,
MSG-0001187,THR-000704,135,71,,Quick check: Business Travel Policy - Singapore,"Hi Pooja,

What is the travel per diem in Singapore?

Thanks,
Sneha",2026-09-27 16:28:32,DOC-000055,0,
MSG-0001188,THR-000705,79,22,,Need help with Data Retention Policy - India,"Hi Felix,

How many years are contracts retained in India?

Thanks,
Michael",2026-07-21 15:17:13,DOC-000032,0,
MSG-0001189,THR-000705,22,79,,Re: Need help with Data Retention Policy - India,"Hi Michael,

Per 'Data Retention Policy - India' (https://confluence.northwind-analytics.example.com/policy/doc-000032): 10 years.

Regards,
Felix",2026-07-21 20:52:13,DOC-000032,0,MSG-0001188
MSG-0001190,THR-000706,145,117;16;68;166;144,,FYI: Project Brief: Project Dynamo updated,"Hi all,

We have published version 3 of 'Project Brief: Project Dynamo'. Please review: https://google-drive.northwind-analytics.example.com/project_brief/doc-000176

Thanks,
Daniel",2026-05-18 09:08:53,DOC-000176,0,
MSG-0001191,THR-000707,182,97,,Question about Meeting Notes: Project Keystone - Steering Sync 30 July 2026,"Hi Sophie,

Who is responsible for the load test report for Project Keystone according to the steering sync on 30 July 2026?

Thanks,
Hannah",2026-09-17 01:33:04,DOC-000238,0,
MSG-0001192,THR-000707,97,182,,Re: Question about Meeting Notes: Project Keystone - Steering Sync 30 July 2026,"Hi Hannah,

Per 'Meeting Notes: Project Keystone - Steering Sync 30 July 2026' (https://notion.northwind-analytics.example.com/meeting_notes/doc-000238): Sourav Rao.

Regards,
Sophie",2026-09-17 02:49:04,DOC-000238,0,MSG-0001191
MSG-0001193,THR-000708,165,7,,Clarification on Procurement Policy - United Kingdom,"Hi Oliver,

Above what contract value is legal review needed in United Kingdom?

Thanks,
Meera",2026-07-11 12:58:37,DOC-000011,0,
MSG-0001194,THR-000708,7,165,,Re: Clarification on Procurement Policy - United Kingdom,"Hi Meera,

Per 'Procurement Policy - United Kingdom' (https://sharepoint.northwind-analytics.example.com/policy/doc-000011): GBP 100,000.

Regards,
Oliver",2026-07-11 18:33:37,DOC-000011,0,MSG-0001193
MSG-0001195,THR-000709,143,153,14,Quick check: Runbook: ingestion-sync - Elevated latency,"Hi Felix,

After how many minutes should the 'Elevated latency' alert for ingestion-sync be escalated?

Thanks,
Karan",2026-07-03 13:02:47,DOC-000141,0,
MSG-0001196,THR-000709,153,143,30,Re: Quick check: Runbook: ingestion-sync - Elevated latency,"Hi Karan,

Per 'Runbook: ingestion-sync - Elevated latency' (https://github-wiki.northwind-analytics.example.com/runbook/doc-000141): 10 minutes.

Regards,
Felix",2026-07-03 15:48:47,DOC-000141,0,MSG-0001195
MSG-0001197,THR-000709,143,153,,Re: Quick check: Runbook: ingestion-sync - Elevated latency,"Thanks, that helps!",2026-07-04 01:01:47,DOC-000141,0,MSG-0001196
MSG-0001198,THR-000710,185,7,,Question about Business Travel Policy - United States,"Hi Oliver,

What is the travel per diem in United States?

Thanks,
Anna",2026-04-29 18:31:43,DOC-000058,0,
MSG-0001199,THR-000710,7,185,,Re: Question about Business Travel Policy - United States,"Hi Anna,

Per 'Business Travel Policy - United States' (https://sharepoint.northwind-analytics.example.com/policy/doc-000058): USD 50.

Regards,
Oliver",2026-04-30 01:44:43,DOC-000058,0,MSG-0001198
MSG-0001200,THR-000711,1,143,,Quick check: Runbook: reporting-service - Queue backlog,"Hi Karan,

After how many minutes should the 'Queue backlog' alert for reporting-service be escalated?

Thanks,
Priya",2026-02-27 01:29:52,DOC-000113,0,
MSG-0001201,THR-000711,143,1,,Re: Quick check: Runbook: reporting-service - Queue backlog,"Hi Priya,

Per 'Runbook: reporting-service - Queue backlog' (https://github-wiki.northwind-analytics.example.com/runbook/doc-000113): 30 minutes.

Regards,
Karan",2026-02-27 05:31:52,DOC-000113,0,MSG-0001200
MSG-0001202,THR-000711,1,143,,Re: Quick check: Runbook: reporting-service - Queue backlog,"Thanks, that helps!",2026-02-27 10:20:52,DOC-000113,0,MSG-0001201
MSG-0001203,THR-000712,20,177,,Question about Data Retention Policy - United Kingdom,"Hi Amit,

How long is email retained in United Kingdom?

Thanks,
Jonas",2026-08-09 17:57:55,DOC-000037,0,
MSG-0001204,THR-000712,177,20,,Re: Question about Data Retention Policy - United Kingdom,"Hi Jonas,

Per 'Data Retention Policy - United Kingdom' (https://confluence.northwind-analytics.example.com/policy/doc-000037): 1 years.

Regards,
Amit",2026-08-10 00:37:55,DOC-000037,0,MSG-0001203
MSG-0001205,THR-000713,27,187,,Quick check: Project Brief: Project Nebula,"Hi James,

What is the approved budget for Project Nebula?

Thanks,
Noah",2026-07-16 13:13:07,DOC-000160,0,
MSG-0001206,THR-000713,187,27,,Re: Quick check: Project Brief: Project Nebula,"Hi Noah,

Per 'Project Brief: Project Nebula' (https://sharepoint.northwind-analytics.example.com/project_brief/doc-000160): USD 1,935,000.

Regards,
James",2026-07-16 14:53:07,DOC-000160,0,MSG-0001205
MSG-0001207,THR-000713,27,187,,Re: Quick check: Project Brief: Project Nebula,"Thanks, that helps!",2026-07-16 22:37:07,DOC-000160,0,MSG-0001206
MSG-0001208,THR-000714,13,48,11,Question about Data Retention Policy - United Kingdom,"Hi Debjani,

How long are financial records kept in United Kingdom?

Thanks,
Lena",2026-07-15 18:43:40,DOC-000037,0,
MSG-0001209,THR-000714,48,13,,Re: Question about Data Retention Policy - United Kingdom,"Hi Lena,

Per 'Data Retention Policy - United Kingdom' (https://confluence.northwind-analytics.example.com/policy/doc-000037): 8 years.

Regards,
Debjani",2026-07-15 19:55:40,DOC-000037,0,MSG-0001208
MSG-0001210,THR-000714,13,48,11,Re: Question about Data Retention Policy - United Kingdom,"Thanks, that helps!",2026-07-16 05:01:40,DOC-000037,0,MSG-0001209
MSG-0001211,THR-000715,85,14,,Question about Service Overview: auth-engine,"Hi James,

Which programming language is auth-engine written in?

Thanks,
Lukas",2026-09-03 23:24:18,DOC-000111,0,
MSG-0001212,THR-000715,14,85,,Re: Question about Service Overview: auth-engine,"Hi Lukas,

Per 'Service Overview: auth-engine' (https://confluence.northwind-analytics.example.com/service_wiki/doc-000111): Go.

Regards,
James",2026-09-04 05:16:18,DOC-000111,0,MSG-0001211
MSG-0001213,THR-000716,111,115,,Question about Meeting Notes: Project Rift - Steering Sync 31 October 2024,"Hi Carlos,

What new launch date was agreed for Project Rift in the steering sync on 31 October 2024?

Thanks,
Layla",2026-08-08 17:44:04,DOC-000261,0,
MSG-0001214,THR-000716,115,111,,Re: Question about Meeting Notes: Project Rift - Steering Sync 31 October 2024,"Hi Layla,

Per 'Meeting Notes: Project Rift - Steering Sync 31 October 2024' (https://google-drive.northwind-analytics.example.com/meeting_notes/doc-000261): 6 March 2025.

Regards,
Carlos",2026-08-09 01:52:04,DOC-000261,0,MSG-0001213
MSG-0001215,THR-000716,111,115,14,Re: Question about Meeting Notes: Project Rift - Steering Sync 31 October 2024,"Thanks, that helps!",2026-08-09 11:27:04,DOC-000261,0,MSG-0001214
MSG-0001216,THR-000717,155,194;45;108;50;173,,FYI: Data Retention Policy - United States updated,"Hi all,

We have published version 2 of 'Data Retention Policy - United States'. Please review: https://sharepoint.northwind-analytics.example.com/policy/doc-000012

Thanks,
William",2025-08-05 16:07:29,DOC-000012,0,
MSG-0001217,THR-000718,169,35,,Quick check: Project Brief: Project Harbor,"Hi Lukas,

Who is the executive sponsor of Project Harbor?

Thanks,
Ishita",2026-08-04 20:12:20,DOC-000157,0,
MSG-0001218,THR-000718,35,169,27,Re: Quick check: Project Brief: Project Harbor,"Hi Ishita,

Per 'Project Brief: Project Harbor' (https://google-drive.northwind-analytics.example.com/project_brief/doc-000157): Nikhil Nair.

Regards,
Lukas",2026-08-04 20:23:20,DOC-000157,1,MSG-0001217
MSG-0001219,THR-000719,107,3,,Question about Project Brief: Project Ibis,"Hi Sneha,

What is the target launch date for Project Ibis?

Thanks,
Noah",2024-02-23 15:03:42,DOC-000173,0,
MSG-0001220,THR-000720,16,89,7,Need help with Runbook: profile-engine - Queue backlog,"Hi Nikhil,

What command is used to restart profile-engine?

Thanks,
Maya",2026-09-09 19:20:28,DOC-000115,0,
MSG-0001221,THR-000720,89,16,,Re: Need help with Runbook: profile-engine - Queue backlog,"Hi Maya,

Per 'Runbook: profile-engine - Queue backlog' (https://confluence.northwind-analytics.example.com/runbook/doc-000115): kubectl rollout restart deployment/profile-engine.

Regards,
Nikhil",2026-09-10 00:25:28,DOC-000115,0,MSG-0001220
MSG-0001222,THR-000720,16,89,7,Re: Need help with Runbook: profile-engine - Queue backlog,"Thanks, that helps!",2026-09-10 05:45:28,DOC-000115,0,MSG-0001221
MSG-0001223,THR-000721,96,200,,Quick check: Meeting Notes: Project Umbra - Steering Sync 29 February 2024,"Hi Anna,

Who is responsible for the user training deck for Project Umbra according to the steering sync on 29 February 2024?

Thanks,
James",2024-11-16 16:09:05,DOC-000239,0,
MSG-0001224,THR-000721,200,96,,Re: Quick check: Meeting Notes: Project Umbra - Steering Sync 29 February 2024,"Hi James,

Per 'Meeting Notes: Project Umbra - Steering Sync 29 February 2024' (https://google-drive.northwind-analytics.example.com/meeting_notes/doc-000239): Lukas Evans.

Regards,
Anna",2024-11-16 20:52:05,DOC-000239,0,MSG-0001223
MSG-0001225,THR-000721,96,200,8,Re: Quick check: Meeting Notes: Project Umbra - Steering Sync 29 February 2024,"Thanks, that helps!",2024-11-17 06:16:05,DOC-000239,0,MSG-0001224
MSG-0001226,THR-000722,108,36,,Clarification on Meeting Notes: Project Dynamo - Steering Sync 21 April 2023,"Hi Tom,

Who is responsible for the API specification for Project Dynamo according to the steering sync on 21 April 2023?

Thanks,
Vikram",2026-02-04 14:34:23,DOC-000253,0,
MSG-0001227,THR-000723,35,61,,Quick check: Meeting Notes: Project Horizon - Steering Sync 1 June 2026,"Hi Ethan,

What new launch date was agreed for Project Horizon in the steering sync on 1 June 2026?

Thanks,
Lukas",2026-08-18 04:00:33,DOC-000259,0,
MSG-0001228,THR-000723,61,35,26,Re: Quick check: Meeting Notes: Project Horizon - Steering Sync 1 June 2026,"Hi Lukas,

Per 'Meeting Notes: Project Horizon - Steering Sync 1 June 2026' (https://sharepoint.northwind-analytics.example.com/meeting_notes/doc-000259): 20 July 2027.

Regards,
Ethan",2026-08-18 07:03:33,DOC-000259,1,MSG-0001227
MSG-0001229,THR-000723,35,61,27,Re: Quick check: Meeting Notes: Project Horizon - Steering Sync 1 June 2026,"Thanks, that helps!",2026-08-18 11:30:33,DOC-000259,0,MSG-0001228
MSG-0001230,THR-000724,30,99;107;102;19;117,,FYI: Runbook: auth-engine - Certificate expiring updated,"Hi all,

We have published version 4 of 'Runbook: auth-engine - Certificate expiring'. Please review: https://github-wiki.northwind-analytics.example.com/runbook/doc-000116

Thanks,
Nikhil",2024-09-12 13:36:39,DOC-000116,0,
MSG-0001231,THR-000725,158,117,,Clarification on Meeting Notes: Project Beacon - Steering Sync 9 May 2026,"Hi Riya,

What new launch date was agreed for Project Beacon in the steering sync on 9 May 2026?

Thanks,
Sneha",2026-06-23 16:30:22,DOC-000230,0,
MSG-0001232,THR-000726,97,175,,Question about Meeting Notes: Project Indigo - Steering Sync 16 February 2026,"Hi Tom,

What new launch date was agreed for Project Indigo in the steering sync on 16 February 2026?

Thanks,
Sophie",2026-07-08 17:38:45,DOC-000226,0,
MSG-0001233,THR-000726,175,97,,Re: Question about Meeting Notes: Project Indigo - Steering Sync 16 February 2026,"Hi Sophie,

Per 'Meeting Notes: Project Indigo - Steering Sync 16 February 2026' (https://google-drive.northwind-analytics.example.com/meeting_notes/doc-000226): 16 May 2026.

Regards,
Tom",2026-07-08 18:33:45,DOC-000226,0,MSG-0001232
MSG-0001234,THR-000727,142,46,,Question about Runbook: payments-api - Disk usage high,"Hi Mei,

What command is used to restart payments-api?

Thanks,
Omar",2026-07-07 22:29:06,DOC-000150,1,
MSG-0001235,THR-000728,123,159,,Clarification on New Joiner Onboarding Guide - India,"Hi Felix,

How long is the probation period in India?

Thanks,
Anna",2025-05-31 12:16:41,DOC-000045,0,
MSG-0001236,THR-000728,159,123,,Re: Clarification on New Joiner Onboarding Guide - India,"Hi Anna,

Per 'New Joiner Onboarding Guide - India' (https://sharepoint.northwind-analytics.example.com/policy/doc-000045): 6 months.

Regards,
Felix",2025-05-31 16:13:41,DOC-000045,0,MSG-0001235
MSG-0001237,THR-000728,123,159,12,Re: Clarification on New Joiner Onboarding Guide - India,"Thanks, that helps!",2025-06-01 01:55:41,DOC-000045,0,MSG-0001236
MSG-0001238,THR-000729,170,190,,Need help with Data Retention Policy - United States,"Hi Arjun,

How many years are contracts retained in United States?

Thanks,
Li",2025-06-30 16:29:36,DOC-000012,0,
MSG-0001239,THR-000730,79,171;179;35;76;3,,FYI: Meeting Notes: Project Orion - Steering Sync 1 August 2026 updated,"Hi all,

We have published version 5 of 'Meeting Notes: Project Orion - Steering Sync 1 August 2026'. Please review: https://notion.northwind-analytics.example.com/meeting_notes/doc-000189

Thanks,
Michael",2026-09-23 17:24:19,DOC-000189,0,
MSG-0001240,THR-000731,83,47;60;87;8;146,,FYI: Meeting Notes: Project Vertex - Steering Sync 25 September 2026 updated,"Hi all,

We have published version 1 of 'Meeting Notes: Project Vertex - Steering Sync 25 September 2026'. Please review: https://sharepoint.northwind-analytics.example.com/meeting_notes/doc-000190

Thanks,
Neha",2026-09-29 18:41:09,DOC-000190,0,
MSG-0001241,THR-000732,53,67;144;159;103;33,,FYI: Meeting Notes: Project Dynamo - Steering Sync 13 March 2023 updated,"Hi all,

We have published version 2 of 'Meeting Notes: Project Dynamo - Steering Sync 13 March 2023'. Please review: https://sharepoint.northwind-analytics.example.com/meeting_notes/doc-000270

Thanks,
Aarav",2025-08-02 13:38:51,DOC-000270,0,
MSG-0001242,THR-000733,22,159,,Quick check: Remote and Hybrid Work Policy - Singapore,"Hi Felix,

How many days per week can employees in Singapore work remotely?

Thanks,
Felix",2026-09-05 20:30:25,DOC-000024,0,
MSG-0001243,THR-000734,174,117,,Quick check: Procurement Policy - India,"Hi Riya,

Above what value are competitive quotes required in India?

Thanks,
Maya",2026-09-06 18:58:21,DOC-000066,0,
MSG-0001244,THR-000735,176,84,,Need help with Meeting Notes: Project Orion - Steering Sync 18 July 2026,"Hi Anna,

What new launch date was agreed for Project Orion in the steering sync on 18 July 2026?

Thanks,
Amit",2026-08-19 14:13:10,DOC-000273,1,
MSG-0001245,THR-000735,84,176,,Re: Need help with Meeting Notes: Project Orion - Steering Sync 18 July 2026,"Hi Amit,

Per 'Meeting Notes: Project Orion - Steering Sync 18 July 2026' (https://sharepoint.northwind-analytics.example.com/meeting_notes/doc-000273): 9 November 2026.

Regards,
Anna",2026-08-19 15:11:10,DOC-000273,0,MSG-0001244
MSG-0001246,THR-000735,176,84,20,Re: Need help with Meeting Notes: Project Orion - Steering Sync 18 July 2026,"Thanks, that helps!",2026-08-19 18:09:10,DOC-000273,0,MSG-0001245
MSG-0001247,THR-000736,12,16,,Quick check: Meeting Notes: Project Juniper - Steering Sync 4 August 2023,"Hi Maya,

How much additional budget was approved for Project Juniper in the steering sync on 4 August 2023?

Thanks,
Ethan",2023-12-09 11:43:05,DOC-000201,0,
MSG-0001248,THR-000736,16,12,,Re: Quick check: Meeting Notes: Project Juniper - Steering Sync 4 August 2023,"Hi Ethan,

Per 'Meeting Notes: Project Juniper - Steering Sync 4 August 2023' (https://sharepoint.northwind-analytics.example.com/meeting_notes/doc-000201): USD 75,000.

Regards,
Maya",2023-12-09 15:06:05,DOC-000201,1,MSG-0001247
MSG-0001249,THR-000736,12,16,,Re: Quick check: Meeting Notes: Project Juniper - Steering Sync 4 August 2023,"Thanks, that helps!",2023-12-09 20:16:05,DOC-000201,0,MSG-0001248
MSG-0001250,THR-000737,71,71,,Need help with Project Brief: Project Beacon,"Hi Pooja,

What is the approved budget for Project Beacon?

Thanks,
Pooja",2026-07-19 04:07:18,DOC-000180,0,
MSG-0001251,THR-000738,185,71,,Need help with Business Travel Policy - United Kingdom,"Hi Pooja,

How many days in advance must travel be booked in United Kingdom?

Thanks,
Anna",2026-08-09 13:27:59,DOC-000087,0,
MSG-0001252,THR-000738,71,185,,Re: Need help with Business Travel Policy - United Kingdom,"Hi Anna,

Per 'Business Travel Policy - United Kingdom' (https://sharepoint.northwind-analytics.example.com/policy/doc-000087): 14 days.

Regards,
Pooja",2026-08-09 21:34:59,DOC-000087,0,MSG-0001251
MSG-0001253,THR-000739,144,83,,Question about Meeting Notes: Project Vertex - Steering Sync 24 July 2026,"Hi Neha,

How much additional budget was approved for Project Vertex in the steering sync on 24 July 2026?

Thanks,
Neha",2026-08-04 20:49:15,DOC-000204,0,
MSG-0001254,THR-000739,83,144,,Re: Question about Meeting Notes: Project Vertex - Steering Sync 24 July 2026,"Hi Neha,

Per 'Meeting Notes: Project Vertex - Steering Sync 24 July 2026' (https://notion.northwind-analytics.example.com/meeting_notes/doc-000204): USD 75,000.

Regards,
Neha",2026-08-04 21:31:15,DOC-000204,1,MSG-0001253
MSG-0001255,THR-000740,194,18,,Quick check: Meeting Notes: Project Meridian - Steering Sync 30 June 2024,"Hi Sourav,

What new launch date was agreed for Project Meridian in the steering sync on 30 June 2024?

Thanks,
Jun",2025-12-03 11:53:22,DOC-000203,0,
MSG-0001256,THR-000740,18,194,,Re: Quick check: Meeting Notes: Project Meridian - Steering Sync 30 June 2024,"Hi Jun,

Per 'Meeting Notes: Project Meridian - Steering Sync 30 June 2024' (https://sharepoint.northwind-analytics.example.com/meeting_notes/doc-000203): 27 November 2024.

Regards,
Sourav",2025-12-03 18:39:22,DOC-000203,0,MSG-0001255
MSG-0001257,THR-000741,13,136,,Question about Learning and Development Budget Policy - United States,"Hi Oliver,

What is the annual learning budget per employee in United States?

Thanks,
Lena",2026-08-17 11:57:31,DOC-000076,0,
MSG-0001258,THR-000741,136,13,,Re: Question about Learning and Development Budget Policy - United States,"Hi Lena,

Per 'Learning and Development Budget Policy - United States' (https://sharepoint.northwind-analytics.example.com/policy/doc-000076): USD 1,000.

Regards,
Oliver",2026-08-17 17:20:31,DOC-000076,0,MSG-0001257
MSG-0001259,THR-000741,13,136,,Re: Question about Learning and Development Budget Policy - United States,"Thanks, that helps!",2026-08-18 02:37:31,DOC-000076,1,MSG-0001258
MSG-0001260,THR-000742,50,21;139;7;175;54,,FYI: Runbook: notification-hub - Elevated latency updated,"Hi all,

We have published version 3 of 'Runbook: notification-hub - Elevated latency'. Please review: https://confluence.northwind-analytics.example.com/runbook/doc-000149

Thanks,
Nikhil",2026-07-15 19:45:34,DOC-000149,0,
MSG-0001261,THR-000743,63,137,,Quick check: Meeting Notes: Project Harbor - Steering Sync 6 July 2026,"Hi Kavya,

What new launch date was agreed for Project Harbor in the steering sync on 6 July 2026?

Thanks,
Riya",2026-08-26 04:42:49,DOC-000217,0,
MSG-0001262,THR-000743,137,63,,Re: Quick check: Meeting Notes: Project Harbor - Steering Sync 6 July 2026,"Hi Riya,

Per 'Meeting Notes: Project Harbor - Steering Sync 6 July 2026' (https://google-drive.northwind-analytics.example.com/meeting_notes/doc-000217): 25 October 2027.

Regards,
Kavya",2026-08-26 05:08:49,DOC-000217,0,MSG-0001261
MSG-0001263,THR-000743,63,137,12,Re: Quick check: Meeting Notes: Project Harbor - Steering Sync 6 July 2026,"Thanks, that helps!",2026-08-26 05:25:49,DOC-000217,0,MSG-0001262
MSG-0001264,THR-000744,54,100,27,Quick check: Meeting Notes: Project Lantern - Steering Sync 30 May 2026,"Hi Lukas,

What new launch date was agreed for Project Lantern in the steering sync on 30 May 2026?

Thanks,
Ethan",2026-06-10 20:30:44,DOC-000195,1,
MSG-0001265,THR-000744,100,54,,Re: Quick check: Meeting Notes: Project Lantern - Steering Sync 30 May 2026,"Hi Ethan,

Per 'Meeting Notes: Project Lantern - Steering Sync 30 May 2026' (https://notion.northwind-analytics.example.com/meeting_notes/doc-000195): 3 May 2027.

Regards,
Lukas",2026-06-10 23:49:44,DOC-000195,0,MSG-0001264
MSG-0001266,THR-000744,54,100,,Re: Quick check: Meeting Notes: Project Lantern - Steering Sync 30 May 2026,"Thanks, that helps!",2026-06-11 04:23:44,DOC-000195,0,MSG-0001265
MSG-0001267,THR-000745,135,165,27,Need help with Meeting Notes: Project Comet - Steering Sync 18 September 2023,"Hi Meera,

What new launch date was agreed for Project Comet in the steering sync on 18 September 2023?

Thanks,
Sneha",2024-01-05 22:46:53,DOC-000281,0,
MSG-0001268,THR-000746,58,8,,Question about Paid Time Off Policy - Germany,"Hi Daniel,

How much notice is required for leave longer than three days in Germany?

Thanks,
Pooja",2025-06-03 18:26:46,DOC-000077,0,
MSG-0001269,THR-000747,89,42,,Need help with Information Security Standard - India,"Hi Jonas,

What is the minimum password length under the security standard in India?

Thanks,
Nikhil",2026-03-21 18:32:35,DOC-000064,0,
MSG-0001270,THR-000748,39,6,,Quick check: Meeting Notes: Project Lotus - Steering Sync 15 April 2024,"Hi Kavya,

What new launch date was agreed for Project Lotus in the steering sync on 15 April 2024?

Thanks,
Wei",2024-05-18 19:35:51,DOC-000228,0,
MSG-0001271,THR-000749,143,42,,Clarification on Project Brief: Project Kestrel,"Hi Jonas,

What is the approved budget for Project Kestrel?

Thanks,
Karan",2026-06-14 01:56:18,DOC-000161,0,
MSG-0001272,THR-000750,71,159,16,Need help with HR Services FAQ - Germany,"Hi Felix,

What email address should I use for HR questions in Germany?

Thanks,
Pooja",2026-09-05 23:38:21,DOC-000048,0,
MSG-0001273,THR-000750,159,71,,Re: Need help with HR Services FAQ - Germany,"Hi Pooja,

Per 'HR Services FAQ - Germany' (https://confluence.northwind-analytics.example.com/faq/doc-000048): hr-de@northwind-analytics.example.com.

Regards,
Felix",2026-09-06 03:57:21,DOC-000048,0,MSG-0001272
MSG-0001274,THR-000751,117,99;19;190;137;78,,FYI: Meeting Notes: Project Juniper - Steering Sync 28 May 2023 updated,"Hi all,

We have published version 5 of 'Meeting Notes: Project Juniper - Steering Sync 28 May 2023'. Please review: https://notion.northwind-analytics.example.com/meeting_notes/doc-000214

Thanks,
Riya",2023-06-02 12:14:00,DOC-000214,0,
MSG-0001275,THR-000752,2,48,1,Need help with Data Retention Policy - United States,"Hi Debjani,

How long are financial records kept in United States?

Thanks,
Layla",2025-04-14 19:26:52,DOC-000012,0,
MSG-0001276,THR-000752,48,2,,Re: Need help with Data Retention Policy - United States,"Hi Layla,

Per 'Data Retention Policy - United States' (https://sharepoint.northwind-analytics.example.com/policy/doc-000012): 7 years.

Regards,
Debjani",2025-04-14 20:24:52,DOC-000012,1,MSG-0001275
MSG-0001277,THR-000752,2,48,,Re: Need help with Data Retention Policy - United States,"Thanks, that helps!",2025-04-15 03:14:52,DOC-000012,0,MSG-0001276
MSG-0001278,THR-000753,173,187,,Quick check: Meeting Notes: Project Meridian - Steering Sync 4 September 2024,"Hi James,

What new launch date was agreed for Project Meridian in the steering sync on 4 September 2024?

Thanks,
Sanjay",2024-10-19 19:09:33,DOC-000211,1,
MSG-0001279,THR-000754,60,190;61;164;8;37,,FYI: Runbook: ingestion-gateway - High error rate updated,"Hi all,

We have published version 1 of 'Runbook: ingestion-gateway - High error rate'. Please review: https://confluence.northwind-analytics.example.com/runbook/doc-000132

Thanks,
Pooja",2023-10-30 16:07:10,DOC-000132,0,
MSG-0001280,THR-000755,120,161,,Need help with Meeting Notes: Project Lantern - Steering Sync 28 September 2026,"Hi Ava,

What new launch date was agreed for Project Lantern in the steering sync on 28 September 2026?

Thanks,
Lukas",2026-09-28 13:58:16,DOC-000208,0,
MSG-0001281,THR-000755,161,120,,Re: Need help with Meeting Notes: Project Lantern - Steering Sync 28 September 2026,"Hi Lukas,

Per 'Meeting Notes: Project Lantern - Steering Sync 28 September 2026' (https://notion.northwind-analytics.example.com/meeting_notes/doc-000208): 11 April 2027.

Regards,
Ava",2026-09-28 17:14:16,DOC-000208,1,MSG-0001280
MSG-0001282,THR-000755,120,161,,Re: Need help with Meeting Notes: Project Lantern - Steering Sync 28 September 2026,"Thanks, that helps!",2026-09-29 02:25:16,DOC-000208,0,MSG-0001281
MSG-0001283,THR-000756,67,57,,Clarification on Meeting Notes: Project Horizon - Steering Sync 1 June 2026,"Hi Felix,

How much additional budget was approved for Project Horizon in the steering sync on 1 June 2026?

Thanks,
Hannah",2026-07-16 02:02:59,DOC-000259,0,
MSG-0001284,THR-000757,188,143;5;162;144;31,,FYI: Project Brief: Project Xenon updated,"Hi all,

We have published version 1 of 'Project Brief: Project Xenon'. Please review: https://sharepoint.northwind-analytics.example.com/project_brief/doc-000166

Thanks,
Meera",2025-05-15 12:14:32,DOC-000166,0,
MSG-0001285,THR-000758,166,73;196;85;102;104,,FYI: Meeting Notes: Project Tundra - Steering Sync 1 December 2024 updated,"Hi all,

We have published version 2 of 'Meeting Notes: Project Tundra - Steering Sync 1 December 2024'. Please review: https://notion.northwind-analytics.example.com/meeting_notes/doc-000221

Thanks,
Nikhil",2025-11-22 17:22:33,DOC-000221,0,
MSG-0001286,THR-000759,132,182,,Question about Service Overview: notification-hub,"Hi Hannah,

Who owns the notification-hub service?

Thanks,
Mei",2026-05-25 23:52:43,DOC-000102,0,
MSG-0001287,THR-000759,182,132,14,Re: Question about Service Overview: notification-hub,"Hi Mei,

Per 'Service Overview: notification-hub' (https://github-wiki.northwind-analytics.example.com/service_wiki/doc-000102): Nikhil Ghosh.

Regards,
Hannah",2026-05-26 06:55:43,DOC-000102,0,MSG-0001286
MSG-0001288,THR-000760,117,38,16,Need help with Service Overview: reporting-gateway,"Hi Arjun,

What is the availability SLO for reporting-gateway?

Thanks,
Riya",2025-06-29 15:48:01,DOC-000093,0,
MSG-0001289,THR-000760,38,117,,Re: Need help with Service Overview: reporting-gateway,"Hi Riya,

Per 'Service Overview: reporting-gateway' (https://github-wiki.northwind-analytics.example.com/service_wiki/doc-000093): 99.9 percent.

Regards,
Arjun",2025-06-29 16:57:01,DOC-000093,0,MSG-0001288
MSG-0001290,THR-000761,109,59;174;186;163;24,,FYI: Incident Response Procedure - Germany updated,"Hi all,

We have published version 5 of 'Incident Response Procedure - Germany'. Please review: https://sharepoint.northwind-analytics.example.com/policy/doc-000047

Thanks,
Chloe",2026-08-17 10:43:00,DOC-000047,0,
MSG-0001291,THR-000762,141,97,28,Question about Meeting Notes: Project Keystone - Steering Sync 30 July 2026,"Hi Sophie,

Who is responsible for the load test report for Project Keystone according to the steering sync on 30 July 2026?

Thanks,
Wei",2026-08-30 21:23:20,DOC-000238,0,
MSG-0001292,THR-000762,97,141,,Re: Question about Meeting Notes: Project Keystone - Steering Sync 30 July 2026,"Hi Wei,

Per 'Meeting Notes: Project Keystone - Steering Sync 30 July 2026' (https://notion.northwind-analytics.example.com/meeting_notes/doc-000238): Sourav Rao.

Regards,
Sophie",2026-08-31 01:02:20,DOC-000238,0,MSG-0001291
MSG-0001293,THR-000763,195,114,,Clarification on Meeting Notes: Project Harbor - Steering Sync 3 September 2026,"Hi Oliver,

Who is responsible for the user training deck for Project Harbor according to the steering sync on 3 September 2026?

Thanks,
Ava",2026-09-21 16:35:45,DOC-000248,0,
MSG-0001294,THR-000764,172,115,,Need help with Meeting Notes: Project Rift - Steering Sync 31 October 2024,"Hi Carlos,

What new launch date was agreed for Project Rift in the steering sync on 31 October 2024?

Thanks,
Marta",2026-06-20 12:32:46,DOC-000261,0,
MSG-0001295,THR-000764,115,172,,Re: Need help with Meeting Notes: Project Rift - Steering Sync 31 October 2024,"Hi Marta,

Per 'Meeting Notes: Project Rift - Steering Sync 31 October 2024' (https://google-drive.northwind-analytics.example.com/meeting_notes/doc-000261): 6 March 2025.

Regards,
Carlos",2026-06-20 16:16:46,DOC-000261,0,MSG-0001294
MSG-0001296,THR-000765,132,93,,Need help with Code Review and Quality Standard - United States,"Hi Layla,

What is the recommended maximum pull request size in United States?

Thanks,
Mei",2026-05-15 19:37:56,DOC-000083,0,
MSG-0001297,THR-000765,93,132,30,Re: Need help with Code Review and Quality Standard - United States,"Hi Mei,

Per 'Code Review and Quality Standard - United States' (https://confluence.northwind-analytics.example.com/policy/doc-000083): 300 lines.

Regards,
Layla",2026-05-16 03:41:56,DOC-000083,0,MSG-0001296
MSG-0001298,THR-000766,23,199,,Quick check: Runbook: auth-engine - Queue backlog,"Hi Daniel,

What command is used to restart auth-engine?

Thanks,
Jonas",2026-09-24 18:41:54,DOC-000146,0,
MSG-0001299,THR-000767,57,46,,Clarification on Runbook: analytics-engine - Disk usage high,"Hi Mei,

After how many minutes should the 'Disk usage high' alert for analytics-engine be escalated?

Thanks,
Felix",2025-12-08 15:53:23,DOC-000117,0,
MSG-0001300,THR-000767,46,57,,Re: Clarification on Runbook: analytics-engine - Disk usage high,"Hi Felix,

Per 'Runbook: analytics-engine - Disk usage high' (https://github-wiki.northwind-analytics.example.com/runbook/doc-000117): 5 minutes.

Regards,
Mei",2025-12-08 19:33:23,DOC-000117,0,MSG-0001299
MSG-0001301,THR-000767,57,46,,Re: Clarification on Runbook: analytics-engine - Disk usage high,"Thanks, that helps!",2025-12-09 00:34:23,DOC-000117,0,MSG-0001300
MSG-0001302,THR-000768,98,22,,Quick check: Data Retention Policy - Singapore,"Hi Felix,

How long are financial records kept in Singapore?

Thanks,
Anna",2024-12-30 18:22:10,DOC-000090,0,
MSG-0001303,THR-000769,12,32,5,Clarification on Service Overview: payments-api,"Hi Omar,

Which database does payments-api use?

Thanks,
Ethan",2026-07-05 21:45:55,DOC-000103,1,
MSG-0001304,THR-000769,32,12,23,Re: Clarification on Service Overview: payments-api,"Hi Ethan,

Per 'Service Overview: payments-api' (https://confluence.northwind-analytics.example.com/service_wiki/doc-000103): PostgreSQL.

Regards,
Omar",2026-07-05 21:50:55,DOC-000103,0,MSG-0001303
MSG-0001305,THR-000769,12,32,,Re: Clarification on Service Overview: payments-api,"Thanks, that helps!",2026-07-06 01:48:55,DOC-000103,0,MSG-0001304
MSG-0001306,THR-000770,162,115,,Clarification on Project Brief: Project Aurora,"Hi Carlos,

What is the approved budget for Project Aurora?

Thanks,
Rohan",2025-10-11 09:27:19,DOC-000164,0,
MSG-0001307,THR-000770,115,162,,Re: Clarification on Project Brief: Project Aurora,"Hi Rohan,

Per 'Project Brief: Project Aurora' (https://sharepoint.northwind-analytics.example.com/project_brief/doc-000164): USD 1,520,000.

Regards,
Carlos",2025-10-11 15:00:19,DOC-000164,0,MSG-0001306
MSG-0001308,THR-000770,162,115,,Re: Clarification on Project Brief: Project Aurora,"Thanks, that helps!",2025-10-11 19:40:19,DOC-000164,0,MSG-0001307
MSG-0001309,THR-000771,53,196,19,Clarification on Meeting Notes: Project Tundra - Steering Sync 1 December 2024,"Hi Lukas,

How much additional budget was approved for Project Tundra in the steering sync on 1 December 2024?

Thanks,
Aarav",2025-01-28 14:55:27,DOC-000221,0,
MSG-0001310,THR-000772,157,195;111;161;186;200,,FYI: Project Brief: Project Summit updated,"Hi all,

We have published version 3 of 'Project Brief: Project Summit'. Please review: https://google-drive.northwind-analytics.example.com/project_brief/doc-000167

Thanks,
Jun",2024-08-02 10:43:09,DOC-000167,0,
MSG-0001311,THR-000773,20,149,,Question about Service Overview: orders-hub,"Hi Oliver,

Which database does orders-hub use?

Thanks,
Jonas",2024-04-25 21:24:29,DOC-000099,0,
MSG-0001312,THR-000773,149,20,,Re: Question about Service Overview: orders-hub,"Hi Jonas,

Per 'Service Overview: orders-hub' (https://github-wiki.northwind-analytics.example.com/service_wiki/doc-000099): MongoDB.

Regards,
Oliver",2024-04-25 21:57:29,DOC-000099,0,MSG-0001311
MSG-0001313,THR-000774,87,129,,Clarification on Runbook: auth-engine - Disk usage high,"Hi Lukas,

After how many minutes should the 'Disk usage high' alert for auth-engine be escalated?

Thanks,
William",2026-03-18 20:43:15,DOC-000128,0,
MSG-0001314,THR-000774,129,87,25,Re: Clarification on Runbook: auth-engine - Disk usage high,"Hi William,

Per 'Runbook: auth-engine - Disk usage high' (https://confluence.northwind-analytics.example.com/runbook/doc-000128): 10 minutes.

Regards,
Lukas",2026-03-19 01:42:15,DOC-000128,0,MSG-0001313
MSG-0001315,THR-000774,87,129,,Re: Clarification on Runbook: auth-engine - Disk usage high,"Thanks, that helps!",2026-03-19 09:51:15,DOC-000128,0,MSG-0001314
MSG-0001316,THR-000775,126,83,,Clarification on Data Retention Policy - United Kingdom,"Hi Neha,

How long are financial records kept in United Kingdom?

Thanks,
Noah",2026-03-17 22:06:01,DOC-000037,0,
MSG-0001317,THR-000775,83,126,,Re: Clarification on Data Retention Policy - United Kingdom,"Hi Noah,

Per 'Data Retention Policy - United Kingdom' (https://confluence.northwind-analytics.example.com/policy/doc-000037): 8 years.

Regards,
Neha",2026-03-17 22:13:01,DOC-000037,0,MSG-0001316
MSG-0001318,THR-000776,136,142,,Need help with Service Overview: payments-api,"Hi Omar,

Which database does payments-api use?

Thanks,
Oliver",2026-06-09 03:08:15,DOC-000103,0,
MSG-0001319,THR-000776,142,136,,Re: Need help with Service Overview: payments-api,"Hi Oliver,

Per 'Service Overview: payments-api' (https://confluence.northwind-analytics.example.com/service_wiki/doc-000103): PostgreSQL.

Regards,
Omar",2026-06-09 10:51:15,DOC-000103,0,MSG-0001318
MSG-0001320,THR-000777,154,182,,Quick check: Runbook: auth-engine - Disk usage high,"Hi Hannah,

What command is used to restart auth-engine?

Thanks,
Felix",2023-08-31 17:23:13,DOC-000128,0,
MSG-0001321,THR-000777,182,154,,Re: Quick check: Runbook: auth-engine - Disk usage high,"Hi Felix,

Per 'Runbook: auth-engine - Disk usage high' (https://confluence.northwind-analytics.example.com/runbook/doc-000128): kubectl rollout restart deployment/auth-engine.

Regards,
Hannah",2023-09-01 02:06:13,DOC-000128,0,MSG-0001320
MSG-0001322,THR-000777,154,182,,Re: Quick check: Runbook: auth-engine - Disk usage high,"Thanks, that helps!",2023-09-01 07:33:13,DOC-000128,1,MSG-0001321
MSG-0001323,THR-000778,77,104,,Clarification on Project Brief: Project Xenon,"Hi Daniel,

Who is the executive sponsor of Project Xenon?

Thanks,
Pooja",2024-12-07 13:44:26,DOC-000166,0,
MSG-0001324,THR-000779,177,27,,Quick check: Meeting Notes: Project Harbor - Steering Sync 6 July 2026,"Hi Noah,

What new launch date was agreed for Project Harbor in the steering sync on 6 July 2026?

Thanks,
Amit",2026-07-18 14:06:10,DOC-000217,0,
MSG-0001325,THR-000779,27,177,10,Re: Quick check: Meeting Notes: Project Harbor - Steering Sync 6 July 2026,"Hi Amit,

Per 'Meeting Notes: Project Harbor - Steering Sync 6 July 2026' (https://google-drive.northwind-analytics.example.com/meeting_notes/doc-000217): 25 October 2027.

Regards,
Noah",2026-07-18 18:28:10,DOC-000217,0,MSG-0001324
MSG-0001326,THR-000779,177,27,,Re: Quick check: Meeting Notes: Project Harbor - Steering Sync 6 July 2026,"Thanks, that helps!",2026-07-18 21:39:10,DOC-000217,0,MSG-0001325
MSG-0001327,THR-000780,133,113,,Clarification on Service Overview: ingestion-sync,"Hi Karan,

What is the availability SLO for ingestion-sync?

Thanks,
Meera",2025-03-29 13:42:37,DOC-000105,0,
MSG-0001328,THR-000780,113,133,,Re: Clarification on Service Overview: ingestion-sync,"Hi Meera,

Per 'Service Overview: ingestion-sync' (https://confluence.northwind-analytics.example.com/service_wiki/doc-000105): 99.99 percent.

Regards,
Karan",2025-03-29 22:23:37,DOC-000105,1,MSG-0001327
MSG-0001329,THR-000780,133,113,,Re: Clarification on Service Overview: ingestion-sync,"Thanks, that helps!",2025-03-30 07:13:37,DOC-000105,0,MSG-0001328
MSG-0001330,THR-000781,15,49,,Quick check: Business Travel Policy - United Kingdom,"Hi Tom,

For flights longer than how many hours is business class permitted in United Kingdom?

Thanks,
Sofia",2026-08-07 21:15:41,DOC-000087,0,
MSG-0001331,THR-000782,96,187,,Quick check: Incident Response Procedure - India,"Hi James,

How soon must a post-mortem be published after a Severity 1 incident in India?

Thanks,
James",2026-08-07 20:37:46,DOC-000051,0,
MSG-0001332,THR-000782,187,96,,Re: Quick check: Incident Response Procedure - India,"Hi James,

Per 'Incident Response Procedure - India' (https://confluence.northwind-analytics.example.com/policy/doc-000051): 7 working days.

Regards,
James",2026-08-08 01:19:46,DOC-000051,0,MSG-0001331
MSG-0001333,THR-000783,51,196,19,Clarification on Meeting Notes: Project Indigo - Steering Sync 28 January 2026,"Hi Lukas,

How much additional budget was approved for Project Indigo in the steering sync on 28 January 2026?

Thanks,
Hannah",2026-06-08 21:23:28,DOC-000188,0,
MSG-0001334,THR-000784,109,7,18,Need help with Procurement Policy - Germany,"Hi Oliver,

Above what value are competitive quotes required in Germany?

Thanks,
Chloe",2024-10-01 22:54:03,DOC-000079,0,
MSG-0001335,THR-000784,7,109,,Re: Need help with Procurement Policy - Germany,"Hi Chloe,

Per 'Procurement Policy - Germany' (https://sharepoint.northwind-analytics.example.com/policy/doc-000079): EUR 25,000.

Regards,
Oliver",2024-10-02 05:03:03,DOC-000079,0,MSG-0001334
MSG-0001336,THR-000785,84,87,12,Quick check: Meeting Notes: Project Comet - Steering Sync 18 September 2023,"Hi William,

How much additional budget was approved for Project Comet in the steering sync on 18 September 2023?

Thanks,
Anna",2025-12-28 17:26:31,DOC-000281,0,
MSG-0001337,THR-000785,87,84,,Re: Quick check: Meeting Notes: Project Comet - Steering Sync 18 September 2023,"Hi Anna,

Per 'Meeting Notes: Project Comet - Steering Sync 18 September 2023' (https://google-drive.northwind-analytics.example.com/meeting_notes/doc-000281): USD 150,000.

Regards,
William",2025-12-28 21:51:31,DOC-000281,0,MSG-0001336
MSG-0001338,THR-000786,142,200,,Clarification on Remote and Hybrid Work Policy - Germany,"Hi Anna,

What are the core working hours in Germany?

Thanks,
Omar",2025-01-18 14:36:28,DOC-000005,0,
MSG-0001339,THR-000786,200,142,,Re: Clarification on Remote and Hybrid Work Policy - Germany,"Hi Omar,

Per 'Remote and Hybrid Work Policy - Germany' (https://confluence.northwind-analytics.example.com/policy/doc-000005): 11:00 to 15:00.

Regards,
Anna",2025-01-18 20:42:28,DOC-000005,0,MSG-0001338
MSG-0001340,THR-000787,30,132;151;157;121;76,,FYI: Service Overview: auth-engine updated,"Hi all,

We have published version 1 of 'Service Overview: auth-engine'. Please review: https://confluence.northwind-analytics.example.com/service_wiki/doc-000111

Thanks,
Nikhil",2024-06-17 20:19:16,DOC-000111,0,
MSG-0001341,THR-000788,178,136;105;137;110;5,,FYI: Information Security Standard - United States updated,"Hi all,

We have published version 2 of 'Information Security Standard - United States'. Please review: https://confluence.northwind-analytics.example.com/policy/doc-000003

Thanks,
Hannah",2025-12-10 19:54:53,DOC-000003,0,
MSG-0001342,THR-000789,194,8,,Need help with Meeting Notes: Project Eclipse - Steering Sync 22 April 2026,"Hi Daniel,

How much additional budget was approved for Project Eclipse in the steering sync on 22 April 2026?

Thanks,
Jun",2026-06-21 00:36:52,DOC-000284,1,
MSG-0001343,THR-000790,16,79,,Question about Project Brief: Project Ember,"Hi Michael,

Who is the executive sponsor of Project Ember?

Thanks,
Maya",2026-06-16 15:43:13,DOC-000174,0,
MSG-0001344,THR-000790,79,16,,Re: Question about Project Brief: Project Ember,"Hi Maya,

Per 'Project Brief: Project Ember' (https://google-drive.northwind-analytics.example.com/project_brief/doc-000174): Aarav Park.

Regards,
Michael",2026-06-17 00:55:13,DOC-000174,0,MSG-0001343
MSG-0001345,THR-000790,16,79,,Re: Question about Project Brief: Project Ember,"Thanks, that helps!",2026-06-17 05:44:13,DOC-000174,0,MSG-0001344
MSG-0001346,THR-000791,130,188,,Clarification on Incident Response Procedure - Singapore,"Hi Meera,

How soon must a post-mortem be published after a Severity 1 incident in Singapore?

Thanks,
Omar",2026-09-20 22:53:52,DOC-000010,0,
MSG-0001347,THR-000791,188,130,,Re: Clarification on Incident Response Procedure - Singapore,"Hi Omar,

Per 'Incident Response Procedure - Singapore' (https://confluence.northwind-analytics.example.com/policy/doc-000010): 3 working days.

Regards,
Meera",2026-09-21 00:50:52,DOC-000010,0,MSG-0001346
MSG-0001348,THR-000792,54,154,,Need help with Project Brief: Project Nebula,"Hi Felix,

Who is the executive sponsor of Project Nebula?

Thanks,
Ethan",2026-02-26 15:47:20,DOC-000160,0,
MSG-0001349,THR-000792,154,54,,Re: Need help with Project Brief: Project Nebula,"Hi Ethan,

Per 'Project Brief: Project Nebula' (https://sharepoint.northwind-analytics.example.com/project_brief/doc-000160): Zara Iyer.

Regards,
Felix",2026-02-26 16:06:20,DOC-000160,0,MSG-0001348
MSG-0001350,THR-000792,54,154,,Re: Need help with Project Brief: Project Nebula,"Thanks, that helps!",2026-02-26 19:59:20,DOC-000160,0,MSG-0001349
MSG-0001351,THR-000793,176,71,,Question about Meeting Notes: Project Rift - Steering Sync 8 November 2024,"Hi Pooja,

What new launch date was agreed for Project Rift in the steering sync on 8 November 2024?

Thanks,
Amit",2026-06-30 01:01:48,DOC-000194,0,
MSG-0001352,THR-000794,87,107,,Question about IT Services FAQ - Germany,"Hi Noah,

Which VPN client do employees in Germany use?

Thanks,
William",2025-03-26 11:42:58,DOC-000031,0,
MSG-0001353,THR-000794,107,87,18,Re: Question about IT Services FAQ - Germany,"Hi William,

Per 'IT Services FAQ - Germany' (https://confluence.northwind-analytics.example.com/faq/doc-000031): SecureLink.

Regards,
Noah",2025-03-26 15:39:58,DOC-000031,0,MSG-0001352
MSG-0001354,THR-000795,30,133,,Question about Meeting Notes: Project Cascade - Steering Sync 20 July 2026,"Hi Meera,

Who is responsible for the API specification for Project Cascade according to the steering sync on 20 July 2026?

Thanks,
Nikhil",2026-09-18 18:54:27,DOC-000257,0,
MSG-0001355,THR-000795,133,30,,Re: Question about Meeting Notes: Project Cascade - Steering Sync 20 July 2026,"Hi Nikhil,

Per 'Meeting Notes: Project Cascade - Steering Sync 20 July 2026' (https://sharepoint.northwind-analytics.example.com/meeting_notes/doc-000257): Riya Nguyen.

Regards,
Meera",2026-09-19 03:54:27,DOC-000257,0,MSG-0001354
MSG-0001356,THR-000795,30,133,,Re: Question about Meeting Notes: Project Cascade - Steering Sync 20 July 2026,"Thanks, that helps!",2026-09-19 12:31:27,DOC-000257,0,MSG-0001355
MSG-0001357,THR-000796,28,115,,Need help with Project Brief: Project Juniper,"Hi Carlos,

Who is the owner of Project Juniper?

Thanks,
Sophie",2026-09-06 20:10:25,DOC-000185,0,
MSG-0001358,THR-000797,191,72,,Clarification on Meeting Notes: Project Harbor - Steering Sync 18 September 2026,"Hi Jun,

Who is responsible for the data migration plan for Project Harbor according to the steering sync on 18 September 2026?

Thanks,
Debjani",2026-09-19 01:56:23,DOC-000241,0,
MSG-0001359,THR-000797,72,191,,Re: Clarification on Meeting Notes: Project Harbor - Steering Sync 18 September 2026,"Hi Debjani,

Per 'Meeting Notes: Project Harbor - Steering Sync 18 September 2026' (https://notion.northwind-analytics.example.com/meeting_notes/doc-000241): Michael Schmidt.

Regards,
Jun",2026-09-19 10:49:23,DOC-000241,0,MSG-0001358
MSG-0001360,THR-000798,176,117,,Question about Meeting Notes: Project Beacon - Steering Sync 12 June 2026,"Hi Riya,

What new launch date was agreed for Project Beacon in the steering sync on 12 June 2026?

Thanks,
Amit",2026-07-06 19:39:24,DOC-000249,0,
MSG-0001361,THR-000798,117,176,,Re: Question about Meeting Notes: Project Beacon - Steering Sync 12 June 2026,"Hi Amit,

Per 'Meeting Notes: Project Beacon - Steering Sync 12 June 2026' (https://sharepoint.northwind-analytics.example.com/meeting_notes/doc-000249): 4 November 2027.

Regards,
Riya",2026-07-06 21:16:24,DOC-000249,0,MSG-0001360
MSG-0001362,THR-000799,109,196,,Question about Project Brief: Project Lantern,"Hi Lukas,

Who is the owner of Project Lantern?

Thanks,
Chloe",2026-07-01 16:33:23,DOC-000172,0,
MSG-0001363,THR-000799,196,109,,Re: Question about Project Brief: Project Lantern,"Hi Chloe,

Per 'Project Brief: Project Lantern' (https://sharepoint.northwind-analytics.example.com/project_brief/doc-000172): Michael Wagner.

Regards,
Lukas",2026-07-01 19:05:23,DOC-000172,0,MSG-0001362
MSG-0001364,THR-000800,60,188,,Question about Meeting Notes: Project Nebula - Steering Sync 24 May 2025,"Hi Meera,

What new launch date was agreed for Project Nebula in the steering sync on 24 May 2025?

Thanks,
Pooja",2026-04-08 23:00:01,DOC-000252,0,
MSG-0001365,THR-000801,123,180,12,Quick check: Meeting Notes: Project Indigo - Steering Sync 30 January 2026,"Hi Vikram,

How much additional budget was approved for Project Indigo in the steering sync on 30 January 2026?

Thanks,
Anna",2026-07-09 21:58:03,DOC-000299,0,
MSG-0001366,THR-000801,180,123,,Re: Quick check: Meeting Notes: Project Indigo - Steering Sync 30 January 2026,"Hi Anna,

Per 'Meeting Notes: Project Indigo - Steering Sync 30 January 2026' (https://google-drive.northwind-analytics.example.com/meeting_notes/doc-000299): USD 75,000.

Regards,
Vikram",2026-07-10 05:13:03,DOC-000299,0,MSG-0001365
MSG-0001367,THR-000801,123,180,12,Re: Quick check: Meeting Notes: Project Indigo - Steering Sync 30 January 2026,"Thanks, that helps!",2026-07-10 14:15:03,DOC-000299,0,MSG-0001366
MSG-0001368,THR-000802,122,151,,Question about Meeting Notes: Project Keystone - Steering Sync 15 June 2026,"Hi William,

What new launch date was agreed for Project Keystone in the steering sync on 15 June 2026?

Thanks,
Rahul",2026-08-23 17:54:02,DOC-000300,0,
MSG-0001369,THR-000802,151,122,,Re: Question about Meeting Notes: Project Keystone - Steering Sync 15 June 2026,"Hi Rahul,

Per 'Meeting Notes: Project Keystone - Steering Sync 15 June 2026' (https://notion.northwind-analytics.example.com/meeting_notes/doc-000300): 23 November 2026.

Regards,
William",2026-08-24 03:30:02,DOC-000300,0,MSG-0001368
MSG-0001370,THR-000803,166,68;141;132;114;106,,FYI: Meeting Notes: Project Tundra - Steering Sync 1 December 2024 updated,"Hi all,

We have published version 2 of 'Meeting Notes: Project Tundra - Steering Sync 1 December 2024'. Please review: https://notion.northwind-analytics.example.com/meeting_notes/doc-000221

Thanks,
Nikhil",2025-05-21 13:52:35,DOC-000221,0,
MSG-0001371,THR-000804,127,148,,Question about Runbook: shipping-service - High error rate,"Hi Neha,

What command is used to restart shipping-service?

Thanks,
Ishita",2026-09-23 12:03:09,DOC-000127,0,
MSG-0001372,THR-000805,87,25,,Question about Runbook: auth-api - Certificate expiring,"Hi Arjun,

What command is used to restart auth-api?

Thanks,
William",2025-01-01 03:35:42,DOC-000114,0,
MSG-0001373,THR-000806,175,197;35;7;167;126,,FYI: Meeting Notes: Project Atlas - Steering Sync 11 May 2024 updated,"Hi all,

We have published version 1 of 'Meeting Notes: Project Atlas - Steering Sync 11 May 2024'. Please review: https://sharepoint.northwind-analytics.example.com/meeting_notes/doc-000220

Thanks,
Tom",2026-09-25 17:50:48,DOC-000220,0,
MSG-0001374,THR-000807,10,200,,Question about Remote and Hybrid Work Policy - Germany,"Hi Anna,

What is the monthly home-office stipend in Germany?

Thanks,
Nikhil",2026-01-11 21:35:48,DOC-000005,0,
MSG-0001375,THR-000808,59,98,,Need help with Service Overview: search-sync,"Hi Anna,

Which database does search-sync use?

Thanks,
Tom",2025-12-22 20:25:24,DOC-000097,0,
MSG-0001376,THR-000808,98,59,,Re: Need help with Service Overview: search-sync,"Hi Tom,

Per 'Service Overview: search-sync' (https://github-wiki.northwind-analytics.example.com/service_wiki/doc-000097): DynamoDB.

Regards,
Anna",2025-12-22 21:17:24,DOC-000097,0,MSG-0001375
MSG-0001377,THR-000808,59,98,,Re: Need help with Service Overview: search-sync,"Thanks, that helps!",2025-12-23 04:32:24,DOC-000097,0,MSG-0001376
MSG-0001378,THR-000809,88,61,,Need help with Meeting Notes: Project Keystone - Steering Sync 17 September 2026,"Hi Ethan,

How much additional budget was approved for Project Keystone in the steering sync on 17 September 2026?

Thanks,
Omar",2026-10-01 00:13:46,DOC-000233,0,
MSG-0001379,THR-000810,182,129,,Need help with Service Overview: shipping-service,"Hi Lukas,

Who owns the shipping-service service?

Thanks,
Hannah",2024-05-24 08:58:21,DOC-000109,0,
MSG-0001380,THR-000810,129,182,,Re: Need help with Service Overview: shipping-service,"Hi Hannah,

Per 'Service Overview: shipping-service' (https://confluence.northwind-analytics.example.com/service_wiki/doc-000109): Layla Joshi.

Regards,
Lukas",2024-05-24 18:00:21,DOC-000109,0,MSG-0001379
MSG-0001381,THR-000810,182,129,,Re: Need help with Service Overview: shipping-service,"Thanks, that helps!",2024-05-24 21:52:21,DOC-000109,0,MSG-0001380
MSG-0001382,THR-000811,27,18,,Quick check: Project Brief: Project Quartz,"Hi Sourav,

What is the target launch date for Project Quartz?

Thanks,
Noah",2024-11-13 12:39:23,DOC-000165,0,
MSG-0001383,THR-000812,13,16,11,Need help with Expense Reimbursement Policy - Singapore,"Hi Maya,

Above what amount are receipts required in Singapore?

Thanks,
Lena",2026-08-11 17:38:14,DOC-000067,0,
MSG-0001384,THR-000812,16,13,,Re: Need help with Expense Reimbursement Policy - Singapore,"Hi Lena,

Per 'Expense Reimbursement Policy - Singapore' (https://sharepoint.northwind-analytics.example.com/policy/doc-000067): SGD 20.

Regards,
Maya",2026-08-12 00:25:14,DOC-000067,0,MSG-0001383
MSG-0001385,THR-000812,13,16,,Re: Need help with Expense Reimbursement Policy - Singapore,"Thanks, that helps!",2026-08-12 01:46:14,DOC-000067,0,MSG-0001384
MSG-0001386,THR-000813,13,37;60;164;78;200,,FYI: Meeting Notes: Project Vertex - Steering Sync 19 September 2026 updated,"Hi all,

We have published version 5 of 'Meeting Notes: Project Vertex - Steering Sync 19 September 2026'. Please review: https://sharepoint.northwind-analytics.example.com/meeting_notes/doc-000246

Thanks,
Lena",2026-09-26 16:28:34,DOC-000246,0,
MSG-0001387,THR-000814,155,184,,Quick check: Project Brief: Project Orion,"Hi Arjun,

Who is the executive sponsor of Project Orion?

Thanks,
William",2026-05-09 17:34:18,DOC-000158,0,
MSG-0001388,THR-000815,164,136,,Need help with Meeting Notes: Project Eclipse - Steering Sync 4 September 2026,"Hi Oliver,

How much additional budget was approved for Project Eclipse in the steering sync on 4 September 2026?

Thanks,
Sourav",2026-09-14 04:36:04,DOC-000240,0,
MSG-0001389,THR-000816,161,192,,Clarification on Paid Time Off Policy - Germany,"Hi Zara,

What is the maximum number of PTO days that can be carried over in Germany?

Thanks,
Ava",2026-02-28 00:05:23,DOC-000077,0,
MSG-0001390,THR-000816,192,161,,Re: Clarification on Paid Time Off Policy - Germany,"Hi Ava,

Per 'Paid Time Off Policy - Germany' (https://confluence.northwind-analytics.example.com/policy/doc-000077): 10 days.

Regards,
Zara",2026-02-28 09:42:23,DOC-000077,0,MSG-0001389
MSG-0001391,THR-000816,161,192,24,Re: Clarification on Paid Time Off Policy - Germany,"Thanks, that helps!",2026-02-28 10:25:23,DOC-000077,0,MSG-0001390
MSG-0001392,THR-000817,60,16,,Clarification on Meeting Notes: Project Beacon - Steering Sync 11 July 2026,"Hi Maya,

What new launch date was agreed for Project Beacon in the steering sync on 11 July 2026?

Thanks,
Pooja",2026-09-20 14:35:45,DOC-000191,0,
MSG-0001393,THR-000817,16,60,7,Re: Clarification on Meeting Notes: Project Beacon - Steering Sync 11 July 2026,"Hi Pooja,

Per 'Meeting Notes: Project Beacon - Steering Sync 11 July 2026' (https://google-drive.northwind-analytics.example.com/meeting_notes/doc-000191): 17 November 2027.

Regards,
Maya",2026-09-20 21:01:45,DOC-000191,0,MSG-0001392
MSG-0001394,THR-000818,123,50,,Quick check: Runbook: payments-api - High error rate,"Hi Nikhil,

After how many minutes should the 'High error rate' alert for payments-api be escalated?

Thanks,
Anna",2026-08-12 17:15:27,DOC-000152,0,
MSG-0001395,THR-000818,50,123,23,Re: Quick check: Runbook: payments-api - High error rate,"Hi Anna,

Per 'Runbook: payments-api - High error rate' (https://github-wiki.northwind-analytics.example.com/runbook/doc-000152): 10 minutes.

Regards,
Nikhil",2026-08-12 23:58:27,DOC-000152,0,MSG-0001394
MSG-0001396,THR-000819,197,13,26,Need help with Meeting Notes: Project Vertex - Steering Sync 24 July 2026,"Hi Lena,

Who is responsible for the load test report for Project Vertex according to the steering sync on 24 July 2026?

Thanks,
Emily",2026-08-30 00:42:58,DOC-000204,1,
MSG-0001397,THR-000820,60,145;142;19;166;74,,FYI: Service Overview: profile-sync updated,"Hi all,

We have published version 1 of 'Service Overview: profile-sync'. Please review: https://github-wiki.northwind-analytics.example.com/service_wiki/doc-000104

Thanks,
Pooja",2026-01-10 08:32:42,DOC-000104,0,
MSG-0001398,THR-000821,127,187,,Question about Information Security Standard - Germany,"Hi James,

After how many failed sign-in attempts is an account locked in Germany?

Thanks,
Ishita",2025-02-19 00:14:19,DOC-000065,0,
MSG-0001399,THR-000821,187,127,,Re: Question about Information Security Standard - Germany,"Hi Ishita,

Per 'Information Security Standard - Germany' (https://confluence.northwind-analytics.example.com/policy/doc-000065): 10 attempts.

Regards,
James",2025-02-19 08:37:19,DOC-000065,0,MSG-0001398
MSG-0001400,THR-000821,127,187,,Re: Question about Information Security Standard - Germany,"Thanks, that helps!",2025-02-19 10:53:19,DOC-000065,0,MSG-0001399
MSG-0001401,THR-000822,53,200,,Question about New Joiner Onboarding Guide - United Kingdom,"Hi Anna,

Within how many working days do new joiners in United Kingdom receive a laptop?

Thanks,
Aarav",2026-08-20 20:37:42,DOC-000085,0,
MSG-0001402,THR-000823,30,168,,Clarification on Paid Time Off Policy - India,"Hi Lukas,

What is the maximum number of PTO days that can be carried over in India?

Thanks,
Nikhil",2025-12-18 01:12:37,DOC-000020,0,
MSG-0001403,THR-000823,168,30,,Re: Clarification on Paid Time Off Policy - India,"Hi Nikhil,

Per 'Paid Time Off Policy - India' (https://confluence.northwind-analytics.example.com/policy/doc-000020): 6 days.

Regards,
Lukas",2025-12-18 07:43:37,DOC-000020,0,MSG-0001402
MSG-0001404,THR-000824,73,42,27,Question about Incident Response Procedure - India,"Hi Jonas,

Within how many minutes must a Severity 1 incident be acknowledged in India?

Thanks,
Daniel",2026-02-01 11:36:47,DOC-000051,0,
MSG-0001405,THR-000825,30,54;186;113;109;142,,FYI: Runbook: ledger-service - Disk usage high updated,"Hi all,

We have published version 4 of 'Runbook: ledger-service - Disk usage high'. Please review: https://confluence.northwind-analytics.example.com/runbook/doc-000134

Thanks,
Nikhil",2025-04-09 16:37:34,DOC-000134,0,
MSG-0001406,THR-000826,126,162,,Question about Runbook: analytics-engine - Certificate expiring,"Hi Rohan,

After how many minutes should the 'Certificate expiring' alert for analytics-engine be escalated?

Thanks,
Noah",2026-03-13 17:00:39,DOC-000135,0,
MSG-0001407,THR-000826,162,126,30,Re: Question about Runbook: analytics-engine - Certificate expiring,"Hi Noah,

Per 'Runbook: analytics-engine - Certificate expiring' (https://confluence.northwind-analytics.example.com/runbook/doc-000135): 10 minutes.

Regards,
Rohan",2026-03-13 23:58:39,DOC-000135,0,MSG-0001406
MSG-0001408,THR-000827,79,148,12,Quick check: Service Overview: recommendation-sync,"Hi Neha,

What is the p95 latency target for recommendation-sync?

Thanks,
Michael",2025-11-29 16:08:54,DOC-000106,0,
MSG-0001409,THR-000827,148,79,25,Re: Quick check: Service Overview: recommendation-sync,"Hi Michael,

Per 'Service Overview: recommendation-sync' (https://confluence.northwind-analytics.example.com/service_wiki/doc-000106): 450 ms.

Regards,
Neha",2025-11-29 17:06:54,DOC-000106,0,MSG-0001408
MSG-0001410,THR-000828,159,150;193;92;189;165,,FYI: Meeting Notes: Project Umbra - Steering Sync 23 January 2024 updated,"Hi all,

We have published version 1 of 'Meeting Notes: Project Umbra - Steering Sync 23 January 2024'. Please review: https://sharepoint.northwind-analytics.example.com/meeting_notes/doc-000272

Thanks,
Felix",2026-03-02 09:24:13,DOC-000272,0,
MSG-0001411,THR-000829,171,35,,Need help with Meeting Notes: Project Harbor - Steering Sync 6 July 2026,"Hi Lukas,

What new launch date was agreed for Project Harbor in the steering sync on 6 July 2026?

Thanks,
Chloe",2026-09-23 00:55:22,DOC-000217,0,
MSG-0001412,THR-000829,35,171,,Re: Need help with Meeting Notes: Project Harbor - Steering Sync 6 July 2026,"Hi Chloe,

Per 'Meeting Notes: Project Harbor - Steering Sync 6 July 2026' (https://google-drive.northwind-analytics.example.com/meeting_notes/doc-000217): 25 October 2027.

Regards,
Lukas",2026-09-23 02:34:22,DOC-000217,1,MSG-0001411
MSG-0001413,THR-000829,171,35,,Re: Need help with Meeting Notes: Project Harbor - Steering Sync 6 July 2026,"Thanks, that helps!",2026-09-23 06:20:22,DOC-000217,0,MSG-0001412
MSG-0001414,THR-000830,194,165,,Clarification on Meeting Notes: Project Comet - Steering Sync 26 April 2023,"Hi Meera,

What new launch date was agreed for Project Comet in the steering sync on 26 April 2023?

Thanks,
Jun",2023-05-01 14:47:51,DOC-000187,0,
MSG-0001415,THR-000830,165,194,,Re: Clarification on Meeting Notes: Project Comet - Steering Sync 26 April 2023,"Hi Jun,

Per 'Meeting Notes: Project Comet - Steering Sync 26 April 2023' (https://google-drive.northwind-analytics.example.com/meeting_notes/doc-000187): 15 April 2024.

Regards,
Meera",2023-05-02 00:14:51,DOC-000187,0,MSG-0001414
MSG-0001416,THR-000831,61,19,,Quick check: Meeting Notes: Project Dynamo - Steering Sync 15 June 2023,"Hi Marta,

What new launch date was agreed for Project Dynamo in the steering sync on 15 June 2023?

Thanks,
Ethan",2026-06-16 15:23:00,DOC-000295,0,
MSG-0001417,THR-000831,19,61,,Re: Quick check: Meeting Notes: Project Dynamo - Steering Sync 15 June 2023,"Hi Ethan,

Per 'Meeting Notes: Project Dynamo - Steering Sync 15 June 2023' (https://notion.northwind-analytics.example.com/meeting_notes/doc-000295): 19 January 2024.

Regards,
Marta",2026-06-16 16:53:00,DOC-000295,0,MSG-0001416
MSG-0001418,THR-000832,120,195,,Need help with Runbook: ingestion-gateway - Certificate expiring,"Hi Ava,

What command is used to restart ingestion-gateway?

Thanks,
Lukas",2024-06-13 17:34:07,DOC-000123,0,
MSG-0001419,THR-000832,195,120,,Re: Need help with Runbook: ingestion-gateway - Certificate expiring,"Hi Lukas,

Per 'Runbook: ingestion-gateway - Certificate expiring' (https://confluence.northwind-analytics.example.com/runbook/doc-000123): kubectl rollout restart deployment/ingestion-gateway.

Regards,
Ava",2024-06-13 17:47:07,DOC-000123,0,MSG-0001418
MSG-0001420,THR-000832,120,195,,Re: Need help with Runbook: ingestion-gateway - Certificate expiring,"Thanks, that helps!",2024-06-13 22:44:07,DOC-000123,0,MSG-0001419
MSG-0001421,THR-000833,7,136;96;129;14;16,,FYI: Meeting Notes: Project Aurora - Steering Sync 21 November 2025 updated,"Hi all,

We have published version 4 of 'Meeting Notes: Project Aurora - Steering Sync 21 November 2025'. Please review: https://google-drive.northwind-analytics.example.com/meeting_notes/doc-000244

Thanks,
Oliver",2026-06-26 08:32:12,DOC-000244,0,
MSG-0001422,THR-000834,22,49,,Question about Procurement Policy - India,"Hi Tom,

Above what contract value is legal review needed in India?

Thanks,
Felix",2026-09-11 18:36:05,DOC-000066,0,
MSG-0001423,THR-000835,40,141;20;117;25;12,,FYI: Meeting Notes: Project Keystone - Steering Sync 17 September 2026 updated,"Hi all,

We have published version 1 of 'Meeting Notes: Project Keystone - Steering Sync 17 September 2026'. Please review: https://notion.northwind-analytics.example.com/meeting_notes/doc-000233

Thanks,
Sofia",2026-09-19 17:06:51,DOC-000233,0,
MSG-0001424,THR-000836,119,9,,Need help with Meeting Notes: Project Nebula - Steering Sync 13 November 2024,"Hi Zara,

How much additional budget was approved for Project Nebula in the steering sync on 13 November 2024?

Thanks,
Aarav",2026-08-22 00:46:27,DOC-000229,1,
MSG-0001425,THR-000836,9,119,,Re: Need help with Meeting Notes: Project Nebula - Steering Sync 13 November 2024,"Hi Aarav,

Per 'Meeting Notes: Project Nebula - Steering Sync 13 November 2024' (https://notion.northwind-analytics.example.com/meeting_notes/doc-000229): USD 150,000.

Regards,
Zara",2026-08-22 08:09:27,DOC-000229,0,MSG-0001424
MSG-0001426,THR-000836,119,9,,Re: Need help with Meeting Notes: Project Nebula - Steering Sync 13 November 2024,"Thanks, that helps!",2026-08-22 12:24:27,DOC-000229,0,MSG-0001425
MSG-0001427,THR-000837,97,104;9;14;48;50,,FYI: Meeting Notes: Project Jade - Steering Sync 26 August 2023 updated,"Hi all,

We have published version 1 of 'Meeting Notes: Project Jade - Steering Sync 26 August 2023'. Please review: https://google-drive.northwind-analytics.example.com/meeting_notes/doc-000212

Thanks,
Sophie",2025-02-15 09:45:47,DOC-000212,0,
MSG-0001428,THR-000838,184,83,,Question about Data Retention Policy - United Kingdom,"Hi Neha,

How long is email retained in United Kingdom?

Thanks,
Arjun",2026-03-31 21:06:55,DOC-000037,0,
MSG-0001429,THR-000838,83,184,,Re: Question about Data Retention Policy - United Kingdom,"Hi Arjun,

Per 'Data Retention Policy - United Kingdom' (https://confluence.northwind-analytics.example.com/policy/doc-000037): 1 years.

Regards,
Neha",2026-04-01 02:06:55,DOC-000037,1,MSG-0001428
MSG-0001430,THR-000838,184,83,12,Re: Question about Data Retention Policy - United Kingdom,"Thanks, that helps!",2026-04-01 04:48:55,DOC-000037,0,MSG-0001429
MSG-0001431,THR-000839,151,96,,Question about Remote and Hybrid Work Policy - India,"Hi James,

What is the monthly home-office stipend in India?

Thanks,
William",2024-08-02 19:00:16,DOC-000025,0,
MSG-0001432,THR-000840,33,10;9;82;60;151,,FYI: Meeting Notes: Project Xenon - Steering Sync 29 November 2023 updated,"Hi all,

We have published version 1 of 'Meeting Notes: Project Xenon - Steering Sync 29 November 2023'. Please review: https://sharepoint.northwind-analytics.example.com/meeting_notes/doc-000287

Thanks,
Emily",2024-09-12 09:08:54,DOC-000287,0,
MSG-0001433,THR-000841,175,8,,Question about New Joiner Onboarding Guide - Germany,"Hi Daniel,

Within how many working days do new joiners in Germany receive a laptop?

Thanks,
Tom",2026-06-21 18:03:03,DOC-000088,0,
MSG-0001434,THR-000841,8,175,,Re: Question about New Joiner Onboarding Guide - Germany,"Hi Tom,

Per 'New Joiner Onboarding Guide - Germany' (https://sharepoint.northwind-analytics.example.com/policy/doc-000088): 5 working days.

Regards,
Daniel",2026-06-21 21:40:03,DOC-000088,0,MSG-0001433
MSG-0001435,THR-000841,175,8,,Re: Question about New Joiner Onboarding Guide - Germany,"Thanks, that helps!",2026-06-22 01:33:03,DOC-000088,0,MSG-0001434
MSG-0001436,THR-000842,56,41,,Clarification on Service Overview: auth-engine,"Hi Kavya,

Who owns the auth-engine service?

Thanks,
Mei",2025-01-22 13:58:24,DOC-000111,0,
MSG-0001437,THR-000842,41,56,,Re: Clarification on Service Overview: auth-engine,"Hi Mei,

Per 'Service Overview: auth-engine' (https://confluence.northwind-analytics.example.com/service_wiki/doc-000111): Nikhil Iyer.

Regards,
Kavya",2025-01-22 18:53:24,DOC-000111,0,MSG-0001436
MSG-0001438,THR-000842,56,41,,Re: Clarification on Service Overview: auth-engine,"Thanks, that helps!",2025-01-22 22:08:24,DOC-000111,0,MSG-0001437
MSG-0001439,THR-000843,171,68;150;132;111;110,,FYI: Project Brief: Project Ember updated,"Hi all,

We have published version 1 of 'Project Brief: Project Ember'. Please review: https://google-drive.northwind-analytics.example.com/project_brief/doc-000174

Thanks,
Chloe",2026-09-12 14:27:50,DOC-000174,0,
MSG-0001440,THR-000844,93,89,,Need help with Runbook: auth-api - Disk usage high,"Hi Nikhil,

What command is used to restart auth-api?

Thanks,
Layla",2026-06-05 17:56:03,DOC-000120,0,
MSG-0001441,THR-000844,89,93,,Re: Need help with Runbook: auth-api - Disk usage high,"Hi Layla,

Per 'Runbook: auth-api - Disk usage high' (https://github-wiki.northwind-analytics.example.com/runbook/doc-000120): kubectl rollout restart deployment/auth-api.

Regards,
Nikhil",2026-06-05 22:09:03,DOC-000120,0,MSG-0001440
MSG-0001442,THR-000845,117,104;199;24;86;177,,FYI: Meeting Notes: Project Juniper - Steering Sync 9 April 2023 updated,"Hi all,

We have published version 1 of 'Meeting Notes: Project Juniper - Steering Sync 9 April 2023'. Please review: https://sharepoint.northwind-analytics.example.com/meeting_notes/doc-000206

Thanks,
Riya",2024-04-06 16:30:53,DOC-000206,0,
MSG-0001443,THR-000846,70,182,,Need help with Runbook: auth-api - Elevated latency,"Hi Hannah,

After how many minutes should the 'Elevated latency' alert for auth-api be escalated?

Thanks,
Oliver",2026-02-14 19:46:52,DOC-000112,0,
MSG-0001444,THR-000847,70,108,,Quick check: Meeting Notes: Project Orion - Steering Sync 27 February 2026,"Hi Vikram,

How much additional budget was approved for Project Orion in the steering sync on 27 February 2026?

Thanks,
Oliver",2026-03-14 21:18:26,DOC-000283,0,
MSG-0001445,THR-000848,102,187,,Quick check: Meeting Notes: Project Meridian - Steering Sync 4 September 2024,"Hi James,

How much additional budget was approved for Project Meridian in the steering sync on 4 September 2024?

Thanks,
Omar",2025-02-14 15:59:28,DOC-000211,0,
MSG-0001446,THR-000848,187,102,18,Re: Quick check: Meeting Notes: Project Meridian - Steering Sync 4 September 2024,"Hi Omar,

Per 'Meeting Notes: Project Meridian - Steering Sync 4 September 2024' (https://notion.northwind-analytics.example.com/meeting_notes/doc-000211): USD 100,000.

Regards,
James",2025-02-14 23:01:28,DOC-000211,0,MSG-0001445
MSG-0001447,THR-000848,102,187,,Re: Quick check: Meeting Notes: Project Meridian - Steering Sync 4 September 2024,"Thanks, that helps!",2025-02-15 08:56:28,DOC-000211,0,MSG-0001446
MSG-0001448,THR-000849,132,38,,Quick check: Runbook: notification-hub - Elevated latency,"Hi Arjun,

Which Slack channel is used for incidents on notification-hub?

Thanks,
Mei",2025-11-26 17:03:56,DOC-000149,0,
MSG-0001449,THR-000850,84,107,,Clarification on Meeting Notes: Project Kestrel - Steering Sync 12 March 2026,"Hi Noah,

How much additional budget was approved for Project Kestrel in the steering sync on 12 March 2026?

Thanks,
Anna",2026-08-24 23:57:26,DOC-000256,0,
MSG-0001450,THR-000850,107,84,,Re: Clarification on Meeting Notes: Project Kestrel - Steering Sync 12 March 2026,"Hi Anna,

Per 'Meeting Notes: Project Kestrel - Steering Sync 12 March 2026' (https://google-drive.northwind-analytics.example.com/meeting_notes/doc-000256): USD 100,000.

Regards,
Noah",2026-08-25 07:21:26,DOC-000256,0,MSG-0001449
MSG-0001451,THR-000850,84,107,,Re: Clarification on Meeting Notes: Project Kestrel - Steering Sync 12 March 2026,"Thanks, that helps!",2026-08-25 14:28:26,DOC-000256,0,MSG-0001450
MSG-0001452,THR-000851,165,123,,Question about Meeting Notes: Project Ember - Steering Sync 7 July 2026,"Hi Anna,

What new launch date was agreed for Project Ember in the steering sync on 7 July 2026?

Thanks,
Meera",2026-07-25 13:19:30,DOC-000297,0,
MSG-0001453,THR-000851,123,165,12,Re: Question about Meeting Notes: Project Ember - Steering Sync 7 July 2026,"Hi Meera,

Per 'Meeting Notes: Project Ember - Steering Sync 7 July 2026' (https://sharepoint.northwind-analytics.example.com/meeting_notes/doc-000297): 1 April 2027.

Regards,
Anna",2026-07-25 21:56:30,DOC-000297,0,MSG-0001452
MSG-0001454,THR-000852,177,6;128;54;122;34,,FYI: Meeting Notes: Project Vertex - Steering Sync 28 August 2026 updated,"Hi all,

We have published version 2 of 'Meeting Notes: Project Vertex - Steering Sync 28 August 2026'. Please review: https://sharepoint.northwind-analytics.example.com/meeting_notes/doc-000285

Thanks,
Amit",2026-09-09 18:29:05,DOC-000285,0,
MSG-0001455,THR-000853,25,106,,Need help with Meeting Notes: Project Tundra - Steering Sync 22 June 2024,"Hi Sanjay,

What new launch date was agreed for Project Tundra in the steering sync on 22 June 2024?

Thanks,
Arjun",2024-08-22 00:16:10,DOC-000216,1,
MSG-0001456,THR-000853,106,25,,Re: Need help with Meeting Notes: Project Tundra - Steering Sync 22 June 2024,"Hi Arjun,

Per 'Meeting Notes: Project Tundra - Steering Sync 22 June 2024' (https://google-drive.northwind-analytics.example.com/meeting_notes/doc-000216): 16 January 2025.

Regards,
Sanjay",2024-08-22 02:44:10,DOC-000216,0,MSG-0001455
MSG-0001457,THR-000854,159,113,,Need help with Runbook: auth-engine - Disk usage high,"Hi Karan,

After how many minutes should the 'Disk usage high' alert for auth-engine be escalated?

Thanks,
Felix",2023-09-28 12:20:18,DOC-000128,0,
MSG-0001458,THR-000854,113,159,,Re: Need help with Runbook: auth-engine - Disk usage high,"Hi Felix,

Per 'Runbook: auth-engine - Disk usage high' (https://confluence.northwind-analytics.example.com/runbook/doc-000128): 10 minutes.

Regards,
Karan",2023-09-28 14:52:18,DOC-000128,0,MSG-0001457
MSG-0001459,THR-000855,54,46,,Question about Service Overview: recommendation-sync,"Hi Mei,

What is the p95 latency target for recommendation-sync?

Thanks,
Ethan",2026-05-29 23:11:18,DOC-000106,0,
MSG-0001460,THR-000855,46,54,15,Re: Question about Service Overview: recommendation-sync,"Hi Ethan,

Per 'Service Overview: recommendation-sync' (https://confluence.northwind-analytics.example.com/service_wiki/doc-000106): 450 ms.

Regards,
Mei",2026-05-30 04:23:18,DOC-000106,0,MSG-0001459
MSG-0001461,THR-000856,48,149,,Need help with Runbook: search-sync - Certificate expiring,"Hi Oliver,

After how many minutes should the 'Certificate expiring' alert for search-sync be escalated?

Thanks,
Debjani",2026-06-03 01:46:05,DOC-000156,1,
MSG-0001462,THR-000856,149,48,,Re: Need help with Runbook: search-sync - Certificate expiring,"Hi Debjani,

Per 'Runbook: search-sync - Certificate expiring' (https://confluence.northwind-analytics.example.com/runbook/doc-000156): 15 minutes.

Regards,
Oliver",2026-06-03 08:50:05,DOC-000156,0,MSG-0001461
MSG-0001463,THR-000856,48,149,,Re: Need help with Runbook: search-sync - Certificate expiring,"Thanks, that helps!",2026-06-03 15:56:05,DOC-000156,0,MSG-0001462
MSG-0001464,THR-000857,15,100;28;44;90;198,,FYI: Runbook: inventory-engine - High error rate updated,"Hi all,

We have published version 1 of 'Runbook: inventory-engine - High error rate'. Please review: https://github-wiki.northwind-analytics.example.com/runbook/doc-000133

Thanks,
Sofia",2026-01-10 10:38:07,DOC-000133,0,
MSG-0001465,THR-000858,189,155;70;188;150;9,,FYI: Code Review and Quality Standard - United Kingdom updated,"Hi all,

We have published version 2 of 'Code Review and Quality Standard - United Kingdom'. Please review: https://sharepoint.northwind-analytics.example.com/policy/doc-000019

Thanks,
Lena",2025-01-25 13:49:45,DOC-000019,0,
MSG-0001466,THR-000859,126,117,,Need help with Business Travel Policy - Singapore,"Hi Riya,

How many days in advance must travel be booked in Singapore?

Thanks,
Noah",2026-06-11 13:49:17,DOC-000055,0,
MSG-0001467,THR-000859,117,126,,Re: Need help with Business Travel Policy - Singapore,"Hi Noah,

Per 'Business Travel Policy - Singapore' (https://sharepoint.northwind-analytics.example.com/policy/doc-000055): 21 days.

Regards,
Riya",2026-06-11 15:36:17,DOC-000055,0,MSG-0001466
MSG-0001468,THR-000860,161,54,,Question about Project Brief: Project Harbor,"Hi Ethan,

Who is the executive sponsor of Project Harbor?

Thanks,
Ava",2026-07-11 22:25:04,DOC-000157,1,
MSG-0001469,THR-000861,7,5,,Quick check: Meeting Notes: Project Orion - Steering Sync 9 May 2026,"Hi Aarav,

How much additional budget was approved for Project Orion in the steering sync on 9 May 2026?

Thanks,
Oliver",2026-05-11 14:27:41,DOC-000227,1,
MSG-0001470,THR-000861,5,7,,Re: Quick check: Meeting Notes: Project Orion - Steering Sync 9 May 2026,"Hi Oliver,

Per 'Meeting Notes: Project Orion - Steering Sync 9 May 2026' (https://sharepoint.northwind-analytics.example.com/meeting_notes/doc-000227): USD 50,000.

Regards,
Aarav",2026-05-11 23:34:41,DOC-000227,0,MSG-0001469
MSG-0001471,THR-000861,7,5,,Re: Quick check: Meeting Notes: Project Orion - Steering Sync 9 May 2026,"Thanks, that helps!",2026-05-12 06:46:41,DOC-000227,0,MSG-0001470
MSG-0001472,THR-000862,65,57,,Clarification on Meeting Notes: Project Keystone - Steering Sync 15 June 2026,"Hi Felix,

What new launch date was agreed for Project Keystone in the steering sync on 15 June 2026?

Thanks,
Mei",2026-06-19 21:34:56,DOC-000300,0,
MSG-0001473,THR-000863,83,16;54;82;51;20,,FYI: Meeting Notes: Project Vertex - Steering Sync 25 September 2026 updated,"Hi all,

We have published version 1 of 'Meeting Notes: Project Vertex - Steering Sync 25 September 2026'. Please review: https://sharepoint.northwind-analytics.example.com/meeting_notes/doc-000190

Thanks,
Neha",2026-09-27 15:16:56,DOC-000190,0,
MSG-0001474,THR-000864,130,200,,Question about Meeting Notes: Project Umbra - Steering Sync 29 February 2024,"Hi Anna,

What new launch date was agreed for Project Umbra in the steering sync on 29 February 2024?

Thanks,
Omar",2024-05-02 03:51:36,DOC-000239,1,
MSG-0001475,THR-000865,35,127;30;53;35;181,,FYI: Meeting Notes: Project Harbor - Steering Sync 17 September 2026 updated,"Hi all,

We have published version 3 of 'Meeting Notes: Project Harbor - Steering Sync 17 September 2026'. Please review: https://google-drive.northwind-analytics.example.com/meeting_notes/doc-000268

Thanks,
Lukas",2026-09-18 20:44:56,DOC-000268,0,
MSG-0001476,THR-000866,36,107,19,Need help with Information Security Standard - Germany,"Hi Noah,

What is the minimum password length under the security standard in Germany?

Thanks,
Tom",2026-02-16 17:28:59,DOC-000065,0,
MSG-0001477,THR-000866,107,36,,Re: Need help with Information Security Standard - Germany,"Hi Tom,

Per 'Information Security Standard - Germany' (https://confluence.northwind-analytics.example.com/policy/doc-000065): 12 characters.

Regards,
Noah",2026-02-17 03:01:59,DOC-000065,1,MSG-0001476
MSG-0001478,THR-000866,36,107,19,Re: Need help with Information Security Standard - Germany,"Thanks, that helps!",2026-02-17 04:40:59,DOC-000065,0,MSG-0001477
MSG-0001479,THR-000867,163,94,,Need help with Meeting Notes: Project Cascade - Steering Sync 20 July 2026,"Hi Chloe,

What new launch date was agreed for Project Cascade in the steering sync on 20 July 2026?

Thanks,
Neha",2026-08-27 20:55:58,DOC-000257,0,
MSG-0001480,THR-000867,94,163,31,Re: Need help with Meeting Notes: Project Cascade - Steering Sync 20 July 2026,"Hi Neha,

Per 'Meeting Notes: Project Cascade - Steering Sync 20 July 2026' (https://sharepoint.northwind-analytics.example.com/meeting_notes/doc-000257): 30 November 2026.

Regards,
Chloe",2026-08-28 04:18:58,DOC-000257,1,MSG-0001479
MSG-0001481,THR-000868,176,146,20,Question about Code Review and Quality Standard - Singapore,"Hi Arjun,

How many reviewers must approve a pull request for the Singapore engineering teams?

Thanks,
Amit",2026-05-27 22:29:19,DOC-000053,0,
MSG-0001482,THR-000868,146,176,,Re: Question about Code Review and Quality Standard - Singapore,"Hi Amit,

Per 'Code Review and Quality Standard - Singapore' (https://confluence.northwind-analytics.example.com/policy/doc-000053): 3.

Regards,
Arjun",2026-05-28 00:35:19,DOC-000053,0,MSG-0001481
MSG-0001483,THR-000868,176,146,,Re: Question about Code Review and Quality Standard - Singapore,"Thanks, that helps!",2026-05-28 01:57:19,DOC-000053,1,MSG-0001482
MSG-0001484,THR-000869,177,45,,Need help with Meeting Notes: Project Glacier - Steering Sync 8 March 2025,"Hi William,

Who is responsible for the API specification for Project Glacier according to the steering sync on 8 March 2025?

Thanks,
Amit",2025-10-17 19:04:26,DOC-000193,0,
MSG-0001485,THR-000870,20,7,,Clarification on Meeting Notes: Project Rift - Steering Sync 8 November 2024,"Hi Oliver,

Who is responsible for the security review for Project Rift according to the steering sync on 8 November 2024?

Thanks,
Jonas",2025-04-28 18:28:48,DOC-000194,0,
MSG-0001486,THR-000870,7,20,,Re: Clarification on Meeting Notes: Project Rift - Steering Sync 8 November 2024,"Hi Jonas,

Per 'Meeting Notes: Project Rift - Steering Sync 8 November 2024' (https://google-drive.northwind-analytics.example.com/meeting_notes/doc-000194): Nikhil Evans.

Regards,
Oliver",2025-04-28 19:39:48,DOC-000194,0,MSG-0001485
MSG-0001487,THR-000870,20,7,,Re: Clarification on Meeting Notes: Project Rift - Steering Sync 8 November 2024,"Thanks, that helps!",2025-04-29 04:59:48,DOC-000194,0,MSG-0001486
MSG-0001488,THR-000871,15,9,,Quick check: Meeting Notes: Project Xenon - Steering Sync 6 December 2023,"Hi Zara,

How much additional budget was approved for Project Xenon in the steering sync on 6 December 2023?

Thanks,
Sofia",2025-12-10 19:17:38,DOC-000288,0,
MSG-0001489,THR-000872,49,108,,Question about Meeting Notes: Project Orion - Steering Sync 9 May 2026,"Hi Vikram,

How much additional budget was approved for Project Orion in the steering sync on 9 May 2026?

Thanks,
Tom",2026-07-01 15:07:49,DOC-000227,0,
MSG-0001490,THR-000872,108,49,,Re: Question about Meeting Notes: Project Orion - Steering Sync 9 May 2026,"Hi Tom,

Per 'Meeting Notes: Project Orion - Steering Sync 9 May 2026' (https://sharepoint.northwind-analytics.example.com/meeting_notes/doc-000227): USD 50,000.

Regards,
Vikram",2026-07-01 21:22:49,DOC-000227,1,MSG-0001489
MSG-0001491,THR-000873,114,76;168;71;29;57,,FYI: Meeting Notes: Project Harbor - Steering Sync 6 July 2026 updated,"Hi all,

We have published version 1 of 'Meeting Notes: Project Harbor - Steering Sync 6 July 2026'. Please review: https://google-drive.northwind-analytics.example.com/meeting_notes/doc-000217

Thanks,
Oliver",2026-07-07 14:01:42,DOC-000217,0,
MSG-0001492,THR-000874,11,188,,Question about Information Security Standard - United States,"Hi Meera,

How often must passwords be changed in United States?

Thanks,
Oliver",2026-04-09 15:49:26,DOC-000003,0,
MSG-0001493,THR-000875,130,96,,Clarification on Meeting Notes: Project Eclipse - Steering Sync 25 March 2026,"Hi James,

What new launch date was agreed for Project Eclipse in the steering sync on 25 March 2026?

Thanks,
Omar",2026-07-07 23:46:03,DOC-000232,0,
MSG-0001494,THR-000876,60,96,,Clarification on New Joiner Onboarding Guide - United States,"Hi James,

Within how many working days do new joiners in United States receive a laptop?

Thanks,
Pooja",2025-05-22 15:59:50,DOC-000071,0,
MSG-0001495,THR-000877,88,50;92;156;152;153,,FYI: Meeting Notes: Project Ember - Steering Sync 1 June 2026 updated,"Hi all,

We have published version 1 of 'Meeting Notes: Project Ember - Steering Sync 1 June 2026'. Please review: https://notion.northwind-analytics.example.com/meeting_notes/doc-000296

Thanks,
Omar",2026-07-06 14:20:55,DOC-000296,0,
MSG-0001496,THR-000878,171,193;142;69;116;155,,FYI: Project Brief: Project Ember updated,"Hi all,

We have published version 1 of 'Project Brief: Project Ember'. Please review: https://google-drive.northwind-analytics.example.com/project_brief/doc-000174

Thanks,
Chloe",2026-04-17 07:17:05,DOC-000174,0,
MSG-0001497,THR-000879,74,30;64;89;171;8,,FYI: Learning and Development Budget Policy - United States updated,"Hi all,

We have published version 5 of 'Learning and Development Budget Policy - United States'. Please review: https://sharepoint.northwind-analytics.example.com/policy/doc-000076

Thanks,
Meera",2026-07-27 12:56:50,DOC-000076,0,
MSG-0001498,THR-000880,172,168,,Clarification on Project Brief: Project Umbra,"Hi Lukas,

What is the target launch date for Project Umbra?

Thanks,
Marta",2024-12-03 20:21:28,DOC-000182,0,
MSG-0001499,THR-000881,8,16,,Question about Meeting Notes: Project Juniper - Steering Sync 9 April 2023,"Hi Maya,

What new launch date was agreed for Project Juniper in the steering sync on 9 April 2023?

Thanks,
Daniel",2026-01-05 15:31:38,DOC-000206,0,
MSG-0001500,THR-000882,26,20;157;86;195;33,,FYI: Project Brief: Project Lotus updated,"Hi all,

We have published version 2 of 'Project Brief: Project Lotus'. Please review: https://sharepoint.northwind-analytics.example.com/project_brief/doc-000169

Thanks,
Sourav",2026-08-19 20:45:21,DOC-000169,0,
