ticket_id,category,priority,status,requester_id,assignee_id,created_at,resolved_at,first_response_minutes,subject,description,resolution,related_doc_id,csat
TKT-0000001,Access,Medium,Resolved,136,18,2026-09-05 11:18:30,2026-09-06 00:12:02,8,Request access to shared drive,Need read access to the Human Resources shared drive for a new project.,Access granted after manager approval.,,
TKT-0000002,Printer,Medium,Resolved,164,42,2023-02-16 13:14:48,2023-02-17 00:36:34,92,Printer offline,Floor printer shows offline for everyone on the team.,Print server restarted and queue cleared.,,1
TKT-0000003,General Query,High,Resolved,177,178,2025-06-29 11:59:58,2025-06-29 17:23:34,78,Question: Who is responsible for the security review for Project Comet according,Who is responsible for the security review for Project Comet according to the steering sync on 26 April 2023?,Answered using 'Meeting Notes: Project Comet - Steering Sync 26 April 2023' (https://google-drive.northwind-analytics.example.com/meeting_notes/doc-000187). The answer is: Karan Banerjee.,DOC-000187,1
TKT-0000004,HR Query,Low,Resolved,6,154,2024-07-23 09:36:57,2024-07-27 06:00:10,92,Question: What is the monthly home-office stipend in United Kingdom?,What is the monthly home-office stipend in United Kingdom?,Answered using 'Remote and Hybrid Work Policy - United Kingdom' (https://sharepoint.northwind-analytics.example.com/policy/doc-000035). The answer is: GBP 30.,DOC-000035,
TKT-0000005,IT Query,Medium,Resolved,112,9,2025-02-11 08:46:03,2025-02-11 14:31:08,10,Question: Who is the owner of Project Kestrel?,Who is the owner of Project Kestrel?,Answered using 'Project Brief: Project Kestrel' (https://google-drive.northwind-analytics.example.com/project_brief/doc-000161). The answer is: Sourav Ali.,DOC-000161,5
TKT-0000006,General Query,Medium,Resolved,24,42,2025-05-06 17:35:04,2025-05-06 20:02:42,36,Question: Which Slack channel is used for incidents on ledger-service?,Which Slack channel is used for incidents on ledger-service?,Answered using 'Runbook: ledger-service - Queue backlog' (https://github-wiki.northwind-analytics.example.com/runbook/doc-000121). The answer is: #oncall-ledger-service.,DOC-000121,
TKT-0000007,General Query,Low,Resolved,103,52,2024-07-05 11:29:49,2024-07-06 12:32:08,45,Question: What is the availability SLO for ingestion-engine?,What is the availability SLO for ingestion-engine?,Answered using 'Service Overview: ingestion-engine' (https://confluence.northwind-analytics.example.com/service_wiki/doc-000094). The answer is: 99.99 percent.,DOC-000094,
TKT-0000008,VPN,Low,Resolved,89,42,2025-03-26 16:06:20,2025-03-27 00:49:46,85,Cannot connect to VPN,VPN client times out when connecting since this morning.,Reinstalled the VPN client and reissued the user certificate; connection restored.,,4
TKT-0000009,Finance Query,High,Resolved,73,33,2025-01-25 14:03:15,2025-01-26 06:20:08,60,Question: What new launch date was agreed for Project Aurora in the steering syn,What new launch date was agreed for Project Aurora in the steering sync on 16 December 2024?,Answered using 'Meeting Notes: Project Aurora - Steering Sync 16 December 2024' (https://notion.northwind-analytics.example.com/meeting_notes/doc-000205). The answer is: 8 February 2026.,DOC-000205,
TKT-0000010,IT Query,Low,Open,37,154,2025-03-03 10:02:17,,17,Question: How often must passwords be changed in Germany?,How often must passwords be changed in Germany?,,DOC-000065,
TKT-0000011,Access,High,In Progress,35,9,2024-09-10 08:26:29,,24,Request access to shared drive,Need read access to the Marketing shared drive for a new project.,,,
TKT-0000012,General Query,Low,Resolved,2,107,2024-03-29 09:52:22,2024-03-29 13:18:35,13,Question: Who is responsible for the API specification for Project Glacier accor,Who is responsible for the API specification for Project Glacier according to the steering sync on 14 July 2025?,Answered using 'Meeting Notes: Project Glacier - Steering Sync 14 July 2025' (https://google-drive.northwind-analytics.example.com/meeting_notes/doc-000294). The answer is: Nikhil Iyer.,DOC-000294,
TKT-0000013,Finance Query,Low,Resolved,13,18,2026-03-26 10:41:15,2026-03-26 12:52:16,42,Question: What is the daily meal allowance in India?,What is the daily meal allowance in India?,"Answered using 'Expense Reimbursement Policy - India' (https://sharepoint.northwind-analytics.example.com/policy/doc-000041). The answer is: INR 3,200.",DOC-000041,4
TKT-0000014,IT Query,Low,In Progress,89,107,2024-07-29 18:31:04,,7,Question: What new launch date was agreed for Project Nebula in the steering syn,What new launch date was agreed for Project Nebula in the steering sync on 24 May 2025?,,DOC-000252,
TKT-0000015,Finance Query,Low,Resolved,194,42,2023-10-07 18:14:05,2023-10-07 22:27:24,217,Question: How much additional budget was approved for Project Beacon in the stee,How much additional budget was approved for Project Beacon in the steering sync on 11 July 2026?,"Answered using 'Meeting Notes: Project Beacon - Steering Sync 11 July 2026' (https://google-drive.northwind-analytics.example.com/meeting_notes/doc-000191). The answer is: USD 25,000.",DOC-000191,1
TKT-0000016,Printer,Medium,Open,197,18,2026-06-13 11:48:22,,24,Printer offline,Floor printer shows offline for everyone on the team.,,,
TKT-0000017,Access,Medium,Resolved,15,104,2023-12-29 17:30:41,2023-12-30 19:14:48,105,Request access to shared drive,Need read access to the Engineering shared drive for a new project.,Access granted after manager approval.,,3
TKT-0000018,General Query,Low,Open,107,187,2023-06-01 19:46:39,,19,Question: Who is responsible for the API specification for Project Cascade accor,Who is responsible for the API specification for Project Cascade according to the steering sync on 20 April 2026?,,DOC-000266,
TKT-0000019,Payroll,Medium,Resolved,183,109,2023-09-10 15:22:37,2023-09-10 19:53:31,21,Payslip not visible,Last month's payslip is not visible in the portal.,Payroll republished the payslip; user confirmed it is visible.,,3
TKT-0000020,General Query,Medium,Resolved,11,9,2024-05-16 14:53:21,2024-05-17 05:46:13,24,Question: Which database does ledger-service use?,Which database does ledger-service use?,Answered using 'Service Overview: ledger-service' (https://confluence.northwind-analytics.example.com/service_wiki/doc-000098). The answer is: PostgreSQL.,DOC-000098,
TKT-0000021,General Query,Medium,Resolved,99,107,2026-06-08 10:08:30,2026-06-09 06:39:00,23,Question: What command is used to restart ledger-gateway?,What command is used to restart ledger-gateway?,Answered using 'Runbook: ledger-gateway - Elevated latency' (https://github-wiki.northwind-analytics.example.com/runbook/doc-000125). The answer is: kubectl rollout restart deployment/ledger-gateway.,DOC-000125,
TKT-0000022,General Query,Medium,Resolved,55,154,2023-10-13 07:06:06,2023-10-14 16:48:39,25,Question: How much additional budget was approved for Project Summit in the stee,How much additional budget was approved for Project Summit in the steering sync on 31 March 2023?,"Answered using 'Meeting Notes: Project Summit - Steering Sync 31 March 2023' (https://sharepoint.northwind-analytics.example.com/meeting_notes/doc-000202). The answer is: USD 25,000.",DOC-000202,1
TKT-0000023,Software,Medium,Open,58,104,2023-05-11 19:09:31,,121,Licence for design tool,Requesting a licence for a design tool for a campaign.,,,
TKT-0000024,Finance Query,Medium,Resolved,82,107,2026-06-10 14:26:16,2026-06-10 23:17:35,25,Question: Who is the owner of Project Aurora?,Who is the owner of Project Aurora?,Answered using 'Project Brief: Project Aurora' (https://sharepoint.northwind-analytics.example.com/project_brief/doc-000164). The answer is: Carlos Silva.,DOC-000164,5
TKT-0000025,VPN,High,Resolved,156,33,2026-03-08 13:20:24,2026-03-08 22:04:05,129,Cannot connect to VPN,VPN client times out when connecting since this morning.,Reinstalled the VPN client and reissued the user certificate; connection restored.,,
TKT-0000026,Access,Low,Resolved,190,109,2024-01-03 16:14:47,2024-01-03 21:18:54,34,Request access to shared drive,Need read access to the Legal & Compliance shared drive for a new project.,Access granted after manager approval.,,
TKT-0000027,Email,High,Resolved,176,104,2023-01-09 09:09:50,2023-01-12 12:03:57,19,Mailbox is full,Mailbox is at quota and cannot send mail.,Archive enabled and quota raised by 10 GB.,,1
TKT-0000028,General Query,Medium,Resolved,140,52,2026-09-04 07:29:01,2026-09-04 09:21:25,9,Question: How much additional budget was approved for Project Dynamo in the stee,How much additional budget was approved for Project Dynamo in the steering sync on 21 April 2023?,"Answered using 'Meeting Notes: Project Dynamo - Steering Sync 21 April 2023' (https://notion.northwind-analytics.example.com/meeting_notes/doc-000253). The answer is: USD 150,000.",DOC-000253,
TKT-0000029,Finance Query,Low,Resolved,185,9,2026-03-08 18:45:17,2026-03-08 21:22:46,25,Question: What new launch date was agreed for Project Beacon in the steering syn,What new launch date was agreed for Project Beacon in the steering sync on 12 June 2026?,Answered using 'Meeting Notes: Project Beacon - Steering Sync 12 June 2026' (https://sharepoint.northwind-analytics.example.com/meeting_notes/doc-000249). The answer is: 4 November 2027.,DOC-000249,1
TKT-0000030,Access,Low,Resolved,140,107,2024-02-15 07:07:04,2024-02-17 21:31:44,32,Request access to shared drive,Need read access to the Operations shared drive for a new project.,Access granted after manager approval.,,
TKT-0000031,Printer,Medium,Resolved,111,109,2026-03-26 13:01:50,2026-03-26 23:27:38,56,Printer offline,Floor printer shows offline for everyone on the team.,Print server restarted and queue cleared.,,1
TKT-0000032,IT Query,High,In Progress,87,187,2024-06-02 16:58:18,,8,Question: Which VPN client do employees in United Kingdom use?,Which VPN client do employees in United Kingdom use?,,DOC-000036,
TKT-0000033,Finance Query,Low,Resolved,24,178,2024-03-16 12:03:52,2024-03-20 03:08:53,25,Question: How much additional budget was approved for Project Beacon in the stee,How much additional budget was approved for Project Beacon in the steering sync on 11 July 2026?,"Answered using 'Meeting Notes: Project Beacon - Steering Sync 11 July 2026' (https://google-drive.northwind-analytics.example.com/meeting_notes/doc-000191). The answer is: USD 25,000.",DOC-000191,
TKT-0000034,Email,Low,Resolved,184,188,2026-08-08 07:34:56,2026-08-09 04:13:48,13,Mailbox is full,Mailbox is at quota and cannot send mail.,Archive enabled and quota raised by 10 GB.,,3
TKT-0000035,Laptop,Low,Resolved,91,107,2025-02-27 15:21:04,2025-03-01 22:26:05,43,Laptop battery draining fast,Battery lasts under two hours after the latest update.,Battery replaced under warranty and device re-imaged.,,4
TKT-0000036,IT Query,Low,Resolved,135,9,2024-02-08 07:39:40,2024-02-08 15:59:46,12,Question: Who is responsible for the load test report for Project Nebula accordi,Who is responsible for the load test report for Project Nebula according to the steering sync on 24 May 2025?,Answered using 'Meeting Notes: Project Nebula - Steering Sync 24 May 2025' (https://sharepoint.northwind-analytics.example.com/meeting_notes/doc-000252). The answer is: Pooja Muller.,DOC-000252,
TKT-0000037,Finance Query,Medium,Resolved,27,107,2026-05-26 15:44:35,2026-05-27 02:41:54,31,Question: How many quotes are required for larger purchases in Singapore?,How many quotes are required for larger purchases in Singapore?,Answered using 'Procurement Policy - Singapore' (https://confluence.northwind-analytics.example.com/policy/doc-000069). The answer is: 2.,DOC-000069,5
TKT-0000038,IT Query,Medium,Resolved,124,107,2025-06-17 12:37:47,2025-06-18 01:16:12,63,Question: How much additional budget was approved for Project Meridian in the st,How much additional budget was approved for Project Meridian in the steering sync on 22 June 2024?,"Answered using 'Meeting Notes: Project Meridian - Steering Sync 22 June 2024' (https://sharepoint.northwind-analytics.example.com/meeting_notes/doc-000265). The answer is: USD 25,000.",DOC-000265,
TKT-0000039,General Query,Low,Resolved,55,104,2024-01-24 11:22:41,2024-01-24 20:47:36,23,Question: Which programming language is ledger-service written in?,Which programming language is ledger-service written in?,Answered using 'Service Overview: ledger-service' (https://confluence.northwind-analytics.example.com/service_wiki/doc-000098). The answer is: Python.,DOC-000098,2
TKT-0000040,Printer,Low,Resolved,159,154,2023-12-01 11:10:24,2023-12-01 17:43:33,32,Printer offline,Floor printer shows offline for everyone on the team.,Print server restarted and queue cleared.,,5
TKT-0000041,Access,Medium,Resolved,130,178,2024-03-02 07:52:55,2024-03-03 00:50:36,20,Request access to shared drive,Need read access to the Customer Support shared drive for a new project.,Access granted after manager approval.,,
TKT-0000042,IT Query,High,Resolved,58,52,2024-10-10 08:40:23,2024-10-12 11:04:24,21,Question: Who is responsible for the rollout checklist for Project Xenon accordi,Who is responsible for the rollout checklist for Project Xenon according to the steering sync on 29 November 2023?,Answered using 'Meeting Notes: Project Xenon - Steering Sync 29 November 2023' (https://sharepoint.northwind-analytics.example.com/meeting_notes/doc-000287). The answer is: Sophie Nair.,DOC-000287,
TKT-0000043,IT Query,Low,Resolved,191,33,2025-09-17 19:30:30,2025-09-18 01:26:26,4,Question: Who is responsible for the vendor contract for Project Quartz accordin,Who is responsible for the vendor contract for Project Quartz according to the steering sync on 2 March 2025?,Answered using 'Meeting Notes: Project Quartz - Steering Sync 2 March 2025' (https://notion.northwind-analytics.example.com/meeting_notes/doc-000278). The answer is: Sophie Ghosh.,DOC-000278,5
TKT-0000044,Printer,Low,Resolved,22,33,2023-05-30 07:52:09,2023-05-30 21:15:04,38,Printer offline,Floor printer shows offline for everyone on the team.,Print server restarted and queue cleared.,,
TKT-0000045,Laptop,Medium,Resolved,129,188,2026-09-18 14:30:06,2026-09-23 09:16:30,37,Laptop battery draining fast,Battery lasts under two hours after the latest update.,Battery replaced under warranty and device re-imaged.,,2
TKT-0000046,MFA,Medium,Resolved,164,107,2024-12-17 19:25:25,2024-12-18 12:52:16,17,Lost phone - need MFA reset,Phone was lost and I cannot approve sign-in prompts.,Identity verified via manager; MFA reset and re-enrolled on new device.,,3
TKT-0000047,Payroll,Low,Resolved,165,188,2025-01-20 09:10:59,2025-01-21 02:31:45,27,Payslip not visible,Last month's payslip is not visible in the portal.,Payroll republished the payslip; user confirmed it is visible.,,
TKT-0000048,General Query,Medium,Resolved,33,18,2026-04-01 08:48:16,2026-04-01 11:17:33,19,Question: Who is the executive sponsor of Project Summit?,Who is the executive sponsor of Project Summit?,Answered using 'Project Brief: Project Summit' (https://google-drive.northwind-analytics.example.com/project_brief/doc-000167). The answer is: Aarav Park.,DOC-000167,1
TKT-0000049,Finance Query,Medium,Resolved,171,178,2023-08-23 08:58:21,2023-08-23 11:09:28,13,Question: How many days in advance must travel be booked in Germany?,How many days in advance must travel be booked in Germany?,Answered using 'Business Travel Policy - Germany' (https://confluence.northwind-analytics.example.com/policy/doc-000007). The answer is: 7 days.,DOC-000007,
TKT-0000050,Software,Low,Resolved,55,187,2024-06-19 20:29:58,2024-06-20 01:16:27,31,Licence for design tool,Requesting a licence for a design tool for a campaign.,Licence allocated from the central pool.,,3
TKT-0000051,IT Query,Critical,Resolved,161,33,2023-08-09 11:36:25,2023-08-09 19:11:41,24,Question: Who is responsible for the cost forecast for Project Quartz according ,Who is responsible for the cost forecast for Project Quartz according to the steering sync on 6 May 2024?,Answered using 'Meeting Notes: Project Quartz - Steering Sync 6 May 2024' (https://sharepoint.northwind-analytics.example.com/meeting_notes/doc-000280). The answer is: Ananya Reddy.,DOC-000280,
TKT-0000052,IT Query,Low,Resolved,41,9,2024-03-01 08:31:44,2024-03-01 09:50:21,32,Question: How much additional budget was approved for Project Xenon in the steer,How much additional budget was approved for Project Xenon in the steering sync on 29 November 2023?,"Answered using 'Meeting Notes: Project Xenon - Steering Sync 29 November 2023' (https://sharepoint.northwind-analytics.example.com/meeting_notes/doc-000287). The answer is: USD 150,000.",DOC-000287,
TKT-0000053,General Query,Low,Resolved,44,188,2025-10-17 17:08:18,2025-10-18 20:19:20,43,Question: What new launch date was agreed for Project Vertex in the steering syn,What new launch date was agreed for Project Vertex in the steering sync on 13 August 2026?,Answered using 'Meeting Notes: Project Vertex - Steering Sync 13 August 2026' (https://notion.northwind-analytics.example.com/meeting_notes/doc-000222). The answer is: 1 November 2027.,DOC-000222,3
TKT-0000054,General Query,Low,Resolved,158,9,2026-02-19 19:21:17,2026-02-19 23:49:01,61,Question: What command is used to restart ledger-gateway?,What command is used to restart ledger-gateway?,Answered using 'Runbook: ledger-gateway - Elevated latency' (https://github-wiki.northwind-analytics.example.com/runbook/doc-000125). The answer is: kubectl rollout restart deployment/ledger-gateway.,DOC-000125,
TKT-0000055,HR Query,Medium,Resolved,83,107,2026-09-04 10:24:38,2026-09-07 09:13:10,38,Question: Within how many working days do new joiners in Singapore receive a lap,Within how many working days do new joiners in Singapore receive a laptop?,Answered using 'New Joiner Onboarding Guide - Singapore' (https://sharepoint.northwind-analytics.example.com/policy/doc-000039). The answer is: 2 working days.,DOC-000039,
TKT-0000056,VPN,Low,Resolved,62,18,2026-02-06 14:33:07,2026-02-09 04:25:52,8,Cannot connect to VPN,VPN client times out when connecting since this morning.,Reinstalled the VPN client and reissued the user certificate; connection restored.,,
TKT-0000057,HR Query,Low,Resolved,48,178,2023-04-14 16:47:14,2023-04-14 19:35:29,26,Question: What new launch date was agreed for Project Umbra in the steering sync,What new launch date was agreed for Project Umbra in the steering sync on 29 February 2024?,Answered using 'Meeting Notes: Project Umbra - Steering Sync 29 February 2024' (https://google-drive.northwind-analytics.example.com/meeting_notes/doc-000239). The answer is: 24 August 2024.,DOC-000239,
TKT-0000058,Email,Medium,Resolved,7,154,2023-06-18 09:08:43,2023-06-18 22:06:49,40,Mailbox is full,Mailbox is at quota and cannot send mail.,Archive enabled and quota raised by 10 GB.,,5
TKT-0000059,Software,Medium,Resolved,166,154,2024-08-17 09:06:35,2024-08-17 18:33:04,11,Licence for design tool,Requesting a licence for a design tool for a campaign.,Licence allocated from the central pool.,,
TKT-0000060,HR Query,Medium,Resolved,194,18,2025-04-10 19:31:27,2025-04-11 01:37:25,51,Question: How long is the probation period in United Kingdom?,How long is the probation period in United Kingdom?,Answered using 'New Joiner Onboarding Guide - United Kingdom' (https://sharepoint.northwind-analytics.example.com/policy/doc-000085). The answer is: 6 months.,DOC-000085,
TKT-0000061,General Query,Medium,Resolved,113,154,2025-12-13 17:42:22,2025-12-13 21:19:42,13,Question: How much additional budget was approved for Project Orion in the steer,How much additional budget was approved for Project Orion in the steering sync on 9 May 2026?,"Answered using 'Meeting Notes: Project Orion - Steering Sync 9 May 2026' (https://sharepoint.northwind-analytics.example.com/meeting_notes/doc-000227). The answer is: USD 50,000.",DOC-000227,1
TKT-0000062,General Query,Low,Resolved,184,154,2023-01-23 16:44:44,2023-01-23 18:35:09,126,Question: What new launch date was agreed for Project Indigo in the steering syn,What new launch date was agreed for Project Indigo in the steering sync on 28 January 2026?,Answered using 'Meeting Notes: Project Indigo - Steering Sync 28 January 2026' (https://notion.northwind-analytics.example.com/meeting_notes/doc-000188). The answer is: 3 June 2026.,DOC-000188,
TKT-0000063,General Query,Medium,Resolved,144,178,2023-01-02 14:18:37,2023-01-03 07:14:34,29,Question: Who is responsible for the security review for Project Comet according,Who is responsible for the security review for Project Comet according to the steering sync on 26 April 2023?,Answered using 'Meeting Notes: Project Comet - Steering Sync 26 April 2023' (https://google-drive.northwind-analytics.example.com/meeting_notes/doc-000187). The answer is: Karan Banerjee.,DOC-000187,5
TKT-0000064,HR Query,High,Open,132,107,2024-08-29 07:35:53,,8,Question: What email address should I use for HR questions in Germany?,What email address should I use for HR questions in Germany?,,DOC-000048,
TKT-0000065,Payroll,High,In Progress,28,107,2024-11-06 14:35:37,,32,Payslip not visible,Last month's payslip is not visible in the portal.,,,
TKT-0000066,Printer,Medium,Resolved,173,18,2024-09-23 15:27:02,2024-09-24 01:37:31,68,Printer offline,Floor printer shows offline for everyone on the team.,Print server restarted and queue cleared.,,3
TKT-0000067,Payroll,Medium,Resolved,168,42,2026-08-08 07:49:09,2026-08-08 17:10:32,8,Payslip not visible,Last month's payslip is not visible in the portal.,Payroll republished the payslip; user confirmed it is visible.,,
TKT-0000068,General Query,Low,Resolved,10,109,2024-07-17 09:36:48,2024-07-18 16:18:06,10,Question: After how many minutes should the 'Certificate expiring' alert for aut,After how many minutes should the 'Certificate expiring' alert for auth-api be escalated?,Answered using 'Runbook: auth-api - Certificate expiring' (https://github-wiki.northwind-analytics.example.com/runbook/doc-000114). The answer is: 10 minutes.,DOC-000114,
TKT-0000069,MFA,Medium,In Progress,170,154,2023-02-02 13:10:56,,26,Lost phone - need MFA reset,Phone was lost and I cannot approve sign-in prompts.,,,
TKT-0000070,Printer,High,Resolved,154,109,2025-01-14 10:30:50,2025-01-15 00:36:08,115,Printer offline,Floor printer shows offline for everyone on the team.,Print server restarted and queue cleared.,,
TKT-0000071,General Query,Medium,Resolved,80,107,2026-09-20 16:23:57,2026-09-20 20:20:30,22,Question: How much additional budget was approved for Project Tundra in the stee,How much additional budget was approved for Project Tundra in the steering sync on 22 June 2024?,"Answered using 'Meeting Notes: Project Tundra - Steering Sync 22 June 2024' (https://google-drive.northwind-analytics.example.com/meeting_notes/doc-000216). The answer is: USD 150,000.",DOC-000216,
TKT-0000072,General Query,High,Resolved,58,52,2024-11-07 18:04:17,2024-11-07 23:39:47,31,Question: Who is responsible for the user training deck for Project Cascade acco,Who is responsible for the user training deck for Project Cascade according to the steering sync on 9 March 2026?,Answered using 'Meeting Notes: Project Cascade - Steering Sync 9 March 2026' (https://notion.northwind-analytics.example.com/meeting_notes/doc-000236). The answer is: Lukas Bose.,DOC-000236,
TKT-0000073,IT Query,Low,Resolved,135,42,2024-08-30 15:47:54,2024-08-30 20:23:09,30,Question: Who is responsible for the security review for Project Kestrel accordi,Who is responsible for the security review for Project Kestrel according to the steering sync on 29 September 2026?,Answered using 'Meeting Notes: Project Kestrel - Steering Sync 29 September 2026' (https://sharepoint.northwind-analytics.example.com/meeting_notes/doc-000235). The answer is: Aarav Weber.,DOC-000235,2
TKT-0000074,General Query,High,Resolved,120,109,2025-01-17 15:30:00,2025-01-17 20:43:12,19,Question: What command is used to restart inventory-engine?,What command is used to restart inventory-engine?,Answered using 'Runbook: inventory-engine - High error rate' (https://github-wiki.northwind-analytics.example.com/runbook/doc-000133). The answer is: kubectl rollout restart deployment/inventory-engine.,DOC-000133,
TKT-0000075,HR Query,Critical,Resolved,113,178,2024-11-21 20:34:02,2024-11-21 23:23:12,16,Question: How many public holidays do employees in United States get?,How many public holidays do employees in United States get?,Answered using 'HR Services FAQ - United States' (https://confluence.northwind-analytics.example.com/faq/doc-000040). The answer is: 14.,DOC-000040,
TKT-0000076,HR Query,High,Resolved,3,9,2025-07-26 10:17:11,2025-07-27 08:34:15,35,Question: What new launch date was agreed for Project Umbra in the steering sync,What new launch date was agreed for Project Umbra in the steering sync on 23 January 2024?,Answered using 'Meeting Notes: Project Umbra - Steering Sync 23 January 2024' (https://sharepoint.northwind-analytics.example.com/meeting_notes/doc-000272). The answer is: 1 September 2024.,DOC-000272,
TKT-0000077,Finance Query,Low,Resolved,90,187,2026-07-11 17:00:15,2026-07-12 01:56:00,65,Question: How much additional budget was approved for Project Juniper in the ste,How much additional budget was approved for Project Juniper in the steering sync on 4 August 2023?,"Answered using 'Meeting Notes: Project Juniper - Steering Sync 4 August 2023' (https://sharepoint.northwind-analytics.example.com/meeting_notes/doc-000201). The answer is: USD 75,000.",DOC-000201,
TKT-0000078,General Query,Medium,Resolved,78,104,2023-02-17 17:11:35,2023-02-17 20:30:30,67,Question: How much additional budget was approved for Project Horizon in the ste,How much additional budget was approved for Project Horizon in the steering sync on 1 June 2026?,"Answered using 'Meeting Notes: Project Horizon - Steering Sync 1 June 2026' (https://sharepoint.northwind-analytics.example.com/meeting_notes/doc-000259). The answer is: USD 50,000.",DOC-000259,
TKT-0000079,Laptop,Low,Resolved,200,109,2026-06-24 20:53:48,2026-06-25 02:43:57,49,Laptop battery draining fast,Battery lasts under two hours after the latest update.,Battery replaced under warranty and device re-imaged.,,1
TKT-0000080,Access,High,Resolved,44,107,2025-01-03 09:56:29,2025-01-04 01:06:07,14,Request access to shared drive,Need read access to the Data & Analytics shared drive for a new project.,Access granted after manager approval.,,
TKT-0000081,IT Query,Medium,Resolved,132,42,2025-12-18 10:35:45,2025-12-18 23:20:33,98,Question: How much additional budget was approved for Project Quartz in the stee,How much additional budget was approved for Project Quartz in the steering sync on 6 October 2024?,"Answered using 'Meeting Notes: Project Quartz - Steering Sync 6 October 2024' (https://sharepoint.northwind-analytics.example.com/meeting_notes/doc-000242). The answer is: USD 50,000.",DOC-000242,
TKT-0000082,Software,Medium,Resolved,84,18,2023-06-10 14:42:57,2023-06-11 14:54:34,24,Licence for design tool,Requesting a licence for a design tool for a campaign.,Licence allocated from the central pool.,,
TKT-0000083,Payroll,High,Resolved,28,107,2025-07-22 10:15:28,2025-07-22 15:14:19,22,Payslip not visible,Last month's payslip is not visible in the portal.,Payroll republished the payslip; user confirmed it is visible.,,
TKT-0000084,General Query,Low,Resolved,199,33,2025-05-21 11:56:06,2025-05-21 14:57:41,7,Question: Who is responsible for the API specification for Project Orion accordi,Who is responsible for the API specification for Project Orion according to the steering sync on 27 February 2026?,Answered using 'Meeting Notes: Project Orion - Steering Sync 27 February 2026' (https://notion.northwind-analytics.example.com/meeting_notes/doc-000283). The answer is: James Clarke.,DOC-000283,1
TKT-0000085,VPN,Low,In Progress,113,42,2023-02-11 19:54:15,,11,Cannot connect to VPN,VPN client times out when connecting since this morning.,,,
TKT-0000086,Finance Query,Critical,Resolved,165,178,2026-01-10 09:58:52,2026-01-10 11:04:18,5,Question: Above what value are competitive quotes required in India?,Above what value are competitive quotes required in India?,"Answered using 'Procurement Policy - India' (https://confluence.northwind-analytics.example.com/policy/doc-000066). The answer is: INR 80,000.",DOC-000066,
TKT-0000087,General Query,Low,Resolved,142,154,2025-12-22 07:19:32,2025-12-23 00:39:07,42,Question: Which Slack channel is used for incidents on auth-engine?,Which Slack channel is used for incidents on auth-engine?,Answered using 'Runbook: auth-engine - Queue backlog' (https://github-wiki.northwind-analytics.example.com/runbook/doc-000146). The answer is: #oncall-auth-engine.,DOC-000146,4
TKT-0000088,Finance Query,Medium,Resolved,67,33,2025-08-23 12:49:23,2025-08-23 19:27:08,75,Question: How much additional budget was approved for Project Beacon in the stee,How much additional budget was approved for Project Beacon in the steering sync on 11 July 2026?,"Answered using 'Meeting Notes: Project Beacon - Steering Sync 11 July 2026' (https://google-drive.northwind-analytics.example.com/meeting_notes/doc-000191). The answer is: USD 25,000.",DOC-000191,3
TKT-0000089,VPN,Medium,Resolved,140,188,2024-02-20 17:19:15,2024-02-20 23:19:56,128,Cannot connect to VPN,VPN client times out when connecting since this morning.,Reinstalled the VPN client and reissued the user certificate; connection restored.,,
TKT-0000090,Printer,Medium,Resolved,129,18,2026-08-08 08:20:01,2026-08-08 13:11:37,14,Printer offline,Floor printer shows offline for everyone on the team.,Print server restarted and queue cleared.,,3
TKT-0000091,General Query,Low,Resolved,118,42,2023-11-28 15:07:53,2023-11-28 20:30:55,36,Question: Who is responsible for the load test report for Project Comet accordin,Who is responsible for the load test report for Project Comet according to the steering sync on 25 October 2023?,Answered using 'Meeting Notes: Project Comet - Steering Sync 25 October 2023' (https://google-drive.northwind-analytics.example.com/meeting_notes/doc-000279). The answer is: Sourav Rao.,DOC-000279,
TKT-0000092,HR Query,Low,Resolved,65,107,2026-03-07 08:50:20,2026-03-07 14:43:29,31,Question: How many weeks of paid paternity leave are offered in United States?,How many weeks of paid paternity leave are offered in United States?,Answered using 'Parental Leave Policy - United States' (https://confluence.northwind-analytics.example.com/policy/doc-000018). The answer is: 8 weeks.,DOC-000018,2
TKT-0000093,General Query,Low,Resolved,76,104,2026-05-03 18:39:53,2026-05-04 09:38:10,55,Question: What is the approved budget for Project Horizon?,What is the approved budget for Project Horizon?,"Answered using 'Project Brief: Project Horizon' (https://google-drive.northwind-analytics.example.com/project_brief/doc-000184). The answer is: USD 4,520,000.",DOC-000184,
TKT-0000094,General Query,Medium,Resolved,64,154,2025-10-09 15:39:02,2025-10-09 20:30:20,24,Question: Who is responsible for the load test report for Project Comet accordin,Who is responsible for the load test report for Project Comet according to the steering sync on 25 October 2023?,Answered using 'Meeting Notes: Project Comet - Steering Sync 25 October 2023' (https://google-drive.northwind-analytics.example.com/meeting_notes/doc-000279). The answer is: Sourav Rao.,DOC-000279,
TKT-0000095,Email,Medium,Resolved,71,9,2026-05-23 19:46:50,2026-05-23 23:11:23,35,Mailbox is full,Mailbox is at quota and cannot send mail.,Archive enabled and quota raised by 10 GB.,,5
TKT-0000096,IT Query,Low,Resolved,145,154,2023-07-17 07:04:56,2023-07-17 10:05:44,17,Question: What is the IT helpdesk extension in United States?,What is the IT helpdesk extension in United States?,Answered using 'IT Services FAQ - United States' (https://confluence.northwind-analytics.example.com/faq/doc-000033). The answer is: 5965.,DOC-000033,4
TKT-0000097,General Query,Medium,Resolved,42,33,2023-01-06 08:15:34,2023-01-06 19:20:03,148,Question: What command is used to restart search-sync?,What command is used to restart search-sync?,Answered using 'Runbook: search-sync - Queue backlog' (https://confluence.northwind-analytics.example.com/runbook/doc-000122). The answer is: kubectl rollout restart deployment/search-sync.,DOC-000122,
TKT-0000098,Software,Medium,Resolved,193,187,2025-04-21 10:26:53,2025-04-22 07:05:43,38,Licence for design tool,Requesting a licence for a design tool for a campaign.,Licence allocated from the central pool.,,
TKT-0000099,HR Query,High,Resolved,188,52,2026-08-20 14:27:30,2026-08-20 20:32:43,27,Question: What are the core working hours in United Kingdom?,What are the core working hours in United Kingdom?,Answered using 'Remote and Hybrid Work Policy - United Kingdom' (https://sharepoint.northwind-analytics.example.com/policy/doc-000035). The answer is: 09:00 to 15:00.,DOC-000035,4
TKT-0000100,HR Query,Medium,Resolved,8,187,2025-12-27 20:38:20,2025-12-28 00:00:03,68,Question: How long is the probation period in United States?,How long is the probation period in United States?,Answered using 'New Joiner Onboarding Guide - United States' (https://confluence.northwind-analytics.example.com/policy/doc-000071). The answer is: 6 months.,DOC-000071,4
TKT-0000101,Printer,Medium,Resolved,95,107,2026-05-25 14:09:39,2026-05-25 20:15:38,10,Printer offline,Floor printer shows offline for everyone on the team.,Print server restarted and queue cleared.,,
TKT-0000102,General Query,Medium,Resolved,30,188,2025-10-23 15:26:48,2025-10-23 18:11:14,27,Question: How long is email retained in Singapore?,How long is email retained in Singapore?,Answered using 'Data Retention Policy - Singapore' (https://confluence.northwind-analytics.example.com/policy/doc-000090). The answer is: 2 years.,DOC-000090,4
TKT-0000103,VPN,Low,Resolved,132,42,2025-07-28 08:12:34,2025-07-29 12:06:37,6,Cannot connect to VPN,VPN client times out when connecting since this morning.,Reinstalled the VPN client and reissued the user certificate; connection restored.,,
TKT-0000104,HR Query,High,Resolved,75,187,2025-02-18 08:19:19,2025-02-18 11:22:03,26,Question: Within how many working days do new joiners in United States receive a,Within how many working days do new joiners in United States receive a laptop?,Answered using 'New Joiner Onboarding Guide - United States' (https://confluence.northwind-analytics.example.com/policy/doc-000071). The answer is: 1 working days.,DOC-000071,2
TKT-0000105,General Query,Medium,In Progress,179,18,2025-02-06 09:18:32,,64,Question: Who is responsible for the rollout checklist for Project Jade accordin,Who is responsible for the rollout checklist for Project Jade according to the steering sync on 9 September 2023?,,DOC-000234,
TKT-0000106,General Query,Medium,Resolved,98,154,2026-03-03 13:37:32,2026-03-03 16:19:54,28,Question: What is the minimum test coverage required by the United Kingdom code ,What is the minimum test coverage required by the United Kingdom code review standard?,Answered using 'Code Review and Quality Standard - United Kingdom' (https://sharepoint.northwind-analytics.example.com/policy/doc-000019). The answer is: 85 percent.,DOC-000019,
TKT-0000107,Laptop,Medium,Resolved,104,188,2024-04-09 18:53:05,2024-04-10 18:20:46,20,Laptop battery draining fast,Battery lasts under two hours after the latest update.,Battery replaced under warranty and device re-imaged.,,3
TKT-0000108,General Query,Low,Resolved,69,9,2025-02-11 18:59:43,2025-02-12 03:44:35,98,Question: What is the recommended maximum pull request size in United States?,What is the recommended maximum pull request size in United States?,Answered using 'Code Review and Quality Standard - United States' (https://confluence.northwind-analytics.example.com/policy/doc-000083). The answer is: 300 lines.,DOC-000083,
TKT-0000109,General Query,Medium,Resolved,174,9,2025-09-10 12:43:28,2025-09-10 22:08:43,13,Question: What command is used to restart ingestion-sync?,What command is used to restart ingestion-sync?,Answered using 'Runbook: ingestion-sync - Queue backlog' (https://github-wiki.northwind-analytics.example.com/runbook/doc-000151). The answer is: kubectl rollout restart deployment/ingestion-sync.,DOC-000151,
TKT-0000110,General Query,Low,Resolved,15,104,2023-11-27 20:08:06,2023-11-28 03:59:14,62,Question: Who is responsible for the API specification for Project Glacier accor,Who is responsible for the API specification for Project Glacier according to the steering sync on 8 March 2025?,Answered using 'Meeting Notes: Project Glacier - Steering Sync 8 March 2025' (https://sharepoint.northwind-analytics.example.com/meeting_notes/doc-000193). The answer is: Michael Schmidt.,DOC-000193,
TKT-0000111,General Query,Critical,In Progress,27,9,2025-06-05 08:31:13,,19,Question: After how many minutes should the 'Queue backlog' alert for auth-engin,After how many minutes should the 'Queue backlog' alert for auth-engine be escalated?,,DOC-000146,
TKT-0000112,Finance Query,Low,Resolved,160,109,2025-01-20 20:22:28,2025-01-23 16:13:42,94,Question: Who is the executive sponsor of Project Rift?,Who is the executive sponsor of Project Rift?,Answered using 'Project Brief: Project Rift' (https://google-drive.northwind-analytics.example.com/project_brief/doc-000178). The answer is: Oliver Chen.,DOC-000178,1
TKT-0000113,Laptop,Medium,Open,56,154,2026-04-23 17:37:56,,10,Laptop battery draining fast,Battery lasts under two hours after the latest update.,,,
TKT-0000114,HR Query,Low,Resolved,186,33,2023-08-24 13:14:51,2023-08-24 16:43:04,34,Question: How many days per week can employees in India work remotely?,How many days per week can employees in India work remotely?,Answered using 'Remote and Hybrid Work Policy - India' (https://confluence.northwind-analytics.example.com/policy/doc-000025). The answer is: 2 days.,DOC-000025,4
TKT-0000115,Software,Medium,Resolved,161,104,2024-08-28 12:33:49,2024-08-28 18:05:25,106,Licence for design tool,Requesting a licence for a design tool for a campaign.,Licence allocated from the central pool.,,
TKT-0000116,Payroll,Low,Resolved,41,109,2024-07-24 18:13:38,2024-07-25 04:39:25,50,Payslip not visible,Last month's payslip is not visible in the portal.,Payroll republished the payslip; user confirmed it is visible.,,3
TKT-0000117,MFA,High,Open,169,188,2024-06-04 20:31:55,,9,Lost phone - need MFA reset,Phone was lost and I cannot approve sign-in prompts.,,,
TKT-0000118,General Query,Low,Resolved,61,178,2026-05-10 11:22:16,2026-05-10 14:43:05,83,Question: After how many minutes should the 'Elevated latency' alert for ingesti,After how many minutes should the 'Elevated latency' alert for ingestion-sync be escalated?,Answered using 'Runbook: ingestion-sync - Elevated latency' (https://github-wiki.northwind-analytics.example.com/runbook/doc-000141). The answer is: 10 minutes.,DOC-000141,
TKT-0000119,Printer,Low,Resolved,196,104,2026-06-27 07:41:37,2026-06-27 13:15:55,9,Printer offline,Floor printer shows offline for everyone on the team.,Print server restarted and queue cleared.,,
TKT-0000120,Finance Query,Medium,Resolved,199,178,2026-05-24 20:11:44,2026-05-24 22:22:07,10,Question: How many quotes are required for larger purchases in United States?,How many quotes are required for larger purchases in United States?,Answered using 'Procurement Policy - United States' (https://sharepoint.northwind-analytics.example.com/policy/doc-000062). The answer is: 3.,DOC-000062,5
TKT-0000121,General Query,Low,Resolved,118,9,2025-09-06 18:08:07,2025-09-07 01:46:05,17,Question: Which Slack channel is used for incidents on auth-api?,Which Slack channel is used for incidents on auth-api?,Answered using 'Runbook: auth-api - Certificate expiring' (https://github-wiki.northwind-analytics.example.com/runbook/doc-000114). The answer is: #oncall-auth-api.,DOC-000114,
TKT-0000122,General Query,Medium,Resolved,71,18,2026-06-17 15:56:50,2026-06-18 08:59:00,26,Question: After how many minutes should the 'High error rate' alert for ledger-s,After how many minutes should the 'High error rate' alert for ledger-service be escalated?,Answered using 'Runbook: ledger-service - High error rate' (https://confluence.northwind-analytics.example.com/runbook/doc-000147). The answer is: 5 minutes.,DOC-000147,5
TKT-0000123,Access,Medium,Resolved,26,187,2024-09-26 11:17:10,2024-09-27 06:30:25,3,Request access to shared drive,Need read access to the Data & Analytics shared drive for a new project.,Access granted after manager approval.,,2
TKT-0000124,MFA,Critical,Resolved,161,52,2025-06-18 13:22:44,2025-06-19 03:53:00,19,Lost phone - need MFA reset,Phone was lost and I cannot approve sign-in prompts.,Identity verified via manager; MFA reset and re-enrolled on new device.,,5
TKT-0000125,Laptop,Medium,Resolved,145,178,2023-05-14 10:29:02,2023-05-14 11:46:20,42,Laptop battery draining fast,Battery lasts under two hours after the latest update.,Battery replaced under warranty and device re-imaged.,,
TKT-0000126,General Query,Medium,Resolved,100,18,2026-09-28 20:49:04,2026-09-29 01:33:53,12,Question: Who owns the auth-engine service?,Who owns the auth-engine service?,Answered using 'Service Overview: auth-engine' (https://confluence.northwind-analytics.example.com/service_wiki/doc-000111). The answer is: Nikhil Iyer.,DOC-000111,
TKT-0000127,Finance Query,Low,Resolved,113,178,2026-09-21 13:38:11,2026-09-22 13:37:36,102,Question: Above what contract value is legal review needed in United States?,Above what contract value is legal review needed in United States?,"Answered using 'Procurement Policy - United States' (https://sharepoint.northwind-analytics.example.com/policy/doc-000062). The answer is: USD 50,000.",DOC-000062,
TKT-0000128,Access,Low,Resolved,51,178,2023-02-03 20:39:50,2023-02-03 21:30:42,18,Request access to shared drive,Need read access to the Sales shared drive for a new project.,Access granted after manager approval.,,
TKT-0000129,Email,Low,Resolved,50,52,2025-04-19 10:12:51,2025-04-19 14:08:32,50,Mailbox is full,Mailbox is at quota and cannot send mail.,Archive enabled and quota raised by 10 GB.,,
TKT-0000130,General Query,Low,Resolved,67,188,2023-03-18 15:27:49,2023-03-18 19:16:38,8,Question: How long is email retained in Singapore?,How long is email retained in Singapore?,Answered using 'Data Retention Policy - Singapore' (https://confluence.northwind-analytics.example.com/policy/doc-000090). The answer is: 2 years.,DOC-000090,
TKT-0000131,General Query,Low,Resolved,90,33,2026-02-19 17:57:59,2026-02-20 02:50:51,10,Question: How much additional budget was approved for Project Glacier in the ste,How much additional budget was approved for Project Glacier in the steering sync on 26 April 2025?,"Answered using 'Meeting Notes: Project Glacier - Steering Sync 26 April 2025' (https://sharepoint.northwind-analytics.example.com/meeting_notes/doc-000267). The answer is: USD 25,000.",DOC-000267,
TKT-0000132,Software,Low,Resolved,111,52,2024-10-31 10:20:38,2024-10-31 17:05:14,178,Licence for design tool,Requesting a licence for a design tool for a campaign.,Licence allocated from the central pool.,,4
TKT-0000133,MFA,Medium,Resolved,147,154,2025-07-21 10:59:17,2025-07-21 21:58:21,34,Lost phone - need MFA reset,Phone was lost and I cannot approve sign-in prompts.,Identity verified via manager; MFA reset and re-enrolled on new device.,,5
TKT-0000134,IT Query,High,Resolved,187,18,2025-07-26 18:54:54,2025-07-29 01:03:49,183,Question: Which VPN client do employees in United Kingdom use?,Which VPN client do employees in United Kingdom use?,Answered using 'IT Services FAQ - United Kingdom' (https://notion.northwind-analytics.example.com/faq/doc-000036). The answer is: SecureLink.,DOC-000036,1
TKT-0000135,VPN,Medium,Resolved,57,154,2024-06-17 19:45:59,2024-06-17 22:28:27,26,Cannot connect to VPN,VPN client times out when connecting since this morning.,Reinstalled the VPN client and reissued the user certificate; connection restored.,,5
TKT-0000136,Payroll,Medium,Resolved,177,52,2024-06-18 16:56:46,2024-06-19 04:49:07,42,Payslip not visible,Last month's payslip is not visible in the portal.,Payroll republished the payslip; user confirmed it is visible.,,
TKT-0000137,Software,Medium,Resolved,5,52,2024-10-25 19:58:01,2024-10-26 21:05:16,22,Licence for design tool,Requesting a licence for a design tool for a campaign.,Licence allocated from the central pool.,,
TKT-0000138,Finance Query,Low,Resolved,69,33,2026-02-22 13:04:30,2026-02-23 16:23:46,87,Question: What new launch date was agreed for Project Yonder in the steering syn,What new launch date was agreed for Project Yonder in the steering sync on 29 June 2024?,Answered using 'Meeting Notes: Project Yonder - Steering Sync 29 June 2024' (https://sharepoint.northwind-analytics.example.com/meeting_notes/doc-000250). The answer is: 23 October 2024.,DOC-000250,
TKT-0000139,Software,Medium,Resolved,131,107,2023-12-20 19:24:55,2023-12-21 21:09:09,20,Licence for design tool,Requesting a licence for a design tool for a campaign.,Licence allocated from the central pool.,,
TKT-0000140,General Query,Medium,Resolved,150,9,2025-02-28 10:20:32,2025-02-28 16:30:18,39,Question: How many reviewers must approve a pull request for the Singapore engin,How many reviewers must approve a pull request for the Singapore engineering teams?,Answered using 'Code Review and Quality Standard - Singapore' (https://confluence.northwind-analytics.example.com/policy/doc-000053). The answer is: 3.,DOC-000053,1
TKT-0000141,Printer,Medium,Resolved,164,187,2024-03-02 07:48:18,2024-03-02 20:54:23,34,Printer offline,Floor printer shows offline for everyone on the team.,Print server restarted and queue cleared.,,4
TKT-0000142,General Query,Medium,Resolved,101,104,2025-04-29 09:03:12,2025-04-29 22:47:42,51,Question: Which Slack channel is used for incidents on reporting-gateway?,Which Slack channel is used for incidents on reporting-gateway?,Answered using 'Runbook: reporting-gateway - Disk usage high' (https://confluence.northwind-analytics.example.com/runbook/doc-000154). The answer is: #oncall-reporting-gateway.,DOC-000154,
TKT-0000143,IT Query,High,Resolved,61,18,2026-01-05 08:43:09,2026-01-05 12:12:47,3,Question: What is the IT helpdesk extension in United States?,What is the IT helpdesk extension in United States?,Answered using 'IT Services FAQ - United States' (https://confluence.northwind-analytics.example.com/faq/doc-000033). The answer is: 5965.,DOC-000033,5
TKT-0000144,HR Query,Low,Resolved,46,187,2025-04-26 09:24:15,2025-04-27 16:50:46,29,Question: Who is responsible for the load test report for Project Umbra accordin,Who is responsible for the load test report for Project Umbra according to the steering sync on 23 January 2024?,Answered using 'Meeting Notes: Project Umbra - Steering Sync 23 January 2024' (https://sharepoint.northwind-analytics.example.com/meeting_notes/doc-000272). The answer is: Chloe Kim.,DOC-000272,4
TKT-0000145,Printer,Medium,Resolved,183,52,2026-08-24 10:18:53,2026-08-24 18:21:54,63,Printer offline,Floor printer shows offline for everyone on the team.,Print server restarted and queue cleared.,,5
TKT-0000146,General Query,Low,Resolved,126,52,2023-02-21 11:55:09,2023-02-21 18:24:28,18,Question: Which Slack channel is used for incidents on payments-api?,Which Slack channel is used for incidents on payments-api?,Answered using 'Runbook: payments-api - Certificate expiring' (https://github-wiki.northwind-analytics.example.com/runbook/doc-000124). The answer is: #oncall-payments-api.,DOC-000124,1
TKT-0000147,General Query,Medium,Resolved,55,9,2026-06-27 16:03:50,2026-06-28 01:31:58,47,Question: Who is responsible for the API specification for Project Indigo accord,Who is responsible for the API specification for Project Indigo according to the steering sync on 7 March 2026?,Answered using 'Meeting Notes: Project Indigo - Steering Sync 7 March 2026' (https://sharepoint.northwind-analytics.example.com/meeting_notes/doc-000225). The answer is: Noah Schmidt.,DOC-000225,
TKT-0000148,MFA,Medium,Resolved,87,187,2026-09-07 13:23:15,2026-09-07 19:08:04,21,Lost phone - need MFA reset,Phone was lost and I cannot approve sign-in prompts.,Identity verified via manager; MFA reset and re-enrolled on new device.,,
TKT-0000149,MFA,High,Resolved,21,18,2023-05-03 18:15:52,2023-05-05 10:39:28,30,Lost phone - need MFA reset,Phone was lost and I cannot approve sign-in prompts.,Identity verified via manager; MFA reset and re-enrolled on new device.,,4
TKT-0000150,MFA,Medium,Resolved,104,107,2023-06-06 11:46:19,2023-06-06 19:05:43,41,Lost phone - need MFA reset,Phone was lost and I cannot approve sign-in prompts.,Identity verified via manager; MFA reset and re-enrolled on new device.,,5
TKT-0000151,General Query,Low,Resolved,108,107,2026-08-26 20:50:53,2026-08-26 22:14:37,17,Question: What new launch date was agreed for Project Jade in the steering sync ,What new launch date was agreed for Project Jade in the steering sync on 26 August 2023?,Answered using 'Meeting Notes: Project Jade - Steering Sync 26 August 2023' (https://google-drive.northwind-analytics.example.com/meeting_notes/doc-000212). The answer is: 10 May 2024.,DOC-000212,5
TKT-0000152,General Query,Medium,Resolved,172,178,2023-05-19 11:45:10,2023-05-20 12:16:55,16,Question: Which Slack channel is used for incidents on analytics-engine?,Which Slack channel is used for incidents on analytics-engine?,Answered using 'Runbook: analytics-engine - Disk usage high' (https://github-wiki.northwind-analytics.example.com/runbook/doc-000117). The answer is: #oncall-analytics-engine.,DOC-000117,5
TKT-0000153,General Query,Medium,Resolved,111,33,2023-11-15 08:16:03,2023-11-15 14:05:10,27,Question: What is the minimum test coverage required by the Germany code review ,What is the minimum test coverage required by the Germany code review standard?,Answered using 'Code Review and Quality Standard - Germany' (https://confluence.northwind-analytics.example.com/policy/doc-000022). The answer is: 70 percent.,DOC-000022,
TKT-0000154,Finance Query,Low,Resolved,24,52,2025-07-18 18:47:32,2025-07-19 00:18:16,36,Question: How many days in advance must travel be booked in United Kingdom?,How many days in advance must travel be booked in United Kingdom?,Answered using 'Business Travel Policy - United Kingdom' (https://sharepoint.northwind-analytics.example.com/policy/doc-000087). The answer is: 14 days.,DOC-000087,2
TKT-0000155,General Query,Low,In Progress,180,33,2024-04-07 19:32:30,,21,Question: Who is responsible for the data migration plan for Project Ember accor,Who is responsible for the data migration plan for Project Ember according to the steering sync on 10 June 2026?,,DOC-000276,
TKT-0000156,General Query,High,Resolved,70,107,2024-10-13 15:52:05,2024-10-13 21:55:14,34,Question: Who is responsible for the data migration plan for Project Orion accor,Who is responsible for the data migration plan for Project Orion according to the steering sync on 1 August 2026?,Answered using 'Meeting Notes: Project Orion - Steering Sync 1 August 2026' (https://notion.northwind-analytics.example.com/meeting_notes/doc-000189). The answer is: James Mehta.,DOC-000189,
TKT-0000157,IT Query,Low,Resolved,20,33,2026-02-08 13:21:23,2026-02-08 19:24:45,80,Question: After how many failed sign-in attempts is an account locked in India?,After how many failed sign-in attempts is an account locked in India?,Answered using 'Information Security Standard - India' (https://sharepoint.northwind-analytics.example.com/policy/doc-000064). The answer is: 3 attempts.,DOC-000064,2
TKT-0000158,Email,High,Resolved,11,188,2023-04-24 10:34:04,2023-04-24 14:54:35,7,Mailbox is full,Mailbox is at quota and cannot send mail.,Archive enabled and quota raised by 10 GB.,,5
TKT-0000159,Finance Query,Medium,In Progress,198,42,2023-04-17 20:37:47,,14,Question: For flights longer than how many hours is business class permitted in ,For flights longer than how many hours is business class permitted in United States?,,DOC-000058,
TKT-0000160,IT Query,Medium,Resolved,87,187,2024-12-30 12:12:54,2024-12-30 16:40:09,38,Question: Who is responsible for the load test report for Project Nebula accordi,Who is responsible for the load test report for Project Nebula according to the steering sync on 24 May 2025?,Answered using 'Meeting Notes: Project Nebula - Steering Sync 24 May 2025' (https://sharepoint.northwind-analytics.example.com/meeting_notes/doc-000252). The answer is: Pooja Muller.,DOC-000252,2
TKT-0000161,MFA,Low,Resolved,107,104,2026-06-11 15:19:42,2026-06-12 07:03:24,55,Lost phone - need MFA reset,Phone was lost and I cannot approve sign-in prompts.,Identity verified via manager; MFA reset and re-enrolled on new device.,,
TKT-0000162,General Query,High,Resolved,31,154,2024-01-12 16:37:06,2024-01-14 05:25:29,87,Question: What is the approved budget for Project Comet?,What is the approved budget for Project Comet?,"Answered using 'Project Brief: Project Comet' (https://sharepoint.northwind-analytics.example.com/project_brief/doc-000179). The answer is: USD 1,245,000.",DOC-000179,
TKT-0000163,General Query,High,Resolved,5,9,2025-12-14 17:08:10,2025-12-15 04:12:37,17,Question: What is the p95 latency target for ingestion-engine?,What is the p95 latency target for ingestion-engine?,Answered using 'Service Overview: ingestion-engine' (https://confluence.northwind-analytics.example.com/service_wiki/doc-000094). The answer is: 120 ms.,DOC-000094,1
TKT-0000164,VPN,Low,Open,99,178,2026-03-10 19:24:09,,10,Cannot connect to VPN,VPN client times out when connecting since this morning.,,,
TKT-0000165,Access,Low,Resolved,170,187,2026-07-21 12:31:08,2026-07-22 10:08:24,21,Request access to shared drive,Need read access to the Engineering shared drive for a new project.,Access granted after manager approval.,,
TKT-0000166,General Query,Low,Resolved,165,109,2023-09-21 11:51:12,2023-09-23 03:19:40,40,Question: Who is the owner of Project Ibis?,Who is the owner of Project Ibis?,Answered using 'Project Brief: Project Ibis' (https://sharepoint.northwind-analytics.example.com/project_brief/doc-000173). The answer is: Rahul Fischer.,DOC-000173,
TKT-0000167,General Query,Low,Resolved,137,187,2023-02-17 18:59:09,2023-02-17 22:16:23,25,Question: Which database does auth-api use?,Which database does auth-api use?,Answered using 'Service Overview: auth-api' (https://github-wiki.northwind-analytics.example.com/service_wiki/doc-000110). The answer is: DynamoDB.,DOC-000110,5
TKT-0000168,Payroll,Medium,Resolved,69,109,2025-03-28 18:38:21,2025-03-28 23:43:02,70,Payslip not visible,Last month's payslip is not visible in the portal.,Payroll republished the payslip; user confirmed it is visible.,,5
TKT-0000169,Printer,Medium,Resolved,86,187,2024-12-26 13:51:08,2024-12-26 16:33:02,22,Printer offline,Floor printer shows offline for everyone on the team.,Print server restarted and queue cleared.,,
TKT-0000170,Access,High,Resolved,165,178,2024-05-01 08:13:24,2024-05-01 18:53:31,15,Request access to shared drive,Need read access to the Operations shared drive for a new project.,Access granted after manager approval.,,
TKT-0000171,HR Query,High,Resolved,129,178,2024-07-21 17:48:28,2024-07-22 02:57:47,34,Question: How many working hours per quarter can be spent on learning in Singapo,How many working hours per quarter can be spent on learning in Singapore?,Answered using 'Learning and Development Budget Policy - Singapore' (https://confluence.northwind-analytics.example.com/policy/doc-000081). The answer is: 30 hours.,DOC-000081,
TKT-0000172,General Query,Critical,Resolved,194,42,2026-02-21 09:45:36,2026-02-21 15:10:53,15,Question: What new launch date was agreed for Project Cascade in the steering sy,What new launch date was agreed for Project Cascade in the steering sync on 20 July 2026?,Answered using 'Meeting Notes: Project Cascade - Steering Sync 20 July 2026' (https://sharepoint.northwind-analytics.example.com/meeting_notes/doc-000257). The answer is: 30 November 2026.,DOC-000257,
TKT-0000173,Printer,Low,Resolved,158,104,2023-07-10 18:26:30,2023-07-11 06:27:46,53,Printer offline,Floor printer shows offline for everyone on the team.,Print server restarted and queue cleared.,,
TKT-0000174,General Query,Medium,Resolved,106,187,2025-12-18 18:49:26,2025-12-19 13:42:53,109,Question: What is the availability SLO for ledger-gateway?,What is the availability SLO for ledger-gateway?,Answered using 'Service Overview: ledger-gateway' (https://confluence.northwind-analytics.example.com/service_wiki/doc-000107). The answer is: 99.95 percent.,DOC-000107,4
TKT-0000175,IT Query,Medium,Resolved,141,33,2026-01-03 07:48:48,2026-01-03 11:13:05,79,Question: How much additional budget was approved for Project Quartz in the stee,How much additional budget was approved for Project Quartz in the steering sync on 24 February 2025?,"Answered using 'Meeting Notes: Project Quartz - Steering Sync 24 February 2025' (https://notion.northwind-analytics.example.com/meeting_notes/doc-000245). The answer is: USD 50,000.",DOC-000245,
TKT-0000176,General Query,Medium,Resolved,130,107,2026-08-01 14:32:01,2026-08-02 01:30:40,54,Question: Who is responsible for the load test report for Project Glacier accord,Who is responsible for the load test report for Project Glacier according to the steering sync on 26 April 2025?,Answered using 'Meeting Notes: Project Glacier - Steering Sync 26 April 2025' (https://sharepoint.northwind-analytics.example.com/meeting_notes/doc-000267). The answer is: Sneha Sen.,DOC-000267,4
TKT-0000177,Payroll,Medium,Resolved,21,42,2025-01-01 17:12:05,2025-01-02 17:25:34,11,Payslip not visible,Last month's payslip is not visible in the portal.,Payroll republished the payslip; user confirmed it is visible.,,
TKT-0000178,MFA,Medium,Resolved,72,154,2025-07-25 11:05:43,2025-07-26 16:53:08,80,Lost phone - need MFA reset,Phone was lost and I cannot approve sign-in prompts.,Identity verified via manager; MFA reset and re-enrolled on new device.,,
TKT-0000179,IT Query,High,Resolved,111,52,2024-11-16 10:17:39,2024-11-16 14:03:09,39,Question: How much additional budget was approved for Project Quartz in the stee,How much additional budget was approved for Project Quartz in the steering sync on 24 February 2025?,"Answered using 'Meeting Notes: Project Quartz - Steering Sync 24 February 2025' (https://notion.northwind-analytics.example.com/meeting_notes/doc-000245). The answer is: USD 50,000.",DOC-000245,
TKT-0000180,HR Query,Medium,Resolved,62,188,2023-01-17 19:03:36,2023-01-18 21:43:13,64,Question: For how many weeks does an onboarding buddy support a new joiner in Un,For how many weeks does an onboarding buddy support a new joiner in United States?,Answered using 'New Joiner Onboarding Guide - United States' (https://confluence.northwind-analytics.example.com/policy/doc-000071). The answer is: 4 weeks.,DOC-000071,
TKT-0000181,General Query,Low,Resolved,41,33,2024-07-29 09:08:33,2024-07-29 12:39:54,35,Question: What is the p95 latency target for ledger-gateway?,What is the p95 latency target for ledger-gateway?,Answered using 'Service Overview: ledger-gateway' (https://confluence.northwind-analytics.example.com/service_wiki/doc-000107). The answer is: 80 ms.,DOC-000107,
TKT-0000182,General Query,Low,Resolved,67,107,2026-09-03 18:03:05,2026-09-04 18:24:38,26,Question: What is the approved budget for Project Jade?,What is the approved budget for Project Jade?,"Answered using 'Project Brief: Project Jade' (https://sharepoint.northwind-analytics.example.com/project_brief/doc-000175). The answer is: USD 3,010,000.",DOC-000175,
TKT-0000183,Payroll,Low,Resolved,141,107,2025-03-30 18:31:06,2025-03-31 18:20:32,13,Payslip not visible,Last month's payslip is not visible in the portal.,Payroll republished the payslip; user confirmed it is visible.,,
TKT-0000184,Software,Low,Resolved,114,109,2024-07-01 18:52:25,2024-07-02 05:17:49,110,Licence for design tool,Requesting a licence for a design tool for a campaign.,Licence allocated from the central pool.,,
TKT-0000185,Access,High,Resolved,17,18,2026-05-12 18:09:45,2026-05-18 11:33:36,24,Request access to shared drive,Need read access to the Sales shared drive for a new project.,Access granted after manager approval.,,
TKT-0000186,Finance Query,Low,Resolved,93,104,2026-08-22 20:42:13,2026-08-23 12:52:40,16,Question: What is the target launch date for Project Juniper?,What is the target launch date for Project Juniper?,Answered using 'Project Brief: Project Juniper' (https://sharepoint.northwind-analytics.example.com/project_brief/doc-000185). The answer is: 18 August 2023.,DOC-000185,5
TKT-0000187,VPN,High,Resolved,96,107,2025-09-05 17:32:17,2025-09-05 21:55:43,72,Cannot connect to VPN,VPN client times out when connecting since this morning.,Reinstalled the VPN client and reissued the user certificate; connection restored.,,
TKT-0000188,Email,Low,Resolved,26,178,2025-10-30 08:29:30,2025-10-30 14:50:32,8,Mailbox is full,Mailbox is at quota and cannot send mail.,Archive enabled and quota raised by 10 GB.,,2
TKT-0000189,Payroll,Medium,Resolved,26,107,2024-07-18 16:34:11,2024-07-19 01:27:18,28,Payslip not visible,Last month's payslip is not visible in the portal.,Payroll republished the payslip; user confirmed it is visible.,,5
TKT-0000190,Software,Medium,Resolved,83,178,2023-03-17 14:01:23,2023-03-17 16:43:27,25,Licence for design tool,Requesting a licence for a design tool for a campaign.,Licence allocated from the central pool.,,4
TKT-0000191,Printer,Medium,Resolved,108,178,2023-12-24 09:46:00,2023-12-25 03:03:47,67,Printer offline,Floor printer shows offline for everyone on the team.,Print server restarted and queue cleared.,,
TKT-0000192,General Query,Low,Resolved,90,42,2025-01-07 16:29:29,2025-01-07 21:56:43,14,Question: Who is the owner of Project Lotus?,Who is the owner of Project Lotus?,Answered using 'Project Brief: Project Lotus' (https://sharepoint.northwind-analytics.example.com/project_brief/doc-000169). The answer is: William Iyer.,DOC-000169,4
TKT-0000193,Printer,Low,Resolved,95,109,2025-10-21 12:25:16,2025-10-21 15:15:59,24,Printer offline,Floor printer shows offline for everyone on the team.,Print server restarted and queue cleared.,,
TKT-0000194,General Query,Medium,Resolved,123,42,2026-06-22 17:20:09,2026-06-22 22:03:51,28,Question: What is the recommended maximum pull request size in India?,What is the recommended maximum pull request size in India?,Answered using 'Code Review and Quality Standard - India' (https://sharepoint.northwind-analytics.example.com/policy/doc-000013). The answer is: 500 lines.,DOC-000013,
TKT-0000195,General Query,Medium,Resolved,94,154,2023-07-20 17:26:25,2023-07-20 20:01:03,21,Question: After how many minutes should the 'High error rate' alert for reportin,After how many minutes should the 'High error rate' alert for reporting-service be escalated?,Answered using 'Runbook: reporting-service - High error rate' (https://github-wiki.northwind-analytics.example.com/runbook/doc-000144). The answer is: 15 minutes.,DOC-000144,
TKT-0000196,Software,Critical,Resolved,170,188,2023-07-16 11:46:31,2023-07-17 01:54:26,13,Licence for design tool,Requesting a licence for a design tool for a campaign.,Licence allocated from the central pool.,,4
TKT-0000197,General Query,Low,Resolved,11,154,2024-03-19 14:18:23,2024-03-20 05:05:20,26,Question: What new launch date was agreed for Project Atlas in the steering sync,What new launch date was agreed for Project Atlas in the steering sync on 11 May 2024?,Answered using 'Meeting Notes: Project Atlas - Steering Sync 11 May 2024' (https://sharepoint.northwind-analytics.example.com/meeting_notes/doc-000220). The answer is: 26 October 2025.,DOC-000220,1
TKT-0000198,General Query,Medium,Resolved,11,18,2025-06-16 18:02:24,2025-06-16 23:48:19,11,Question: Who is responsible for the API specification for Project Keystone acco,Who is responsible for the API specification for Project Keystone according to the steering sync on 15 June 2026?,Answered using 'Meeting Notes: Project Keystone - Steering Sync 15 June 2026' (https://notion.northwind-analytics.example.com/meeting_notes/doc-000300). The answer is: Omar Weber.,DOC-000300,3
TKT-0000199,HR Query,Medium,Resolved,103,188,2023-11-16 08:47:51,2023-11-16 11:09:32,65,Question: Who is responsible for the user training deck for Project Umbra accord,Who is responsible for the user training deck for Project Umbra according to the steering sync on 29 February 2024?,Answered using 'Meeting Notes: Project Umbra - Steering Sync 29 February 2024' (https://google-drive.northwind-analytics.example.com/meeting_notes/doc-000239). The answer is: Lukas Evans.,DOC-000239,2
TKT-0000200,IT Query,Critical,Resolved,93,188,2025-12-15 16:26:02,2025-12-16 00:09:47,17,Question: What is the approved budget for Project Nebula?,What is the approved budget for Project Nebula?,"Answered using 'Project Brief: Project Nebula' (https://sharepoint.northwind-analytics.example.com/project_brief/doc-000160). The answer is: USD 1,935,000.",DOC-000160,4
TKT-0000201,Finance Query,Medium,Resolved,164,9,2023-06-02 11:12:03,2023-06-04 21:50:21,12,Question: What is the target launch date for Project Beacon?,What is the target launch date for Project Beacon?,Answered using 'Project Brief: Project Beacon' (https://google-drive.northwind-analytics.example.com/project_brief/doc-000180). The answer is: 6 September 2027.,DOC-000180,
TKT-0000202,MFA,High,Open,108,109,2023-05-09 18:17:33,,33,Lost phone - need MFA reset,Phone was lost and I cannot approve sign-in prompts.,,,
TKT-0000203,Laptop,Low,Resolved,7,154,2023-12-23 20:21:11,2023-12-23 21:51:54,31,Laptop battery draining fast,Battery lasts under two hours after the latest update.,Battery replaced under warranty and device re-imaged.,,5
TKT-0000204,Payroll,High,Resolved,27,18,2023-09-16 17:08:12,2023-09-17 07:52:09,47,Payslip not visible,Last month's payslip is not visible in the portal.,Payroll republished the payslip; user confirmed it is visible.,,5
TKT-0000205,Payroll,Medium,Resolved,172,154,2026-03-08 19:09:53,2026-03-08 22:56:27,12,Payslip not visible,Last month's payslip is not visible in the portal.,Payroll republished the payslip; user confirmed it is visible.,,4
TKT-0000206,General Query,Low,Resolved,187,42,2024-01-06 12:43:52,2024-01-06 17:53:02,22,Question: Who is responsible for the API specification for Project Glacier accor,Who is responsible for the API specification for Project Glacier according to the steering sync on 14 July 2025?,Answered using 'Meeting Notes: Project Glacier - Steering Sync 14 July 2025' (https://google-drive.northwind-analytics.example.com/meeting_notes/doc-000294). The answer is: Nikhil Iyer.,DOC-000294,
TKT-0000207,Software,Medium,Resolved,5,187,2024-11-23 09:03:13,2024-11-23 19:23:33,88,Licence for design tool,Requesting a licence for a design tool for a campaign.,Licence allocated from the central pool.,,3
TKT-0000208,Software,Low,In Progress,144,52,2025-10-14 08:16:24,,25,Licence for design tool,Requesting a licence for a design tool for a campaign.,,,
TKT-0000209,VPN,Medium,Resolved,101,9,2024-02-05 07:32:30,2024-02-06 06:55:59,9,Cannot connect to VPN,VPN client times out when connecting since this morning.,Reinstalled the VPN client and reissued the user certificate; connection restored.,,
TKT-0000210,General Query,Medium,Resolved,114,18,2026-01-18 10:49:29,2026-01-18 14:22:40,18,Question: What new launch date was agreed for Project Indigo in the steering syn,What new launch date was agreed for Project Indigo in the steering sync on 27 March 2026?,Answered using 'Meeting Notes: Project Indigo - Steering Sync 27 March 2026' (https://notion.northwind-analytics.example.com/meeting_notes/doc-000269). The answer is: 6 July 2026.,DOC-000269,4
TKT-0000211,IT Query,High,Resolved,146,154,2025-11-23 13:35:03,2025-11-24 00:22:51,44,Question: Which VPN client do employees in Germany use?,Which VPN client do employees in Germany use?,Answered using 'IT Services FAQ - Germany' (https://confluence.northwind-analytics.example.com/faq/doc-000031). The answer is: SecureLink.,DOC-000031,4
TKT-0000212,General Query,Medium,Resolved,104,52,2026-06-13 13:29:19,2026-06-13 14:54:15,5,Question: What command is used to restart ingestion-sync?,What command is used to restart ingestion-sync?,Answered using 'Runbook: ingestion-sync - Disk usage high' (https://github-wiki.northwind-analytics.example.com/runbook/doc-000140). The answer is: kubectl rollout restart deployment/ingestion-sync.,DOC-000140,
TKT-0000213,HR Query,Medium,Resolved,153,9,2026-03-02 18:45:48,2026-03-03 02:34:40,92,Question: How many working hours per quarter can be spent on learning in Germany,How many working hours per quarter can be spent on learning in Germany?,Answered using 'Learning and Development Budget Policy - Germany' (https://sharepoint.northwind-analytics.example.com/policy/doc-000074). The answer is: 30 hours.,DOC-000074,5
TKT-0000214,General Query,High,Open,146,33,2026-04-01 13:29:00,,125,Question: What command is used to restart notification-hub?,What command is used to restart notification-hub?,,DOC-000149,
TKT-0000215,Printer,Low,Resolved,89,33,2025-04-02 19:00:08,2025-04-02 22:02:13,5,Printer offline,Floor printer shows offline for everyone on the team.,Print server restarted and queue cleared.,,4
TKT-0000216,Printer,Low,Resolved,134,52,2024-01-29 17:53:39,2024-01-29 23:45:20,75,Printer offline,Floor printer shows offline for everyone on the team.,Print server restarted and queue cleared.,,2
TKT-0000217,General Query,Low,Open,188,104,2023-09-08 07:56:10,,35,Question: What new launch date was agreed for Project Keystone in the steering s,What new launch date was agreed for Project Keystone in the steering sync on 15 June 2026?,,DOC-000300,
TKT-0000218,Laptop,Medium,Resolved,170,178,2025-09-14 16:37:00,2025-09-15 17:08:32,28,Laptop battery draining fast,Battery lasts under two hours after the latest update.,Battery replaced under warranty and device re-imaged.,,
TKT-0000219,Finance Query,Low,In Progress,51,9,2024-12-08 13:32:28,,176,Question: How many quotes are required for larger purchases in United States?,How many quotes are required for larger purchases in United States?,,DOC-000062,
TKT-0000220,General Query,Medium,Resolved,169,154,2026-04-24 12:13:15,2026-04-24 18:45:44,150,Question: Who is responsible for the security review for Project Lotus according,Who is responsible for the security review for Project Lotus according to the steering sync on 15 April 2024?,Answered using 'Meeting Notes: Project Lotus - Steering Sync 15 April 2024' (https://notion.northwind-analytics.example.com/meeting_notes/doc-000228). The answer is: Ananya Mukherjee.,DOC-000228,4
TKT-0000221,Printer,Medium,Resolved,59,52,2024-10-26 17:53:45,2024-10-27 00:22:19,13,Printer offline,Floor printer shows offline for everyone on the team.,Print server restarted and queue cleared.,,1
TKT-0000222,General Query,High,Resolved,110,188,2025-07-13 12:58:48,2025-07-14 05:18:00,10,Question: How much additional budget was approved for Project Vertex in the stee,How much additional budget was approved for Project Vertex in the steering sync on 19 September 2026?,"Answered using 'Meeting Notes: Project Vertex - Steering Sync 19 September 2026' (https://sharepoint.northwind-analytics.example.com/meeting_notes/doc-000246). The answer is: USD 50,000.",DOC-000246,
TKT-0000223,MFA,High,Resolved,43,109,2023-04-16 14:38:49,2023-04-16 19:09:44,130,Lost phone - need MFA reset,Phone was lost and I cannot approve sign-in prompts.,Identity verified via manager; MFA reset and re-enrolled on new device.,,5
TKT-0000224,General Query,Medium,Resolved,94,52,2024-12-20 13:21:29,2024-12-20 15:22:01,82,Question: Which Slack channel is used for incidents on recommendation-sync?,Which Slack channel is used for incidents on recommendation-sync?,Answered using 'Runbook: recommendation-sync - Queue backlog' (https://github-wiki.northwind-analytics.example.com/runbook/doc-000129). The answer is: #oncall-recommendation-sync.,DOC-000129,
TKT-0000225,MFA,Low,Resolved,197,107,2023-01-24 20:27:24,2023-01-26 05:22:54,44,Lost phone - need MFA reset,Phone was lost and I cannot approve sign-in prompts.,Identity verified via manager; MFA reset and re-enrolled on new device.,,
TKT-0000226,MFA,Low,Resolved,126,9,2026-07-03 19:55:28,2026-07-04 02:41:32,14,Lost phone - need MFA reset,Phone was lost and I cannot approve sign-in prompts.,Identity verified via manager; MFA reset and re-enrolled on new device.,,2
TKT-0000227,General Query,Medium,Resolved,116,18,2023-06-24 07:28:48,2023-06-24 11:27:28,7,Question: Which database does auth-api use?,Which database does auth-api use?,Answered using 'Service Overview: auth-api' (https://github-wiki.northwind-analytics.example.com/service_wiki/doc-000110). The answer is: DynamoDB.,DOC-000110,
TKT-0000228,General Query,Low,Resolved,44,52,2024-02-18 09:14:12,2024-02-19 18:08:46,10,Question: Which Slack channel is used for incidents on ledger-sync?,Which Slack channel is used for incidents on ledger-sync?,Answered using 'Runbook: ledger-sync - Elevated latency' (https://confluence.northwind-analytics.example.com/runbook/doc-000139). The answer is: #oncall-ledger-sync.,DOC-000139,
TKT-0000229,General Query,Medium,Resolved,8,107,2026-03-05 11:45:14,2026-03-06 01:42:00,34,Question: Who is responsible for the cost forecast for Project Vertex according ,Who is responsible for the cost forecast for Project Vertex according to the steering sync on 13 August 2026?,Answered using 'Meeting Notes: Project Vertex - Steering Sync 13 August 2026' (https://notion.northwind-analytics.example.com/meeting_notes/doc-000222). The answer is: Omar Hughes.,DOC-000222,
TKT-0000230,Payroll,Low,Resolved,64,109,2023-04-10 07:50:24,2023-04-11 02:26:16,17,Payslip not visible,Last month's payslip is not visible in the portal.,Payroll republished the payslip; user confirmed it is visible.,,3
TKT-0000231,HR Query,Low,Resolved,156,187,2025-12-01 19:00:16,2025-12-01 22:19:25,21,Question: What are the core working hours in Germany?,What are the core working hours in Germany?,Answered using 'Remote and Hybrid Work Policy - Germany' (https://confluence.northwind-analytics.example.com/policy/doc-000005). The answer is: 11:00 to 15:00.,DOC-000005,4
TKT-0000232,MFA,Low,Resolved,95,104,2023-03-03 14:35:55,2023-03-04 23:08:46,16,Lost phone - need MFA reset,Phone was lost and I cannot approve sign-in prompts.,Identity verified via manager; MFA reset and re-enrolled on new device.,,
TKT-0000233,General Query,High,Resolved,35,33,2023-09-08 10:56:04,2023-09-10 11:47:59,48,Question: Who is responsible for the security review for Project Orion according,Who is responsible for the security review for Project Orion according to the steering sync on 9 May 2026?,Answered using 'Meeting Notes: Project Orion - Steering Sync 9 May 2026' (https://sharepoint.northwind-analytics.example.com/meeting_notes/doc-000227). The answer is: Lukas Gupta.,DOC-000227,5
TKT-0000234,Payroll,Medium,Resolved,129,33,2025-11-29 14:12:52,2025-11-30 04:07:03,26,Payslip not visible,Last month's payslip is not visible in the portal.,Payroll republished the payslip; user confirmed it is visible.,,4
TKT-0000235,General Query,Medium,Resolved,30,107,2023-01-18 10:12:48,2023-01-18 12:33:25,12,Question: What new launch date was agreed for Project Comet in the steering sync,What new launch date was agreed for Project Comet in the steering sync on 26 April 2023?,Answered using 'Meeting Notes: Project Comet - Steering Sync 26 April 2023' (https://google-drive.northwind-analytics.example.com/meeting_notes/doc-000187). The answer is: 15 April 2024.,DOC-000187,3
TKT-0000236,Payroll,Low,Resolved,40,9,2023-10-29 17:10:46,2023-10-31 01:51:19,16,Payslip not visible,Last month's payslip is not visible in the portal.,Payroll republished the payslip; user confirmed it is visible.,,1
TKT-0000237,VPN,Medium,Resolved,186,18,2023-04-24 20:56:17,2023-04-25 03:34:46,21,Cannot connect to VPN,VPN client times out when connecting since this morning.,Reinstalled the VPN client and reissued the user certificate; connection restored.,,
TKT-0000238,IT Query,Medium,Resolved,117,52,2024-07-18 09:52:03,2024-07-18 11:23:01,11,Question: Who is responsible for the security review for Project Quartz accordin,Who is responsible for the security review for Project Quartz according to the steering sync on 8 March 2025?,Answered using 'Meeting Notes: Project Quartz - Steering Sync 8 March 2025' (https://google-drive.northwind-analytics.example.com/meeting_notes/doc-000196). The answer is: Pooja Garcia.,DOC-000196,5
TKT-0000239,General Query,Low,Resolved,38,42,2026-02-11 10:25:34,2026-02-11 14:13:45,60,Question: Who is responsible for the security review for Project Orion according,Who is responsible for the security review for Project Orion according to the steering sync on 9 May 2026?,Answered using 'Meeting Notes: Project Orion - Steering Sync 9 May 2026' (https://sharepoint.northwind-analytics.example.com/meeting_notes/doc-000227). The answer is: Lukas Gupta.,DOC-000227,
TKT-0000240,General Query,Low,Resolved,26,178,2026-07-22 14:00:06,2026-07-22 17:28:30,36,Question: What new launch date was agreed for Project Indigo in the steering syn,What new launch date was agreed for Project Indigo in the steering sync on 27 March 2026?,Answered using 'Meeting Notes: Project Indigo - Steering Sync 27 March 2026' (https://notion.northwind-analytics.example.com/meeting_notes/doc-000269). The answer is: 6 July 2026.,DOC-000269,
TKT-0000241,Software,Medium,Resolved,33,42,2024-04-09 18:09:36,2024-04-10 01:29:58,38,Licence for design tool,Requesting a licence for a design tool for a campaign.,Licence allocated from the central pool.,,
TKT-0000242,VPN,High,Resolved,27,104,2026-01-01 17:58:23,2026-01-03 04:32:37,22,Cannot connect to VPN,VPN client times out when connecting since this morning.,Reinstalled the VPN client and reissued the user certificate; connection restored.,,2
TKT-0000243,General Query,Medium,Resolved,29,52,2024-01-11 11:35:51,2024-01-11 19:02:13,36,Question: What new launch date was agreed for Project Keystone in the steering s,What new launch date was agreed for Project Keystone in the steering sync on 26 August 2026?,Answered using 'Meeting Notes: Project Keystone - Steering Sync 26 August 2026' (https://notion.northwind-analytics.example.com/meeting_notes/doc-000199). The answer is: 10 December 2026.,DOC-000199,2
TKT-0000244,General Query,Low,Resolved,155,109,2025-07-09 10:48:59,2025-07-10 05:40:07,14,Question: Which Slack channel is used for incidents on reporting-gateway?,Which Slack channel is used for incidents on reporting-gateway?,Answered using 'Runbook: reporting-gateway - Disk usage high' (https://confluence.northwind-analytics.example.com/runbook/doc-000154). The answer is: #oncall-reporting-gateway.,DOC-000154,4
TKT-0000245,IT Query,Low,Resolved,167,109,2025-11-28 14:10:38,2025-11-29 19:41:15,32,Question: How much additional budget was approved for Project Nebula in the stee,How much additional budget was approved for Project Nebula in the steering sync on 13 November 2024?,"Answered using 'Meeting Notes: Project Nebula - Steering Sync 13 November 2024' (https://notion.northwind-analytics.example.com/meeting_notes/doc-000229). The answer is: USD 150,000.",DOC-000229,4
TKT-0000246,General Query,Medium,Resolved,165,178,2023-04-07 19:51:14,2023-04-07 23:17:14,26,Question: Who is the executive sponsor of Project Lantern?,Who is the executive sponsor of Project Lantern?,Answered using 'Project Brief: Project Lantern' (https://sharepoint.northwind-analytics.example.com/project_brief/doc-000172). The answer is: Zara Silva.,DOC-000172,3
TKT-0000247,General Query,Low,Resolved,153,52,2023-01-20 16:04:26,2023-01-21 07:33:21,104,Question: What is the p95 latency target for ledger-gateway?,What is the p95 latency target for ledger-gateway?,Answered using 'Service Overview: ledger-gateway' (https://confluence.northwind-analytics.example.com/service_wiki/doc-000107). The answer is: 80 ms.,DOC-000107,4
TKT-0000248,General Query,High,Resolved,68,178,2023-11-11 07:14:26,2023-11-11 22:14:36,40,Question: What is the approved budget for Project Indigo?,What is the approved budget for Project Indigo?,"Answered using 'Project Brief: Project Indigo' (https://google-drive.northwind-analytics.example.com/project_brief/doc-000159). The answer is: USD 4,815,000.",DOC-000159,2
TKT-0000249,MFA,Medium,Resolved,30,109,2024-01-13 20:11:25,2024-01-14 01:50:29,44,Lost phone - need MFA reset,Phone was lost and I cannot approve sign-in prompts.,Identity verified via manager; MFA reset and re-enrolled on new device.,,5
TKT-0000250,General Query,Medium,Resolved,59,42,2024-11-06 16:33:47,2024-11-06 17:41:27,49,Question: What command is used to restart auth-engine?,What command is used to restart auth-engine?,Answered using 'Runbook: auth-engine - Queue backlog' (https://github-wiki.northwind-analytics.example.com/runbook/doc-000146). The answer is: kubectl rollout restart deployment/auth-engine.,DOC-000146,
TKT-0000251,Access,Medium,Resolved,129,109,2023-06-18 12:15:55,2023-06-19 05:38:38,24,Request access to shared drive,Need read access to the Engineering shared drive for a new project.,Access granted after manager approval.,,3
TKT-0000252,Email,Low,Resolved,11,188,2024-02-20 09:38:36,2024-02-20 13:55:21,26,Mailbox is full,Mailbox is at quota and cannot send mail.,Archive enabled and quota raised by 10 GB.,,
TKT-0000253,General Query,Medium,Resolved,188,104,2024-10-13 11:42:03,2024-10-14 01:04:25,109,Question: How much additional budget was approved for Project Vertex in the stee,How much additional budget was approved for Project Vertex in the steering sync on 19 August 2026?,"Answered using 'Meeting Notes: Project Vertex - Steering Sync 19 August 2026' (https://google-drive.northwind-analytics.example.com/meeting_notes/doc-000274). The answer is: USD 150,000.",DOC-000274,4
TKT-0000254,General Query,Low,Resolved,70,178,2024-04-05 16:12:19,2024-04-05 22:55:27,31,Question: What command is used to restart profile-engine?,What command is used to restart profile-engine?,Answered using 'Runbook: profile-engine - Queue backlog' (https://confluence.northwind-analytics.example.com/runbook/doc-000115). The answer is: kubectl rollout restart deployment/profile-engine.,DOC-000115,5
TKT-0000255,Software,Low,Resolved,52,42,2025-11-12 08:57:14,2025-11-12 12:56:34,95,Licence for design tool,Requesting a licence for a design tool for a campaign.,Licence allocated from the central pool.,,4
TKT-0000256,Finance Query,Low,Resolved,41,52,2025-09-01 11:01:40,2025-09-01 20:43:18,25,Question: What is the nightly hotel limit for employees in United States?,What is the nightly hotel limit for employees in United States?,Answered using 'Expense Reimbursement Policy - United States' (https://sharepoint.northwind-analytics.example.com/policy/doc-000038). The answer is: USD 150.,DOC-000038,
TKT-0000257,General Query,Low,Resolved,85,18,2023-02-28 14:45:05,2023-02-28 20:20:34,7,Question: What is the approved budget for Project Orion?,What is the approved budget for Project Orion?,"Answered using 'Project Brief: Project Orion' (https://google-drive.northwind-analytics.example.com/project_brief/doc-000158). The answer is: USD 255,000.",DOC-000158,
TKT-0000258,Access,Low,Resolved,78,104,2025-03-16 11:04:05,2025-03-16 20:44:51,32,Request access to shared drive,Need read access to the Sales shared drive for a new project.,Access granted after manager approval.,,
TKT-0000259,Payroll,Medium,Resolved,138,18,2026-04-15 08:54:15,2026-04-18 00:14:11,8,Payslip not visible,Last month's payslip is not visible in the portal.,Payroll republished the payslip; user confirmed it is visible.,,
TKT-0000260,General Query,Medium,Resolved,67,18,2026-06-16 18:55:30,2026-06-17 14:31:34,11,Question: Who is responsible for the cost forecast for Project Vertex according ,Who is responsible for the cost forecast for Project Vertex according to the steering sync on 13 August 2026?,Answered using 'Meeting Notes: Project Vertex - Steering Sync 13 August 2026' (https://notion.northwind-analytics.example.com/meeting_notes/doc-000222). The answer is: Omar Hughes.,DOC-000222,
TKT-0000261,Payroll,High,Resolved,73,107,2024-05-18 07:53:50,2024-05-18 12:54:44,44,Payslip not visible,Last month's payslip is not visible in the portal.,Payroll republished the payslip; user confirmed it is visible.,,1
TKT-0000262,Payroll,Medium,Resolved,1,109,2025-06-11 08:20:02,2025-06-11 13:47:25,24,Payslip not visible,Last month's payslip is not visible in the portal.,Payroll republished the payslip; user confirmed it is visible.,,
TKT-0000263,HR Query,Low,Resolved,80,42,2024-03-17 18:27:01,2024-03-19 03:55:53,9,Question: On which day of the month are payslips released in India?,On which day of the month are payslips released in India?,Answered using 'HR Services FAQ - India' (https://notion.northwind-analytics.example.com/faq/doc-000070). The answer is: day 25.,DOC-000070,
TKT-0000264,General Query,Low,Resolved,13,188,2024-03-19 16:09:31,2024-03-20 18:34:03,87,Question: After how many minutes should the 'Disk usage high' alert for auth-eng,After how many minutes should the 'Disk usage high' alert for auth-engine be escalated?,Answered using 'Runbook: auth-engine - Disk usage high' (https://confluence.northwind-analytics.example.com/runbook/doc-000128). The answer is: 10 minutes.,DOC-000128,4
TKT-0000265,Payroll,High,Resolved,149,154,2023-08-22 13:32:30,2023-08-23 20:03:44,24,Payslip not visible,Last month's payslip is not visible in the portal.,Payroll republished the payslip; user confirmed it is visible.,,
TKT-0000266,General Query,Low,Resolved,87,107,2026-02-14 15:48:10,2026-02-14 22:02:11,37,Question: What is the p95 latency target for profile-engine?,What is the p95 latency target for profile-engine?,Answered using 'Service Overview: profile-engine' (https://github-wiki.northwind-analytics.example.com/service_wiki/doc-000101). The answer is: 80 ms.,DOC-000101,
TKT-0000267,General Query,Low,Resolved,76,109,2023-11-13 17:12:29,2023-11-13 20:36:31,76,Question: What is the recommended maximum pull request size in United Kingdom?,What is the recommended maximum pull request size in United Kingdom?,Answered using 'Code Review and Quality Standard - United Kingdom' (https://sharepoint.northwind-analytics.example.com/policy/doc-000019). The answer is: 500 lines.,DOC-000019,
TKT-0000268,General Query,Low,Open,140,178,2026-04-11 17:36:23,,24,Question: What is the minimum test coverage required by the Singapore code revie,What is the minimum test coverage required by the Singapore code review standard?,,DOC-000053,
TKT-0000269,General Query,Medium,Resolved,193,107,2025-07-09 12:04:55,2025-07-10 00:32:11,17,Question: Who is the owner of Project Atlas?,Who is the owner of Project Atlas?,Answered using 'Project Brief: Project Atlas' (https://google-drive.northwind-analytics.example.com/project_brief/doc-000177). The answer is: Tom Muller.,DOC-000177,5
TKT-0000270,Access,Low,Resolved,55,52,2024-05-24 19:05:32,2024-05-25 01:17:34,60,Request access to shared drive,Need read access to the Sales shared drive for a new project.,Access granted after manager approval.,,1
TKT-0000271,General Query,Low,Resolved,56,42,2025-08-19 18:30:30,2025-08-19 22:00:13,16,Question: What is the p95 latency target for profile-sync?,What is the p95 latency target for profile-sync?,Answered using 'Service Overview: profile-sync' (https://github-wiki.northwind-analytics.example.com/service_wiki/doc-000104). The answer is: 300 ms.,DOC-000104,1
TKT-0000272,Email,Medium,Resolved,27,33,2024-06-21 17:03:08,2024-06-21 21:45:29,74,Mailbox is full,Mailbox is at quota and cannot send mail.,Archive enabled and quota raised by 10 GB.,,
TKT-0000273,General Query,Low,Resolved,147,42,2026-03-09 20:31:25,2026-03-10 07:15:56,49,Question: What new launch date was agreed for Project Glacier in the steering sy,What new launch date was agreed for Project Glacier in the steering sync on 19 June 2025?,Answered using 'Meeting Notes: Project Glacier - Steering Sync 19 June 2025' (https://notion.northwind-analytics.example.com/meeting_notes/doc-000215). The answer is: 9 October 2025.,DOC-000215,2
TKT-0000274,VPN,Medium,Resolved,16,9,2023-03-03 16:05:18,2023-03-03 20:38:37,73,Cannot connect to VPN,VPN client times out when connecting since this morning.,Reinstalled the VPN client and reissued the user certificate; connection restored.,,5
TKT-0000275,Payroll,Low,Resolved,151,187,2025-04-25 12:17:26,2025-04-26 01:41:07,37,Payslip not visible,Last month's payslip is not visible in the portal.,Payroll republished the payslip; user confirmed it is visible.,,4
TKT-0000276,Email,Low,Resolved,118,104,2026-07-18 13:03:00,2026-07-18 16:46:35,22,Mailbox is full,Mailbox is at quota and cannot send mail.,Archive enabled and quota raised by 10 GB.,,
TKT-0000277,IT Query,Medium,Resolved,27,33,2025-01-06 08:42:23,2025-01-06 17:44:23,33,Question: What new launch date was agreed for Project Nebula in the steering syn,What new launch date was agreed for Project Nebula in the steering sync on 1 July 2025?,Answered using 'Meeting Notes: Project Nebula - Steering Sync 1 July 2025' (https://sharepoint.northwind-analytics.example.com/meeting_notes/doc-000286). The answer is: 23 October 2025.,DOC-000286,5
TKT-0000278,General Query,Medium,Resolved,106,107,2023-03-30 18:34:51,2023-03-30 22:09:18,43,Question: Who is the owner of Project Lantern?,Who is the owner of Project Lantern?,Answered using 'Project Brief: Project Lantern' (https://sharepoint.northwind-analytics.example.com/project_brief/doc-000172). The answer is: Michael Wagner.,DOC-000172,4
TKT-0000279,Email,Low,Resolved,109,18,2024-10-30 09:30:25,2024-10-31 10:00:42,17,Mailbox is full,Mailbox is at quota and cannot send mail.,Archive enabled and quota raised by 10 GB.,,
TKT-0000280,General Query,Medium,Resolved,68,188,2026-02-11 09:16:34,2026-02-11 18:20:27,22,Question: What new launch date was agreed for Project Cascade in the steering sy,What new launch date was agreed for Project Cascade in the steering sync on 12 January 2026?,Answered using 'Meeting Notes: Project Cascade - Steering Sync 12 January 2026' (https://notion.northwind-analytics.example.com/meeting_notes/doc-000258). The answer is: 13 December 2026.,DOC-000258,
TKT-0000281,Laptop,Medium,Resolved,29,154,2023-03-06 18:09:24,2023-03-07 12:33:33,13,Laptop battery draining fast,Battery lasts under two hours after the latest update.,Battery replaced under warranty and device re-imaged.,,3
TKT-0000282,Access,Medium,Resolved,7,52,2025-07-19 19:50:05,2025-07-21 07:03:17,64,Request access to shared drive,Need read access to the Finance shared drive for a new project.,Access granted after manager approval.,,
TKT-0000283,General Query,Low,Resolved,161,33,2024-09-14 18:31:26,2024-09-15 05:27:14,20,Question: How many years are contracts retained in India?,How many years are contracts retained in India?,Answered using 'Data Retention Policy - India' (https://confluence.northwind-analytics.example.com/policy/doc-000032). The answer is: 10 years.,DOC-000032,3
TKT-0000284,Access,Low,Resolved,29,154,2026-07-21 08:19:00,2026-07-22 10:05:05,41,Request access to shared drive,Need read access to the Engineering shared drive for a new project.,Access granted after manager approval.,,5
TKT-0000285,Printer,Medium,Resolved,94,107,2023-01-03 16:47:17,2023-01-04 21:05:37,14,Printer offline,Floor printer shows offline for everyone on the team.,Print server restarted and queue cleared.,,1
TKT-0000286,General Query,High,Resolved,92,107,2024-07-10 12:30:08,2024-07-11 06:35:49,67,Question: After how many minutes should the 'Certificate expiring' alert for ana,After how many minutes should the 'Certificate expiring' alert for analytics-engine be escalated?,Answered using 'Runbook: analytics-engine - Certificate expiring' (https://confluence.northwind-analytics.example.com/runbook/doc-000135). The answer is: 10 minutes.,DOC-000135,
TKT-0000287,General Query,Low,Resolved,156,178,2025-12-11 14:00:38,2025-12-12 11:56:08,57,Question: What is the approved budget for Project Lotus?,What is the approved budget for Project Lotus?,"Answered using 'Project Brief: Project Lotus' (https://sharepoint.northwind-analytics.example.com/project_brief/doc-000169). The answer is: USD 4,430,000.",DOC-000169,3
TKT-0000288,Laptop,Low,Resolved,187,187,2026-02-13 07:22:31,2026-02-14 10:11:30,32,Laptop battery draining fast,Battery lasts under two hours after the latest update.,Battery replaced under warranty and device re-imaged.,,5
TKT-0000289,IT Query,Medium,Resolved,25,33,2024-10-21 10:25:02,2024-10-21 16:31:51,16,Question: Who is responsible for the data migration plan for Project Xenon accor,Who is responsible for the data migration plan for Project Xenon according to the steering sync on 6 December 2023?,Answered using 'Meeting Notes: Project Xenon - Steering Sync 6 December 2023' (https://google-drive.northwind-analytics.example.com/meeting_notes/doc-000288). The answer is: Sneha Bose.,DOC-000288,
TKT-0000290,MFA,High,Resolved,170,178,2025-11-28 16:17:32,2025-11-28 21:21:35,19,Lost phone - need MFA reset,Phone was lost and I cannot approve sign-in prompts.,Identity verified via manager; MFA reset and re-enrolled on new device.,,
TKT-0000291,Printer,Medium,Resolved,175,109,2024-10-03 16:58:19,2024-10-04 11:50:00,24,Printer offline,Floor printer shows offline for everyone on the team.,Print server restarted and queue cleared.,,
TKT-0000292,Payroll,Low,Resolved,14,9,2024-07-23 16:01:10,2024-07-24 13:31:30,37,Payslip not visible,Last month's payslip is not visible in the portal.,Payroll republished the payslip; user confirmed it is visible.,,4
TKT-0000293,HR Query,Medium,Resolved,178,187,2025-11-28 11:42:36,2025-11-29 13:23:39,18,Question: How many public holidays do employees in India get?,How many public holidays do employees in India get?,Answered using 'HR Services FAQ - India' (https://notion.northwind-analytics.example.com/faq/doc-000070). The answer is: 9.,DOC-000070,1
TKT-0000294,General Query,Critical,Resolved,15,52,2026-06-18 18:51:37,2026-06-19 04:57:37,46,Question: What new launch date was agreed for Project Summit in the steering syn,What new launch date was agreed for Project Summit in the steering sync on 22 March 2023?,Answered using 'Meeting Notes: Project Summit - Steering Sync 22 March 2023' (https://notion.northwind-analytics.example.com/meeting_notes/doc-000219). The answer is: 30 November 2023.,DOC-000219,3
TKT-0000295,General Query,Medium,Resolved,119,42,2026-03-09 20:19:48,2026-03-09 22:14:48,64,Question: Which database does orders-hub use?,Which database does orders-hub use?,Answered using 'Service Overview: orders-hub' (https://github-wiki.northwind-analytics.example.com/service_wiki/doc-000099). The answer is: MongoDB.,DOC-000099,2
TKT-0000296,General Query,Low,Resolved,64,178,2023-11-11 20:30:42,2023-11-12 23:02:24,18,Question: How many reviewers must approve a pull request for the Singapore engin,How many reviewers must approve a pull request for the Singapore engineering teams?,Answered using 'Code Review and Quality Standard - Singapore' (https://confluence.northwind-analytics.example.com/policy/doc-000053). The answer is: 3.,DOC-000053,
TKT-0000297,Payroll,Medium,Resolved,163,107,2025-06-20 07:27:00,2025-06-20 12:11:08,16,Payslip not visible,Last month's payslip is not visible in the portal.,Payroll republished the payslip; user confirmed it is visible.,,2
TKT-0000298,General Query,Low,Resolved,158,154,2026-06-08 10:59:56,2026-06-08 16:55:25,38,Question: How much additional budget was approved for Project Dynamo in the stee,How much additional budget was approved for Project Dynamo in the steering sync on 15 June 2023?,"Answered using 'Meeting Notes: Project Dynamo - Steering Sync 15 June 2023' (https://notion.northwind-analytics.example.com/meeting_notes/doc-000295). The answer is: USD 50,000.",DOC-000295,1
TKT-0000299,Finance Query,Critical,Resolved,61,178,2024-05-01 11:42:08,2024-05-01 17:51:02,34,Question: Who is responsible for the security review for Project Aurora accordin,Who is responsible for the security review for Project Aurora according to the steering sync on 19 October 2025?,Answered using 'Meeting Notes: Project Aurora - Steering Sync 19 October 2025' (https://notion.northwind-analytics.example.com/meeting_notes/doc-000224). The answer is: Zara Silva.,DOC-000224,5
TKT-0000300,VPN,Low,Resolved,174,9,2024-11-05 07:39:59,2024-11-08 22:56:07,23,Cannot connect to VPN,VPN client times out when connecting since this morning.,Reinstalled the VPN client and reissued the user certificate; connection restored.,,5
TKT-0000301,HR Query,Medium,Open,120,42,2026-02-24 11:50:16,,43,Question: How much additional budget was approved for Project Eclipse in the ste,How much additional budget was approved for Project Eclipse in the steering sync on 22 April 2026?,,DOC-000284,
TKT-0000302,General Query,Low,Open,154,178,2023-04-15 19:43:43,,26,Question: What command is used to restart search-sync?,What command is used to restart search-sync?,,DOC-000156,
TKT-0000303,Finance Query,Medium,Resolved,168,107,2025-01-13 12:46:26,2025-01-13 21:16:12,24,Question: What is the travel per diem in Singapore?,What is the travel per diem in Singapore?,Answered using 'Business Travel Policy - Singapore' (https://sharepoint.northwind-analytics.example.com/policy/doc-000055). The answer is: SGD 60.,DOC-000055,3
TKT-0000304,MFA,Medium,Resolved,171,187,2026-07-08 18:14:53,2026-07-08 23:17:09,15,Lost phone - need MFA reset,Phone was lost and I cannot approve sign-in prompts.,Identity verified via manager; MFA reset and re-enrolled on new device.,,
TKT-0000305,General Query,Low,Resolved,108,109,2025-06-08 11:00:53,2025-06-08 15:33:03,10,Question: What command is used to restart notification-hub?,What command is used to restart notification-hub?,Answered using 'Runbook: notification-hub - Queue backlog' (https://github-wiki.northwind-analytics.example.com/runbook/doc-000138). The answer is: kubectl rollout restart deployment/notification-hub.,DOC-000138,
TKT-0000306,Payroll,High,Resolved,170,107,2025-07-19 08:11:24,2025-07-20 03:24:30,17,Payslip not visible,Last month's payslip is not visible in the portal.,Payroll republished the payslip; user confirmed it is visible.,,5
TKT-0000307,MFA,Medium,Resolved,109,52,2024-06-12 11:43:33,2024-06-15 01:29:26,12,Lost phone - need MFA reset,Phone was lost and I cannot approve sign-in prompts.,Identity verified via manager; MFA reset and re-enrolled on new device.,,
TKT-0000308,VPN,Medium,Resolved,84,154,2025-10-20 14:05:53,2025-10-20 17:10:07,12,Cannot connect to VPN,VPN client times out when connecting since this morning.,Reinstalled the VPN client and reissued the user certificate; connection restored.,,5
TKT-0000309,General Query,Low,Resolved,14,33,2024-12-30 16:06:44,2024-12-30 17:06:34,10,Question: Which Slack channel is used for incidents on ledger-gateway?,Which Slack channel is used for incidents on ledger-gateway?,Answered using 'Runbook: ledger-gateway - Queue backlog' (https://github-wiki.northwind-analytics.example.com/runbook/doc-000142). The answer is: #oncall-ledger-gateway.,DOC-000142,
TKT-0000310,Finance Query,Medium,Resolved,103,188,2023-02-16 10:09:12,2023-02-16 15:21:36,374,Question: Who is the owner of Project Juniper?,Who is the owner of Project Juniper?,Answered using 'Project Brief: Project Juniper' (https://sharepoint.northwind-analytics.example.com/project_brief/doc-000185). The answer is: Pooja Singh.,DOC-000185,4
TKT-0000311,Laptop,Medium,Resolved,192,109,2026-03-15 10:38:53,2026-03-15 15:37:55,37,Laptop battery draining fast,Battery lasts under two hours after the latest update.,Battery replaced under warranty and device re-imaged.,,
TKT-0000312,General Query,Low,Resolved,70,187,2023-06-24 08:04:30,2023-06-25 18:32:58,138,Question: What is the availability SLO for search-sync?,What is the availability SLO for search-sync?,Answered using 'Service Overview: search-sync' (https://github-wiki.northwind-analytics.example.com/service_wiki/doc-000097). The answer is: 99.95 percent.,DOC-000097,4
TKT-0000313,General Query,Critical,Resolved,95,154,2024-08-20 18:54:10,2024-08-21 01:14:18,35,Question: Which programming language is analytics-engine written in?,Which programming language is analytics-engine written in?,Answered using 'Service Overview: analytics-engine' (https://github-wiki.northwind-analytics.example.com/service_wiki/doc-000096). The answer is: Node.js.,DOC-000096,1
TKT-0000314,HR Query,Medium,Resolved,45,18,2023-03-22 14:43:45,2023-03-22 23:06:41,19,Question: Who is responsible for the cost forecast for Project Eclipse according,Who is responsible for the cost forecast for Project Eclipse according to the steering sync on 4 September 2026?,Answered using 'Meeting Notes: Project Eclipse - Steering Sync 4 September 2026' (https://notion.northwind-analytics.example.com/meeting_notes/doc-000240). The answer is: Debjani Nguyen.,DOC-000240,5
TKT-0000315,IT Query,Medium,Resolved,36,9,2023-05-12 16:28:54,2023-05-12 18:59:06,8,Question: Within how many minutes must a Severity 2 incident be acknowledged in ,Within how many minutes must a Severity 2 incident be acknowledged in United States?,Answered using 'Incident Response Procedure - United States' (https://sharepoint.northwind-analytics.example.com/policy/doc-000046). The answer is: 60 minutes.,DOC-000046,4
TKT-0000316,VPN,Low,Resolved,169,107,2024-10-30 08:10:39,2024-10-30 22:36:33,24,Cannot connect to VPN,VPN client times out when connecting since this morning.,Reinstalled the VPN client and reissued the user certificate; connection restored.,,
TKT-0000317,VPN,Low,Resolved,166,52,2026-01-06 19:16:45,2026-01-06 21:54:04,8,Cannot connect to VPN,VPN client times out when connecting since this morning.,Reinstalled the VPN client and reissued the user certificate; connection restored.,,4
TKT-0000318,Finance Query,Critical,Resolved,10,33,2026-09-01 15:14:00,2026-09-02 03:35:44,22,Question: What is the target launch date for Project Yonder?,What is the target launch date for Project Yonder?,Answered using 'Project Brief: Project Yonder' (https://sharepoint.northwind-analytics.example.com/project_brief/doc-000162). The answer is: 3 September 2024.,DOC-000162,5
TKT-0000319,HR Query,High,Resolved,154,33,2026-02-21 07:55:38,2026-02-21 10:29:15,26,Question: Who is responsible for the cost forecast for Project Eclipse according,Who is responsible for the cost forecast for Project Eclipse according to the steering sync on 4 September 2026?,Answered using 'Meeting Notes: Project Eclipse - Steering Sync 4 September 2026' (https://notion.northwind-analytics.example.com/meeting_notes/doc-000240). The answer is: Debjani Nguyen.,DOC-000240,4
TKT-0000320,General Query,Medium,Resolved,1,52,2025-02-04 11:58:16,2025-02-04 14:33:39,23,Question: Who is the owner of Project Lotus?,Who is the owner of Project Lotus?,Answered using 'Project Brief: Project Lotus' (https://sharepoint.northwind-analytics.example.com/project_brief/doc-000169). The answer is: William Iyer.,DOC-000169,2
TKT-0000321,MFA,Medium,Resolved,25,109,2025-04-13 11:09:37,2025-04-13 16:46:01,92,Lost phone - need MFA reset,Phone was lost and I cannot approve sign-in prompts.,Identity verified via manager; MFA reset and re-enrolled on new device.,,
TKT-0000322,IT Query,Medium,Resolved,51,18,2024-11-06 20:10:45,2024-11-07 01:50:57,52,Question: What is the IT helpdesk extension in United States?,What is the IT helpdesk extension in United States?,Answered using 'IT Services FAQ - United States' (https://confluence.northwind-analytics.example.com/faq/doc-000033). The answer is: 5965.,DOC-000033,4
TKT-0000323,HR Query,Medium,Resolved,197,9,2024-09-18 14:25:11,2024-09-19 07:19:52,56,Question: How many working hours per quarter can be spent on learning in United ,How many working hours per quarter can be spent on learning in United States?,Answered using 'Learning and Development Budget Policy - United States' (https://sharepoint.northwind-analytics.example.com/policy/doc-000076). The answer is: 30 hours.,DOC-000076,
TKT-0000324,Email,Medium,Resolved,48,109,2025-07-01 18:34:35,2025-07-02 03:30:19,73,Mailbox is full,Mailbox is at quota and cannot send mail.,Archive enabled and quota raised by 10 GB.,,
TKT-0000325,Access,Low,Resolved,2,188,2026-04-29 14:07:53,2026-04-29 22:47:56,76,Request access to shared drive,Need read access to the Engineering shared drive for a new project.,Access granted after manager approval.,,
TKT-0000326,HR Query,Medium,Resolved,77,187,2025-01-16 16:56:11,2025-01-16 22:09:37,50,Question: How many weeks of paid maternity leave are offered in India?,How many weeks of paid maternity leave are offered in India?,Answered using 'Parental Leave Policy - India' (https://confluence.northwind-analytics.example.com/policy/doc-000059). The answer is: 16 weeks.,DOC-000059,
TKT-0000327,General Query,Medium,Resolved,86,109,2025-04-23 09:28:55,2025-04-23 10:45:07,4,Question: How much additional budget was approved for Project Tundra in the stee,How much additional budget was approved for Project Tundra in the steering sync on 1 December 2024?,"Answered using 'Meeting Notes: Project Tundra - Steering Sync 1 December 2024' (https://notion.northwind-analytics.example.com/meeting_notes/doc-000221). The answer is: USD 75,000.",DOC-000221,2
TKT-0000328,Access,Medium,Resolved,140,178,2025-02-08 07:00:58,2025-02-08 15:17:05,158,Request access to shared drive,Need read access to the Operations shared drive for a new project.,Access granted after manager approval.,,
TKT-0000329,General Query,Medium,Resolved,192,42,2023-01-15 17:58:31,2023-01-17 11:00:57,395,Question: How much additional budget was approved for Project Glacier in the ste,How much additional budget was approved for Project Glacier in the steering sync on 26 April 2025?,"Answered using 'Meeting Notes: Project Glacier - Steering Sync 26 April 2025' (https://sharepoint.northwind-analytics.example.com/meeting_notes/doc-000267). The answer is: USD 25,000.",DOC-000267,
TKT-0000330,HR Query,Medium,Resolved,13,42,2024-03-08 15:43:31,2024-03-13 01:12:29,19,Question: Who is responsible for the vendor contract for Project Eclipse accordi,Who is responsible for the vendor contract for Project Eclipse according to the steering sync on 22 April 2026?,Answered using 'Meeting Notes: Project Eclipse - Steering Sync 22 April 2026' (https://notion.northwind-analytics.example.com/meeting_notes/doc-000284). The answer is: Pooja Sen.,DOC-000284,
TKT-0000331,Payroll,Medium,In Progress,103,188,2024-05-12 07:45:58,,150,Payslip not visible,Last month's payslip is not visible in the portal.,,,
TKT-0000332,General Query,Low,Resolved,81,52,2023-08-14 20:02:28,2023-08-14 21:24:45,6,Question: Who is responsible for the vendor contract for Project Summit accordin,Who is responsible for the vendor contract for Project Summit according to the steering sync on 22 March 2023?,Answered using 'Meeting Notes: Project Summit - Steering Sync 22 March 2023' (https://notion.northwind-analytics.example.com/meeting_notes/doc-000219). The answer is: Ananya Garcia.,DOC-000219,
TKT-0000333,Software,High,Resolved,153,18,2025-03-11 07:59:51,2025-03-11 21:38:37,48,Licence for design tool,Requesting a licence for a design tool for a campaign.,Licence allocated from the central pool.,,
TKT-0000334,HR Query,Medium,Resolved,153,188,2023-04-21 14:51:38,2023-04-22 08:59:45,9,Question: Who is the executive sponsor of Project Umbra?,Who is the executive sponsor of Project Umbra?,Answered using 'Project Brief: Project Umbra' (https://sharepoint.northwind-analytics.example.com/project_brief/doc-000182). The answer is: Daniel Reddy.,DOC-000182,2
TKT-0000335,VPN,Critical,Resolved,148,18,2025-02-13 14:33:19,2025-02-13 20:13:10,37,Cannot connect to VPN,VPN client times out when connecting since this morning.,Reinstalled the VPN client and reissued the user certificate; connection restored.,,
TKT-0000336,HR Query,Medium,Resolved,123,109,2025-03-05 08:56:58,2025-03-08 15:01:38,11,Question: How many weeks of paid paternity leave are offered in Germany?,How many weeks of paid paternity leave are offered in Germany?,Answered using 'Parental Leave Policy - Germany' (https://sharepoint.northwind-analytics.example.com/policy/doc-000002). The answer is: 8 weeks.,DOC-000002,4
TKT-0000337,Access,Critical,Resolved,191,188,2025-10-23 12:18:00,2025-10-23 16:52:45,11,Request access to shared drive,Need read access to the Customer Support shared drive for a new project.,Access granted after manager approval.,,
TKT-0000338,Finance Query,Low,Resolved,59,18,2023-10-11 20:43:51,2023-10-12 03:05:34,27,Question: What new launch date was agreed for Project Beacon in the steering syn,What new launch date was agreed for Project Beacon in the steering sync on 11 July 2026?,Answered using 'Meeting Notes: Project Beacon - Steering Sync 11 July 2026' (https://google-drive.northwind-analytics.example.com/meeting_notes/doc-000191). The answer is: 17 November 2027.,DOC-000191,
TKT-0000339,HR Query,Low,Resolved,50,33,2023-09-20 10:17:30,2023-09-20 18:02:57,21,Question: What is the monthly home-office stipend in Singapore?,What is the monthly home-office stipend in Singapore?,Answered using 'Remote and Hybrid Work Policy - Singapore' (https://confluence.northwind-analytics.example.com/policy/doc-000024). The answer is: SGD 40.,DOC-000024,
TKT-0000340,Finance Query,Medium,Resolved,11,33,2023-03-17 07:26:07,2023-03-17 15:00:23,47,Question: Who is responsible for the load test report for Project Juniper accord,Who is responsible for the load test report for Project Juniper according to the steering sync on 9 April 2023?,Answered using 'Meeting Notes: Project Juniper - Steering Sync 9 April 2023' (https://sharepoint.northwind-analytics.example.com/meeting_notes/doc-000206). The answer is: Anna Weber.,DOC-000206,5
TKT-0000341,General Query,Low,Resolved,151,42,2026-09-19 16:05:40,2026-09-19 17:19:28,42,Question: Who is responsible for the user training deck for Project Cascade acco,Who is responsible for the user training deck for Project Cascade according to the steering sync on 9 March 2026?,Answered using 'Meeting Notes: Project Cascade - Steering Sync 9 March 2026' (https://notion.northwind-analytics.example.com/meeting_notes/doc-000236). The answer is: Lukas Bose.,DOC-000236,1
TKT-0000342,General Query,Medium,Resolved,40,154,2026-08-22 10:41:45,2026-08-22 22:07:53,77,Question: How much additional budget was approved for Project Summit in the stee,How much additional budget was approved for Project Summit in the steering sync on 31 March 2023?,"Answered using 'Meeting Notes: Project Summit - Steering Sync 31 March 2023' (https://sharepoint.northwind-analytics.example.com/meeting_notes/doc-000202). The answer is: USD 25,000.",DOC-000202,4
TKT-0000343,General Query,High,Resolved,156,104,2023-04-15 09:26:13,2023-04-16 00:16:25,9,Question: How much additional budget was approved for Project Ember in the steer,How much additional budget was approved for Project Ember in the steering sync on 7 July 2026?,"Answered using 'Meeting Notes: Project Ember - Steering Sync 7 July 2026' (https://sharepoint.northwind-analytics.example.com/meeting_notes/doc-000297). The answer is: USD 75,000.",DOC-000297,1
TKT-0000344,General Query,High,Resolved,51,178,2026-05-15 07:16:43,2026-05-15 16:12:22,6,Question: What new launch date was agreed for Project Glacier in the steering sy,What new launch date was agreed for Project Glacier in the steering sync on 19 June 2025?,Answered using 'Meeting Notes: Project Glacier - Steering Sync 19 June 2025' (https://notion.northwind-analytics.example.com/meeting_notes/doc-000215). The answer is: 9 October 2025.,DOC-000215,2
TKT-0000345,General Query,High,Resolved,49,33,2023-05-08 16:28:23,2023-05-08 22:18:37,12,Question: What new launch date was agreed for Project Cascade in the steering sy,What new launch date was agreed for Project Cascade in the steering sync on 12 January 2026?,Answered using 'Meeting Notes: Project Cascade - Steering Sync 12 January 2026' (https://notion.northwind-analytics.example.com/meeting_notes/doc-000258). The answer is: 13 December 2026.,DOC-000258,3
TKT-0000346,General Query,Low,Resolved,15,42,2026-04-11 20:13:16,2026-04-12 01:55:29,60,Question: Who owns the ingestion-sync service?,Who owns the ingestion-sync service?,Answered using 'Service Overview: ingestion-sync' (https://confluence.northwind-analytics.example.com/service_wiki/doc-000105). The answer is: Jonas Nguyen.,DOC-000105,4
TKT-0000347,Access,Low,Resolved,183,42,2026-04-19 18:40:54,2026-04-22 22:02:11,55,Request access to shared drive,Need read access to the Engineering shared drive for a new project.,Access granted after manager approval.,,4
TKT-0000348,Printer,Medium,Resolved,46,107,2023-03-28 20:03:57,2023-03-29 15:20:27,15,Printer offline,Floor printer shows offline for everyone on the team.,Print server restarted and queue cleared.,,2
TKT-0000349,IT Query,Critical,Resolved,145,154,2025-06-30 19:10:57,2025-07-01 03:58:58,63,Question: How much additional budget was approved for Project Xenon in the steer,How much additional budget was approved for Project Xenon in the steering sync on 29 November 2023?,"Answered using 'Meeting Notes: Project Xenon - Steering Sync 29 November 2023' (https://sharepoint.northwind-analytics.example.com/meeting_notes/doc-000287). The answer is: USD 150,000.",DOC-000287,
TKT-0000350,General Query,Medium,Resolved,95,154,2026-04-02 12:08:47,2026-04-03 17:02:49,55,Question: What is the recommended maximum pull request size in India?,What is the recommended maximum pull request size in India?,Answered using 'Code Review and Quality Standard - India' (https://sharepoint.northwind-analytics.example.com/policy/doc-000013). The answer is: 500 lines.,DOC-000013,2
TKT-0000351,General Query,Low,Resolved,67,104,2023-12-29 12:29:13,2023-12-29 19:22:02,38,Question: Who is responsible for the security review for Project Ember according,Who is responsible for the security review for Project Ember according to the steering sync on 1 June 2026?,Answered using 'Meeting Notes: Project Ember - Steering Sync 1 June 2026' (https://notion.northwind-analytics.example.com/meeting_notes/doc-000296). The answer is: Ananya Mukherjee.,DOC-000296,5
TKT-0000352,General Query,Medium,Open,14,107,2023-06-26 09:57:39,,47,Question: What is the p95 latency target for profile-engine?,What is the p95 latency target for profile-engine?,,DOC-000101,
TKT-0000353,General Query,Medium,Resolved,39,107,2023-05-26 18:41:48,2023-05-27 00:59:59,17,Question: How much additional budget was approved for Project Vertex in the stee,How much additional budget was approved for Project Vertex in the steering sync on 19 August 2026?,"Answered using 'Meeting Notes: Project Vertex - Steering Sync 19 August 2026' (https://google-drive.northwind-analytics.example.com/meeting_notes/doc-000274). The answer is: USD 150,000.",DOC-000274,
TKT-0000354,Payroll,Medium,Resolved,3,42,2023-06-02 18:53:41,2023-06-03 01:09:55,9,Payslip not visible,Last month's payslip is not visible in the portal.,Payroll republished the payslip; user confirmed it is visible.,,3
TKT-0000355,General Query,Low,Resolved,46,52,2023-10-01 15:43:23,2023-10-01 19:37:52,33,Question: What new launch date was agreed for Project Indigo in the steering syn,What new launch date was agreed for Project Indigo in the steering sync on 16 February 2026?,Answered using 'Meeting Notes: Project Indigo - Steering Sync 16 February 2026' (https://google-drive.northwind-analytics.example.com/meeting_notes/doc-000226). The answer is: 16 May 2026.,DOC-000226,5
TKT-0000356,Laptop,Low,Resolved,1,188,2023-08-31 14:00:44,2023-08-31 22:45:47,9,Laptop battery draining fast,Battery lasts under two hours after the latest update.,Battery replaced under warranty and device re-imaged.,,3
TKT-0000357,General Query,Medium,Resolved,124,52,2023-04-30 11:14:14,2023-04-30 17:14:50,40,Question: How much additional budget was approved for Project Tundra in the stee,How much additional budget was approved for Project Tundra in the steering sync on 22 June 2024?,"Answered using 'Meeting Notes: Project Tundra - Steering Sync 22 June 2024' (https://google-drive.northwind-analytics.example.com/meeting_notes/doc-000216). The answer is: USD 150,000.",DOC-000216,3
TKT-0000358,General Query,Medium,Resolved,85,18,2023-07-07 07:59:53,2023-07-07 19:00:01,22,Question: What new launch date was agreed for Project Lotus in the steering sync,What new launch date was agreed for Project Lotus in the steering sync on 26 July 2024?,Answered using 'Meeting Notes: Project Lotus - Steering Sync 26 July 2024' (https://notion.northwind-analytics.example.com/meeting_notes/doc-000207). The answer is: 16 August 2024.,DOC-000207,2
TKT-0000359,Printer,Low,Resolved,168,42,2026-06-19 09:02:05,2026-06-21 09:33:24,25,Printer offline,Floor printer shows offline for everyone on the team.,Print server restarted and queue cleared.,,
TKT-0000360,General Query,Low,In Progress,87,187,2024-04-16 20:38:27,,60,Question: What is the availability SLO for ledger-gateway?,What is the availability SLO for ledger-gateway?,,DOC-000107,
TKT-0000361,Printer,Low,Resolved,197,52,2026-08-21 09:03:18,2026-08-21 12:00:08,58,Printer offline,Floor printer shows offline for everyone on the team.,Print server restarted and queue cleared.,,1
TKT-0000362,Printer,Low,Resolved,164,42,2025-06-28 19:27:50,2025-06-30 13:57:52,5,Printer offline,Floor printer shows offline for everyone on the team.,Print server restarted and queue cleared.,,3
TKT-0000363,General Query,Medium,Resolved,142,104,2024-12-04 14:49:05,2024-12-05 12:02:23,22,Question: Who is responsible for the user training deck for Project Lotus accord,Who is responsible for the user training deck for Project Lotus according to the steering sync on 26 July 2024?,Answered using 'Meeting Notes: Project Lotus - Steering Sync 26 July 2024' (https://notion.northwind-analytics.example.com/meeting_notes/doc-000207). The answer is: Maya Muller.,DOC-000207,5
TKT-0000364,Payroll,Medium,Resolved,164,9,2025-11-21 07:13:52,2025-11-22 05:32:36,43,Payslip not visible,Last month's payslip is not visible in the portal.,Payroll republished the payslip; user confirmed it is visible.,,4
TKT-0000365,VPN,High,Resolved,97,42,2024-10-11 09:28:47,2024-10-11 18:59:34,33,Cannot connect to VPN,VPN client times out when connecting since this morning.,Reinstalled the VPN client and reissued the user certificate; connection restored.,,
TKT-0000366,General Query,Low,In Progress,143,52,2025-04-20 17:27:57,,64,Question: Who owns the recommendation-sync service?,Who owns the recommendation-sync service?,,DOC-000106,
TKT-0000367,VPN,High,Resolved,134,187,2024-03-05 07:52:42,2024-03-05 14:03:21,43,Cannot connect to VPN,VPN client times out when connecting since this morning.,Reinstalled the VPN client and reissued the user certificate; connection restored.,,5
TKT-0000368,General Query,Medium,Resolved,132,187,2023-10-02 07:21:54,2023-10-02 11:35:58,49,Question: What new launch date was agreed for Project Indigo in the steering syn,What new launch date was agreed for Project Indigo in the steering sync on 27 March 2026?,Answered using 'Meeting Notes: Project Indigo - Steering Sync 27 March 2026' (https://notion.northwind-analytics.example.com/meeting_notes/doc-000269). The answer is: 6 July 2026.,DOC-000269,
TKT-0000369,Laptop,Medium,Resolved,67,178,2026-01-10 11:28:19,2026-01-10 17:32:36,32,Laptop battery draining fast,Battery lasts under two hours after the latest update.,Battery replaced under warranty and device re-imaged.,,1
TKT-0000370,General Query,High,Resolved,48,18,2024-06-21 13:05:29,2024-06-21 16:37:12,13,Question: Which programming language is inventory-engine written in?,Which programming language is inventory-engine written in?,Answered using 'Service Overview: inventory-engine' (https://confluence.northwind-analytics.example.com/service_wiki/doc-000095). The answer is: Go.,DOC-000095,
TKT-0000371,HR Query,High,Resolved,112,178,2025-10-28 15:41:39,2025-10-29 08:03:34,10,Question: Who is responsible for the vendor contract for Project Eclipse accordi,Who is responsible for the vendor contract for Project Eclipse according to the steering sync on 22 April 2026?,Answered using 'Meeting Notes: Project Eclipse - Steering Sync 22 April 2026' (https://notion.northwind-analytics.example.com/meeting_notes/doc-000284). The answer is: Pooja Sen.,DOC-000284,4
TKT-0000372,Finance Query,Medium,Resolved,162,107,2024-01-08 18:29:21,2024-01-09 05:17:03,19,Question: What new launch date was agreed for Project Juniper in the steering sy,What new launch date was agreed for Project Juniper in the steering sync on 28 May 2023?,Answered using 'Meeting Notes: Project Juniper - Steering Sync 28 May 2023' (https://notion.northwind-analytics.example.com/meeting_notes/doc-000214). The answer is: 24 October 2023.,DOC-000214,
TKT-0000373,General Query,Critical,Resolved,111,188,2024-12-16 13:07:58,2024-12-16 16:46:07,22,Question: After how many minutes should the 'High error rate' alert for reportin,After how many minutes should the 'High error rate' alert for reporting-service be escalated?,Answered using 'Runbook: reporting-service - High error rate' (https://github-wiki.northwind-analytics.example.com/runbook/doc-000144). The answer is: 15 minutes.,DOC-000144,
TKT-0000374,General Query,Critical,Open,82,42,2023-07-29 13:02:08,,68,Question: Which Slack channel is used for incidents on ingestion-gateway?,Which Slack channel is used for incidents on ingestion-gateway?,,DOC-000131,
TKT-0000375,General Query,Medium,Resolved,131,18,2026-01-04 13:40:41,2026-01-04 17:10:44,7,Question: After how many minutes should the 'Queue backlog' alert for inventory-,After how many minutes should the 'Queue backlog' alert for inventory-engine be escalated?,Answered using 'Runbook: inventory-engine - Queue backlog' (https://github-wiki.northwind-analytics.example.com/runbook/doc-000118). The answer is: 15 minutes.,DOC-000118,2
TKT-0000376,MFA,Low,Resolved,4,109,2026-01-20 20:11:35,2026-01-22 08:14:55,44,Lost phone - need MFA reset,Phone was lost and I cannot approve sign-in prompts.,Identity verified via manager; MFA reset and re-enrolled on new device.,,
TKT-0000377,General Query,Medium,Resolved,136,104,2025-11-17 13:24:14,2025-11-17 18:54:55,34,Question: How many reviewers must approve a pull request for the United Kingdom ,How many reviewers must approve a pull request for the United Kingdom engineering teams?,Answered using 'Code Review and Quality Standard - United Kingdom' (https://sharepoint.northwind-analytics.example.com/policy/doc-000019). The answer is: 2.,DOC-000019,3
TKT-0000378,General Query,Low,In Progress,45,187,2025-12-07 18:34:24,,30,Question: Who is responsible for the cost forecast for Project Jade according to,Who is responsible for the cost forecast for Project Jade according to the steering sync on 13 October 2023?,,DOC-000291,
TKT-0000379,General Query,Medium,Resolved,185,154,2024-08-09 14:56:02,2024-08-09 20:48:43,76,Question: Which programming language is ledger-gateway written in?,Which programming language is ledger-gateway written in?,Answered using 'Service Overview: ledger-gateway' (https://confluence.northwind-analytics.example.com/service_wiki/doc-000107). The answer is: Java.,DOC-000107,
TKT-0000380,General Query,Medium,Resolved,44,42,2023-11-23 07:13:55,2023-11-23 13:52:02,104,Question: Who is responsible for the user training deck for Project Harbor accor,Who is responsible for the user training deck for Project Harbor according to the steering sync on 3 September 2026?,Answered using 'Meeting Notes: Project Harbor - Steering Sync 3 September 2026' (https://sharepoint.northwind-analytics.example.com/meeting_notes/doc-000248). The answer is: Lukas Evans.,DOC-000248,4
TKT-0000381,General Query,Critical,In Progress,142,109,2025-02-14 07:46:15,,11,Question: Who is the executive sponsor of Project Indigo?,Who is the executive sponsor of Project Indigo?,,DOC-000159,
TKT-0000382,HR Query,Medium,Resolved,58,52,2026-07-30 17:22:52,2026-07-31 00:58:52,40,Question: For how many weeks does an onboarding buddy support a new joiner in Ge,For how many weeks does an onboarding buddy support a new joiner in Germany?,Answered using 'New Joiner Onboarding Guide - Germany' (https://sharepoint.northwind-analytics.example.com/policy/doc-000088). The answer is: 4 weeks.,DOC-000088,4
TKT-0000383,Access,Medium,Resolved,88,154,2024-12-31 18:37:30,2025-01-01 09:18:37,116,Request access to shared drive,Need read access to the Operations shared drive for a new project.,Access granted after manager approval.,,2
TKT-0000384,Printer,High,Resolved,41,104,2024-12-01 12:18:58,2024-12-01 17:44:52,21,Printer offline,Floor printer shows offline for everyone on the team.,Print server restarted and queue cleared.,,5
TKT-0000385,Software,Medium,Resolved,144,18,2025-01-06 19:37:26,2025-01-08 17:09:27,17,Licence for design tool,Requesting a licence for a design tool for a campaign.,Licence allocated from the central pool.,,4
TKT-0000386,IT Query,Low,Resolved,137,187,2024-06-25 18:42:27,2024-06-26 02:41:52,32,Question: How soon must a post-mortem be published after a Severity 1 incident i,How soon must a post-mortem be published after a Severity 1 incident in Germany?,Answered using 'Incident Response Procedure - Germany' (https://sharepoint.northwind-analytics.example.com/policy/doc-000047). The answer is: 3 working days.,DOC-000047,
TKT-0000387,HR Query,Critical,Resolved,184,109,2023-03-01 07:42:54,2023-03-01 14:33:07,26,Question: Who is the owner of Project Umbra?,Who is the owner of Project Umbra?,Answered using 'Project Brief: Project Umbra' (https://sharepoint.northwind-analytics.example.com/project_brief/doc-000182). The answer is: Anna Fischer.,DOC-000182,2
TKT-0000388,Printer,Low,Resolved,149,178,2024-10-23 10:03:05,2024-10-23 19:11:58,45,Printer offline,Floor printer shows offline for everyone on the team.,Print server restarted and queue cleared.,,4
TKT-0000389,General Query,Medium,Resolved,111,154,2026-07-03 07:20:57,2026-07-03 08:59:17,53,Question: After how many minutes should the 'High error rate' alert for inventor,After how many minutes should the 'High error rate' alert for inventory-engine be escalated?,Answered using 'Runbook: inventory-engine - High error rate' (https://github-wiki.northwind-analytics.example.com/runbook/doc-000133). The answer is: 30 minutes.,DOC-000133,3
TKT-0000390,IT Query,Medium,In Progress,35,187,2026-09-05 14:31:10,,21,Question: Who is responsible for the security review for Project Quartz accordin,Who is responsible for the security review for Project Quartz according to the steering sync on 6 October 2024?,,DOC-000242,
TKT-0000391,IT Query,Low,Resolved,153,104,2025-01-23 07:57:21,2025-01-23 11:20:51,34,Question: What is the IT helpdesk extension in India?,What is the IT helpdesk extension in India?,Answered using 'IT Services FAQ - India' (https://notion.northwind-analytics.example.com/faq/doc-000056). The answer is: 2072.,DOC-000056,
TKT-0000392,HR Query,High,Resolved,75,18,2026-02-19 10:39:22,2026-02-19 23:49:54,50,Question: What is the approved budget for Project Umbra?,What is the approved budget for Project Umbra?,"Answered using 'Project Brief: Project Umbra' (https://sharepoint.northwind-analytics.example.com/project_brief/doc-000182). The answer is: USD 990,000.",DOC-000182,1
TKT-0000393,Printer,Low,Resolved,97,109,2024-08-27 18:18:20,2024-08-27 19:46:37,32,Printer offline,Floor printer shows offline for everyone on the team.,Print server restarted and queue cleared.,,3
TKT-0000394,VPN,Medium,Resolved,50,188,2025-01-12 17:54:15,2025-01-14 21:48:30,17,Cannot connect to VPN,VPN client times out when connecting since this morning.,Reinstalled the VPN client and reissued the user certificate; connection restored.,,
TKT-0000395,Payroll,Medium,Resolved,61,52,2026-08-11 20:50:50,2026-08-11 21:58:23,42,Payslip not visible,Last month's payslip is not visible in the portal.,Payroll republished the payslip; user confirmed it is visible.,,
TKT-0000396,General Query,Low,Open,157,178,2023-05-06 18:01:18,,26,Question: After how many minutes should the 'Disk usage high' alert for reportin,After how many minutes should the 'Disk usage high' alert for reporting-service be escalated?,,DOC-000143,
TKT-0000397,Payroll,Medium,Resolved,160,18,2023-08-22 10:51:19,2023-08-23 23:49:18,10,Payslip not visible,Last month's payslip is not visible in the portal.,Payroll republished the payslip; user confirmed it is visible.,,
TKT-0000398,Laptop,Medium,Resolved,113,188,2023-12-27 14:27:34,2023-12-27 21:09:43,121,Laptop battery draining fast,Battery lasts under two hours after the latest update.,Battery replaced under warranty and device re-imaged.,,
TKT-0000399,VPN,Medium,Resolved,134,18,2024-04-03 07:05:18,2024-04-03 17:07:49,59,Cannot connect to VPN,VPN client times out when connecting since this morning.,Reinstalled the VPN client and reissued the user certificate; connection restored.,,
TKT-0000400,IT Query,Low,Resolved,181,107,2024-09-10 19:23:10,2024-09-10 21:01:25,83,Question: How soon must a post-mortem be published after a Severity 1 incident i,How soon must a post-mortem be published after a Severity 1 incident in United States?,Answered using 'Incident Response Procedure - United States' (https://sharepoint.northwind-analytics.example.com/policy/doc-000046). The answer is: 7 working days.,DOC-000046,4
TKT-0000401,HR Query,Medium,Resolved,61,107,2026-07-06 13:31:03,2026-07-07 15:53:14,10,Question: How many weeks of paid maternity leave are offered in United Kingdom?,How many weeks of paid maternity leave are offered in United Kingdom?,Answered using 'Parental Leave Policy - United Kingdom' (https://sharepoint.northwind-analytics.example.com/policy/doc-000008). The answer is: 26 weeks.,DOC-000008,
TKT-0000402,IT Query,Critical,In Progress,76,9,2024-10-19 20:55:01,,28,Question: How much additional budget was approved for Project Quartz in the stee,How much additional budget was approved for Project Quartz in the steering sync on 6 October 2024?,,DOC-000242,
TKT-0000403,General Query,High,Resolved,15,188,2025-10-12 14:22:48,2025-10-13 04:09:21,46,Question: After how many minutes should the 'Certificate expiring' alert for pro,After how many minutes should the 'Certificate expiring' alert for profile-sync be escalated?,Answered using 'Runbook: profile-sync - Certificate expiring' (https://github-wiki.northwind-analytics.example.com/runbook/doc-000137). The answer is: 10 minutes.,DOC-000137,1
TKT-0000404,VPN,Critical,Resolved,52,187,2025-10-15 17:32:46,2025-10-16 09:15:05,69,Cannot connect to VPN,VPN client times out when connecting since this morning.,Reinstalled the VPN client and reissued the user certificate; connection restored.,,1
TKT-0000405,General Query,Medium,Resolved,54,9,2025-05-19 13:55:29,2025-05-19 16:12:53,8,Question: Who is responsible for the API specification for Project Indigo accord,Who is responsible for the API specification for Project Indigo according to the steering sync on 7 March 2026?,Answered using 'Meeting Notes: Project Indigo - Steering Sync 7 March 2026' (https://sharepoint.northwind-analytics.example.com/meeting_notes/doc-000225). The answer is: Noah Schmidt.,DOC-000225,
TKT-0000406,HR Query,High,Resolved,65,42,2025-08-02 07:01:31,2025-08-02 07:59:46,33,Question: How many weeks of paid paternity leave are offered in United States?,How many weeks of paid paternity leave are offered in United States?,Answered using 'Parental Leave Policy - United States' (https://confluence.northwind-analytics.example.com/policy/doc-000018). The answer is: 8 weeks.,DOC-000018,4
TKT-0000407,General Query,Medium,Resolved,57,9,2025-04-11 12:56:34,2025-04-12 04:39:45,39,Question: How much additional budget was approved for Project Jade in the steeri,How much additional budget was approved for Project Jade in the steering sync on 13 October 2023?,"Answered using 'Meeting Notes: Project Jade - Steering Sync 13 October 2023' (https://google-drive.northwind-analytics.example.com/meeting_notes/doc-000291). The answer is: USD 50,000.",DOC-000291,2
TKT-0000408,Payroll,Medium,Resolved,2,178,2025-10-06 09:09:33,2025-10-07 04:40:37,22,Payslip not visible,Last month's payslip is not visible in the portal.,Payroll republished the payslip; user confirmed it is visible.,,1
TKT-0000409,General Query,Medium,Resolved,29,42,2026-06-24 19:07:57,2026-06-25 05:09:19,14,Question: What is the target launch date for Project Vertex?,What is the target launch date for Project Vertex?,Answered using 'Project Brief: Project Vertex' (https://google-drive.northwind-analytics.example.com/project_brief/doc-000181). The answer is: 16 September 2027.,DOC-000181,
TKT-0000410,General Query,Low,Resolved,54,154,2025-09-28 10:25:56,2025-09-28 21:10:03,18,Question: How many years are contracts retained in United States?,How many years are contracts retained in United States?,Answered using 'Data Retention Policy - United States' (https://sharepoint.northwind-analytics.example.com/policy/doc-000012). The answer is: 10 years.,DOC-000012,4
TKT-0000411,HR Query,Low,Resolved,108,107,2024-07-14 15:27:47,2024-07-14 22:32:55,15,Question: How many weeks of paid maternity leave are offered in India?,How many weeks of paid maternity leave are offered in India?,Answered using 'Parental Leave Policy - India' (https://confluence.northwind-analytics.example.com/policy/doc-000059). The answer is: 16 weeks.,DOC-000059,4
TKT-0000412,General Query,Medium,Resolved,155,109,2025-09-11 13:02:07,2025-09-11 16:28:11,24,Question: Who is the owner of Project Indigo?,Who is the owner of Project Indigo?,Answered using 'Project Brief: Project Indigo' (https://google-drive.northwind-analytics.example.com/project_brief/doc-000159). The answer is: James Hughes.,DOC-000159,4
TKT-0000413,Software,High,Resolved,190,42,2025-02-15 08:04:26,2025-02-15 16:42:17,9,Licence for design tool,Requesting a licence for a design tool for a campaign.,Licence allocated from the central pool.,,2
TKT-0000414,General Query,Low,Resolved,199,9,2024-11-12 12:21:45,2024-11-12 23:50:18,13,Question: How much additional budget was approved for Project Indigo in the stee,How much additional budget was approved for Project Indigo in the steering sync on 7 March 2026?,"Answered using 'Meeting Notes: Project Indigo - Steering Sync 7 March 2026' (https://sharepoint.northwind-analytics.example.com/meeting_notes/doc-000225). The answer is: USD 50,000.",DOC-000225,4
TKT-0000415,HR Query,Low,Resolved,181,52,2026-07-18 17:20:17,2026-07-18 22:34:20,11,Question: How many days per week can employees in Germany work remotely?,How many days per week can employees in Germany work remotely?,Answered using 'Remote and Hybrid Work Policy - Germany' (https://confluence.northwind-analytics.example.com/policy/doc-000005). The answer is: 2 days.,DOC-000005,4
TKT-0000416,Printer,Medium,Resolved,140,107,2026-04-17 14:58:17,2026-04-18 13:31:21,59,Printer offline,Floor printer shows offline for everyone on the team.,Print server restarted and queue cleared.,,
TKT-0000417,General Query,Low,Resolved,143,104,2026-09-09 19:55:03,2026-09-10 20:31:52,60,Question: Which Slack channel is used for incidents on ledger-service?,Which Slack channel is used for incidents on ledger-service?,Answered using 'Runbook: ledger-service - Queue backlog' (https://github-wiki.northwind-analytics.example.com/runbook/doc-000121). The answer is: #oncall-ledger-service.,DOC-000121,4
TKT-0000418,VPN,Low,Resolved,9,154,2023-08-21 08:12:26,2023-08-25 08:30:56,96,Cannot connect to VPN,VPN client times out when connecting since this morning.,Reinstalled the VPN client and reissued the user certificate; connection restored.,,
TKT-0000419,Payroll,Medium,Resolved,50,188,2025-08-28 20:29:02,2025-08-28 22:23:35,70,Payslip not visible,Last month's payslip is not visible in the portal.,Payroll republished the payslip; user confirmed it is visible.,,1
TKT-0000420,General Query,Medium,Resolved,48,178,2024-12-28 11:18:39,2024-12-29 04:10:45,26,Question: How long is email retained in Germany?,How long is email retained in Germany?,Answered using 'Data Retention Policy - Germany' (https://sharepoint.northwind-analytics.example.com/policy/doc-000057). The answer is: 1 years.,DOC-000057,
TKT-0000421,Laptop,Medium,Resolved,114,33,2025-08-30 12:10:32,2025-08-30 13:09:47,27,Laptop battery draining fast,Battery lasts under two hours after the latest update.,Battery replaced under warranty and device re-imaged.,,2
TKT-0000422,General Query,Medium,Resolved,74,188,2024-10-15 16:11:14,2024-10-15 21:44:57,95,Question: After how many minutes should the 'Queue backlog' alert for notificati,After how many minutes should the 'Queue backlog' alert for notification-hub be escalated?,Answered using 'Runbook: notification-hub - Queue backlog' (https://github-wiki.northwind-analytics.example.com/runbook/doc-000138). The answer is: 10 minutes.,DOC-000138,3
TKT-0000423,IT Query,Medium,Resolved,183,187,2023-04-05 07:05:28,2023-04-05 20:23:17,12,Question: How often are laptops refreshed in Singapore?,How often are laptops refreshed in Singapore?,Answered using 'IT Services FAQ - Singapore' (https://confluence.northwind-analytics.example.com/faq/doc-000050). The answer is: every 3 years.,DOC-000050,
TKT-0000424,Software,Low,Resolved,151,52,2026-02-19 11:05:44,2026-02-20 09:10:12,23,Licence for design tool,Requesting a licence for a design tool for a campaign.,Licence allocated from the central pool.,,
TKT-0000425,Printer,Medium,Resolved,145,42,2026-08-03 10:30:10,2026-08-05 01:04:08,37,Printer offline,Floor printer shows offline for everyone on the team.,Print server restarted and queue cleared.,,4
TKT-0000426,HR Query,Medium,Resolved,109,104,2025-02-13 11:40:29,2025-02-14 22:17:39,8,Question: How long is the probation period in Germany?,How long is the probation period in Germany?,Answered using 'New Joiner Onboarding Guide - Germany' (https://sharepoint.northwind-analytics.example.com/policy/doc-000088). The answer is: 6 months.,DOC-000088,
TKT-0000427,Finance Query,Critical,Resolved,123,9,2025-12-04 19:38:17,2025-12-04 22:46:54,57,Question: How many days in advance must travel be booked in Singapore?,How many days in advance must travel be booked in Singapore?,Answered using 'Business Travel Policy - Singapore' (https://sharepoint.northwind-analytics.example.com/policy/doc-000055). The answer is: 21 days.,DOC-000055,
TKT-0000428,Finance Query,Low,Resolved,120,104,2024-09-13 09:46:49,2024-09-13 11:03:23,165,Question: What new launch date was agreed for Project Rift in the steering sync ,What new launch date was agreed for Project Rift in the steering sync on 8 November 2024?,Answered using 'Meeting Notes: Project Rift - Steering Sync 8 November 2024' (https://google-drive.northwind-analytics.example.com/meeting_notes/doc-000194). The answer is: 17 April 2025.,DOC-000194,3
TKT-0000429,HR Query,Medium,Open,124,154,2026-02-21 08:40:09,,22,Question: What is the maximum number of PTO days that can be carried over in Ind,What is the maximum number of PTO days that can be carried over in India?,,DOC-000020,
TKT-0000430,General Query,Critical,Resolved,157,9,2026-06-12 13:42:25,2026-06-12 20:33:52,107,Question: What command is used to restart reporting-gateway?,What command is used to restart reporting-gateway?,Answered using 'Runbook: reporting-gateway - Queue backlog' (https://github-wiki.northwind-analytics.example.com/runbook/doc-000126). The answer is: kubectl rollout restart deployment/reporting-gateway.,DOC-000126,3
TKT-0000431,Finance Query,Medium,Resolved,107,52,2025-04-04 19:52:42,2025-04-07 09:20:49,71,Question: Above what value are competitive quotes required in United Kingdom?,Above what value are competitive quotes required in United Kingdom?,"Answered using 'Procurement Policy - United Kingdom' (https://sharepoint.northwind-analytics.example.com/policy/doc-000011). The answer is: GBP 10,000.",DOC-000011,
TKT-0000432,Software,Low,Resolved,117,9,2024-05-18 14:33:49,2024-05-19 07:20:44,29,Licence for design tool,Requesting a licence for a design tool for a campaign.,Licence allocated from the central pool.,,
TKT-0000433,General Query,High,Resolved,9,178,2025-11-20 10:17:32,2025-11-20 15:19:19,26,Question: Who is the executive sponsor of Project Atlas?,Who is the executive sponsor of Project Atlas?,Answered using 'Project Brief: Project Atlas' (https://google-drive.northwind-analytics.example.com/project_brief/doc-000177). The answer is: Zara Silva.,DOC-000177,4
TKT-0000434,General Query,Medium,Resolved,180,52,2024-11-27 13:20:28,2024-11-27 15:46:36,25,Question: How much additional budget was approved for Project Orion in the steer,How much additional budget was approved for Project Orion in the steering sync on 27 February 2026?,"Answered using 'Meeting Notes: Project Orion - Steering Sync 27 February 2026' (https://notion.northwind-analytics.example.com/meeting_notes/doc-000283). The answer is: USD 25,000.",DOC-000283,5
TKT-0000435,General Query,Medium,Resolved,91,9,2023-03-24 10:19:21,2023-03-26 13:18:15,309,Question: Which Slack channel is used for incidents on reporting-service?,Which Slack channel is used for incidents on reporting-service?,Answered using 'Runbook: reporting-service - Queue backlog' (https://github-wiki.northwind-analytics.example.com/runbook/doc-000113). The answer is: #oncall-reporting-service.,DOC-000113,4
TKT-0000436,Finance Query,Medium,Resolved,116,42,2024-05-09 07:39:58,2024-05-09 09:53:47,17,Question: What new launch date was agreed for Project Yonder in the steering syn,What new launch date was agreed for Project Yonder in the steering sync on 11 March 2024?,Answered using 'Meeting Notes: Project Yonder - Steering Sync 11 March 2024' (https://sharepoint.northwind-analytics.example.com/meeting_notes/doc-000197). The answer is: 15 November 2024.,DOC-000197,3
TKT-0000437,Payroll,High,Resolved,33,104,2026-02-16 10:30:48,2026-02-17 00:31:50,71,Payslip not visible,Last month's payslip is not visible in the portal.,Payroll republished the payslip; user confirmed it is visible.,,
TKT-0000438,IT Query,Low,Resolved,107,178,2024-03-03 10:08:31,2024-03-03 17:04:19,107,Question: Who is responsible for the vendor contract for Project Meridian accord,Who is responsible for the vendor contract for Project Meridian according to the steering sync on 30 June 2024?,Answered using 'Meeting Notes: Project Meridian - Steering Sync 30 June 2024' (https://sharepoint.northwind-analytics.example.com/meeting_notes/doc-000203). The answer is: William Sen.,DOC-000203,1
TKT-0000439,IT Query,Low,Resolved,58,109,2023-12-28 09:21:48,2023-12-28 18:40:46,44,Question: What new launch date was agreed for Project Quartz in the steering syn,What new launch date was agreed for Project Quartz in the steering sync on 7 April 2025?,Answered using 'Meeting Notes: Project Quartz - Steering Sync 7 April 2025' (https://notion.northwind-analytics.example.com/meeting_notes/doc-000263). The answer is: 31 August 2025.,DOC-000263,
TKT-0000440,General Query,Medium,Resolved,66,9,2024-02-23 18:28:00,2024-02-23 23:20:54,89,Question: What is the recommended maximum pull request size in United States?,What is the recommended maximum pull request size in United States?,Answered using 'Code Review and Quality Standard - United States' (https://confluence.northwind-analytics.example.com/policy/doc-000083). The answer is: 300 lines.,DOC-000083,
TKT-0000441,Email,Medium,Resolved,95,107,2026-07-23 19:05:08,2026-07-24 00:05:46,24,Mailbox is full,Mailbox is at quota and cannot send mail.,Archive enabled and quota raised by 10 GB.,,
TKT-0000442,VPN,High,Resolved,172,187,2025-01-31 19:59:43,2025-02-01 10:19:30,42,Cannot connect to VPN,VPN client times out when connecting since this morning.,Reinstalled the VPN client and reissued the user certificate; connection restored.,,2
TKT-0000443,General Query,Medium,Resolved,93,52,2024-09-11 18:53:44,2024-09-11 21:56:29,15,Question: Which Slack channel is used for incidents on analytics-engine?,Which Slack channel is used for incidents on analytics-engine?,Answered using 'Runbook: analytics-engine - Certificate expiring' (https://confluence.northwind-analytics.example.com/runbook/doc-000135). The answer is: #oncall-analytics-engine.,DOC-000135,2
TKT-0000444,HR Query,Medium,Resolved,39,187,2025-07-11 10:41:38,2025-07-11 16:51:45,34,Question: What is the maximum number of PTO days that can be carried over in Sin,What is the maximum number of PTO days that can be carried over in Singapore?,Answered using 'Paid Time Off Policy - Singapore' (https://sharepoint.northwind-analytics.example.com/policy/doc-000089). The answer is: 4 days.,DOC-000089,5
TKT-0000445,General Query,Medium,Resolved,123,187,2025-11-26 20:13:43,2025-11-26 21:49:07,64,Question: Who is responsible for the API specification for Project Orion accordi,Who is responsible for the API specification for Project Orion according to the steering sync on 27 February 2026?,Answered using 'Meeting Notes: Project Orion - Steering Sync 27 February 2026' (https://notion.northwind-analytics.example.com/meeting_notes/doc-000283). The answer is: James Clarke.,DOC-000283,4
TKT-0000446,VPN,Medium,In Progress,21,187,2023-03-03 09:21:00,,29,Cannot connect to VPN,VPN client times out when connecting since this morning.,,,
TKT-0000447,VPN,Low,Resolved,78,178,2026-03-27 17:34:27,2026-03-27 20:33:22,21,Cannot connect to VPN,VPN client times out when connecting since this morning.,Reinstalled the VPN client and reissued the user certificate; connection restored.,,
TKT-0000448,General Query,Medium,In Progress,99,33,2023-11-09 08:20:22,,18,Question: What new launch date was agreed for Project Jade in the steering sync ,What new launch date was agreed for Project Jade in the steering sync on 9 September 2023?,,DOC-000234,
TKT-0000449,General Query,Low,Resolved,160,52,2023-01-15 10:35:36,2023-01-15 12:55:51,9,Question: What new launch date was agreed for Project Dynamo in the steering syn,What new launch date was agreed for Project Dynamo in the steering sync on 10 April 2023?,Answered using 'Meeting Notes: Project Dynamo - Steering Sync 10 April 2023' (https://sharepoint.northwind-analytics.example.com/meeting_notes/doc-000210). The answer is: 19 December 2023.,DOC-000210,4
TKT-0000450,Software,Medium,Resolved,197,18,2023-02-02 17:09:47,2023-02-03 14:39:32,81,Licence for design tool,Requesting a licence for a design tool for a campaign.,Licence allocated from the central pool.,,1
TKT-0000451,HR Query,Medium,Resolved,122,42,2024-01-16 09:46:13,2024-01-16 13:34:07,8,Question: How many paid sick days do employees in United States receive?,How many paid sick days do employees in United States receive?,Answered using 'Paid Time Off Policy - United States' (https://confluence.northwind-analytics.example.com/policy/doc-000044). The answer is: 13 days.,DOC-000044,5
TKT-0000452,Software,Medium,Resolved,113,107,2023-02-16 18:28:13,2023-02-17 00:55:52,31,Licence for design tool,Requesting a licence for a design tool for a campaign.,Licence allocated from the central pool.,,
TKT-0000453,IT Query,Low,Resolved,73,18,2025-09-18 13:50:03,2025-09-19 18:41:26,55,Question: How often must passwords be changed in India?,How often must passwords be changed in India?,Answered using 'Information Security Standard - India' (https://sharepoint.northwind-analytics.example.com/policy/doc-000064). The answer is: every 90 days.,DOC-000064,
TKT-0000454,General Query,High,Resolved,4,52,2024-12-17 19:31:52,2024-12-17 23:56:16,109,Question: Who is the owner of Project Jade?,Who is the owner of Project Jade?,Answered using 'Project Brief: Project Jade' (https://sharepoint.northwind-analytics.example.com/project_brief/doc-000175). The answer is: Felix Becker.,DOC-000175,
TKT-0000455,MFA,Medium,Resolved,145,109,2026-01-29 07:47:49,2026-01-29 12:11:17,11,Lost phone - need MFA reset,Phone was lost and I cannot approve sign-in prompts.,Identity verified via manager; MFA reset and re-enrolled on new device.,,
TKT-0000456,General Query,Low,Resolved,197,109,2025-06-25 08:37:33,2025-06-26 23:14:40,38,Question: Which Slack channel is used for incidents on ledger-service?,Which Slack channel is used for incidents on ledger-service?,Answered using 'Runbook: ledger-service - High error rate' (https://confluence.northwind-analytics.example.com/runbook/doc-000147). The answer is: #oncall-ledger-service.,DOC-000147,4
TKT-0000457,General Query,Low,Resolved,134,9,2025-03-20 09:47:20,2025-03-20 12:44:16,45,Question: Who is responsible for the vendor contract for Project Tundra accordin,Who is responsible for the vendor contract for Project Tundra according to the steering sync on 1 December 2024?,Answered using 'Meeting Notes: Project Tundra - Steering Sync 1 December 2024' (https://notion.northwind-analytics.example.com/meeting_notes/doc-000221). The answer is: Ethan Fischer.,DOC-000221,4
TKT-0000458,Payroll,Low,Resolved,78,42,2025-01-03 11:33:25,2025-01-03 21:18:20,73,Payslip not visible,Last month's payslip is not visible in the portal.,Payroll republished the payslip; user confirmed it is visible.,,5
TKT-0000459,VPN,Low,Resolved,146,9,2024-03-05 12:55:19,2024-03-05 19:30:29,23,Cannot connect to VPN,VPN client times out when connecting since this morning.,Reinstalled the VPN client and reissued the user certificate; connection restored.,,2
TKT-0000460,General Query,Medium,Resolved,157,18,2026-09-07 18:56:05,2026-09-08 01:46:46,68,Question: What command is used to restart reporting-service?,What command is used to restart reporting-service?,Answered using 'Runbook: reporting-service - Disk usage high' (https://confluence.northwind-analytics.example.com/runbook/doc-000143). The answer is: kubectl rollout restart deployment/reporting-service.,DOC-000143,
TKT-0000461,General Query,Low,Resolved,148,107,2025-10-26 18:59:44,2025-10-26 20:28:30,35,Question: What is the approved budget for Project Dynamo?,What is the approved budget for Project Dynamo?,"Answered using 'Project Brief: Project Dynamo' (https://google-drive.northwind-analytics.example.com/project_brief/doc-000176). The answer is: USD 970,000.",DOC-000176,1
TKT-0000462,HR Query,Medium,Resolved,146,107,2026-09-16 13:00:06,2026-09-17 13:24:26,63,Question: How many weeks of paid maternity leave are offered in United States?,How many weeks of paid maternity leave are offered in United States?,Answered using 'Parental Leave Policy - United States' (https://confluence.northwind-analytics.example.com/policy/doc-000018). The answer is: 26 weeks.,DOC-000018,
TKT-0000463,Laptop,High,Resolved,3,18,2023-03-05 08:11:54,2023-03-05 12:49:55,34,Laptop battery draining fast,Battery lasts under two hours after the latest update.,Battery replaced under warranty and device re-imaged.,,
TKT-0000464,Payroll,Low,Resolved,24,178,2024-08-27 16:36:49,2024-08-28 02:03:28,23,Payslip not visible,Last month's payslip is not visible in the portal.,Payroll republished the payslip; user confirmed it is visible.,,1
TKT-0000465,Printer,Low,Resolved,197,178,2024-03-31 20:59:36,2024-04-01 03:06:16,35,Printer offline,Floor printer shows offline for everyone on the team.,Print server restarted and queue cleared.,,1
TKT-0000466,General Query,Medium,Resolved,149,188,2025-01-18 07:31:58,2025-01-18 14:22:14,18,Question: Who owns the reporting-gateway service?,Who owns the reporting-gateway service?,Answered using 'Service Overview: reporting-gateway' (https://github-wiki.northwind-analytics.example.com/service_wiki/doc-000093). The answer is: Pooja Gupta.,DOC-000093,
TKT-0000467,General Query,Low,In Progress,11,178,2024-06-27 07:42:03,,44,Question: Who is responsible for the API specification for Project Lantern accor,Who is responsible for the API specification for Project Lantern according to the steering sync on 10 July 2026?,,DOC-000289,
TKT-0000468,Software,High,Open,2,107,2025-03-29 08:04:44,,24,Licence for design tool,Requesting a licence for a design tool for a campaign.,,,
TKT-0000469,General Query,Medium,Resolved,24,33,2023-08-14 08:35:27,2023-08-15 00:57:17,36,Question: What command is used to restart ledger-sync?,What command is used to restart ledger-sync?,Answered using 'Runbook: ledger-sync - Elevated latency' (https://confluence.northwind-analytics.example.com/runbook/doc-000139). The answer is: kubectl rollout restart deployment/ledger-sync.,DOC-000139,4
TKT-0000470,HR Query,High,Resolved,93,178,2025-11-06 19:31:37,2025-11-07 07:55:22,20,Question: How many working hours per quarter can be spent on learning in Germany,How many working hours per quarter can be spent on learning in Germany?,Answered using 'Learning and Development Budget Policy - Germany' (https://sharepoint.northwind-analytics.example.com/policy/doc-000074). The answer is: 30 hours.,DOC-000074,
TKT-0000471,IT Query,Low,Resolved,135,188,2026-05-24 20:52:06,2026-05-25 17:37:56,23,Question: What is the IT helpdesk extension in United States?,What is the IT helpdesk extension in United States?,Answered using 'IT Services FAQ - United States' (https://confluence.northwind-analytics.example.com/faq/doc-000033). The answer is: 5965.,DOC-000033,3
TKT-0000472,Finance Query,High,Open,57,107,2023-01-13 15:07:25,,73,Question: What new launch date was agreed for Project Beacon in the steering syn,What new launch date was agreed for Project Beacon in the steering sync on 9 May 2026?,,DOC-000230,
TKT-0000473,IT Query,Low,Resolved,133,18,2024-06-09 07:51:49,2024-06-09 16:51:02,21,Question: Who is the owner of Project Quartz?,Who is the owner of Project Quartz?,Answered using 'Project Brief: Project Quartz' (https://google-drive.northwind-analytics.example.com/project_brief/doc-000165). The answer is: Sourav Ali.,DOC-000165,
TKT-0000474,General Query,Medium,Resolved,197,104,2025-10-24 07:26:52,2025-10-24 11:30:33,35,Question: What new launch date was agreed for Project Lantern in the steering sy,What new launch date was agreed for Project Lantern in the steering sync on 7 July 2026?,Answered using 'Meeting Notes: Project Lantern - Steering Sync 7 July 2026' (https://sharepoint.northwind-analytics.example.com/meeting_notes/doc-000200). The answer is: 24 March 2027.,DOC-000200,
TKT-0000475,IT Query,Medium,Resolved,119,187,2025-06-26 13:11:20,2025-06-28 15:15:11,18,Question: How much additional budget was approved for Project Nebula in the stee,How much additional budget was approved for Project Nebula in the steering sync on 13 November 2024?,"Answered using 'Meeting Notes: Project Nebula - Steering Sync 13 November 2024' (https://notion.northwind-analytics.example.com/meeting_notes/doc-000229). The answer is: USD 150,000.",DOC-000229,
TKT-0000476,Finance Query,Critical,Resolved,75,109,2023-10-12 15:40:25,2023-10-13 04:30:51,84,Question: Above what value are competitive quotes required in United Kingdom?,Above what value are competitive quotes required in United Kingdom?,"Answered using 'Procurement Policy - United Kingdom' (https://sharepoint.northwind-analytics.example.com/policy/doc-000011). The answer is: GBP 10,000.",DOC-000011,
TKT-0000477,General Query,Medium,Resolved,117,107,2023-06-23 08:48:24,2023-06-23 12:15:54,22,Question: Which Slack channel is used for incidents on auth-engine?,Which Slack channel is used for incidents on auth-engine?,Answered using 'Runbook: auth-engine - Elevated latency' (https://confluence.northwind-analytics.example.com/runbook/doc-000119). The answer is: #oncall-auth-engine.,DOC-000119,
TKT-0000478,Email,Low,Resolved,180,107,2025-09-16 17:02:07,2025-09-16 23:02:10,11,Mailbox is full,Mailbox is at quota and cannot send mail.,Archive enabled and quota raised by 10 GB.,,
TKT-0000479,General Query,Low,Resolved,35,42,2023-06-27 18:09:20,2023-06-27 21:59:17,6,Question: How much additional budget was approved for Project Tundra in the stee,How much additional budget was approved for Project Tundra in the steering sync on 1 December 2024?,"Answered using 'Meeting Notes: Project Tundra - Steering Sync 1 December 2024' (https://notion.northwind-analytics.example.com/meeting_notes/doc-000221). The answer is: USD 75,000.",DOC-000221,
TKT-0000480,General Query,Low,Resolved,81,178,2025-03-10 08:28:11,2025-03-10 10:36:39,14,Question: After how many minutes should the 'Certificate expiring' alert for ing,After how many minutes should the 'Certificate expiring' alert for ingestion-gateway be escalated?,Answered using 'Runbook: ingestion-gateway - Certificate expiring' (https://confluence.northwind-analytics.example.com/runbook/doc-000123). The answer is: 10 minutes.,DOC-000123,
TKT-0000481,Laptop,Low,Resolved,5,104,2026-06-08 20:39:14,2026-06-09 01:52:19,61,Laptop battery draining fast,Battery lasts under two hours after the latest update.,Battery replaced under warranty and device re-imaged.,,2
TKT-0000482,Printer,Medium,Resolved,59,188,2023-08-12 19:52:17,2023-08-15 04:11:29,139,Printer offline,Floor printer shows offline for everyone on the team.,Print server restarted and queue cleared.,,
TKT-0000483,General Query,Low,Resolved,129,178,2026-01-19 09:44:55,2026-01-19 11:45:27,10,Question: What new launch date was agreed for Project Glacier in the steering sy,What new launch date was agreed for Project Glacier in the steering sync on 27 July 2025?,Answered using 'Meeting Notes: Project Glacier - Steering Sync 27 July 2025' (https://sharepoint.northwind-analytics.example.com/meeting_notes/doc-000293). The answer is: 9 November 2025.,DOC-000293,
TKT-0000484,IT Query,Critical,Resolved,182,188,2025-11-24 08:32:06,2025-11-25 11:12:20,32,Question: How much additional budget was approved for Project Nebula in the stee,How much additional budget was approved for Project Nebula in the steering sync on 23 January 2025?,"Answered using 'Meeting Notes: Project Nebula - Steering Sync 23 January 2025' (https://google-drive.northwind-analytics.example.com/meeting_notes/doc-000231). The answer is: USD 100,000.",DOC-000231,
TKT-0000485,MFA,Low,In Progress,57,187,2024-11-11 12:32:30,,52,Lost phone - need MFA reset,Phone was lost and I cannot approve sign-in prompts.,,,
TKT-0000486,Access,Medium,Resolved,143,33,2024-02-05 18:48:31,2024-02-06 10:10:52,18,Request access to shared drive,Need read access to the Engineering shared drive for a new project.,Access granted after manager approval.,,
TKT-0000487,Access,Medium,Resolved,141,187,2026-02-14 19:11:35,2026-02-14 23:22:47,28,Request access to shared drive,Need read access to the Sales shared drive for a new project.,Access granted after manager approval.,,5
TKT-0000488,IT Query,Low,In Progress,126,107,2025-02-16 13:45:02,,38,Question: Who is responsible for the vendor contract for Project Quartz accordin,Who is responsible for the vendor contract for Project Quartz according to the steering sync on 2 March 2025?,,DOC-000278,
TKT-0000489,General Query,Low,Resolved,124,104,2024-03-01 08:43:53,2024-03-03 16:49:59,44,Question: After how many minutes should the 'Elevated latency' alert for auth-en,After how many minutes should the 'Elevated latency' alert for auth-engine be escalated?,Answered using 'Runbook: auth-engine - Elevated latency' (https://confluence.northwind-analytics.example.com/runbook/doc-000119). The answer is: 15 minutes.,DOC-000119,2
TKT-0000490,VPN,High,Resolved,175,9,2025-09-11 20:18:45,2025-09-12 12:02:34,18,Cannot connect to VPN,VPN client times out when connecting since this morning.,Reinstalled the VPN client and reissued the user certificate; connection restored.,,
TKT-0000491,Printer,Low,Resolved,99,52,2024-12-22 18:29:19,2024-12-22 23:22:20,3,Printer offline,Floor printer shows offline for everyone on the team.,Print server restarted and queue cleared.,,
TKT-0000492,General Query,Low,Resolved,156,109,2023-12-04 16:27:53,2023-12-05 02:16:14,14,Question: What command is used to restart shipping-service?,What command is used to restart shipping-service?,Answered using 'Runbook: shipping-service - High error rate' (https://confluence.northwind-analytics.example.com/runbook/doc-000127). The answer is: kubectl rollout restart deployment/shipping-service.,DOC-000127,2
TKT-0000493,IT Query,Low,Resolved,190,154,2024-12-29 20:35:45,2024-12-30 03:24:55,33,Question: Who is responsible for the cost forecast for Project Meridian accordin,Who is responsible for the cost forecast for Project Meridian according to the steering sync on 22 June 2024?,Answered using 'Meeting Notes: Project Meridian - Steering Sync 22 June 2024' (https://sharepoint.northwind-analytics.example.com/meeting_notes/doc-000265). The answer is: Grace Cohen.,DOC-000265,
TKT-0000494,Software,Low,Resolved,57,109,2025-06-14 10:32:08,2025-06-14 18:21:52,16,Licence for design tool,Requesting a licence for a design tool for a campaign.,Licence allocated from the central pool.,,
TKT-0000495,General Query,Medium,Resolved,84,52,2026-02-14 07:59:56,2026-02-14 14:54:08,33,Question: What is the target launch date for Project Vertex?,What is the target launch date for Project Vertex?,Answered using 'Project Brief: Project Vertex' (https://google-drive.northwind-analytics.example.com/project_brief/doc-000181). The answer is: 16 September 2027.,DOC-000181,1
TKT-0000496,HR Query,Low,In Progress,133,52,2023-01-14 14:01:14,,42,Question: How many weeks of paid paternity leave are offered in Germany?,How many weeks of paid paternity leave are offered in Germany?,,DOC-000002,
TKT-0000497,Software,High,Resolved,147,33,2023-09-04 20:11:50,2023-09-05 12:15:42,31,Licence for design tool,Requesting a licence for a design tool for a campaign.,Licence allocated from the central pool.,,
TKT-0000498,HR Query,Medium,Resolved,129,154,2024-06-19 19:28:08,2024-06-20 00:39:57,18,Question: How many weeks of paid paternity leave are offered in United Kingdom?,How many weeks of paid paternity leave are offered in United Kingdom?,Answered using 'Parental Leave Policy - United Kingdom' (https://sharepoint.northwind-analytics.example.com/policy/doc-000008). The answer is: 6 weeks.,DOC-000008,
TKT-0000499,Payroll,Critical,Resolved,153,33,2026-09-18 19:02:57,2026-09-18 23:56:04,14,Payslip not visible,Last month's payslip is not visible in the portal.,Payroll republished the payslip; user confirmed it is visible.,,
TKT-0000500,General Query,Low,Resolved,69,42,2024-11-27 15:51:46,2024-11-28 00:53:19,10,Question: Who is responsible for the security review for Project Lantern accordi,Who is responsible for the security review for Project Lantern according to the steering sync on 28 September 2026?,Answered using 'Meeting Notes: Project Lantern - Steering Sync 28 September 2026' (https://sharepoint.northwind-analytics.example.com/meeting_notes/doc-000243). The answer is: Tom Muller.,DOC-000243,5
TKT-0000501,General Query,Low,In Progress,182,18,2025-08-28 19:45:01,,24,Question: What new launch date was agreed for Project Lotus in the steering sync,What new launch date was agreed for Project Lotus in the steering sync on 1 May 2024?,,DOC-000292,
TKT-0000502,Printer,Medium,Resolved,91,104,2026-02-05 19:40:45,2026-02-05 19:59:50,18,Printer offline,Floor printer shows offline for everyone on the team.,Print server restarted and queue cleared.,,
TKT-0000503,General Query,Medium,Resolved,107,42,2025-03-17 12:36:31,2025-03-17 15:47:21,19,Question: How much additional budget was approved for Project Jade in the steeri,How much additional budget was approved for Project Jade in the steering sync on 17 February 2024?,"Answered using 'Meeting Notes: Project Jade - Steering Sync 17 February 2024' (https://sharepoint.northwind-analytics.example.com/meeting_notes/doc-000271). The answer is: USD 100,000.",DOC-000271,1
TKT-0000504,General Query,Low,Resolved,81,18,2025-09-21 11:38:04,2025-09-21 21:16:31,10,Question: Who is responsible for the API specification for Project Keystone acco,Who is responsible for the API specification for Project Keystone according to the steering sync on 15 June 2026?,Answered using 'Meeting Notes: Project Keystone - Steering Sync 15 June 2026' (https://notion.northwind-analytics.example.com/meeting_notes/doc-000300). The answer is: Omar Weber.,DOC-000300,1
TKT-0000505,Email,Low,Resolved,131,107,2023-08-24 12:55:01,2023-08-24 17:37:34,53,Mailbox is full,Mailbox is at quota and cannot send mail.,Archive enabled and quota raised by 10 GB.,,5
TKT-0000506,General Query,Medium,Resolved,42,18,2024-06-19 16:38:00,2024-06-20 01:12:34,33,Question: Which Slack channel is used for incidents on payments-api?,Which Slack channel is used for incidents on payments-api?,Answered using 'Runbook: payments-api - Disk usage high' (https://confluence.northwind-analytics.example.com/runbook/doc-000150). The answer is: #oncall-payments-api.,DOC-000150,
TKT-0000507,General Query,Medium,Resolved,129,42,2025-12-22 17:59:01,2025-12-22 22:42:44,25,Question: Which Slack channel is used for incidents on ingestion-sync?,Which Slack channel is used for incidents on ingestion-sync?,Answered using 'Runbook: ingestion-sync - Disk usage high' (https://github-wiki.northwind-analytics.example.com/runbook/doc-000140). The answer is: #oncall-ingestion-sync.,DOC-000140,4
TKT-0000508,General Query,High,Resolved,120,33,2025-06-04 11:14:43,2025-06-04 14:33:41,132,Question: How much additional budget was approved for Project Vertex in the stee,How much additional budget was approved for Project Vertex in the steering sync on 19 September 2026?,"Answered using 'Meeting Notes: Project Vertex - Steering Sync 19 September 2026' (https://sharepoint.northwind-analytics.example.com/meeting_notes/doc-000246). The answer is: USD 50,000.",DOC-000246,2
TKT-0000509,HR Query,Low,Resolved,200,187,2025-01-15 12:58:43,2025-01-15 20:04:37,14,Question: How many days per week can employees in Germany work remotely?,How many days per week can employees in Germany work remotely?,Answered using 'Remote and Hybrid Work Policy - Germany' (https://confluence.northwind-analytics.example.com/policy/doc-000005). The answer is: 2 days.,DOC-000005,5
TKT-0000510,MFA,Medium,Resolved,181,109,2024-02-26 17:51:11,2024-03-02 09:11:21,22,Lost phone - need MFA reset,Phone was lost and I cannot approve sign-in prompts.,Identity verified via manager; MFA reset and re-enrolled on new device.,,
TKT-0000511,General Query,High,Resolved,172,187,2026-02-01 13:48:04,2026-02-01 17:50:50,20,Question: How much additional budget was approved for Project Glacier in the ste,How much additional budget was approved for Project Glacier in the steering sync on 19 June 2025?,"Answered using 'Meeting Notes: Project Glacier - Steering Sync 19 June 2025' (https://notion.northwind-analytics.example.com/meeting_notes/doc-000215). The answer is: USD 25,000.",DOC-000215,
TKT-0000512,General Query,High,Resolved,51,107,2024-07-14 11:56:31,2024-07-14 14:14:22,52,Question: Who is responsible for the rollout checklist for Project Vertex accord,Who is responsible for the rollout checklist for Project Vertex according to the steering sync on 19 August 2026?,Answered using 'Meeting Notes: Project Vertex - Steering Sync 19 August 2026' (https://google-drive.northwind-analytics.example.com/meeting_notes/doc-000274). The answer is: James Mehta.,DOC-000274,1
TKT-0000513,General Query,Medium,Resolved,69,188,2024-11-16 15:28:41,2024-11-17 07:09:56,8,Question: Who is the executive sponsor of Project Harbor?,Who is the executive sponsor of Project Harbor?,Answered using 'Project Brief: Project Harbor' (https://google-drive.northwind-analytics.example.com/project_brief/doc-000157). The answer is: Nikhil Nair.,DOC-000157,
TKT-0000514,General Query,Medium,Resolved,63,52,2025-06-26 11:55:20,2025-06-27 07:30:37,8,Question: What new launch date was agreed for Project Lantern in the steering sy,What new launch date was agreed for Project Lantern in the steering sync on 28 September 2026?,Answered using 'Meeting Notes: Project Lantern - Steering Sync 28 September 2026' (https://notion.northwind-analytics.example.com/meeting_notes/doc-000208). The answer is: 11 April 2027.,DOC-000208,
TKT-0000515,Software,Medium,Resolved,71,187,2025-12-09 16:25:20,2025-12-11 17:24:36,54,Licence for design tool,Requesting a licence for a design tool for a campaign.,Licence allocated from the central pool.,,
TKT-0000516,Software,Low,Resolved,9,109,2025-12-11 07:23:14,2025-12-11 15:57:22,36,Licence for design tool,Requesting a licence for a design tool for a campaign.,Licence allocated from the central pool.,,
TKT-0000517,Finance Query,Low,Resolved,79,188,2025-12-10 07:44:58,2025-12-10 09:08:34,3,Question: Above what amount are receipts required in United States?,Above what amount are receipts required in United States?,Answered using 'Expense Reimbursement Policy - United States' (https://sharepoint.northwind-analytics.example.com/policy/doc-000038). The answer is: USD 15.,DOC-000038,
TKT-0000518,Printer,Medium,Resolved,8,104,2023-07-31 07:51:47,2023-08-01 07:52:21,26,Printer offline,Floor printer shows offline for everyone on the team.,Print server restarted and queue cleared.,,5
TKT-0000519,Printer,Low,Resolved,123,52,2026-08-19 13:17:44,2026-08-20 03:18:00,83,Printer offline,Floor printer shows offline for everyone on the team.,Print server restarted and queue cleared.,,4
TKT-0000520,General Query,Medium,Resolved,160,33,2023-04-20 18:48:36,2023-04-20 19:52:40,20,Question: What command is used to restart reporting-service?,What command is used to restart reporting-service?,Answered using 'Runbook: reporting-service - Queue backlog' (https://github-wiki.northwind-analytics.example.com/runbook/doc-000113). The answer is: kubectl rollout restart deployment/reporting-service.,DOC-000113,
TKT-0000521,General Query,Low,Open,69,178,2025-08-03 14:36:40,,5,Question: Which Slack channel is used for incidents on search-sync?,Which Slack channel is used for incidents on search-sync?,,DOC-000156,
TKT-0000522,Access,Medium,Resolved,97,52,2025-08-26 15:37:13,2025-08-27 09:32:49,13,Request access to shared drive,Need read access to the Data & Analytics shared drive for a new project.,Access granted after manager approval.,,
TKT-0000523,General Query,Low,Resolved,142,109,2024-11-15 13:48:30,2024-11-17 23:33:38,71,Question: Which programming language is payments-api written in?,Which programming language is payments-api written in?,Answered using 'Service Overview: payments-api' (https://confluence.northwind-analytics.example.com/service_wiki/doc-000103). The answer is: Node.js.,DOC-000103,4
TKT-0000524,Laptop,Medium,Resolved,153,18,2023-09-18 10:31:29,2023-09-18 13:19:04,16,Laptop battery draining fast,Battery lasts under two hours after the latest update.,Battery replaced under warranty and device re-imaged.,,
TKT-0000525,Payroll,Low,Resolved,3,104,2025-10-31 19:00:31,2025-11-01 09:00:30,9,Payslip not visible,Last month's payslip is not visible in the portal.,Payroll republished the payslip; user confirmed it is visible.,,3
TKT-0000526,General Query,Low,Resolved,119,154,2024-02-24 19:34:43,2024-02-25 08:05:05,33,Question: After how many minutes should the 'Queue backlog' alert for search-syn,After how many minutes should the 'Queue backlog' alert for search-sync be escalated?,Answered using 'Runbook: search-sync - Queue backlog' (https://confluence.northwind-analytics.example.com/runbook/doc-000122). The answer is: 5 minutes.,DOC-000122,5
TKT-0000527,Software,Low,Resolved,86,187,2024-08-06 18:43:00,2024-08-07 06:36:09,18,Licence for design tool,Requesting a licence for a design tool for a campaign.,Licence allocated from the central pool.,,
TKT-0000528,Email,High,Resolved,177,107,2024-06-08 10:47:05,2024-06-08 15:43:17,36,Mailbox is full,Mailbox is at quota and cannot send mail.,Archive enabled and quota raised by 10 GB.,,
TKT-0000529,Payroll,Low,Resolved,198,178,2024-03-17 07:12:11,2024-03-17 18:29:54,63,Payslip not visible,Last month's payslip is not visible in the portal.,Payroll republished the payslip; user confirmed it is visible.,,4
TKT-0000530,General Query,Critical,Resolved,42,42,2026-08-22 07:57:08,2026-08-22 20:35:11,50,Question: After how many minutes should the 'Disk usage high' alert for ledger-s,After how many minutes should the 'Disk usage high' alert for ledger-service be escalated?,Answered using 'Runbook: ledger-service - Disk usage high' (https://confluence.northwind-analytics.example.com/runbook/doc-000134). The answer is: 5 minutes.,DOC-000134,1
TKT-0000531,HR Query,Medium,Resolved,104,104,2024-06-26 07:15:01,2024-06-26 13:15:10,18,Question: On which day of the month are payslips released in United States?,On which day of the month are payslips released in United States?,Answered using 'HR Services FAQ - United States' (https://confluence.northwind-analytics.example.com/faq/doc-000040). The answer is: day 30.,DOC-000040,1
TKT-0000532,General Query,High,Resolved,168,178,2025-01-01 10:05:35,2025-01-02 13:00:25,66,Question: What is the recommended maximum pull request size in Singapore?,What is the recommended maximum pull request size in Singapore?,Answered using 'Code Review and Quality Standard - Singapore' (https://confluence.northwind-analytics.example.com/policy/doc-000053). The answer is: 500 lines.,DOC-000053,
TKT-0000533,Software,High,Resolved,185,9,2026-03-06 10:58:03,2026-03-07 10:24:48,13,Licence for design tool,Requesting a licence for a design tool for a campaign.,Licence allocated from the central pool.,,5
TKT-0000534,IT Query,High,Resolved,54,178,2025-12-12 18:09:17,2025-12-13 12:48:55,33,Question: Within how many minutes must a Severity 2 incident be acknowledged in ,Within how many minutes must a Severity 2 incident be acknowledged in United Kingdom?,Answered using 'Incident Response Procedure - United Kingdom' (https://confluence.northwind-analytics.example.com/policy/doc-000068). The answer is: 60 minutes.,DOC-000068,
TKT-0000535,Finance Query,High,Resolved,50,154,2023-10-10 13:59:17,2023-10-12 00:29:17,21,Question: What new launch date was agreed for Project Yonder in the steering syn,What new launch date was agreed for Project Yonder in the steering sync on 11 March 2024?,Answered using 'Meeting Notes: Project Yonder - Steering Sync 11 March 2024' (https://sharepoint.northwind-analytics.example.com/meeting_notes/doc-000197). The answer is: 15 November 2024.,DOC-000197,5
TKT-0000536,General Query,Low,Open,141,187,2023-06-12 12:57:21,,30,Question: Who is responsible for the rollout checklist for Project Vertex accord,Who is responsible for the rollout checklist for Project Vertex according to the steering sync on 25 September 2026?,,DOC-000190,
TKT-0000537,General Query,Medium,Resolved,180,104,2023-01-31 20:45:48,2023-02-01 00:23:06,15,Question: What new launch date was agreed for Project Indigo in the steering syn,What new launch date was agreed for Project Indigo in the steering sync on 28 January 2026?,Answered using 'Meeting Notes: Project Indigo - Steering Sync 28 January 2026' (https://notion.northwind-analytics.example.com/meeting_notes/doc-000188). The answer is: 3 June 2026.,DOC-000188,4
TKT-0000538,Software,Low,Resolved,11,42,2024-11-11 07:28:59,2024-11-12 18:54:10,18,Licence for design tool,Requesting a licence for a design tool for a campaign.,Licence allocated from the central pool.,,
TKT-0000539,Printer,High,Resolved,135,188,2023-10-02 17:09:28,2023-10-02 23:59:42,14,Printer offline,Floor printer shows offline for everyone on the team.,Print server restarted and queue cleared.,,4
TKT-0000540,Printer,Medium,Resolved,189,18,2023-09-16 10:32:28,2023-09-16 13:58:05,35,Printer offline,Floor printer shows offline for everyone on the team.,Print server restarted and queue cleared.,,4
TKT-0000541,Laptop,Medium,Resolved,86,104,2026-05-13 11:35:53,2026-05-13 14:25:15,6,Laptop battery draining fast,Battery lasts under two hours after the latest update.,Battery replaced under warranty and device re-imaged.,,5
TKT-0000542,IT Query,Medium,Resolved,176,109,2023-08-29 09:21:23,2023-08-29 19:22:31,67,Question: Who is responsible for the load test report for Project Nebula accordi,Who is responsible for the load test report for Project Nebula according to the steering sync on 24 May 2025?,Answered using 'Meeting Notes: Project Nebula - Steering Sync 24 May 2025' (https://sharepoint.northwind-analytics.example.com/meeting_notes/doc-000252). The answer is: Pooja Muller.,DOC-000252,3
TKT-0000543,General Query,Medium,Resolved,41,33,2025-10-02 09:43:30,2025-10-02 16:08:54,19,Question: What new launch date was agreed for Project Dynamo in the steering syn,What new launch date was agreed for Project Dynamo in the steering sync on 10 April 2023?,Answered using 'Meeting Notes: Project Dynamo - Steering Sync 10 April 2023' (https://sharepoint.northwind-analytics.example.com/meeting_notes/doc-000210). The answer is: 19 December 2023.,DOC-000210,
TKT-0000544,Finance Query,High,Resolved,171,9,2023-04-25 12:18:23,2023-04-25 17:50:03,23,Question: Who is responsible for the security review for Project Rift according ,Who is responsible for the security review for Project Rift according to the steering sync on 8 November 2024?,Answered using 'Meeting Notes: Project Rift - Steering Sync 8 November 2024' (https://google-drive.northwind-analytics.example.com/meeting_notes/doc-000194). The answer is: Nikhil Evans.,DOC-000194,
TKT-0000545,General Query,High,Resolved,56,42,2025-02-02 19:59:42,2025-02-02 23:04:59,56,Question: How long is email retained in United Kingdom?,How long is email retained in United Kingdom?,Answered using 'Data Retention Policy - United Kingdom' (https://confluence.northwind-analytics.example.com/policy/doc-000037). The answer is: 1 years.,DOC-000037,1
TKT-0000546,IT Query,Medium,Resolved,198,178,2023-07-07 07:32:26,2023-07-07 10:33:31,27,Question: How much additional budget was approved for Project Quartz in the stee,How much additional budget was approved for Project Quartz in the steering sync on 7 April 2025?,"Answered using 'Meeting Notes: Project Quartz - Steering Sync 7 April 2025' (https://notion.northwind-analytics.example.com/meeting_notes/doc-000263). The answer is: USD 50,000.",DOC-000263,5
TKT-0000547,Payroll,Medium,Resolved,12,178,2024-05-11 20:04:42,2024-05-12 07:05:54,12,Payslip not visible,Last month's payslip is not visible in the portal.,Payroll republished the payslip; user confirmed it is visible.,,
TKT-0000548,General Query,Low,Resolved,160,18,2023-07-10 08:23:53,2023-07-10 15:08:58,34,Question: What command is used to restart reporting-service?,What command is used to restart reporting-service?,Answered using 'Runbook: reporting-service - Disk usage high' (https://confluence.northwind-analytics.example.com/runbook/doc-000143). The answer is: kubectl rollout restart deployment/reporting-service.,DOC-000143,
TKT-0000549,Laptop,Medium,Resolved,49,9,2026-09-25 17:56:15,2026-09-26 03:45:07,41,Laptop battery draining fast,Battery lasts under two hours after the latest update.,Battery replaced under warranty and device re-imaged.,,5
TKT-0000550,Access,Medium,Resolved,140,18,2025-04-24 19:28:27,2025-04-24 23:38:37,32,Request access to shared drive,Need read access to the Operations shared drive for a new project.,Access granted after manager approval.,,
TKT-0000551,Email,Low,Resolved,49,52,2024-01-17 18:49:25,2024-01-18 01:16:36,9,Mailbox is full,Mailbox is at quota and cannot send mail.,Archive enabled and quota raised by 10 GB.,,
TKT-0000552,Finance Query,Medium,Resolved,183,33,2025-10-10 16:52:27,2025-10-10 22:52:25,24,Question: Above what contract value is legal review needed in United States?,Above what contract value is legal review needed in United States?,"Answered using 'Procurement Policy - United States' (https://sharepoint.northwind-analytics.example.com/policy/doc-000062). The answer is: USD 50,000.",DOC-000062,5
TKT-0000553,Software,Critical,In Progress,153,33,2024-09-29 13:33:28,,41,Licence for design tool,Requesting a licence for a design tool for a campaign.,,,
TKT-0000554,General Query,Medium,Resolved,65,18,2024-10-31 12:51:27,2024-10-31 17:48:54,33,Question: What is the p95 latency target for ledger-sync?,What is the p95 latency target for ledger-sync?,Answered using 'Service Overview: ledger-sync' (https://confluence.northwind-analytics.example.com/service_wiki/doc-000100). The answer is: 80 ms.,DOC-000100,
TKT-0000555,HR Query,High,Resolved,151,107,2024-07-03 19:37:24,2024-07-04 00:10:06,49,Question: What is the annual learning budget per employee in Singapore?,What is the annual learning budget per employee in Singapore?,"Answered using 'Learning and Development Budget Policy - Singapore' (https://confluence.northwind-analytics.example.com/policy/doc-000081). The answer is: SGD 1,500.",DOC-000081,1
TKT-0000556,General Query,Medium,Open,174,187,2026-08-15 09:17:24,,17,Question: Which Slack channel is used for incidents on ledger-sync?,Which Slack channel is used for incidents on ledger-sync?,,DOC-000139,
TKT-0000557,Payroll,Low,Resolved,54,154,2025-04-27 14:58:19,2025-04-29 05:42:53,13,Payslip not visible,Last month's payslip is not visible in the portal.,Payroll republished the payslip; user confirmed it is visible.,,
TKT-0000558,MFA,Medium,Resolved,180,109,2026-09-18 13:41:52,2026-09-19 20:55:46,6,Lost phone - need MFA reset,Phone was lost and I cannot approve sign-in prompts.,Identity verified via manager; MFA reset and re-enrolled on new device.,,5
TKT-0000559,General Query,Medium,Resolved,171,188,2025-09-07 17:27:16,2025-09-07 19:31:38,30,Question: Which Slack channel is used for incidents on auth-api?,Which Slack channel is used for incidents on auth-api?,Answered using 'Runbook: auth-api - Disk usage high' (https://github-wiki.northwind-analytics.example.com/runbook/doc-000120). The answer is: #oncall-auth-api.,DOC-000120,3
TKT-0000560,VPN,High,In Progress,96,33,2023-04-14 10:20:05,,21,Cannot connect to VPN,VPN client times out when connecting since this morning.,,,
TKT-0000561,IT Query,High,Resolved,62,42,2024-10-10 20:35:20,2024-10-11 01:26:24,12,Question: Who is responsible for the vendor contract for Project Quartz accordin,Who is responsible for the vendor contract for Project Quartz according to the steering sync on 2 March 2025?,Answered using 'Meeting Notes: Project Quartz - Steering Sync 2 March 2025' (https://notion.northwind-analytics.example.com/meeting_notes/doc-000278). The answer is: Sophie Ghosh.,DOC-000278,
TKT-0000562,VPN,Low,Resolved,191,9,2024-07-25 09:13:13,2024-07-26 15:47:33,8,Cannot connect to VPN,VPN client times out when connecting since this morning.,Reinstalled the VPN client and reissued the user certificate; connection restored.,,
TKT-0000563,VPN,Low,Resolved,91,109,2026-09-02 19:53:58,2026-09-02 20:53:30,9,Cannot connect to VPN,VPN client times out when connecting since this morning.,Reinstalled the VPN client and reissued the user certificate; connection restored.,,3
TKT-0000564,General Query,Low,Resolved,76,42,2024-10-10 15:52:12,2024-10-12 05:10:56,34,Question: What new launch date was agreed for Project Harbor in the steering syn,What new launch date was agreed for Project Harbor in the steering sync on 18 September 2026?,Answered using 'Meeting Notes: Project Harbor - Steering Sync 18 September 2026' (https://notion.northwind-analytics.example.com/meeting_notes/doc-000241). The answer is: 23 November 2027.,DOC-000241,4
TKT-0000565,IT Query,Medium,Resolved,120,18,2024-08-01 14:15:53,2024-08-01 17:46:02,13,Question: What is the target launch date for Project Xenon?,What is the target launch date for Project Xenon?,Answered using 'Project Brief: Project Xenon' (https://sharepoint.northwind-analytics.example.com/project_brief/doc-000166). The answer is: 9 January 2024.,DOC-000166,1
TKT-0000566,General Query,Low,Resolved,12,33,2024-03-29 10:25:05,2024-03-29 16:27:26,4,Question: How much additional budget was approved for Project Indigo in the stee,How much additional budget was approved for Project Indigo in the steering sync on 28 January 2026?,"Answered using 'Meeting Notes: Project Indigo - Steering Sync 28 January 2026' (https://notion.northwind-analytics.example.com/meeting_notes/doc-000188). The answer is: USD 150,000.",DOC-000188,
TKT-0000567,HR Query,High,Resolved,180,42,2025-04-09 17:57:30,2025-04-10 07:05:33,109,Question: What are the core working hours in Germany?,What are the core working hours in Germany?,Answered using 'Remote and Hybrid Work Policy - Germany' (https://confluence.northwind-analytics.example.com/policy/doc-000005). The answer is: 11:00 to 15:00.,DOC-000005,5
TKT-0000568,Software,High,Resolved,1,104,2025-08-04 08:49:04,2025-08-04 19:09:38,83,Licence for design tool,Requesting a licence for a design tool for a campaign.,Licence allocated from the central pool.,,
TKT-0000569,Laptop,High,Resolved,155,42,2024-04-18 07:40:55,2024-04-18 12:40:16,24,Laptop battery draining fast,Battery lasts under two hours after the latest update.,Battery replaced under warranty and device re-imaged.,,5
TKT-0000570,General Query,Medium,Resolved,156,52,2024-01-21 09:55:06,2024-01-21 22:33:50,85,Question: Who is the executive sponsor of Project Harbor?,Who is the executive sponsor of Project Harbor?,Answered using 'Project Brief: Project Harbor' (https://google-drive.northwind-analytics.example.com/project_brief/doc-000157). The answer is: Nikhil Nair.,DOC-000157,
TKT-0000571,Laptop,Low,Resolved,197,18,2026-03-20 07:09:46,2026-03-20 12:19:54,17,Laptop battery draining fast,Battery lasts under two hours after the latest update.,Battery replaced under warranty and device re-imaged.,,
TKT-0000572,General Query,Medium,Resolved,193,42,2024-04-04 13:12:48,2024-04-04 17:21:44,16,Question: What is the target launch date for Project Dynamo?,What is the target launch date for Project Dynamo?,Answered using 'Project Brief: Project Dynamo' (https://google-drive.northwind-analytics.example.com/project_brief/doc-000176). The answer is: 28 October 2023.,DOC-000176,2
TKT-0000573,General Query,Medium,Resolved,173,33,2023-07-16 19:29:00,2023-07-19 21:28:12,55,Question: Which Slack channel is used for incidents on auth-engine?,Which Slack channel is used for incidents on auth-engine?,Answered using 'Runbook: auth-engine - Certificate expiring' (https://github-wiki.northwind-analytics.example.com/runbook/doc-000116). The answer is: #oncall-auth-engine.,DOC-000116,
TKT-0000574,General Query,Medium,Resolved,59,42,2026-07-09 20:36:47,2026-07-10 03:54:55,37,Question: What new launch date was agreed for Project Tundra in the steering syn,What new launch date was agreed for Project Tundra in the steering sync on 22 June 2024?,Answered using 'Meeting Notes: Project Tundra - Steering Sync 22 June 2024' (https://google-drive.northwind-analytics.example.com/meeting_notes/doc-000216). The answer is: 16 January 2025.,DOC-000216,3
TKT-0000575,General Query,High,Resolved,132,188,2024-04-29 18:49:36,2024-04-29 20:01:53,51,Question: How much additional budget was approved for Project Keystone in the st,How much additional budget was approved for Project Keystone in the steering sync on 26 August 2026?,"Answered using 'Meeting Notes: Project Keystone - Steering Sync 26 August 2026' (https://notion.northwind-analytics.example.com/meeting_notes/doc-000199). The answer is: USD 50,000.",DOC-000199,
TKT-0000576,General Query,Medium,Resolved,147,42,2024-05-21 18:41:04,2024-05-22 02:28:49,44,Question: What new launch date was agreed for Project Cascade in the steering sy,What new launch date was agreed for Project Cascade in the steering sync on 19 July 2026?,Answered using 'Meeting Notes: Project Cascade - Steering Sync 19 July 2026' (https://google-drive.northwind-analytics.example.com/meeting_notes/doc-000277). The answer is: 14 December 2026.,DOC-000277,5
TKT-0000577,General Query,Low,Resolved,91,188,2026-07-13 11:59:55,2026-07-13 17:58:11,28,Question: How much additional budget was approved for Project Dynamo in the stee,How much additional budget was approved for Project Dynamo in the steering sync on 10 April 2023?,"Answered using 'Meeting Notes: Project Dynamo - Steering Sync 10 April 2023' (https://sharepoint.northwind-analytics.example.com/meeting_notes/doc-000210). The answer is: USD 75,000.",DOC-000210,4
TKT-0000578,Printer,Low,Resolved,2,178,2024-06-18 13:11:55,2024-06-19 01:38:40,39,Printer offline,Floor printer shows offline for everyone on the team.,Print server restarted and queue cleared.,,4
TKT-0000579,General Query,High,Resolved,169,187,2025-02-23 19:47:52,2025-02-23 23:26:21,34,Question: Which Slack channel is used for incidents on ledger-service?,Which Slack channel is used for incidents on ledger-service?,Answered using 'Runbook: ledger-service - Disk usage high' (https://confluence.northwind-analytics.example.com/runbook/doc-000134). The answer is: #oncall-ledger-service.,DOC-000134,5
TKT-0000580,HR Query,Medium,Resolved,1,154,2023-05-18 17:29:03,2023-05-18 18:32:56,29,Question: Who is responsible for the API specification for Project Umbra accordi,Who is responsible for the API specification for Project Umbra according to the steering sync on 22 January 2024?,Answered using 'Meeting Notes: Project Umbra - Steering Sync 22 January 2024' (https://sharepoint.northwind-analytics.example.com/meeting_notes/doc-000198). The answer is: Omar Reddy.,DOC-000198,4
TKT-0000581,HR Query,Low,Resolved,179,178,2025-08-08 09:44:24,2025-08-08 18:31:41,8,Question: Who is responsible for the cost forecast for Project Eclipse according,Who is responsible for the cost forecast for Project Eclipse according to the steering sync on 4 September 2026?,Answered using 'Meeting Notes: Project Eclipse - Steering Sync 4 September 2026' (https://notion.northwind-analytics.example.com/meeting_notes/doc-000240). The answer is: Debjani Nguyen.,DOC-000240,4
TKT-0000582,Laptop,Critical,Resolved,160,104,2025-03-10 18:51:36,2025-03-11 10:02:02,23,Laptop battery draining fast,Battery lasts under two hours after the latest update.,Battery replaced under warranty and device re-imaged.,,
TKT-0000583,IT Query,Low,Resolved,153,188,2026-09-19 14:51:18,2026-09-21 16:08:58,19,Question: What is the IT helpdesk extension in United States?,What is the IT helpdesk extension in United States?,Answered using 'IT Services FAQ - United States' (https://confluence.northwind-analytics.example.com/faq/doc-000033). The answer is: 5965.,DOC-000033,
TKT-0000584,General Query,Medium,Resolved,192,154,2025-05-02 17:30:12,2025-05-02 23:37:41,70,Question: Who is responsible for the data migration plan for Project Ember accor,Who is responsible for the data migration plan for Project Ember according to the steering sync on 10 June 2026?,Answered using 'Meeting Notes: Project Ember - Steering Sync 10 June 2026' (https://google-drive.northwind-analytics.example.com/meeting_notes/doc-000276). The answer is: Aarav Weber.,DOC-000276,4
TKT-0000585,General Query,Low,Resolved,97,178,2026-06-29 17:43:21,2026-06-30 05:27:07,14,Question: How much additional budget was approved for Project Summit in the stee,How much additional budget was approved for Project Summit in the steering sync on 13 June 2023?,"Answered using 'Meeting Notes: Project Summit - Steering Sync 13 June 2023' (https://google-drive.northwind-analytics.example.com/meeting_notes/doc-000262). The answer is: USD 25,000.",DOC-000262,
TKT-0000586,General Query,Low,Resolved,67,107,2026-08-04 16:07:09,2026-08-04 21:29:08,40,Question: After how many minutes should the 'Queue backlog' alert for inventory-,After how many minutes should the 'Queue backlog' alert for inventory-engine be escalated?,Answered using 'Runbook: inventory-engine - Queue backlog' (https://github-wiki.northwind-analytics.example.com/runbook/doc-000118). The answer is: 15 minutes.,DOC-000118,1
TKT-0000587,Printer,Low,Resolved,149,109,2026-02-14 10:02:20,2026-02-14 23:26:53,7,Printer offline,Floor printer shows offline for everyone on the team.,Print server restarted and queue cleared.,,5
TKT-0000588,General Query,Medium,Resolved,180,52,2026-01-29 14:16:30,2026-01-29 22:20:24,15,Question: Which Slack channel is used for incidents on search-sync?,Which Slack channel is used for incidents on search-sync?,Answered using 'Runbook: search-sync - Queue backlog' (https://confluence.northwind-analytics.example.com/runbook/doc-000122). The answer is: #oncall-search-sync.,DOC-000122,
TKT-0000589,Software,Medium,Resolved,33,33,2026-03-31 10:05:28,2026-03-31 23:22:54,10,Licence for design tool,Requesting a licence for a design tool for a campaign.,Licence allocated from the central pool.,,
TKT-0000590,General Query,Low,Resolved,97,187,2026-08-20 07:20:20,2026-08-20 15:12:21,14,Question: What is the target launch date for Project Jade?,What is the target launch date for Project Jade?,Answered using 'Project Brief: Project Jade' (https://sharepoint.northwind-analytics.example.com/project_brief/doc-000175). The answer is: 22 April 2024.,DOC-000175,4
TKT-0000591,Printer,Low,Resolved,54,104,2024-05-22 15:59:44,2024-05-22 23:55:27,42,Printer offline,Floor printer shows offline for everyone on the team.,Print server restarted and queue cleared.,,
TKT-0000592,Email,Low,Resolved,50,107,2026-04-26 18:54:23,2026-04-27 01:55:37,35,Mailbox is full,Mailbox is at quota and cannot send mail.,Archive enabled and quota raised by 10 GB.,,1
TKT-0000593,Email,High,Resolved,120,9,2025-12-02 15:20:20,2025-12-02 16:45:32,27,Mailbox is full,Mailbox is at quota and cannot send mail.,Archive enabled and quota raised by 10 GB.,,5
TKT-0000594,General Query,Low,Resolved,51,104,2024-07-24 20:37:09,2024-07-24 22:33:18,37,Question: What new launch date was agreed for Project Jade in the steering sync ,What new launch date was agreed for Project Jade in the steering sync on 9 September 2023?,Answered using 'Meeting Notes: Project Jade - Steering Sync 9 September 2023' (https://sharepoint.northwind-analytics.example.com/meeting_notes/doc-000234). The answer is: 24 June 2024.,DOC-000234,4
TKT-0000595,General Query,Medium,Resolved,55,154,2024-09-20 19:32:56,2024-09-21 05:52:56,20,Question: Which Slack channel is used for incidents on inventory-engine?,Which Slack channel is used for incidents on inventory-engine?,Answered using 'Runbook: inventory-engine - Queue backlog' (https://github-wiki.northwind-analytics.example.com/runbook/doc-000118). The answer is: #oncall-inventory-engine.,DOC-000118,
TKT-0000596,General Query,High,Resolved,108,52,2023-11-27 13:11:19,2023-11-28 08:01:09,22,Question: Who owns the ingestion-sync service?,Who owns the ingestion-sync service?,Answered using 'Service Overview: ingestion-sync' (https://confluence.northwind-analytics.example.com/service_wiki/doc-000105). The answer is: Jonas Nguyen.,DOC-000105,2
TKT-0000597,Software,Medium,Resolved,186,33,2023-10-23 17:15:36,2023-10-23 21:08:01,16,Licence for design tool,Requesting a licence for a design tool for a campaign.,Licence allocated from the central pool.,,
TKT-0000598,Laptop,Low,Resolved,167,104,2024-06-14 14:43:03,2024-06-15 02:38:19,48,Laptop battery draining fast,Battery lasts under two hours after the latest update.,Battery replaced under warranty and device re-imaged.,,4
TKT-0000599,IT Query,Medium,Resolved,88,33,2023-06-02 11:40:48,2023-06-04 02:13:56,23,Question: What is the approved budget for Project Meridian?,What is the approved budget for Project Meridian?,"Answered using 'Project Brief: Project Meridian' (https://sharepoint.northwind-analytics.example.com/project_brief/doc-000171). The answer is: USD 4,775,000.",DOC-000171,5
TKT-0000600,General Query,Low,Resolved,88,107,2024-06-02 17:53:05,2024-06-03 17:26:06,17,Question: What command is used to restart inventory-engine?,What command is used to restart inventory-engine?,Answered using 'Runbook: inventory-engine - High error rate' (https://github-wiki.northwind-analytics.example.com/runbook/doc-000133). The answer is: kubectl rollout restart deployment/inventory-engine.,DOC-000133,5
TKT-0000601,IT Query,Low,Resolved,89,178,2023-05-18 12:57:27,2023-05-23 23:45:04,28,Question: After how many failed sign-in attempts is an account locked in Germany,After how many failed sign-in attempts is an account locked in Germany?,Answered using 'Information Security Standard - Germany' (https://confluence.northwind-analytics.example.com/policy/doc-000065). The answer is: 10 attempts.,DOC-000065,4
TKT-0000602,Email,Low,Resolved,47,188,2024-09-14 16:11:10,2024-09-14 17:37:46,40,Mailbox is full,Mailbox is at quota and cannot send mail.,Archive enabled and quota raised by 10 GB.,,
TKT-0000603,Software,Medium,Resolved,76,18,2024-08-05 07:48:05,2024-08-05 10:44:45,21,Licence for design tool,Requesting a licence for a design tool for a campaign.,Licence allocated from the central pool.,,3
TKT-0000604,General Query,Medium,Resolved,31,33,2023-03-04 08:28:19,2023-03-05 02:05:04,116,Question: Who is the owner of Project Dynamo?,Who is the owner of Project Dynamo?,Answered using 'Project Brief: Project Dynamo' (https://google-drive.northwind-analytics.example.com/project_brief/doc-000176). The answer is: Mei Chen.,DOC-000176,
TKT-0000605,Laptop,Low,Resolved,106,104,2026-07-02 11:34:04,2026-07-02 23:18:52,7,Laptop battery draining fast,Battery lasts under two hours after the latest update.,Battery replaced under warranty and device re-imaged.,,5
TKT-0000606,Laptop,Low,Resolved,27,107,2024-10-01 11:44:40,2024-10-01 15:48:14,36,Laptop battery draining fast,Battery lasts under two hours after the latest update.,Battery replaced under warranty and device re-imaged.,,4
TKT-0000607,General Query,Low,Open,106,154,2023-12-16 10:18:11,,12,Question: Which Slack channel is used for incidents on payments-api?,Which Slack channel is used for incidents on payments-api?,,DOC-000150,
TKT-0000608,General Query,Medium,Resolved,169,42,2023-11-20 07:08:20,2023-11-20 07:42:51,28,Question: What command is used to restart profile-engine?,What command is used to restart profile-engine?,Answered using 'Runbook: profile-engine - Elevated latency' (https://github-wiki.northwind-analytics.example.com/runbook/doc-000145). The answer is: kubectl rollout restart deployment/profile-engine.,DOC-000145,
TKT-0000609,MFA,Medium,Resolved,166,188,2024-02-10 17:40:59,2024-02-11 09:22:58,67,Lost phone - need MFA reset,Phone was lost and I cannot approve sign-in prompts.,Identity verified via manager; MFA reset and re-enrolled on new device.,,
TKT-0000610,General Query,Low,Resolved,187,109,2025-09-23 20:08:04,2025-09-23 23:48:16,84,Question: What command is used to restart inventory-engine?,What command is used to restart inventory-engine?,Answered using 'Runbook: inventory-engine - High error rate' (https://github-wiki.northwind-analytics.example.com/runbook/doc-000133). The answer is: kubectl rollout restart deployment/inventory-engine.,DOC-000133,
TKT-0000611,General Query,Medium,Resolved,39,52,2025-08-04 19:08:22,2025-08-04 23:12:41,26,Question: How much additional budget was approved for Project Glacier in the ste,How much additional budget was approved for Project Glacier in the steering sync on 14 July 2025?,"Answered using 'Meeting Notes: Project Glacier - Steering Sync 14 July 2025' (https://google-drive.northwind-analytics.example.com/meeting_notes/doc-000294). The answer is: USD 75,000.",DOC-000294,
TKT-0000612,Access,Medium,Resolved,200,188,2024-04-24 16:35:20,2024-04-25 04:59:13,30,Request access to shared drive,Need read access to the Human Resources shared drive for a new project.,Access granted after manager approval.,,4
TKT-0000613,VPN,Low,Resolved,179,187,2023-12-07 19:53:29,2023-12-08 05:09:43,39,Cannot connect to VPN,VPN client times out when connecting since this morning.,Reinstalled the VPN client and reissued the user certificate; connection restored.,,
TKT-0000614,HR Query,Medium,Resolved,119,187,2024-04-18 08:33:39,2024-04-18 20:41:07,40,Question: How much additional budget was approved for Project Eclipse in the ste,How much additional budget was approved for Project Eclipse in the steering sync on 4 September 2026?,"Answered using 'Meeting Notes: Project Eclipse - Steering Sync 4 September 2026' (https://notion.northwind-analytics.example.com/meeting_notes/doc-000240). The answer is: USD 50,000.",DOC-000240,5
TKT-0000615,MFA,Low,Resolved,192,9,2024-12-09 07:52:30,2024-12-09 19:02:25,21,Lost phone - need MFA reset,Phone was lost and I cannot approve sign-in prompts.,Identity verified via manager; MFA reset and re-enrolled on new device.,,5
TKT-0000616,Finance Query,Medium,Resolved,33,18,2024-05-01 15:59:00,2024-05-01 20:16:06,14,Question: How much additional budget was approved for Project Aurora in the stee,How much additional budget was approved for Project Aurora in the steering sync on 16 December 2024?,"Answered using 'Meeting Notes: Project Aurora - Steering Sync 16 December 2024' (https://notion.northwind-analytics.example.com/meeting_notes/doc-000205). The answer is: USD 100,000.",DOC-000205,3
TKT-0000617,IT Query,High,Resolved,52,42,2023-03-12 18:20:39,2023-03-12 21:08:21,9,Question: What new launch date was agreed for Project Meridian in the steering s,What new launch date was agreed for Project Meridian in the steering sync on 30 June 2024?,Answered using 'Meeting Notes: Project Meridian - Steering Sync 30 June 2024' (https://sharepoint.northwind-analytics.example.com/meeting_notes/doc-000203). The answer is: 27 November 2024.,DOC-000203,3
TKT-0000618,Email,Low,In Progress,180,42,2025-05-28 10:25:48,,17,Mailbox is full,Mailbox is at quota and cannot send mail.,,,
TKT-0000619,Software,Low,Resolved,187,109,2025-10-25 19:51:29,2025-10-25 21:52:50,137,Licence for design tool,Requesting a licence for a design tool for a campaign.,Licence allocated from the central pool.,,
TKT-0000620,General Query,High,Resolved,199,104,2023-10-12 20:07:04,2023-10-13 23:42:05,19,Question: Which Slack channel is used for incidents on ledger-service?,Which Slack channel is used for incidents on ledger-service?,Answered using 'Runbook: ledger-service - High error rate' (https://confluence.northwind-analytics.example.com/runbook/doc-000147). The answer is: #oncall-ledger-service.,DOC-000147,
TKT-0000621,Email,Medium,Resolved,54,42,2023-08-04 07:34:32,2023-08-04 09:39:16,51,Mailbox is full,Mailbox is at quota and cannot send mail.,Archive enabled and quota raised by 10 GB.,,5
TKT-0000622,General Query,Low,Resolved,97,188,2023-07-09 17:02:58,2023-07-09 20:12:22,42,Question: Which Slack channel is used for incidents on search-sync?,Which Slack channel is used for incidents on search-sync?,Answered using 'Runbook: search-sync - Certificate expiring' (https://confluence.northwind-analytics.example.com/runbook/doc-000156). The answer is: #oncall-search-sync.,DOC-000156,1
TKT-0000623,Software,Medium,Resolved,169,42,2024-01-12 19:04:18,2024-01-13 05:35:09,72,Licence for design tool,Requesting a licence for a design tool for a campaign.,Licence allocated from the central pool.,,
TKT-0000624,General Query,Low,Resolved,178,109,2024-06-07 10:46:13,2024-06-07 16:14:11,25,Question: How many years are contracts retained in India?,How many years are contracts retained in India?,Answered using 'Data Retention Policy - India' (https://confluence.northwind-analytics.example.com/policy/doc-000032). The answer is: 10 years.,DOC-000032,
TKT-0000625,IT Query,Medium,Resolved,29,42,2023-09-07 10:21:23,2023-09-07 12:58:19,15,Question: What new launch date was agreed for Project Quartz in the steering syn,What new launch date was agreed for Project Quartz in the steering sync on 7 April 2025?,Answered using 'Meeting Notes: Project Quartz - Steering Sync 7 April 2025' (https://notion.northwind-analytics.example.com/meeting_notes/doc-000263). The answer is: 31 August 2025.,DOC-000263,
TKT-0000626,General Query,Medium,Resolved,111,188,2025-08-08 09:42:05,2025-08-08 17:00:19,28,Question: Who is responsible for the data migration plan for Project Ember accor,Who is responsible for the data migration plan for Project Ember according to the steering sync on 10 June 2026?,Answered using 'Meeting Notes: Project Ember - Steering Sync 10 June 2026' (https://google-drive.northwind-analytics.example.com/meeting_notes/doc-000276). The answer is: Aarav Weber.,DOC-000276,3
TKT-0000627,General Query,Medium,Resolved,57,154,2025-09-10 14:42:04,2025-09-10 18:15:45,37,Question: What command is used to restart ingestion-engine?,What command is used to restart ingestion-engine?,Answered using 'Runbook: ingestion-engine - High error rate' (https://github-wiki.northwind-analytics.example.com/runbook/doc-000136). The answer is: kubectl rollout restart deployment/ingestion-engine.,DOC-000136,5
TKT-0000628,Laptop,Medium,Resolved,59,9,2024-07-17 12:07:37,2024-07-17 16:19:45,19,Laptop battery draining fast,Battery lasts under two hours after the latest update.,Battery replaced under warranty and device re-imaged.,,
TKT-0000629,Laptop,Low,Resolved,183,9,2025-10-18 16:42:25,2025-10-20 15:07:28,29,Laptop battery draining fast,Battery lasts under two hours after the latest update.,Battery replaced under warranty and device re-imaged.,,4
TKT-0000630,Email,Medium,Resolved,153,18,2026-01-09 17:20:15,2026-01-10 14:54:06,72,Mailbox is full,Mailbox is at quota and cannot send mail.,Archive enabled and quota raised by 10 GB.,,2
TKT-0000631,General Query,Medium,Resolved,151,104,2024-05-30 07:26:14,2024-05-30 17:04:29,66,Question: How long is email retained in United Kingdom?,How long is email retained in United Kingdom?,Answered using 'Data Retention Policy - United Kingdom' (https://confluence.northwind-analytics.example.com/policy/doc-000037). The answer is: 1 years.,DOC-000037,5
TKT-0000632,General Query,Low,Resolved,176,52,2024-01-16 07:43:57,2024-01-16 11:13:15,8,Question: What command is used to restart ledger-service?,What command is used to restart ledger-service?,Answered using 'Runbook: ledger-service - Disk usage high' (https://confluence.northwind-analytics.example.com/runbook/doc-000134). The answer is: kubectl rollout restart deployment/ledger-service.,DOC-000134,1
TKT-0000633,General Query,Critical,Resolved,138,188,2026-04-30 17:26:29,2026-04-30 18:54:11,168,Question: Which database does recommendation-sync use?,Which database does recommendation-sync use?,Answered using 'Service Overview: recommendation-sync' (https://confluence.northwind-analytics.example.com/service_wiki/doc-000106). The answer is: MongoDB.,DOC-000106,3
TKT-0000634,General Query,Medium,Resolved,119,33,2026-09-26 07:59:17,2026-09-26 10:03:09,45,Question: What is the availability SLO for auth-api?,What is the availability SLO for auth-api?,Answered using 'Service Overview: auth-api' (https://github-wiki.northwind-analytics.example.com/service_wiki/doc-000110). The answer is: 99.99 percent.,DOC-000110,2
TKT-0000635,IT Query,Critical,Resolved,4,52,2023-07-14 07:44:19,2023-07-14 17:02:25,14,Question: What is the target launch date for Project Kestrel?,What is the target launch date for Project Kestrel?,Answered using 'Project Brief: Project Kestrel' (https://google-drive.northwind-analytics.example.com/project_brief/doc-000161). The answer is: 25 January 2027.,DOC-000161,
TKT-0000636,General Query,Medium,Resolved,133,9,2024-06-13 16:35:26,2024-06-14 00:08:19,19,Question: How much additional budget was approved for Project Horizon in the ste,How much additional budget was approved for Project Horizon in the steering sync on 1 June 2026?,"Answered using 'Meeting Notes: Project Horizon - Steering Sync 1 June 2026' (https://sharepoint.northwind-analytics.example.com/meeting_notes/doc-000259). The answer is: USD 50,000.",DOC-000259,3
TKT-0000637,MFA,Medium,Resolved,185,52,2026-09-12 11:14:50,2026-09-13 05:18:49,37,Lost phone - need MFA reset,Phone was lost and I cannot approve sign-in prompts.,Identity verified via manager; MFA reset and re-enrolled on new device.,,4
TKT-0000638,Printer,Medium,Open,161,187,2023-05-03 19:13:40,,84,Printer offline,Floor printer shows offline for everyone on the team.,,,
TKT-0000639,Laptop,Low,Resolved,159,178,2023-10-20 11:25:53,2023-10-20 20:58:24,11,Laptop battery draining fast,Battery lasts under two hours after the latest update.,Battery replaced under warranty and device re-imaged.,,
TKT-0000640,General Query,High,Resolved,64,33,2024-05-21 08:52:16,2024-05-21 23:26:26,28,Question: What new launch date was agreed for Project Dynamo in the steering syn,What new launch date was agreed for Project Dynamo in the steering sync on 10 April 2023?,Answered using 'Meeting Notes: Project Dynamo - Steering Sync 10 April 2023' (https://sharepoint.northwind-analytics.example.com/meeting_notes/doc-000210). The answer is: 19 December 2023.,DOC-000210,1
TKT-0000641,Finance Query,Low,Resolved,120,52,2024-02-10 18:53:09,2024-02-11 00:13:26,3,Question: What new launch date was agreed for Project Beacon in the steering syn,What new launch date was agreed for Project Beacon in the steering sync on 11 July 2026?,Answered using 'Meeting Notes: Project Beacon - Steering Sync 11 July 2026' (https://google-drive.northwind-analytics.example.com/meeting_notes/doc-000191). The answer is: 17 November 2027.,DOC-000191,
TKT-0000642,General Query,Medium,Resolved,54,18,2023-05-30 20:21:16,2023-06-02 05:56:59,16,Question: What new launch date was agreed for Project Tundra in the steering syn,What new launch date was agreed for Project Tundra in the steering sync on 22 June 2024?,Answered using 'Meeting Notes: Project Tundra - Steering Sync 22 June 2024' (https://google-drive.northwind-analytics.example.com/meeting_notes/doc-000216). The answer is: 16 January 2025.,DOC-000216,
TKT-0000643,Software,Medium,Resolved,14,9,2025-01-08 20:08:11,2025-01-08 22:41:20,23,Licence for design tool,Requesting a licence for a design tool for a campaign.,Licence allocated from the central pool.,,4
TKT-0000644,Email,Low,Resolved,82,107,2023-09-03 08:53:26,2023-09-03 09:50:14,13,Mailbox is full,Mailbox is at quota and cannot send mail.,Archive enabled and quota raised by 10 GB.,,
TKT-0000645,General Query,Low,Resolved,82,42,2025-06-17 19:49:56,2025-06-18 02:25:25,69,Question: What new launch date was agreed for Project Dynamo in the steering syn,What new launch date was agreed for Project Dynamo in the steering sync on 15 June 2023?,Answered using 'Meeting Notes: Project Dynamo - Steering Sync 15 June 2023' (https://notion.northwind-analytics.example.com/meeting_notes/doc-000295). The answer is: 19 January 2024.,DOC-000295,
TKT-0000646,General Query,Medium,Resolved,9,33,2024-01-28 09:12:22,2024-01-28 19:18:03,124,Question: What command is used to restart shipping-service?,What command is used to restart shipping-service?,Answered using 'Runbook: shipping-service - High error rate' (https://confluence.northwind-analytics.example.com/runbook/doc-000127). The answer is: kubectl rollout restart deployment/shipping-service.,DOC-000127,5
TKT-0000647,IT Query,Low,Resolved,8,104,2023-02-27 19:31:20,2023-02-27 21:13:12,72,Question: What new launch date was agreed for Project Nebula in the steering syn,What new launch date was agreed for Project Nebula in the steering sync on 24 May 2025?,Answered using 'Meeting Notes: Project Nebula - Steering Sync 24 May 2025' (https://sharepoint.northwind-analytics.example.com/meeting_notes/doc-000252). The answer is: 11 October 2025.,DOC-000252,2
TKT-0000648,Software,Low,Resolved,126,109,2025-09-27 14:16:18,2025-09-28 05:43:01,17,Licence for design tool,Requesting a licence for a design tool for a campaign.,Licence allocated from the central pool.,,3
TKT-0000649,Printer,Low,Resolved,100,178,2025-12-25 20:32:59,2025-12-25 23:50:08,23,Printer offline,Floor printer shows offline for everyone on the team.,Print server restarted and queue cleared.,,4
TKT-0000650,Email,High,Resolved,150,104,2026-08-27 20:18:41,2026-08-28 15:44:54,23,Mailbox is full,Mailbox is at quota and cannot send mail.,Archive enabled and quota raised by 10 GB.,,3
TKT-0000651,General Query,Critical,Resolved,114,9,2026-03-20 20:39:54,2026-03-24 03:26:31,118,Question: What is the p95 latency target for inventory-engine?,What is the p95 latency target for inventory-engine?,Answered using 'Service Overview: inventory-engine' (https://confluence.northwind-analytics.example.com/service_wiki/doc-000095). The answer is: 600 ms.,DOC-000095,3
TKT-0000652,General Query,High,Resolved,183,107,2023-04-27 10:08:23,2023-04-28 01:52:07,91,Question: How much additional budget was approved for Project Glacier in the ste,How much additional budget was approved for Project Glacier in the steering sync on 27 July 2025?,"Answered using 'Meeting Notes: Project Glacier - Steering Sync 27 July 2025' (https://sharepoint.northwind-analytics.example.com/meeting_notes/doc-000293). The answer is: USD 25,000.",DOC-000293,
TKT-0000653,General Query,High,Resolved,41,187,2024-05-12 13:05:50,2024-05-14 00:03:36,12,Question: Which Slack channel is used for incidents on search-sync?,Which Slack channel is used for incidents on search-sync?,Answered using 'Runbook: search-sync - Certificate expiring' (https://confluence.northwind-analytics.example.com/runbook/doc-000156). The answer is: #oncall-search-sync.,DOC-000156,
TKT-0000654,HR Query,Medium,Resolved,190,178,2024-12-26 20:29:46,2024-12-27 04:36:24,10,Question: How many public holidays do employees in India get?,How many public holidays do employees in India get?,Answered using 'HR Services FAQ - India' (https://notion.northwind-analytics.example.com/faq/doc-000070). The answer is: 9.,DOC-000070,
TKT-0000655,General Query,High,Resolved,38,109,2023-08-07 15:14:08,2023-08-07 19:52:57,21,Question: Who is responsible for the data migration plan for Project Cascade acc,Who is responsible for the data migration plan for Project Cascade according to the steering sync on 12 January 2026?,Answered using 'Meeting Notes: Project Cascade - Steering Sync 12 January 2026' (https://notion.northwind-analytics.example.com/meeting_notes/doc-000258). The answer is: Arjun Smith.,DOC-000258,5
TKT-0000656,VPN,Medium,Resolved,98,42,2025-10-30 08:07:01,2025-11-01 09:32:23,56,Cannot connect to VPN,VPN client times out when connecting since this morning.,Reinstalled the VPN client and reissued the user certificate; connection restored.,,4
TKT-0000657,General Query,Medium,Resolved,45,154,2023-10-04 14:49:59,2023-10-05 21:34:33,6,Question: Which Slack channel is used for incidents on recommendation-sync?,Which Slack channel is used for incidents on recommendation-sync?,Answered using 'Runbook: recommendation-sync - Queue backlog' (https://github-wiki.northwind-analytics.example.com/runbook/doc-000129). The answer is: #oncall-recommendation-sync.,DOC-000129,
TKT-0000658,Laptop,Low,Resolved,119,42,2023-09-30 18:28:33,2023-10-01 18:27:19,27,Laptop battery draining fast,Battery lasts under two hours after the latest update.,Battery replaced under warranty and device re-imaged.,,2
TKT-0000659,Software,High,Resolved,168,52,2025-12-04 13:56:36,2025-12-05 02:38:57,28,Licence for design tool,Requesting a licence for a design tool for a campaign.,Licence allocated from the central pool.,,4
TKT-0000660,General Query,Medium,Resolved,2,154,2026-03-08 15:12:04,2026-03-09 00:15:17,17,Question: What new launch date was agreed for Project Lotus in the steering sync,What new launch date was agreed for Project Lotus in the steering sync on 26 July 2024?,Answered using 'Meeting Notes: Project Lotus - Steering Sync 26 July 2024' (https://notion.northwind-analytics.example.com/meeting_notes/doc-000207). The answer is: 16 August 2024.,DOC-000207,1
TKT-0000661,IT Query,High,Resolved,60,18,2023-09-24 16:30:12,2023-09-25 12:35:43,95,Question: What new launch date was agreed for Project Quartz in the steering syn,What new launch date was agreed for Project Quartz in the steering sync on 8 March 2025?,Answered using 'Meeting Notes: Project Quartz - Steering Sync 8 March 2025' (https://google-drive.northwind-analytics.example.com/meeting_notes/doc-000196). The answer is: 30 September 2025.,DOC-000196,4
TKT-0000662,General Query,Medium,Resolved,163,187,2023-02-24 15:09:26,2023-02-24 23:47:54,36,Question: Who owns the auth-api service?,Who owns the auth-api service?,Answered using 'Service Overview: auth-api' (https://github-wiki.northwind-analytics.example.com/service_wiki/doc-000110). The answer is: Mei Becker.,DOC-000110,1
TKT-0000663,HR Query,Low,In Progress,32,154,2026-04-11 20:48:17,,12,Question: How many days per week can employees in United States work remotely?,How many days per week can employees in United States work remotely?,,DOC-000027,
TKT-0000664,General Query,Low,Resolved,166,178,2025-11-22 18:29:22,2025-11-22 21:20:10,105,Question: Which database does ledger-gateway use?,Which database does ledger-gateway use?,Answered using 'Service Overview: ledger-gateway' (https://confluence.northwind-analytics.example.com/service_wiki/doc-000107). The answer is: DynamoDB.,DOC-000107,5
TKT-0000665,Finance Query,Medium,Resolved,1,178,2024-08-02 08:29:21,2024-08-02 21:07:51,15,Question: Who is responsible for the user training deck for Project Beacon accor,Who is responsible for the user training deck for Project Beacon according to the steering sync on 12 June 2026?,Answered using 'Meeting Notes: Project Beacon - Steering Sync 12 June 2026' (https://sharepoint.northwind-analytics.example.com/meeting_notes/doc-000249). The answer is: Jun Das.,DOC-000249,4
TKT-0000666,General Query,High,Resolved,182,154,2024-11-23 07:37:21,2024-11-23 16:50:53,20,Question: How much additional budget was approved for Project Vertex in the stee,How much additional budget was approved for Project Vertex in the steering sync on 19 September 2026?,"Answered using 'Meeting Notes: Project Vertex - Steering Sync 19 September 2026' (https://sharepoint.northwind-analytics.example.com/meeting_notes/doc-000246). The answer is: USD 50,000.",DOC-000246,
TKT-0000667,Software,Medium,Resolved,33,109,2023-12-31 15:27:21,2023-12-31 17:55:59,11,Licence for design tool,Requesting a licence for a design tool for a campaign.,Licence allocated from the central pool.,,
TKT-0000668,Software,High,Resolved,182,188,2024-06-14 13:09:06,2024-06-14 20:51:58,3,Licence for design tool,Requesting a licence for a design tool for a campaign.,Licence allocated from the central pool.,,2
TKT-0000669,Laptop,Low,Resolved,150,187,2025-05-09 16:32:47,2025-05-10 01:24:18,28,Laptop battery draining fast,Battery lasts under two hours after the latest update.,Battery replaced under warranty and device re-imaged.,,3
TKT-0000670,IT Query,Critical,Resolved,135,109,2026-07-03 10:41:37,2026-07-03 17:06:37,20,Question: Which VPN client do employees in United Kingdom use?,Which VPN client do employees in United Kingdom use?,Answered using 'IT Services FAQ - United Kingdom' (https://notion.northwind-analytics.example.com/faq/doc-000036). The answer is: SecureLink.,DOC-000036,
TKT-0000671,VPN,Low,Resolved,113,188,2024-06-28 12:43:42,2024-06-29 10:11:00,37,Cannot connect to VPN,VPN client times out when connecting since this morning.,Reinstalled the VPN client and reissued the user certificate; connection restored.,,1
TKT-0000672,HR Query,Medium,Resolved,136,109,2025-02-03 13:50:37,2025-02-03 16:52:19,46,Question: How many days per week can employees in United Kingdom work remotely?,How many days per week can employees in United Kingdom work remotely?,Answered using 'Remote and Hybrid Work Policy - United Kingdom' (https://sharepoint.northwind-analytics.example.com/policy/doc-000035). The answer is: 1 days.,DOC-000035,5
TKT-0000673,Laptop,Low,Resolved,49,18,2023-11-13 20:15:00,2023-11-14 03:09:37,14,Laptop battery draining fast,Battery lasts under two hours after the latest update.,Battery replaced under warranty and device re-imaged.,,5
TKT-0000674,General Query,Low,Resolved,99,9,2023-01-15 16:34:50,2023-01-16 08:20:37,63,Question: After how many minutes should the 'High error rate' alert for shipping,After how many minutes should the 'High error rate' alert for shipping-service be escalated?,Answered using 'Runbook: shipping-service - High error rate' (https://confluence.northwind-analytics.example.com/runbook/doc-000127). The answer is: 15 minutes.,DOC-000127,
TKT-0000675,Printer,High,Resolved,88,187,2024-01-23 09:37:32,2024-01-23 12:12:07,8,Printer offline,Floor printer shows offline for everyone on the team.,Print server restarted and queue cleared.,,3
TKT-0000676,IT Query,Medium,Resolved,7,109,2024-07-11 13:06:53,2024-07-11 17:57:45,29,Question: What is the IT helpdesk extension in United Kingdom?,What is the IT helpdesk extension in United Kingdom?,Answered using 'IT Services FAQ - United Kingdom' (https://notion.northwind-analytics.example.com/faq/doc-000036). The answer is: 8646.,DOC-000036,
TKT-0000677,IT Query,Low,Open,52,107,2026-02-20 14:05:42,,12,Question: Who is responsible for the API specification for Project Kestrel accor,Who is responsible for the API specification for Project Kestrel according to the steering sync on 12 March 2026?,,DOC-000256,
TKT-0000678,Printer,Low,Resolved,127,188,2025-09-30 19:19:53,2025-10-01 02:24:23,16,Printer offline,Floor printer shows offline for everyone on the team.,Print server restarted and queue cleared.,,4
TKT-0000679,General Query,Medium,Resolved,168,18,2024-05-28 08:46:46,2024-05-28 20:13:43,17,Question: What command is used to restart reporting-gateway?,What command is used to restart reporting-gateway?,Answered using 'Runbook: reporting-gateway - Disk usage high' (https://confluence.northwind-analytics.example.com/runbook/doc-000154). The answer is: kubectl rollout restart deployment/reporting-gateway.,DOC-000154,
TKT-0000680,General Query,Low,Resolved,141,33,2023-09-09 12:36:50,2023-09-09 14:22:16,15,Question: Who owns the ingestion-gateway service?,Who owns the ingestion-gateway service?,Answered using 'Service Overview: ingestion-gateway' (https://confluence.northwind-analytics.example.com/service_wiki/doc-000092). The answer is: Pooja Gupta.,DOC-000092,
TKT-0000681,Printer,Medium,Resolved,91,107,2025-07-17 19:30:04,2025-07-17 21:33:17,17,Printer offline,Floor printer shows offline for everyone on the team.,Print server restarted and queue cleared.,,
TKT-0000682,IT Query,High,Resolved,155,18,2023-07-22 13:43:52,2023-07-23 05:03:35,141,Question: Who is responsible for the load test report for Project Nebula accordi,Who is responsible for the load test report for Project Nebula according to the steering sync on 24 May 2025?,Answered using 'Meeting Notes: Project Nebula - Steering Sync 24 May 2025' (https://sharepoint.northwind-analytics.example.com/meeting_notes/doc-000252). The answer is: Pooja Muller.,DOC-000252,1
TKT-0000683,General Query,Medium,Resolved,66,109,2025-03-18 07:35:22,2025-03-18 09:48:13,21,Question: Which programming language is reporting-gateway written in?,Which programming language is reporting-gateway written in?,Answered using 'Service Overview: reporting-gateway' (https://github-wiki.northwind-analytics.example.com/service_wiki/doc-000093). The answer is: Kotlin.,DOC-000093,5
TKT-0000684,General Query,Low,Resolved,95,9,2024-08-11 16:39:34,2024-08-12 01:14:44,44,Question: What is the p95 latency target for inventory-engine?,What is the p95 latency target for inventory-engine?,Answered using 'Service Overview: inventory-engine' (https://confluence.northwind-analytics.example.com/service_wiki/doc-000095). The answer is: 600 ms.,DOC-000095,3
TKT-0000685,General Query,Medium,Resolved,183,188,2026-02-08 12:44:02,2026-02-08 18:13:55,51,Question: What command is used to restart ingestion-sync?,What command is used to restart ingestion-sync?,Answered using 'Runbook: ingestion-sync - Disk usage high' (https://github-wiki.northwind-analytics.example.com/runbook/doc-000140). The answer is: kubectl rollout restart deployment/ingestion-sync.,DOC-000140,1
TKT-0000686,Software,Low,Resolved,127,33,2024-09-17 13:55:27,2024-09-17 19:04:07,31,Licence for design tool,Requesting a licence for a design tool for a campaign.,Licence allocated from the central pool.,,4
TKT-0000687,IT Query,Low,Resolved,134,154,2024-10-24 12:33:31,2024-10-24 18:09:29,17,Question: What new launch date was agreed for Project Xenon in the steering sync,What new launch date was agreed for Project Xenon in the steering sync on 30 December 2023?,Answered using 'Meeting Notes: Project Xenon - Steering Sync 30 December 2023' (https://sharepoint.northwind-analytics.example.com/meeting_notes/doc-000223). The answer is: 4 April 2024.,DOC-000223,4
TKT-0000688,Laptop,Medium,Resolved,90,109,2025-12-07 10:20:04,2025-12-08 04:23:19,14,Laptop battery draining fast,Battery lasts under two hours after the latest update.,Battery replaced under warranty and device re-imaged.,,
TKT-0000689,General Query,Low,Resolved,54,154,2026-03-23 12:45:56,2026-03-24 05:37:41,58,Question: What new launch date was agreed for Project Dynamo in the steering syn,What new launch date was agreed for Project Dynamo in the steering sync on 15 June 2023?,Answered using 'Meeting Notes: Project Dynamo - Steering Sync 15 June 2023' (https://notion.northwind-analytics.example.com/meeting_notes/doc-000295). The answer is: 19 January 2024.,DOC-000295,
TKT-0000690,General Query,Low,Resolved,29,188,2025-06-04 09:16:55,2025-06-04 15:03:28,111,Question: Which programming language is reporting-service written in?,Which programming language is reporting-service written in?,Answered using 'Service Overview: reporting-service' (https://github-wiki.northwind-analytics.example.com/service_wiki/doc-000108). The answer is: Go.,DOC-000108,
TKT-0000691,VPN,Low,Resolved,37,107,2025-12-11 20:23:53,2025-12-12 03:25:57,54,Cannot connect to VPN,VPN client times out when connecting since this morning.,Reinstalled the VPN client and reissued the user certificate; connection restored.,,
TKT-0000692,Access,High,Resolved,132,18,2026-05-27 19:03:43,2026-05-29 00:15:19,27,Request access to shared drive,Need read access to the Sales shared drive for a new project.,Access granted after manager approval.,,1
TKT-0000693,Finance Query,Medium,Resolved,95,187,2023-06-04 16:02:40,2023-06-04 20:26:35,23,Question: Who is the owner of Project Rift?,Who is the owner of Project Rift?,Answered using 'Project Brief: Project Rift' (https://google-drive.northwind-analytics.example.com/project_brief/doc-000178). The answer is: Maya Lim.,DOC-000178,1
TKT-0000694,General Query,Medium,Resolved,62,178,2024-03-10 17:22:02,2024-03-11 01:48:04,13,Question: What new launch date was agreed for Project Comet in the steering sync,What new launch date was agreed for Project Comet in the steering sync on 26 April 2023?,Answered using 'Meeting Notes: Project Comet - Steering Sync 26 April 2023' (https://google-drive.northwind-analytics.example.com/meeting_notes/doc-000187). The answer is: 15 April 2024.,DOC-000187,2
TKT-0000695,VPN,Low,Resolved,132,104,2024-10-03 20:38:48,2024-10-04 05:10:56,19,Cannot connect to VPN,VPN client times out when connecting since this morning.,Reinstalled the VPN client and reissued the user certificate; connection restored.,,
TKT-0000696,Access,Medium,Resolved,90,9,2025-09-26 11:23:00,2025-09-28 09:34:15,115,Request access to shared drive,Need read access to the Engineering shared drive for a new project.,Access granted after manager approval.,,
TKT-0000697,General Query,Low,Resolved,163,109,2023-02-20 09:16:17,2023-02-20 21:02:30,27,Question: What command is used to restart ledger-gateway?,What command is used to restart ledger-gateway?,Answered using 'Runbook: ledger-gateway - Queue backlog' (https://github-wiki.northwind-analytics.example.com/runbook/doc-000142). The answer is: kubectl rollout restart deployment/ledger-gateway.,DOC-000142,4
TKT-0000698,Finance Query,Medium,In Progress,89,52,2025-06-21 13:04:28,,25,Question: How many quotes are required for larger purchases in Singapore?,How many quotes are required for larger purchases in Singapore?,,DOC-000069,
TKT-0000699,IT Query,Critical,Resolved,182,42,2026-04-03 10:51:49,2026-04-04 08:59:09,53,Question: Which VPN client do employees in United Kingdom use?,Which VPN client do employees in United Kingdom use?,Answered using 'IT Services FAQ - United Kingdom' (https://notion.northwind-analytics.example.com/faq/doc-000036). The answer is: SecureLink.,DOC-000036,3
TKT-0000700,General Query,Medium,Resolved,114,33,2025-08-25 16:54:47,2025-08-26 02:26:53,50,Question: Who is the executive sponsor of Project Lotus?,Who is the executive sponsor of Project Lotus?,Answered using 'Project Brief: Project Lotus' (https://sharepoint.northwind-analytics.example.com/project_brief/doc-000169). The answer is: Kavya Park.,DOC-000169,
TKT-0000701,General Query,Medium,In Progress,162,9,2024-03-28 14:58:07,,47,Question: Who is responsible for the user training deck for Project Lotus accord,Who is responsible for the user training deck for Project Lotus according to the steering sync on 26 July 2024?,,DOC-000207,
TKT-0000702,General Query,Medium,Resolved,197,18,2025-05-13 17:11:11,2025-05-13 21:51:50,52,Question: How many years are contracts retained in India?,How many years are contracts retained in India?,Answered using 'Data Retention Policy - India' (https://confluence.northwind-analytics.example.com/policy/doc-000032). The answer is: 10 years.,DOC-000032,4
TKT-0000703,HR Query,Low,Resolved,102,52,2024-08-17 11:13:52,2024-08-18 07:05:50,37,Question: What is the monthly home-office stipend in Germany?,What is the monthly home-office stipend in Germany?,Answered using 'Remote and Hybrid Work Policy - Germany' (https://confluence.northwind-analytics.example.com/policy/doc-000005). The answer is: EUR 50.,DOC-000005,
TKT-0000704,Printer,High,Resolved,116,107,2025-10-21 10:20:10,2025-10-21 17:48:16,18,Printer offline,Floor printer shows offline for everyone on the team.,Print server restarted and queue cleared.,,4
TKT-0000705,General Query,Medium,Resolved,50,154,2025-02-01 10:02:00,2025-02-01 12:11:44,28,Question: How much additional budget was approved for Project Vertex in the stee,How much additional budget was approved for Project Vertex in the steering sync on 28 August 2026?,"Answered using 'Meeting Notes: Project Vertex - Steering Sync 28 August 2026' (https://sharepoint.northwind-analytics.example.com/meeting_notes/doc-000285). The answer is: USD 150,000.",DOC-000285,5
TKT-0000706,General Query,High,Resolved,96,154,2025-04-26 08:30:10,2025-04-26 17:37:19,38,Question: Who is the owner of Project Glacier?,Who is the owner of Project Glacier?,Answered using 'Project Brief: Project Glacier' (https://google-drive.northwind-analytics.example.com/project_brief/doc-000170). The answer is: Arjun Ali.,DOC-000170,
TKT-0000707,Laptop,Low,Resolved,98,104,2026-08-21 19:48:42,2026-08-21 22:29:17,108,Laptop battery draining fast,Battery lasts under two hours after the latest update.,Battery replaced under warranty and device re-imaged.,,5
TKT-0000708,Printer,Low,Resolved,82,109,2024-02-22 12:48:04,2024-02-23 13:23:14,43,Printer offline,Floor printer shows offline for everyone on the team.,Print server restarted and queue cleared.,,
TKT-0000709,General Query,Low,Open,94,178,2025-04-16 12:50:26,,179,Question: What is the target launch date for Project Tundra?,What is the target launch date for Project Tundra?,,DOC-000183,
TKT-0000710,General Query,Low,Resolved,138,52,2026-07-29 09:05:00,2026-07-29 18:14:04,143,Question: Who is the owner of Project Harbor?,Who is the owner of Project Harbor?,Answered using 'Project Brief: Project Harbor' (https://google-drive.northwind-analytics.example.com/project_brief/doc-000157). The answer is: Lukas Bose.,DOC-000157,
TKT-0000711,General Query,Low,Resolved,52,109,2026-08-06 09:14:31,2026-08-06 15:53:04,48,Question: Who is responsible for the data migration plan for Project Harbor acco,Who is responsible for the data migration plan for Project Harbor according to the steering sync on 18 September 2026?,Answered using 'Meeting Notes: Project Harbor - Steering Sync 18 September 2026' (https://notion.northwind-analytics.example.com/meeting_notes/doc-000241). The answer is: Michael Schmidt.,DOC-000241,
TKT-0000712,Software,Medium,Resolved,38,18,2023-02-03 16:49:12,2023-02-03 19:49:51,8,Licence for design tool,Requesting a licence for a design tool for a campaign.,Licence allocated from the central pool.,,2
TKT-0000713,General Query,Medium,Resolved,180,187,2024-09-17 16:25:57,2024-09-17 19:50:54,88,Question: How much additional budget was approved for Project Vertex in the stee,How much additional budget was approved for Project Vertex in the steering sync on 25 September 2026?,"Answered using 'Meeting Notes: Project Vertex - Steering Sync 25 September 2026' (https://sharepoint.northwind-analytics.example.com/meeting_notes/doc-000190). The answer is: USD 50,000.",DOC-000190,
TKT-0000714,Access,Low,Resolved,176,187,2024-08-25 19:31:25,2024-08-26 02:07:36,23,Request access to shared drive,Need read access to the Data & Analytics shared drive for a new project.,Access granted after manager approval.,,
TKT-0000715,Payroll,High,Resolved,113,187,2023-01-10 17:36:40,2023-01-10 21:40:08,11,Payslip not visible,Last month's payslip is not visible in the portal.,Payroll republished the payslip; user confirmed it is visible.,,
TKT-0000716,Software,High,Resolved,87,187,2025-05-24 09:36:30,2025-05-25 03:31:21,52,Licence for design tool,Requesting a licence for a design tool for a campaign.,Licence allocated from the central pool.,,
TKT-0000717,Access,Medium,Resolved,42,109,2024-05-16 17:19:45,2024-05-17 14:10:59,28,Request access to shared drive,Need read access to the IT Services shared drive for a new project.,Access granted after manager approval.,,
TKT-0000718,General Query,Low,Resolved,63,52,2026-07-30 11:56:56,2026-07-31 20:33:12,11,Question: Who is the executive sponsor of Project Ember?,Who is the executive sponsor of Project Ember?,Answered using 'Project Brief: Project Ember' (https://google-drive.northwind-analytics.example.com/project_brief/doc-000174). The answer is: Aarav Park.,DOC-000174,
TKT-0000719,General Query,High,Open,45,154,2026-01-29 13:48:47,,89,Question: What command is used to restart payments-api?,What command is used to restart payments-api?,,DOC-000150,
TKT-0000720,Email,Low,Resolved,167,104,2023-06-20 15:27:39,2023-06-21 06:11:04,36,Mailbox is full,Mailbox is at quota and cannot send mail.,Archive enabled and quota raised by 10 GB.,,
TKT-0000721,HR Query,Medium,Resolved,62,18,2026-01-20 10:34:01,2026-01-20 12:16:29,49,Question: Within how many working days do new joiners in India receive a laptop?,Within how many working days do new joiners in India receive a laptop?,Answered using 'New Joiner Onboarding Guide - India' (https://sharepoint.northwind-analytics.example.com/policy/doc-000045). The answer is: 5 working days.,DOC-000045,
TKT-0000722,General Query,Medium,Resolved,162,42,2026-07-17 16:35:51,2026-07-18 09:51:42,24,Question: After how many minutes should the 'High error rate' alert for ingestio,After how many minutes should the 'High error rate' alert for ingestion-gateway be escalated?,Answered using 'Runbook: ingestion-gateway - High error rate' (https://confluence.northwind-analytics.example.com/runbook/doc-000132). The answer is: 30 minutes.,DOC-000132,
TKT-0000723,General Query,Low,Resolved,63,178,2023-07-23 12:09:13,2023-07-23 15:22:32,74,Question: What command is used to restart inventory-engine?,What command is used to restart inventory-engine?,Answered using 'Runbook: inventory-engine - High error rate' (https://github-wiki.northwind-analytics.example.com/runbook/doc-000133). The answer is: kubectl rollout restart deployment/inventory-engine.,DOC-000133,4
TKT-0000724,Access,Medium,Resolved,130,9,2024-01-11 10:07:35,2024-01-11 20:44:57,121,Request access to shared drive,Need read access to the Customer Support shared drive for a new project.,Access granted after manager approval.,,
TKT-0000725,IT Query,Low,Resolved,26,187,2025-07-23 14:40:20,2025-07-23 19:59:20,23,Question: After how many failed sign-in attempts is an account locked in United ,After how many failed sign-in attempts is an account locked in United States?,Answered using 'Information Security Standard - United States' (https://confluence.northwind-analytics.example.com/policy/doc-000003). The answer is: 5 attempts.,DOC-000003,
TKT-0000726,HR Query,Low,Resolved,56,33,2024-08-25 20:19:33,2024-08-26 17:58:27,29,Question: How many public holidays do employees in Germany get?,How many public holidays do employees in Germany get?,Answered using 'HR Services FAQ - Germany' (https://confluence.northwind-analytics.example.com/faq/doc-000048). The answer is: 16.,DOC-000048,5
TKT-0000727,General Query,Low,Resolved,168,9,2026-02-05 14:00:08,2026-02-05 21:30:27,10,Question: After how many minutes should the 'High error rate' alert for payments,After how many minutes should the 'High error rate' alert for payments-api be escalated?,Answered using 'Runbook: payments-api - High error rate' (https://github-wiki.northwind-analytics.example.com/runbook/doc-000152). The answer is: 10 minutes.,DOC-000152,
TKT-0000728,IT Query,Low,Resolved,30,33,2024-02-24 09:07:24,2024-02-24 13:47:41,83,Question: How often are laptops refreshed in Singapore?,How often are laptops refreshed in Singapore?,Answered using 'IT Services FAQ - Singapore' (https://confluence.northwind-analytics.example.com/faq/doc-000050). The answer is: every 3 years.,DOC-000050,5
TKT-0000729,General Query,Medium,Resolved,100,33,2025-01-09 09:41:55,2025-01-09 14:23:44,60,Question: What is the target launch date for Project Glacier?,What is the target launch date for Project Glacier?,Answered using 'Project Brief: Project Glacier' (https://google-drive.northwind-analytics.example.com/project_brief/doc-000170). The answer is: 22 September 2025.,DOC-000170,
TKT-0000730,Printer,Medium,Resolved,132,187,2023-02-24 08:47:48,2023-02-24 10:59:57,52,Printer offline,Floor printer shows offline for everyone on the team.,Print server restarted and queue cleared.,,5
TKT-0000731,General Query,Low,Resolved,2,33,2024-10-17 08:21:12,2024-10-17 17:10:55,73,Question: After how many minutes should the 'Elevated latency' alert for ingesti,After how many minutes should the 'Elevated latency' alert for ingestion-sync be escalated?,Answered using 'Runbook: ingestion-sync - Elevated latency' (https://github-wiki.northwind-analytics.example.com/runbook/doc-000141). The answer is: 10 minutes.,DOC-000141,
TKT-0000732,Finance Query,Medium,Resolved,6,52,2023-01-25 12:50:12,2023-01-25 14:35:38,18,Question: What new launch date was agreed for Project Yonder in the steering syn,What new launch date was agreed for Project Yonder in the steering sync on 11 March 2024?,Answered using 'Meeting Notes: Project Yonder - Steering Sync 11 March 2024' (https://sharepoint.northwind-analytics.example.com/meeting_notes/doc-000197). The answer is: 15 November 2024.,DOC-000197,
TKT-0000733,HR Query,Medium,Resolved,108,109,2025-07-03 07:14:50,2025-07-03 15:11:04,27,Question: What is the monthly home-office stipend in Germany?,What is the monthly home-office stipend in Germany?,Answered using 'Remote and Hybrid Work Policy - Germany' (https://confluence.northwind-analytics.example.com/policy/doc-000005). The answer is: EUR 50.,DOC-000005,3
TKT-0000734,General Query,High,Resolved,88,154,2024-04-20 12:20:45,2024-04-21 15:56:06,16,Question: How much additional budget was approved for Project Harbor in the stee,How much additional budget was approved for Project Harbor in the steering sync on 3 September 2026?,"Answered using 'Meeting Notes: Project Harbor - Steering Sync 3 September 2026' (https://sharepoint.northwind-analytics.example.com/meeting_notes/doc-000248). The answer is: USD 75,000.",DOC-000248,1
TKT-0000735,VPN,Low,Resolved,184,154,2024-04-28 09:00:23,2024-04-29 14:01:11,22,Cannot connect to VPN,VPN client times out when connecting since this morning.,Reinstalled the VPN client and reissued the user certificate; connection restored.,,2
TKT-0000736,Printer,Medium,Resolved,71,109,2023-06-09 18:05:29,2023-06-09 20:19:42,107,Printer offline,Floor printer shows offline for everyone on the team.,Print server restarted and queue cleared.,,
TKT-0000737,Laptop,High,Resolved,169,187,2023-07-03 09:57:50,2023-07-03 16:06:40,35,Laptop battery draining fast,Battery lasts under two hours after the latest update.,Battery replaced under warranty and device re-imaged.,,3
TKT-0000738,IT Query,Medium,Resolved,32,18,2024-07-15 20:58:21,2024-07-16 12:47:16,22,Question: How much additional budget was approved for Project Kestrel in the ste,How much additional budget was approved for Project Kestrel in the steering sync on 29 September 2026?,"Answered using 'Meeting Notes: Project Kestrel - Steering Sync 29 September 2026' (https://sharepoint.northwind-analytics.example.com/meeting_notes/doc-000235). The answer is: USD 25,000.",DOC-000235,3
TKT-0000739,Printer,High,Resolved,25,109,2023-03-21 16:09:50,2023-03-21 18:33:52,23,Printer offline,Floor printer shows offline for everyone on the team.,Print server restarted and queue cleared.,,4
TKT-0000740,Finance Query,High,Resolved,178,42,2026-02-10 07:16:45,2026-02-10 11:21:17,41,Question: For flights longer than how many hours is business class permitted in ,For flights longer than how many hours is business class permitted in India?,Answered using 'Business Travel Policy - India' (https://sharepoint.northwind-analytics.example.com/policy/doc-000091). The answer is: 4 hours.,DOC-000091,
TKT-0000741,General Query,Low,Resolved,170,178,2026-08-12 18:11:34,2026-08-12 21:24:02,28,Question: Who is responsible for the load test report for Project Comet accordin,Who is responsible for the load test report for Project Comet according to the steering sync on 25 October 2023?,Answered using 'Meeting Notes: Project Comet - Steering Sync 25 October 2023' (https://google-drive.northwind-analytics.example.com/meeting_notes/doc-000279). The answer is: Sourav Rao.,DOC-000279,
TKT-0000742,Email,Low,Resolved,50,42,2026-07-11 18:21:44,2026-07-12 01:15:17,53,Mailbox is full,Mailbox is at quota and cannot send mail.,Archive enabled and quota raised by 10 GB.,,
TKT-0000743,Finance Query,Medium,Resolved,178,107,2024-02-05 18:38:51,2024-02-06 04:30:18,34,Question: What is the travel per diem in India?,What is the travel per diem in India?,"Answered using 'Business Travel Policy - India' (https://sharepoint.northwind-analytics.example.com/policy/doc-000091). The answer is: INR 4,800.",DOC-000091,
TKT-0000744,MFA,Low,Resolved,102,187,2024-12-11 09:45:15,2024-12-11 21:37:29,102,Lost phone - need MFA reset,Phone was lost and I cannot approve sign-in prompts.,Identity verified via manager; MFA reset and re-enrolled on new device.,,1
TKT-0000745,General Query,High,Resolved,59,42,2024-09-30 07:24:40,2024-09-30 14:01:48,11,Question: What command is used to restart search-sync?,What command is used to restart search-sync?,Answered using 'Runbook: search-sync - Certificate expiring' (https://confluence.northwind-analytics.example.com/runbook/doc-000156). The answer is: kubectl rollout restart deployment/search-sync.,DOC-000156,2
TKT-0000746,Software,Low,Resolved,89,33,2025-05-01 10:25:10,2025-05-02 10:12:26,12,Licence for design tool,Requesting a licence for a design tool for a campaign.,Licence allocated from the central pool.,,1
TKT-0000747,Payroll,Medium,Resolved,191,18,2026-08-29 11:13:17,2026-08-29 11:53:06,8,Payslip not visible,Last month's payslip is not visible in the portal.,Payroll republished the payslip; user confirmed it is visible.,,5
TKT-0000748,Laptop,Low,Resolved,143,188,2024-09-04 09:54:40,2024-09-05 02:41:19,18,Laptop battery draining fast,Battery lasts under two hours after the latest update.,Battery replaced under warranty and device re-imaged.,,
TKT-0000749,General Query,Low,Open,46,52,2026-09-14 13:18:11,,129,Question: Which Slack channel is used for incidents on reporting-gateway?,Which Slack channel is used for incidents on reporting-gateway?,,DOC-000126,
TKT-0000750,Finance Query,Low,Resolved,132,104,2026-08-14 16:51:07,2026-08-14 18:23:50,39,Question: How many quotes are required for larger purchases in Germany?,How many quotes are required for larger purchases in Germany?,Answered using 'Procurement Policy - Germany' (https://sharepoint.northwind-analytics.example.com/policy/doc-000079). The answer is: 3.,DOC-000079,5
TKT-0000751,Laptop,Low,Resolved,47,187,2024-04-25 07:21:29,2024-04-26 10:16:11,30,Laptop battery draining fast,Battery lasts under two hours after the latest update.,Battery replaced under warranty and device re-imaged.,,4
TKT-0000752,IT Query,Low,Resolved,63,188,2025-09-06 15:40:43,2025-09-07 11:30:11,17,Question: How often are laptops refreshed in United States?,How often are laptops refreshed in United States?,Answered using 'IT Services FAQ - United States' (https://confluence.northwind-analytics.example.com/faq/doc-000033). The answer is: every 4 years.,DOC-000033,2
TKT-0000753,Finance Query,Medium,Resolved,198,178,2025-03-08 08:46:01,2025-03-08 10:27:27,55,Question: How much additional budget was approved for Project Yonder in the stee,How much additional budget was approved for Project Yonder in the steering sync on 29 June 2024?,"Answered using 'Meeting Notes: Project Yonder - Steering Sync 29 June 2024' (https://sharepoint.northwind-analytics.example.com/meeting_notes/doc-000250). The answer is: USD 25,000.",DOC-000250,
TKT-0000754,Email,Medium,Resolved,17,154,2025-10-02 16:44:40,2025-10-02 19:09:12,15,Mailbox is full,Mailbox is at quota and cannot send mail.,Archive enabled and quota raised by 10 GB.,,2
TKT-0000755,General Query,Medium,In Progress,50,18,2025-04-30 07:00:58,,109,Question: How much additional budget was approved for Project Indigo in the stee,How much additional budget was approved for Project Indigo in the steering sync on 30 January 2026?,,DOC-000299,
TKT-0000756,Email,Low,Resolved,60,187,2023-10-01 08:59:11,2023-10-01 11:18:09,9,Mailbox is full,Mailbox is at quota and cannot send mail.,Archive enabled and quota raised by 10 GB.,,5
TKT-0000757,Finance Query,Low,Open,166,178,2026-07-27 19:28:32,,19,Question: Who is the owner of Project Aurora?,Who is the owner of Project Aurora?,,DOC-000164,
TKT-0000758,General Query,Medium,Resolved,59,109,2023-12-14 10:45:54,2023-12-14 19:35:48,71,Question: What new launch date was agreed for Project Dynamo in the steering syn,What new launch date was agreed for Project Dynamo in the steering sync on 10 April 2023?,Answered using 'Meeting Notes: Project Dynamo - Steering Sync 10 April 2023' (https://sharepoint.northwind-analytics.example.com/meeting_notes/doc-000210). The answer is: 19 December 2023.,DOC-000210,
TKT-0000759,General Query,Medium,Resolved,161,52,2025-07-24 12:42:30,2025-07-25 01:00:56,11,Question: How much additional budget was approved for Project Comet in the steer,How much additional budget was approved for Project Comet in the steering sync on 25 October 2023?,"Answered using 'Meeting Notes: Project Comet - Steering Sync 25 October 2023' (https://google-drive.northwind-analytics.example.com/meeting_notes/doc-000279). The answer is: USD 100,000.",DOC-000279,5
TKT-0000760,Finance Query,Low,Resolved,176,178,2026-08-06 15:54:53,2026-08-06 19:10:34,17,Question: Above what value are competitive quotes required in India?,Above what value are competitive quotes required in India?,"Answered using 'Procurement Policy - India' (https://confluence.northwind-analytics.example.com/policy/doc-000066). The answer is: INR 80,000.",DOC-000066,
TKT-0000761,MFA,Medium,In Progress,27,104,2023-01-10 19:17:52,,89,Lost phone - need MFA reset,Phone was lost and I cannot approve sign-in prompts.,,,
TKT-0000762,General Query,High,Resolved,148,187,2025-04-19 16:40:24,2025-04-19 23:42:00,6,Question: Who is the executive sponsor of Project Comet?,Who is the executive sponsor of Project Comet?,Answered using 'Project Brief: Project Comet' (https://sharepoint.northwind-analytics.example.com/project_brief/doc-000179). The answer is: Aarav Park.,DOC-000179,3
TKT-0000763,General Query,Medium,Resolved,45,18,2023-04-27 08:32:18,2023-04-27 12:16:29,54,Question: What is the approved budget for Project Keystone?,What is the approved budget for Project Keystone?,"Answered using 'Project Brief: Project Keystone' (https://sharepoint.northwind-analytics.example.com/project_brief/doc-000168). The answer is: USD 1,505,000.",DOC-000168,5
TKT-0000764,General Query,Medium,Resolved,77,9,2025-10-24 12:50:38,2025-10-25 00:02:53,23,Question: What is the target launch date for Project Cascade?,What is the target launch date for Project Cascade?,Answered using 'Project Brief: Project Cascade' (https://google-drive.northwind-analytics.example.com/project_brief/doc-000163). The answer is: 18 September 2026.,DOC-000163,
TKT-0000765,General Query,High,Resolved,10,109,2025-05-04 17:59:23,2025-05-05 09:58:53,56,Question: What command is used to restart ingestion-sync?,What command is used to restart ingestion-sync?,Answered using 'Runbook: ingestion-sync - Queue backlog' (https://github-wiki.northwind-analytics.example.com/runbook/doc-000151). The answer is: kubectl rollout restart deployment/ingestion-sync.,DOC-000151,
TKT-0000766,VPN,Low,Resolved,41,104,2023-06-05 09:10:21,2023-06-06 06:20:44,29,Cannot connect to VPN,VPN client times out when connecting since this morning.,Reinstalled the VPN client and reissued the user certificate; connection restored.,,4
TKT-0000767,Software,Medium,In Progress,127,178,2026-07-23 09:39:17,,24,Licence for design tool,Requesting a licence for a design tool for a campaign.,,,
TKT-0000768,Finance Query,Medium,Resolved,157,178,2026-06-16 07:09:03,2026-06-18 00:16:45,51,Question: What is the daily meal allowance in United Kingdom?,What is the daily meal allowance in United Kingdom?,Answered using 'Expense Reimbursement Policy - United Kingdom' (https://confluence.northwind-analytics.example.com/policy/doc-000001). The answer is: GBP 50.,DOC-000001,
TKT-0000769,Payroll,Low,Resolved,33,52,2023-10-21 13:36:47,2023-10-21 14:06:29,39,Payslip not visible,Last month's payslip is not visible in the portal.,Payroll republished the payslip; user confirmed it is visible.,,
TKT-0000770,HR Query,Low,Resolved,87,33,2026-06-13 11:26:04,2026-06-13 13:56:09,8,Question: What email address should I use for HR questions in United States?,What email address should I use for HR questions in United States?,Answered using 'HR Services FAQ - United States' (https://confluence.northwind-analytics.example.com/faq/doc-000040). The answer is: hr-us@northwind-analytics.example.com.,DOC-000040,5
TKT-0000771,Software,Medium,Resolved,50,109,2023-10-22 15:11:41,2023-10-22 21:03:42,51,Licence for design tool,Requesting a licence for a design tool for a campaign.,Licence allocated from the central pool.,,
TKT-0000772,General Query,Low,Resolved,97,52,2024-07-30 08:33:41,2024-07-30 13:00:30,35,Question: What command is used to restart auth-api?,What command is used to restart auth-api?,Answered using 'Runbook: auth-api - Certificate expiring' (https://github-wiki.northwind-analytics.example.com/runbook/doc-000114). The answer is: kubectl rollout restart deployment/auth-api.,DOC-000114,5
TKT-0000773,IT Query,Medium,Resolved,145,9,2023-11-21 17:58:04,2023-11-21 22:41:29,62,Question: Who is responsible for the API specification for Project Kestrel accor,Who is responsible for the API specification for Project Kestrel according to the steering sync on 12 March 2026?,Answered using 'Meeting Notes: Project Kestrel - Steering Sync 12 March 2026' (https://google-drive.northwind-analytics.example.com/meeting_notes/doc-000256). The answer is: Zara Ghosh.,DOC-000256,
TKT-0000774,Laptop,Medium,Resolved,98,52,2025-01-01 12:19:21,2025-01-01 22:13:52,119,Laptop battery draining fast,Battery lasts under two hours after the latest update.,Battery replaced under warranty and device re-imaged.,,1
TKT-0000775,General Query,Medium,Resolved,197,188,2023-08-16 08:57:03,2023-08-16 10:29:41,43,Question: After how many minutes should the 'Queue backlog' alert for ledger-gat,After how many minutes should the 'Queue backlog' alert for ledger-gateway be escalated?,Answered using 'Runbook: ledger-gateway - Queue backlog' (https://github-wiki.northwind-analytics.example.com/runbook/doc-000142). The answer is: 10 minutes.,DOC-000142,
TKT-0000776,General Query,Low,In Progress,50,187,2023-06-18 10:23:43,,25,Question: What is the minimum test coverage required by the United Kingdom code ,What is the minimum test coverage required by the United Kingdom code review standard?,,DOC-000019,
TKT-0000777,General Query,Medium,In Progress,37,107,2023-01-30 13:28:18,,33,Question: How much additional budget was approved for Project Comet in the steer,How much additional budget was approved for Project Comet in the steering sync on 18 September 2023?,,DOC-000281,
TKT-0000778,IT Query,Medium,Resolved,67,187,2023-10-06 14:44:56,2023-10-07 22:06:09,19,Question: What is the approved budget for Project Xenon?,What is the approved budget for Project Xenon?,"Answered using 'Project Brief: Project Xenon' (https://sharepoint.northwind-analytics.example.com/project_brief/doc-000166). The answer is: USD 4,805,000.",DOC-000166,4
TKT-0000779,HR Query,Low,Resolved,178,9,2023-11-19 10:47:51,2023-11-20 03:32:24,16,Question: What is the annual learning budget per employee in India?,What is the annual learning budget per employee in India?,"Answered using 'Learning and Development Budget Policy - India' (https://sharepoint.northwind-analytics.example.com/policy/doc-000073). The answer is: INR 40,000.",DOC-000073,
TKT-0000780,MFA,Medium,In Progress,150,178,2023-06-23 16:42:56,,17,Lost phone - need MFA reset,Phone was lost and I cannot approve sign-in prompts.,,,
TKT-0000781,General Query,Low,Resolved,199,188,2026-04-10 11:20:53,2026-04-12 02:16:11,50,Question: Which Slack channel is used for incidents on payments-api?,Which Slack channel is used for incidents on payments-api?,Answered using 'Runbook: payments-api - Disk usage high' (https://confluence.northwind-analytics.example.com/runbook/doc-000150). The answer is: #oncall-payments-api.,DOC-000150,
TKT-0000782,VPN,Low,Resolved,86,52,2025-10-08 07:50:04,2025-10-08 15:53:21,45,Cannot connect to VPN,VPN client times out when connecting since this morning.,Reinstalled the VPN client and reissued the user certificate; connection restored.,,
TKT-0000783,Printer,Low,Open,199,178,2024-04-12 13:31:09,,48,Printer offline,Floor printer shows offline for everyone on the team.,,,
TKT-0000784,MFA,High,Resolved,180,42,2023-08-05 13:06:14,2023-08-05 20:39:40,22,Lost phone - need MFA reset,Phone was lost and I cannot approve sign-in prompts.,Identity verified via manager; MFA reset and re-enrolled on new device.,,4
TKT-0000785,Finance Query,Medium,Resolved,75,187,2024-01-02 18:32:45,2024-01-03 13:22:11,12,Question: Above what amount are receipts required in Germany?,Above what amount are receipts required in Germany?,Answered using 'Expense Reimbursement Policy - Germany' (https://sharepoint.northwind-analytics.example.com/policy/doc-000061). The answer is: EUR 20.,DOC-000061,
TKT-0000786,Laptop,High,Resolved,136,18,2024-12-12 12:47:29,2024-12-12 15:45:30,35,Laptop battery draining fast,Battery lasts under two hours after the latest update.,Battery replaced under warranty and device re-imaged.,,
TKT-0000787,IT Query,Low,Resolved,101,52,2025-04-14 17:00:21,2025-04-15 02:39:08,16,Question: Within how many minutes must a Severity 1 incident be acknowledged in ,Within how many minutes must a Severity 1 incident be acknowledged in Germany?,Answered using 'Incident Response Procedure - Germany' (https://sharepoint.northwind-analytics.example.com/policy/doc-000047). The answer is: 15 minutes.,DOC-000047,3
TKT-0000788,MFA,Medium,Resolved,136,33,2025-02-03 13:38:25,2025-02-03 19:41:32,35,Lost phone - need MFA reset,Phone was lost and I cannot approve sign-in prompts.,Identity verified via manager; MFA reset and re-enrolled on new device.,,
TKT-0000789,Finance Query,Low,Resolved,135,187,2026-05-27 13:47:12,2026-05-27 16:06:30,11,Question: How much additional budget was approved for Project Juniper in the ste,How much additional budget was approved for Project Juniper in the steering sync on 12 February 2023?,"Answered using 'Meeting Notes: Project Juniper - Steering Sync 12 February 2023' (https://notion.northwind-analytics.example.com/meeting_notes/doc-000275). The answer is: USD 150,000.",DOC-000275,
TKT-0000790,Access,Medium,Resolved,48,33,2024-12-12 20:36:46,2024-12-12 23:39:43,6,Request access to shared drive,Need read access to the Legal & Compliance shared drive for a new project.,Access granted after manager approval.,,
TKT-0000791,General Query,High,Resolved,29,109,2025-03-10 10:06:48,2025-03-10 22:19:45,22,Question: What new launch date was agreed for Project Ember in the steering sync,What new launch date was agreed for Project Ember in the steering sync on 1 May 2026?,Answered using 'Meeting Notes: Project Ember - Steering Sync 1 May 2026' (https://google-drive.northwind-analytics.example.com/meeting_notes/doc-000260). The answer is: 18 April 2027.,DOC-000260,
TKT-0000792,Payroll,Medium,Resolved,2,107,2023-11-04 09:12:00,2023-11-04 15:33:58,19,Payslip not visible,Last month's payslip is not visible in the portal.,Payroll republished the payslip; user confirmed it is visible.,,1
TKT-0000793,Printer,Low,Resolved,163,154,2024-09-25 19:04:00,2024-09-28 06:09:19,19,Printer offline,Floor printer shows offline for everyone on the team.,Print server restarted and queue cleared.,,
TKT-0000794,MFA,Low,Resolved,46,188,2025-06-29 11:55:44,2025-06-30 02:10:56,38,Lost phone - need MFA reset,Phone was lost and I cannot approve sign-in prompts.,Identity verified via manager; MFA reset and re-enrolled on new device.,,4
TKT-0000795,Access,Medium,Resolved,145,9,2025-05-29 20:52:43,2025-05-30 15:21:05,33,Request access to shared drive,Need read access to the Sales shared drive for a new project.,Access granted after manager approval.,,
TKT-0000796,MFA,Medium,Resolved,178,18,2023-07-30 08:41:59,2023-07-30 14:44:57,23,Lost phone - need MFA reset,Phone was lost and I cannot approve sign-in prompts.,Identity verified via manager; MFA reset and re-enrolled on new device.,,
TKT-0000797,IT Query,Low,In Progress,165,52,2025-09-10 09:32:04,,8,Question: Who is the owner of Project Quartz?,Who is the owner of Project Quartz?,,DOC-000165,
TKT-0000798,Software,Medium,Resolved,164,9,2023-12-21 17:42:38,2023-12-22 18:13:50,15,Licence for design tool,Requesting a licence for a design tool for a campaign.,Licence allocated from the central pool.,,
TKT-0000799,Finance Query,High,Resolved,197,104,2023-09-16 20:44:28,2023-09-17 22:14:58,160,Question: What new launch date was agreed for Project Yonder in the steering syn,What new launch date was agreed for Project Yonder in the steering sync on 11 March 2024?,Answered using 'Meeting Notes: Project Yonder - Steering Sync 11 March 2024' (https://sharepoint.northwind-analytics.example.com/meeting_notes/doc-000197). The answer is: 15 November 2024.,DOC-000197,5
TKT-0000800,Email,Medium,Resolved,134,109,2026-02-11 07:29:50,2026-02-11 23:34:55,39,Mailbox is full,Mailbox is at quota and cannot send mail.,Archive enabled and quota raised by 10 GB.,,2
